:020000041000EA
:1000000000B5324B212058609868022188439860DF
:10001000D860186158612E4B002199600221596106
:100020000121F02299502B49196001219960352056
:1000300000F044F80222904214D00621196600F024
:1000400034F8196E01211966002018661A6600F04E
:100050002CF8196E196E196E052000F02FF8012189
:100060000842F9D1002199601B49196000215960AB
:100070001A491B48016001219960EB211966A021F2
:10008000196600F012F800219960164914480160C1
:100090000121996001BC002800D000471248134993
:1000A000086003C880F30888084703B5996A0420EC
:1000B0000142FBD001200142F8D103BD02B5186610
:1000C0001866FFF7F2FF186E186E02BD00000240BE
:1000D000000000180000070000035F00212200005C
:1000E000F4000018222000A00001001008ED00E03C
:1000F00000000000000000000000000074B24E7A12
:1001000000200420F7010010C3010010C5010010F9
:10011000C1010010C1010010C1010010C101001097
:10012000C1010010C1010010C1010010C701001081
:10013000C1010010C1010010C9010010CB01001065
:10014000CD010010CD010010CD010010CD01001037
:10015000CD010010CD010010CD010010CD01001027
:10016000CD010010CD010010CD010010CD01001017
:10017000CD010010CD010010CD010010CD01001007
:10018000CD010010CD010010CD010010CD010010F7
:10019000CD010010CD010010CD010010CD010010E7
:1001A000CD010010CD010010CD010010CD010010D7
:1001B000CD010010CD010010CD010010CD010010C7
:1001C00000BE00BE00BE00BE00BE00BEEFF3058054
:1001D000103800BEF2EB8871A8A00310C4A0031071
:1001E0003402001090A31AE700201F49086006C8D7
:1001F00081F3088810471D48006800282FD10DA4FE
:100200000ECC002902D000F012F8F9E71849194A7B
:10021000002000E001C19142FCD1174988471749ED
:1002200088471749884700BEFDE701C901C29A42C5
:10023000FBD37047C4A00310C0000020EC130020C3
:10024000F0B303100000042000000420F0B30310FA
:10025000001004200010042000000000704709482E
:1002600008F070FA0047000008ED00E0000000D040
:100270000020002020600320C5720010F90C00103F
:10028000E97300105756000006005250ABB360539C
:100290003097031006005250861C0302409703104B
:1002A000060052505422A29D509703100500525050
:1002B000DE65F468F0B30310F8B5C04610B5064C1F
:1002C0002378002B07D1054B002B02D0044800E017
:1002D00000BF0123237010BD284C00200000000047
:1002E000C8030110044B10B5002B03D00349044888
:1002F00000E000BF10BDC046000000002C4C0020F4
:10030000C803011010B5603160300FF0C7FE10BD9A
:1003100030B50400C1B0AC22FF2115A809F0ECF8FB
:1003200054222100684609F0EDF8EFF3108572B60B
:100330008021FC204901800210F01EF8074B226842
:100340009A4203D085F3108841B030BD8022FC2052
:100350006946520080020FF0FFFFF3E74C4E43481E
:10036000F0B54E4657464546DE46E0B51E001B68D2
:1003700085B0814688463F4F0392272B69DC1A23BC
:100380009A463D4CA244210038000DF09FFE002803
:100390005FD1A37E002B5CD01621227B114262D15B
:1003A0002E2B60D05F2B5ED01A239B46A344584669
:1003B0000FF03AFF050040460FF036FF854252D954
:1003C000281A414658440FF069FE00284BD104F02A
:1003D000A5F9336800219D00ED18039B6D019C4633
:1003E0006544A022280009F087F8484623490FF009
:1003F000D7FE002839D1224B5246009301924B463A
:10040000602128001F4A08F069F95F282BDC50465C
:100410000FF00AFF834640460FF006FF5B461B1AAB
:100420009B462B2B23D828005A465146603009F0B2
:1004300069F85B46E81800232268603003708C334B
:10044000EA50A2680433EA50336801333360272B43
:1004500099DD38000DF002FE05B0F0BCBB46B24697
:10046000A946A046F0BD3368F1E7074BC4E72B234C
:100470009B46D8E76843002020460020D4030110A3
:10048000A89B0310CC030110C8030110F8B5DE4689
:1004900057464E464546E0B506F0FAFA364B9846C2
:1004A000364B9946364B9A46364B9B4606F0F0FA49
:1004B000002924D0FA220023920008F0DBF907007B
:1004C0004146D0264246092401250831360600E07F
:1004D00014787368E3401D4217D001329142F7D17E
:1004E0004B461B68013303D001234A465B4213602D
:1004F000052006F00DFA06F0CBFA0029DAD1FA2130
:10050000890008F079F90700DAE74B461A68944247
:1005100017D00F201C6006F0FBF97368E3401D4202
:1005200004D001234A465B421360BFE753461F6075
:100530005B461F602000F0BCBB46B246A946A04601
:10054000F8BD092A01D0052AD2D153460E491B68AD
:10055000FB1A8B420ED8AF2149008B42C8D905390E
:10056000FF395B461B68FB1A8B42C1D95B461400FE
:100570001F60DFE72821F4E7F8070110B807002023
:1005800048E100204CE10020DC050000F0B52B4ED6
:100590002B4B32680400002591B09A4202D028000B
:1005A00011B0F0BD336D01209C460123254D264F2F
:1005B0005B423278013653400822590803405B42BF
:1005C0002B40013A4B40002AF7D1BE42F1D1DB4328
:1005D0009C4501D00025E2E7E02109068C468421F4
:1005E0001A4AC902136863448B42F3D85368002542
:1005F0001842D4D0164A9446E022634452039342F0
:10060000CDD23F236A462100D55468463F220FF0E1
:1006100039FE8C22094BA25859689142BFD19A6881
:100620009023E3589A42BAD14022694609480FF014
:1006300083FE45424541EDB2B1E7C04600F00310EC
:100640004C4E43482083B8ED50F0031000000410D6
:100650000000FCEF10F0031070B58AB0002840D104
:100660002E4B1A68002940DB91423EDA00281FD148
:1006700088002B4C4018400102AD04194B1C00921D
:1006800010212800274A08F029F82000FFF77EFFF4
:10069000002839D006AE3200234B03CB03C21B889F
:1006A0001380200032002900603002F0C5FE21E0F6
:1006B00088001E4C4018400102AD4B1C04190092EA
:1006C00010212800174A08F009F89423E35C002B56
:1006D00012D006AE3200164B03CB03C21B88138028
:1006E000DFE7144B1A680029BEDA0022002100203F
:1006F00002F0A2FE0AB070BD9C2306AE10213000AD
:10070000E25801F063FECCE78C23E35806AE1021DB
:100710003000094A9B0A07F0E1FFC2E7FCCE002047
:10072000F0AE0020F8030110D803011008470320A1
:10073000EC03011000CF0020E4030110F0B5150018
:100740001E0089B000291FDB002824D1284B1B681C
:10075000994219DA8B005918264B4901C9180B0028
:100760006C4660330093244BE06060600800238196
:10077000FFF70CFF002801D0204B636032002100FE
:10078000280002F0A5FB04E000220021280002F06E
:100790009FFB09B0F0BD1A4B1B689942F4DA8C003C
:1007A000184B61184901C9180B0060336C4600935F
:1007B0000123E360002363600F4B23819423CB5C10
:1007C000002B09D0104B32006360104B2100280031
:1007D000238102F07DFBDCE79C2304AFCA5838007C
:1007E000102101F0F3FD0A4B67602381C6E7C04684
:1007F000FCCE0020F0AE00201057000004040110D1
:1008000000CF0020084703200C04011028FEFFFF42
:100810007EEFFFFFF8B54746CE46060080B590460E
:100820000F00002823D1154B1B689946454600242C
:10083000EB1B5A425341290022003000DBB2013445
:10084000FFF77CFF0135082CF2D14A4608214046CB
:1008500002F0BEFC4B46002B05D1002E0BD0084801
:10086000084902F025FDC0BCB946B046F8BD064BAC
:100870001B689946DAE705480549F2E7FCCE0020F7
:10088000500401106804011000CF0020180401106A
:1008900030040110F0B54546DE464E465746E0B5F9
:1008A000B34CB44BA544010004900600012218008B
:1008B00098460CF0B9FB0125041E09D02800B3238B
:1008C0009B009D44F0BCBB46B246A946A046F0BD85
:1008D000330060331A00A84905930190A74B00909C
:1008E000A74803F0BBF80123A64F5B423B60A64B31
:1008F00000221C60A54B40461C609B46A44B1C700C
:1009000000230DF0B9F8012399460023A14A802461
:100910004E4692469946A4009F4D802240461DAB0C
:10092000920032A90CF0F2FD00285DD11D9B002B36
:100930005CD0A34253D1329B039353454FD1339B99
:100940000393AB424BD1FE2204A9B83052000918E0
:10095000924B8A589A4242D1B2AB1A1B9368D9077C
:10096000DBD49B0404D58E4BD2699A4200D0ACE113
:100970008023369A5B0003929A4230D1C42104AAA4
:1009800052181278359B002A29D1F02280211206B4
:100990009A1889038A4222D2824A934200D88BE174
:1009A00081215A1CFF3249058A4200D98BE1002E71
:1009B00002D14B4500D88CE139688B4200D23B60B4
:1009C0007149096803918A4201D96F490A605A4600
:1009D000594612689946013200260A609CE70225B2
:1009E00040460DF01DF869E70125F9E71D005B465B
:1009F0001B68002B00D1B4E06B4B3A689A4200D0E0
:100A000065E16A4B059A5C4969480195009503F0D8
:100A100025F85422002108A808F06EFD08A8FFF769
:100A200077FCF0223B68120694461C00564B644447
:100A30001B6878201F0005935E4B5F4A9C46674405
:100A40003F0B01235D493F03039402F0EBFE3B1B88
:100A50009A46BC421CD25346AA461D0080233E1B28
:100A60005B029E4200D91E00039B2A00E11A8C20E3
:100A7000414B02F04DFFEFF3108972B631002000B8
:100A80000FF07AFC89F31088A419A742E6D85546DE
:100A9000012201218C20384B02F03AFF4849012302
:100AA0007820454A02F0BEFE0022002340460CF0AA
:100AB000E3FF8022434BFF21180052019A4608F0C1
:100AC0001BFD01235B4299468024A400802207ABD2
:100AD0004046920032A90CF019FD079B002875D101
:100AE000A34273D10122B2AB1F1BBB681342EDD1ED
:100AF000FC68260B36034E451ED04B46013315D0FD
:100B0000EFF3108472B6F02080220006514648446C
:100B100052010FF021FC84F3108880225146484690
:100B200052010FF009FC00281DD1FC688022FF2132
:100B30005046520108F0E0FC8022A01B50445200B5
:100B40003AA9013508F0DEFCEB0601D0B146BBE75F
:100B50005A462900A8201C4B126802F0D9FEB14663
:100B6000B2E707253CE740460CF05AFF0A25A5E608
:100B700034FDFFFFC043002028FE00008804011060
:100B80009C04011030DF00202CDF002028DF002033
:100B900054AD00205546320A57515D9E306FB10A60
:100BA00056FF8BE4FFFF031000000410BC0401108B
:100BB000D4040110FF0F00F07EEF0000E0040110EC
:100BC000EC04011028CF002010570000002B67D143
:100BD0004B46013314D0EFF3108472B6F02080221C
:100BE00000065146484452010FF0B6FB84F31088CA
:100BF00080225146484652010FF09EFB0028B2D198
:100C000040460CF00DFF01220121334BA82002F0D9
:100C10007FFEE02109068C468421304A08251368AE
:100C2000C90263448B4200D948E65368DA0700D40E
:100C300044E62B4A9446E02263445203934200D395
:100C40003CE604AB9C46B32005220021604408F03A
:100C500053FC244B04991D938C23CB583F221E93A5
:100C60009023CB5821A81F931F4B01241B681DAD57
:100C7000039320930FF006FB01234C221B485B4299
:100C800031AE534008220135590823405B420340EE
:100C9000013A4B40002AF7D1B54206D02A78F0E756
:100CA00040460CF0BDFE012508E6DB431DA831934C
:100CB0000025FFF72DFB01E628210D4A0D4807F01E
:100CC0000DFD03258CE604258AE6062588E6082521
:100CD00086E6052584E6C046105700000000041093
:100CE0000000FCEF4C4E43482CDF00202083B8ED81
:100CF000A804011054AD0020F0B5DE4657464E461C
:100D00004546E0B5C04BC14AD96895B091420BD178
:100D10000022DA60E023BE4A1B061068C118842353
:100D2000DB02994200D813E3D0260127B94C3606DE
:100D300025780134280004F09FFF3B00AB400022DF
:100D4000B3620121280004F071FFB34B9C42EFD144
:100D500004F046FC00F0BCFC0023069307930893C4
:100D6000099303930133994600239846AB4B4746BA
:100D70009A460AAB9B464B46A94DAA4C02932321A7
:100D8000A94802F067FE00230022A84900202B603A
:100D900023600CF009F90122A449A5480CF004F9DC
:100DA000002800D0A7E203F0B9FC5046A1490DF09D
:100DB000D5F8002805D12B009F4AA0499D48FFF790
:100DC000CFFA50469E490DF0C9F8002805D12B00F6
:100DD000994A9A499A48FFF7C3FA504699490DF043
:100DE000BDF8002805D12300974A98499548FFF798
:100DF000B7FA504692490DF0B1F8002805D123000A
:100E0000914A92498E48FFF7ABFAA022904B29688D
:100E100089480EF02BFE8E4BA02221688A480EF0E6
:100E200025FE2368002B32DD0023874E99460133CF
:100E30009846943619E05B461B8873805B465B8856
:100E4000B3805B469B889800C0185B464000D988F9
:100E500007F0D2FC5B465B69F080B36001239C46DF
:100E60002368E144A036994511DA03F057FC3000BD
:100E70005946943803F000FE0028DCD04346337016
:100E800001239C462368E144A0369945EDDB029B93
:100E9000002B02D06F4803F061FC2A682668002A04
:100EA00000D0F6E1002E00D172E1002F01D1012324
:100EB0005F4006A808A90368934204DB131E00DC08
:100EC0000123013B03600A689A4201DD1A000B60AE
:100ED00007329A4201DA073B0B600431043059456E
:100EE00037D1039B002B00D149E1082104AABB00A4
:100EF0005218D658083104AA52180293D35898466B
:100F000000F05EFE38002268296801F097FA31008F
:100F100038004246FFF77EFC31003800FFF79CFBAB
:100F200001239846D021090600238946394A4946BB
:100F300048681178C8404146014200D10123364932
:100F400001329142F3D1002B05D00A2005F0E0FCDC
:100F5000E8E73200AFE7142005F0DAFCD0231B06E7
:100F60009946B046FFF792FA002F3FD1039B2968BC
:100F7000002B3FD0032800D1FCE00222831F9343C3
:100F800000D1C5E01C283CD00222831E934363D0CD
:100F90000029E7D0092800D182E10528E2D14346A3
:100FA000581C07F001FC0E004645DBD01021029AC8
:100FB00004AB5B1804A808399B58401886509E4221
:100FC00000DB77E11300B44604A808314218D6507C
:100FD000624631003800FFF71DFC31003800FFF792
:100FE0003BFBB046FFF752FA002FBFD0039B2168AE
:100FF000002BBFD10222831E934300D1A4E01C2802
:10100000B0D100230293BAE600800540FECA07B0C3
:1010100000000410F80701100008011068430020C8
:10102000FCCE002000CF00204C050110600501100F
:101030004047002064050110F0AE0020700501104B
:10104000D40301107805011008470320840501101E
:101050000503001068100000002900D182E7002F6E
:1010600000D0BCE0069B9E00F618D34B7601984654
:10107000B0444046FFF78AFA002800D07EE140469F
:10108000FFF708FC002800D178E1431ECB4A092B6A
:1010900002D8CB4A9B00D258CA4B1B78591E8B41B1
:1010A000C8495B420B40032800D100E1082800D169
:1010B000FDE000210020D02601900091C248C349E4
:1010C00002F0CCFC0123CD20C14AC24902F0AAFBA8
:1010D000039BB8469946360602E00A2005F018FC44
:1010E00000220120BC4B71681F78F940084200D1F2
:1010F0004A46BA4901338B42F5D1002AEDD1474621
:10110000142005F005FCFFF7C1F90023029336E631
:10111000082101335F4004AABB005218D25808319D
:10112000904604AA5218D6583800226829680293BB
:1011300001F084F9414638003200FFF76BFB41466D
:101140003800FFF789FA0DE71021029A04AB5B180B
:101150009E5838002268296801F070F93200414633
:101160003800FFF757FB41463800FFF775FA0123B7
:101170000393F7E602F0AAFA00230393F2E602F0E3
:10118000A5FA082104AABB005218D6580293C7E654
:10119000934B944A9449954801960093944B02F0DE
:1011A0005DFC0123CD208A4A924902F03BFB0136C7
:1011B0000022D0209446884B000642681978CA4025
:1011C000164201D101229446844A01339A42F4D155
:1011D0006346002B94D00A2005F09AFBE8E7079BB2
:1011E000039E0493059702E00A2005F091FB00227C
:1011F0000120794B49461F784968F940084200D1DF
:101200003200764901339942F4D1002AECD11420FE
:10121000059F05F07DFB049B9C4698006044764B3F
:10122000400101009C4660316144604403F03CFC95
:10123000039E059702E00A2005F06AFB00220120C8
:10124000654B49461F784968F940084200D1320091
:10125000624901338B42F4D1002AECD11420059F5E
:1012600005F056FB099E00F0ABFC012022682968BE
:1012700001F0E4F8320041460120FFF7CBFA414685
:101280000120FFF7E9F9FFF701F9049B216898466F
:1012900070E6002F00D10CE6002E00D107E608E62C
:1012A00043465818013807F07FFA0E007CE6534990
:1012B000534800E7DA1D96420FDCF21A04924246C8
:1012C00041463800D21A0023FFF738FA01233100D3
:1012D0003800049AFFF732FA7FE6F21F9446102294
:1012E00004A98918624602980A50634500D06FE647
:1012F00007220492E3E7029B002B58D100230193BD
:10130000404B414A314941480093414B02F0A6FB12
:101310000123CD202E4A3F4902F084FA0126D02233
:1013200012060920002194462B4B62465268C240A7
:10133000164200D10121294A0133934206D10029E6
:1013400000D1DDE60A2005F0E3FAE8E71878ECE7DB
:101350005368D90700D4E7E4E0242F4964035918FF
:10136000A14200D3E0E401212C4C494221602C4CE5
:1013700021602C490A6080F3088818470E4B320020
:1013800000249C4660322300274962442748019488
:10139000009402F063FBFA2005F0BAFA244A254BC8
:1013A0002100DA6020000A2205F02CFFFEE7224827
:1013B00003F0D4F9A2E7C046F0AE0020FC0401100F
:1013C000D007011054AD00209006011069F2000012
:1013D0003484000098060110F8070110000801107D
:1013E000580601102406011028FE00004C060110CA
:1013F0000C060110700601100847032010050110AB
:1014000034050110D4050110AC050110CC05011004
:101410008C050110EC0501100000FCEF80E100E0FC
:1014200080E200E008ED00E010570000A80601107F
:10143000FECA07B0008005406810000030B5194AA8
:101440001378002BFCD01021174AD3681942FCD125
:10145000D02380211B0689025961D3685B0705D51B
:101460000421114B9A68DA681142FBD10122002154
:101470000D4B1A620D4A11700D4A1078002810D0D9
:1014800002240C4D58682C601D68204005346C40C7
:10149000CF2525408024640123431D60064B117035
:1014A000186030BDC007002000C003401860032052
:1014B0001D60032004F0034004E0034030B583B016
:1014C0006B46D91D134B08701A78002A12D00220DF
:1014D000114D124C6A6820602C6802400530604053
:1014E000CF24044080204001284304600C4802605F
:1014F00000221A70D0248023802524065B03AD02CD
:10150000A3610122A56104480EF03EFF656103B0AE
:1015100030BDC0461D60032000C0034004F00340FE
:1015200004E00340134B0A00197870B5002912D06B
:101530000224114E114D71682C603568214005342C
:101540006C40CF25254080246401344325600C4C39
:10155000216000211970D024802380252406AD024B
:101560005B03010063610448A5610EF00DFF656136
:1015700070BDC0461D60032000C0034004F003405E
:1015800004E00340F0B5C646804600B52A2082B08C
:1015900017000E001D00FFF791FF434601AC1B0A28
:1015A000237043460421200063703B0AA370E77058
:1015B000FFF7B8FF2B20FFF781FF330A042120003B
:1015C00023702B0AA3706670E570FFF7ABFF2C2029
:1015D000FFF774FF02B080BCB846F0BDF0B5C64658
:1015E0002C4E1F00337880460C00150000B5002BF0
:1015F00001D0FFF723FF4246274B1A603A00274BE2
:1016000062431C60264B1D60264B1F60264BBFB2F9
:101610001A60069B7D4398B27C43079B421E99B299
:101620004B1EEB18A2189BB292B2FFF7ABFF1F4BF9
:101630001A78002A12D102211D4C1E4862680160EE
:1016400020680A400D314140CF20084080214901E7
:101650002143086018490A6001221A70D0238022B1
:101660001B0652035A61802292029A610023134A98
:1016700000201360124A13491360134A1360134A7F
:101680001370013333700EF05FFE0EF035FE80BC38
:10169000B846F0BD18600320C0AE0020D00700207F
:1016A000C4070020CC070020C80700201D600320CD
:1016B00000C0034004F0034004E00340B0AE00204B
:1016C00024CF0020F8C70020DC5C0020C0070020E9
:1016D00070B5D024802682B02406B602112004F012
:1016E000CBFA6662142004F0C7FA802380255B03DE
:1016F000AD036362152004F0BFFA6562162004F0A2
:10170000BBFA8023DB03636263616661454E464931
:10171000300008F057F80121122004F06FFA01217F
:10172000132004F06BFA0222404973680A603168A2
:10173000134005324A40CF21114080225201164306
:10174000316000263A4A0A2013603A4B1E706561E8
:1017500005F0DEF8A5610A2005F0DAF86561782069
:1017600005F0D6F80120FFF7A9FE962005F0D0F885
:101770001120FFF7A3FE782005F0CAF83A20FFF702
:101780009DFE6A465523D01DD3710121FFF7CAFE85
:101790000A2005F0BDF83620FFF790FE6A46A02328
:1017A000D01DD3710121FFF7BDFE2020FFF786FE7B
:1017B0001320FFF783FE0A2005F0AAF82920FFF77F
:1017C0007DFE642005F0A4F8012008F037F8A02180
:1017D000C9058C46184BC2021860184B18491340B3
:1017E000184A01241A438301634419601649596059
:1017F000A021490099601A61230061468340134A81
:101800000C208B50124A13491360802204F028FBED
:1018100001210C2004F0E0FA0F4B1C700F4B1E70DE
:1018200002B070BD00C00340A0ACB90304F0034097
:1018300004E003401D600320BC070020FD7F00FF83
:10184000F8C700201500080008C003401C04000071
:1018500014240050B5010020C007002018600320A8
:10186000034B10B51B78002B01D0FFF7E7FD10BD2F
:101870001860032030B583B000290DDD002A0BDD90
:10188000002B09DD1C00A0254C436D00AC4203DC9D
:101890001C005443F02C01DD03B030BD079C0194C3
:1018A000069C0094FFF79AFEF6E7C046F0B5464660
:1018B0004F46D646C0B5A0B01E0028AB1C88A0235A
:1018C0000500884617005B0098420BD2EF2909D823
:1018D00082189A420CDD1B1A9FB28B19F02B16DC72
:1018E000002E4ED120B0E0BCBA46B146A846F0BDAD
:1018F0008B19F02B42DD002FF4D07B1EC3189BB256
:10190000F0269946EF23761A9A46B6B207E0EF23FF
:101910009A464023F026FF339946761AB6B21D4BFD
:101920001B78002B01D0FFF789FD28004146534664
:101930004A46FFF727FE6946250A20A8E4B20D7043
:101940004C7002318842FAD1D02380221B06520308
:101950005A6180227E4392029A613500402E00D95E
:10196000402569460C486A000EF00EFD761BF4D146
:10197000D02380221B0692025A61B3E7002FB1D018
:10198000AEE76B1EFB189BB29946731E43449BB295
:101990009A46C4E71860032000C00340A02200B5A7
:1019A00083B00090F023002100205200FFF77EFF5B
:1019B00003B000BDF8B54746CE461D00A02380B554
:1019C00006000F0014005B00984249D2EF2947D867
:1019D000002A45D0002D43D082189A4240DC4B1992
:1019E000F02B3DDC204B1B78002B01D0FFF726FDB0
:1019F0006B1E621EFB18B218390030009BB292B207
:101A0000FFF7C0FDD02380221B0652035A618022BB
:101A100092029A6163009946144B0027002698466B
:101A2000089A0021944642467B006344188801319D
:101A3000000A1070188889B25070023302328C424A
:101A4000F4D101364A4641460948B6B20EF09CFC34
:101A50003F19B542E4D1D02380221B0692025A617D
:101A6000C0BCB946B046F8BD186003205C5A0020DF
:101A700000C00340012070470023002800D1014B23
:101A800018007047D8070020012070470023002865
:101A900000D1014B18007047900A0020F0B5DE46D7
:101AA00057464E464546E0B53F4B8BB01B6803900A
:101AB00007910893002B00DC70E00799EF2900D90B
:101AC0006CE08C46394B039C1868A02743000693B2
:101AD000374B04909A4609938B006344A4469B01BC
:101AE00063448C465B009846089B8946013B6344EF
:101AF000A4466044050005932E4B2F4A9C462F4B6D
:101B000090447F000293049B40465146039A002B69
:101B10001DDD0B88202B3DD0412B13D1BA4211D2B1
:101B2000068833041E4363461E40029B9C1B6300D1
:101B30001B196446DB005B099B1923401C0C2343E3
:101B40009BB20B80013202310230AA42E1D1059BE7
:101B500099450CD001239B46069BD9449B46A02364
:101B60009B00DA449B464B46D844F02BCBD16B46C6
:101B70006A4669466846099C1B8C128A898B808953
:101B80000094FFF717FF0BB0F0BCBB46B246A94666
:101B9000A046F0BDBA42D5D20388D2E7034B1B68FA
:101BA0000493034B0993E2E7D40A0020D80A0020EB
:101BB000105D00201FF8E007E80C01100518E00098
:101BC000A02200B5054B83B000930021F023002034
:101BD0005200FFF7EFFE03B000BDC046E80C011055
:101BE000F0B50500174CAA18246805A80C1BE9439A
:101BF000C9170D40E143C917E3180C40124900888A
:101C000009680F00914200DD1700104A16689E42D5
:101C100000DD1E00A64213DD4B0061439C46C9193E
:101C20000B4B4A00E91BD2184900BD4204DA531895
:101C3000188002339342FBD101346244A642F4D1AE
:101C4000F0BDC04608CF0020D80A0020D40A0020EA
:101C5000105D0020F0B54646D6464F468846C0B5D2
:101C600014000600FF2A2DDDFF243F23700999464A
:101C700003409A464346F50AD80A401BFF216043B9
:101C800006F092FD1F2743463E401F404519B81BF2
:101C9000FF21604306F088FD4346861958094B46EC
:101CA00018405346C01AFF21604306F07DFDED0247
:101CB000504435434001284380B2E0BCBA46B146A7
:101CC000A846F0BDD043C0170440CEE7F0B5574654
:101CD0004E46DE464546E0B58DB0099002931800A9
:101CE00016AB10CB01921E8818AB1A880894924646
:101CF000002800DC8CE04B4A4B4B126845100492E4
:101D00001B6862000795904200DB88E0079A029802
:101D1000801A524392000A92444A0B9012689346EA
:101D2000520010000592CA1A4243DB439146012239
:101D30005B180693019B3E48013B90468144039308
:101D400008E0059A43469446029A0133E14442452D
:101D50005ED098464346069A04994244013B91421C
:101D6000EFD9089A002A47DD079A9A4207DC0B99B7
:101D7000994241DC4146029B5B1A9A423CDD079A3C
:101D8000D21A5200013A52430A9B9A1AD343DB17E4
:101D90001A4000230133190059438A42FADADD0F51
:101DA000079AEB185B10D31A019AD71ABB42C8DA0C
:101DB000099A1D029446D418ED1A53466744BA4650
:101DC0001F000FE02800039906F0EEFC0200390026
:101DD0003000FFF73FFF4A466300D0520134FF3521
:101DE000A2450CD0A345F9D93000BE42F3D0019BE7
:101DF000012BE7D10022EAE70023019FD6E7059AED
:101E000043469446029ABA460133E1444245A0D182
:101E10000DB0F0BCBB46B246A946A046F0BD079443
:101E200074E7C046D40A002008CF0020D80A00205A
:101E3000105D0020F0B5DE46454657464E46E0B5FB
:101E40004B4B89B002934B4B0400019304230D00CC
:101E5000502205900691009301000A330F20FFF7EE
:101E600035FFA31C04932B7822002900002B5CD0A3
:101E70000C3217000122002090463F4A01318B4668
:101E8000814692460791203BDAB25E2A6AD89E00CC
:101E9000F6187600059B049DF61A384B023E9C46C8
:101EA00066440524735D424623411A424FD1013CEA
:101EB000F8D20135AF42F4D1012294465B46053297
:101EC000E34494461B78E144002BDCD1079B9B46FE
:101ED000069B1B78002B28D00022914601329046A9
:101EE000254A9246203BDAB25E2A3ED89E00F6187A
:101EF0007600059B049DF61A204B023E9C466644E4
:101F00000524735D424623411A4215D1013CF8D2A3
:101F10000135AF42F4D1012294465B460532E344D9
:101F200094461B78E144002BDCD109B0F0BCBB46E1
:101F3000B246A946A046F0BD484653461830009325
:101F4000012201232900001BFFF74AFEDEE7484675
:101F5000534619300093012201232900001BFFF78B
:101F60003FFEA4E79B26760094E79B267600C0E719
:101F70009EC60000FFFF0000F8220000300901109B
:101F8000F0B51F00032385B005000E0002920192F8
:101F90000093102202310933FFF798FE0824083617
:101FA0000535E10F09194910230028000122711A93
:101FB0000097023CFFF714FE0135002CF1D105B06B
:101FC000F0BDC04630B50F4B85B00D000093072221
:101FD000032302310400FFF703FE0B4B20000293A2
:101FE00001930223291D009310220833FFF76EFE90
:101FF000064B0E220093A91D0123601CFFF7F0FD84
:1020000005B030BD66DD00006BF6000074FF000017
:10201000F0B5CE464746032305000E0080B5364F87
:1020200085B00093140002970F2201970C33FFF73D
:102030004DFE681C711C022C17D0304B0D220293F0
:102040000193022300930B33FFF740FE002C31D1A4
:102050003100032306220A31281D0097FFF7C0FD37
:1020600005B0C0BCB946B046F0BD254B0D22029369
:10207000019300940D23FFF729FE0B230E229846AF
:1020800091466B002C1DA844761B994435192000FD
:102090000123022229000097FFF7A2FD4B460222EE
:1020A000181B2900012300970134FFF799FD4445CF
:1020B000ECD1D5E72C1D2000311D0223082200970A
:1020C000FFF78EFDB31D98462000414605230122EF
:1020D0000097FFF785FD28004146052301220B30BC
:1020E0000097FFF77DFD31000123082220000A310F
:1020F0000097FFF775FDB3E7FFFF0000FB2200002C
:1021000045D20000F0B5DE4657464E464546E0B59E
:102110008DB0079316AB1D78654B17000293654B86
:102120000C000193052300930E33060008900491E0
:102130000A92FFF7CBFD3A005F4B01340093210078
:1021400001230A3A701DFFF74BFD002D00D0A6E0D9
:1021500033000833049A511D06320692079A0591FE
:102160001278002A61D01024A4460498079960448C
:1021700080460B200131012783468A4609910B9343
:10218000203AD1B25E2900D983E09600B6187600D5
:1021900006339946494B049A9C46B61A063E069D5C
:1021A00066440524735D23411F4268D1013CF9D286
:1021B0000135A845F5D153461A7801239C464B4674
:1021C000E244002ADCD10B9B9A46079B1B78002B2C
:1021D0002BD00F218C46049A012762449046384A3E
:1021E0009146099A9346203BDAB25E2A54D89E0063
:1021F000F6187600049B059DF61A304B053E9C466A
:1022000066440524735D23411F422DD1013CF9D260
:102210000135A845F5D1012294465B460532E344D9
:1022200094461B78E244002BDDD10A9B089C9C4617
:1022300064442000049D0022023529003338FFF752
:10224000E7FE2000290001222338FFF7E1FE2000ED
:10225000022229001338FFF7DBFE0DB0F0BCBB46AD
:10226000B246A946A046F0BD5346581D4B46012232
:10227000009329000123001BFFF7B2FCC6E74B4681
:10228000181B5B460122009329000123FFF7A8FCDD
:102290008CE79B2676007BE79B267600AAE7089DC5
:1022A0002100281DFFF78EFE2B00183352E7C04691
:1022B0001F3400001A0200005F7D00003009011089
:1022C000FFFF0000F0B557464E46DE464546E0B5F6
:1022D0009A46137887B0109E0491002B3DD00132AE
:1022E0000392720092195200059201228346904691
:1022F000203BDAB25E2A37D89F00FF187F001C4BC4
:102300009C460A2367449C46BC4463460293049B54
:1023100099465D46052402E0AD19013C0FD33B7898
:10232000424623411A42F7D0534628000093320018
:1023300033004946FFF754FCAD19013CEFD2029B34
:102340000137B144BB42E4D1039A137801320392BE
:10235000059A9446E344002BCAD107B0F0BCBB46B3
:10236000B246A946A046F0BD9B277F00C7E7C046FE
:1023700030090110F8B5069C0F006100091905002D
:1023800049001800160006F00FFA0400032800DACE
:102390000324013FA74200D23C0030000DF044FF6F
:1023A000A0420DDDA71E3A003100280007F0AAF870
:1023B0002E222B19013BEA551A7000232B55F8BD2C
:1023C000421C3100280007F09DF8F8E7F0B50E0038
:1023D000E1210500140083B009018A4218D31000DE
:1023E00006F00AFA3C210700200006F005FA20005A
:1023F00001913C2106F000FA3C2106F0FDF93B007A
:102400000091280031000B4A06F068F903B0F0BDD6
:1024100010003C2106F0F0F93C210700200006F0F6
:10242000EBF93B00009128003100034A06F056F911
:10243000ECE7C0460008011010080110F0B5DE46B8
:1024400057464E464546E0B599B00C900D910E9218
:10245000002801D000F015FDD54BD64A0A93D64B83
:10246000197801330991117801320B9106210F92ED
:1024700006911093DC21069BC91A0591202901DDE4
:1024800020230593A023CD4A5B001360059BCC4A13
:102490009C4613609A00CB4B62449C46D201624436
:1024A0002020188002339A42FAD119249C26069BD8
:1024B000C54AE41A1360E343B600B446DB171C4078
:1024C000C04AA5002B19059E98016244DB01D21871
:1024D00033008E4200DD0B00AF219E00F618B601DE
:1024E0008900BA4BD318198002339A42FBD1A0233A
:1024F0009B009C464130FF3062448642F1D101236B
:1025000098220621009352000A9B0820FFF7FAFD4B
:102510002923069A05999A1A07920B00914200DD29
:1025200013009C4219DAAA49A64A8C462D199C0030
:10253000A8016244ED01E418A6495219A401A64B72
:10254000D318198002339A42FBD1A0239B009C46EA
:102550004130FF3062448442F1D1A04BA04A9946F9
:1025600000230127934698464433203BDAB25E2A83
:1025700000D9CFE29E00F61876009A4B1C249C46A8
:10258000142343449A461C3E66440525335D2B4183
:102590001F4200D0B1E2013DF8D20134262CF4D123
:1025A000012294464B460532E14494461B78E044B0
:1025B000002BDAD106981B331B1ADA432721D217D6
:1025C0001340059A091A914200DD11008B421CDA72
:1025D0008F20800084469A00D3187A4A88004018D9
:1025E0009C016244DB018049D21880011300AD3B9D
:1025F000FF3B198002339A42FBD1A0239B009C46EB
:102600004134FF346244A042F0D11C2306995B1A86
:10261000DA43D21713402622521A05998A4200DD66
:102620000A00934218DA9C00E418664BE4011D008E
:102630009C4693009A1892349235D2016444AD18A6
:10264000D4222000FF21520006F056FFA0239B0059
:102650009C466444A542F3D100220127904693464C
:102660000F9B99460B9B203BDAB25E2A00D954E2BD
:102670009E00F61876005B4B1C249C465123434475
:102680009A461C3E66440525335D2B411F4200D00F
:1026900029E2013DF8D20134262CF4D101229446DE
:1026A0004B460532E14494461B78E044002BDAD1D6
:1026B0004E4B222002934E4B1B21019302230C32DE
:1026C0000093FF300A33FFF701FB4A4B01279B467B
:1026D0009946002398464933203BDAB25E2A00D956
:1026E00024E29E00F61876003E4B1C249C4695235F
:1026F0005B0043449A461C3E66440525335D2B41EE
:102700001F4200D0E5E1013DF8D20134262CF4D17E
:10271000012294464B460532E14494461B78E0443E
:10272000002BD9D1344A0127924698464933203BA1
:10273000DAB25E2A00D9F6E19E00F6187600294B3F
:102740001C249C462A23FF33434499461C3E66447E
:102750000525335D2B411F4200D0B0E1013DF8D289
:102760000134262CF4D1012294465B460532E34421
:1027700094461B78E044002BD9D1079AD921D34342
:10278000DB171340069A891A059A914200DD110061
:102790008B4241DA9A00D3180A4A8C0064189801D7
:1027A000C632DB011549D218A4011300B03B27E063
:1027B000240801103C08011064080110D80A002008
:1027C000D40A0020105D002008CF0020A0FDFFFFEC
:1027D0006A0200005BEFFFFFACFDFFFF95080110F0
:1027E000CB5A000030090110F77C0000652C000076
:1027F000A8450000A1080110FFFF0000BB74000005
:10280000198002339A42FBD1A0239B009C464130A1
:10281000FF3062448442C8D12E20C949FFF70AFB29
:102820003C23069862211B1ADA43D2171340059AFB
:10283000091A914200DD11008B4218DA9A00D31870
:10284000C04A8C0064189801BE32DB01BE49D21820
:10285000A4011300A03B198002339A42FBD1A023AC
:102860009B009C464130FF3062448442F1D1B74B1B
:10287000B74A994600230127934698464133203BA7
:10288000DAB25E2A00D957E19E00F6187600B14B05
:102890003F249C46182343449A463F3E6644052500
:1028A000335D2B411F4200D0FFE0013DF8D20134DF
:1028B000492CF4D1012294464B460532E14494461A
:1028C0001B78E044002BDAD1A34BA14A99460023A0
:1028D0000127934698464233203BDAB25E2A00D95C
:1028E00027E19E00F61876009A4B4B249C4618234D
:1028F00043449A464B3E66440525335D2B411F42B7
:1029000000D0C8E0013DF8D20134552CF4D10122A9
:1029100094464B460532E14494461B78E044002B34
:10292000DAD18E4B8A4A994600230127934698466E
:102930005333203BDAB25E2A00D9F1E09E00F6184C
:102940007600844B57249C46182343449A46573EAE
:1029500066440525335D2B411F4200D091E0013DC7
:10296000F8D20134612CF4D1012294464B46053251
:10297000E14494461B78E044002BDAD16620784984
:10298000FFF758FA742306989A211B1ADA43D217D4
:102990001340059A091A914200DD11008B4218DAA2
:1029A0009A00D318674A8C0064189801BE32DB0184
:1029B0006549D218A4011300A03B198002339A4242
:1029C000FBD1A0239B009C464130FF3062448442EF
:1029D000F1D100230D9A07930893624B00921421C2
:1029E000614A13A805F07AFE0C9B089A934200D125
:1029F00016E2574B9B460EAA94461527079A0EAB34
:102A00001B7D7732002667440592002B2ED0203B99
:102A1000DAB25E2A7BD89D00ED186D004D4BB046B2
:102A20009C460A239A46059B65445B1B9946AA442B
:102A300004E0013C05D20135AA4511D04B460524DE
:102A40005E192B782341DB07F3D540465B461830EF
:102A50000093012201233100001BFFF7C1F8E8E7D2
:102A600046463B7806360137002BD0D1079B089AA3
:102A70000C3307933D4B012A7CD0012208920E9A19
:102A8000ACE75346581B5B4601220093210001230B
:102A9000FFF7A6F863E75346581B5B4601220093F5
:102AA00021000123FFF79CF82CE75346581B5B4697
:102AB0000122009321000123FFF792F8F5E64B462F
:102AC000581B53460122009321000123FFF788F889
:102AD00044E65346581B264B012200932100012354
:102AE000FFF77EF80FE65346581B5B460122009322
:102AF00021000123FFF774F8CBE55346581B5B46D2
:102B00000122009321000123FFF76AF843E59B258A
:102B10006D0083E79B2676002FE59B267600AAE5CD
:102B20009B2676000DE79B26760008E69B2676001E
:102B3000DAE59B267600D7E69B267600A7E6C04618
:102B4000A4080110105D0020FED6FFFFAD080110A3
:102B5000F822000030090110B9080110C508011061
:102B6000D40801101C080110DC080110E408011051
:102B7000FFFF0000C64BC74A994600230127934632
:102B800098463C33203BDAB25E2A00D93FE19E00F2
:102B9000F6187600C04B8F249C46182343449A466F
:102BA0008F3E66440525335D2B411F4200D024E152
:102BB000013DF8D20134992CF4D1012294464B46C0
:102BC0000532E14494461B78E044002BDAD1AC2472
:102BD000D4259E20B149FFF72DF9B14B1B68E41AAB
:102BE0000593ED1AE343DB171C40AE4B1B689B4675
:102BF00018005F2B00DD5F20AB4B1B6807939D42E5
:102C000000DD1D00AC4218DA5B4659465E00A74B5A
:102C100061439C4649006144B4462E005D46A44F82
:102C20000F230F2D04DD5A0001338F529842FADC36
:102C300001346144A642F3D1AB462924D926059B31
:102C40009B22E41AF61AE343DB171C4052005B4652
:102C5000934501DB3623FF33079A964200DD1600C9
:102C6000B4421BDA5A465D46520090468F4A65438D
:102C700094465A4663356D0002276544632A09DD90
:102C8000633B5F005B46632B04DD3A00FF212800B5
:102C900006F032FC01344544A642F3D1002201275C
:102CA0009046109B99460893099B203BDAB25E2A16
:102CB00000D9B2E09E00F6187600774B2D249C4692
:102CC0006E2343449A462D3E66440525335D2B41D1
:102CD0001F4200D087E0013DF8D20134372CF4D1F7
:102CE000012294464B460532E14494461B78E04469
:102CF000002BDAD1002290466E4A012792465A46AE
:102D00001192089A099B9146203BDAB25E2A00D9BB
:102D100080E09E00F61876005F4B2D249C466D23C4
:102D200043449B462D3E66440525335D2B411F429F
:102D30004FD1013DF9D20134372CF5D1012294460F
:102D40004B460532E14494461B78E044002BDBD12E
:102D5000119B3A259B463B23059A5846AD1A9B1A70
:102D6000EA43D217154098225200934501DB3020E8
:102D7000FF30079E9E4200DD1E00B54216DA5B461C
:102D800059465F00494B69439C4649006144B4463B
:102D90005E46494C6723672E04DD5A0001338C528E
:102DA0009842FADC0135C919AC45F3D1069C0020E4
:102DB0002100FEF773FE230020330693E62B01D09B
:102DC000FFF758FB19B0F0BCBB46B246A946A04677
:102DD000F0BD5B46581B534601220093210001239E
:102DE000FEF7FEFEA5E75346581B324B0122009327
:102DF00021000123FEF7F4FE6DE75346581B5B46A6
:102E00000122009321000123FEF7EAFED0E69B2673
:102E10007600BFE69B2676007EE79B2676004CE791
:102E20001F4B079C1B687634E41A0593E34322008A
:102E3000DB171C401B4B0C321D6828005E2D00DD8B
:102E40005E20194B1E68964200DD1600B44215DA6A
:102E50002900164B61439C4649006F0061441023D2
:102E6000A446102D06DD154C5A0001338C529842B1
:102E7000F9DC64460134C919A642F0D1104B9B46D7
:102E8000B9E5104B104A0A93104BFFF7E9FAC04618
:102E9000ED080110CB5A000030090110F8080110AC
:102EA00008CF0020D80A0020D40A0020105D00209E
:102EB000FED6FFFFF8220000FDADFFFF58330000F3
:102EC000FFFF000030080110500801107C080110BD
:102ED000F0B54E464546DE465746E0B595B016007D
:102EE0000692C822AA4BAB4C1A60AB4BB63A1A609A
:102EF0000022AA4B0D001A60E122049005912000E7
:102F0000FF21520106F0F8FA002D48D0E868002EA3
:102F100055D1012800D12BE103200121FFF752F800
:102F2000059D68680790002868D00478AC23002CC1
:102F300065D00DF079F943001B185B001A00089367
:102F4000C4239B1A0993069B002B00D094E02B8985
:102F50009846934B984500D10DE1924B984500D18E
:102F600013E1914B984500D10BE1904B984500D16E
:102F700004E18F4B984500D080E0B8231B029846AF
:102F80007CE0013701350E2F61D1012294465B466A
:102F90000532E34494461B78E244002B49D1049B5C
:102FA00064209C46D900614449003E31FEF776FD1D
:102FB00015B0F0BCBB46B246A946A046F0BD7D4B5D
:102FC00022009C4691327C49FF3264441300913BBD
:102FD000FF3B198002339A42FBD19132FF32A24269
:102FE000F4D1012898D1754A734B03200121FEF7D3
:102FF000C7FF059D68680790002896D1AC23012182
:10300000059A0AAC1268200000912731FFF7B2F947
:10301000069B5A4293B299462378002BBFD008A949
:1030200009228C4662449346002201269246644A55
:103030000292203BDAB25E2A1BD89D00ED186D008B
:10304000029B04279C461D2353449846654405244F
:1030500001E0013C95D32B7823411E42F9D0434631
:10306000181B4B460122009339000123FEF7B8FDDF
:10307000EFE79B256D00E3E7504B9846079B089AC6
:1030800001339B46C5239B1A9A465B460126039350
:103090004B4B0293203CE3B25E2B66D8A5002D1962
:1030A0006D00029B04279C460523534499466544C2
:1030B000052401E0013C0ED32B7823411E42F9D0B8
:1030C0004B46181B43460122009339000123FEF7AB
:1030D00087FD013CF0D2013701350E2FE8D1039B6B
:1030E0001C780133039306239C46E244002CD1D183
:1030F000079B099A1B7892460126002B2ED0203B75
:10310000DAB25E2A2ED89D00ED186D00029B0427CE
:103110009C460523534499466544052401E0013C3F
:103120000ED32B7823411E42F9D04B46181B434641
:103130000122009339000123FEF752FD013CF0D239
:10314000013701350E2FE8D1012294465B46053246
:10315000E34494461B78E244002BD0D1A423089A80
:103160009B1A4CE79B256D00D0E79B256D0098E7E7
:10317000144A124B39E7002398467FE7124B9846D2
:103180007CE78023DB00984678E7104B984675E78C
:10319000D80A0020105D0020D40A002008CF0020AB
:1031A0007EEF0000348400001057000028FE00006D
:1031B00069F20000B01D000058330000FFFF00005E
:1031C00030090110DC3B000060B30000CB5A000066
:1031D000F0B54746CE4680B5170008222D4B8846ED
:1031E0001A602D4B18321A6000222C4B2C4E1A609C
:1031F0008022814685B0FF213000920006F07CF9E4
:10320000474509DC2E203E21FF30FEF747FC05B084
:10321000C0BCB946B046F0BD84239B0034009C4638
:10322000204D103466442300103B1D800233A3421E
:10323000FBD110331C00B342F5D14346D8004044C3
:103240003900000105F0B0FA0400102820DB9020BE
:103250004B46001B434318004346F91A05F0A4FAF5
:10326000114B0500029301930223010000930822F1
:1032700023000020FEF72AFD0C4A01200292019251
:103280000122A31E0092691C0532FEF71FFDB9E75B
:103290001024DCE7D80A0020D40A002008CF002040
:1032A000105D00209DF7FFFFDEA50000BFC60000F7
:1032B000F0B54546DE4657464E46E0B5C8252022C5
:1032C000574B85B01D60574B04001A600022564BC7
:1032D00003911A60C822FF215448920106F00CF9AC
:1032E000002C42D020000CF09FFF43001B185B0015
:1032F000ED1A23786D10002B37D0621C92464C4A91
:10330000AB4602924B4A9146203BDAB25E2A00D984
:1033100083E09D00ED186D00029B04279C46052369
:103320005B44012698466544052401E0013C0ED328
:103330002B7823411E42F9D04346181B4B460122ED
:10334000009339000123FEF74BFC013CF0D201371A
:1033500001350E2FE8D10122944653460532E2444E
:1033600094461B78E344002BCED1039B002B46D020
:10337000039C20000CF058FFC82243001B185B0080
:10338000D21A237821005210002B38D00120844615
:103390009346274A61440292264A8A469146203B38
:1033A000DAB25E2A36D89D00ED186D00029B142714
:1033B0009C4605235B44012698466544052401E0AC
:1033C000013C0ED32B7823411E42F9D04346181BF3
:1033D0004B460122009339000123FEF701FC013C1A
:1033E000F0D2013701351E2FE8D101229446534611
:1033F0000532E24494461B78E344002BCFD166218A
:103400006420FEF74BFB05B0F0BCBB46B246A946B4
:10341000A046F0BD9B256D00C8E79B256D007BE7AE
:10342000D80A0020D40A002008CF0020105D002018
:1034300030090110CB5A0000F0B5DE4657464E4623
:103440004546E0B58BB004925022994B03911A6027
:10345000984B303A1A600022974B1A60A022974B83
:1034600052019918964A1A8002339942FBD10028DA
:1034700000D182E00123020000931021493306A805
:10348000FEF778FF04AB1B7A002B76D004A98C469C
:1034900000218A468B490922029100216244934609
:1034A00089460592203BDAB25E2A00D9FCE09D00F5
:1034B000ED186D00029B00279C460A235344012609
:1034C000984665440524013701E0013C0ED32B7872
:1034D00023411E42F9D04346181B4B46012200935C
:1034E00039000123FEF77CFB013CF0D201350A2FA5
:1034F000E8D1012294465B460532E34494461B78AA
:10350000E244002BCED1059B9B4604AB1B7A002BDB
:1035100033D0002292469146203BDAB25E2A00D98F
:10352000BFE09D00ED186D00029B00279C4609231B
:1035300053440126984665440524013701E0013CC7
:103540000ED32B7823411E42F9D04346181B4B461D
:103550000122009339000123FEF742FB013CF0D227
:1035600001350A2FE8D1012294465B460532E34437
:1035700094461B78E244002BCED1039B002B3ED017
:10358000039A1378002B3AD001218C46624492466C
:10359000002293464B4A02924B4A9146203BDAB2B4
:1035A0005E2A00D977E09D00ED186D00029B0C2784
:1035B0009C4609235B44012698466544052401E0A6
:1035C000013C0ED32B7823411E42F9D04346181BF1
:1035D0004B460122009339000123FEF701FB013C19
:1035E000F0D201370135162FE8D101229446534617
:1035F0000532E24494461B78E344002BCED1049B71
:10360000002B3DD0049A1378002B39D001218C4631
:1036100062449246002293462A4A02922A4A9146DE
:10362000203BDAB25E2A39D89D00ED186D00029B6E
:1036300016279C4609235B440126984665440524C9
:1036400001E0013C0ED32B7823411E42F9D04346C2
:10365000181B4B460122009339000123FEF7C0FAE4
:10366000013CF0D201370135202FE8D101229446E8
:1036700053460532E24494461B78E344002BCFD1F5
:10368000AC210F20FEF70AFA0BB0F0BCBB46B246E5
:10369000A946A046F0BD9B256D0087E79B256D00E0
:1036A000C5E79B256D003FE79B256D0002E7C046FF
:1036B000D80A0020D40A002008CF0020105D002086
:1036C000FED6FFFF30090110CB5A0000F0B5DE46F0
:1036D00057464E464546A022E0B5494B85B00021ED
:1036E00000935200F0230020FEF764F9A222454B1C
:1036F0001A60454B8C3A1A600022444B1A60444AC7
:10370000444B991820221A8002339942FBD100239E
:10371000029301930433A2220021002000930E3370
:10372000FEF7D4FA3C4BA02202930193032301211C
:10373000009301200D33FEF7C9FA0022374B914662
:103740009B4600239A465033203BDAB25E2A51D87A
:103750009D00ED186D00324B04279C460B2353440B
:10376000012698466544052401E0013C0ED32B78E0
:1037700023411E42F9D04346181B4B4601220093B9
:1037800039000123FEF72CFA013CF0D20137013554
:103790000E2FE8D1012294465B460532E34494465D
:1037A0001B78E244002BCFD107250A2498461A4FF4
:1037B00026004346083600932A00012331002000EA
:1037C000FEF70EFA022D18DD023D013401232A0016
:1037D000310020000097FEF703FA0E2CE8D1CA2131
:1037E0000320FEF75BF905B0F0BCBB46B246A94624
:1037F000A046F0BD9B256D00ADE7023D0134ECE72E
:10380000E80C0110D80A0020D40A002008CF0020BC
:10381000D81B0000105D0020FCFF0000050901100E
:1038200030090110F0B54746CE4680B59D00ED1831
:103830006D0002351F00814688461600202383B0A4
:10384000202D02DC2B1E00DC0123FE21244ADD0199
:1038500011600021234AED1A1360234C234AAD0066
:10386000234B11602D1923800234A542FBD1404621
:103870000CF0DAFC03007B435800C018FE23400024
:10388000181A4010C343DB1718401A4B9E421AD037
:10389000194B9E421CD0194B9E421BD0184B9E4286
:1038A0001BD0184B9E4210D0330042460121009796
:1038B000FEF708FD49462120FEF7F0F803B0C0BC32
:1038C000B946B046F0BD0026EEE7B8263602EBE773
:1038D0000D4EE9E78026F600E6E70C4EE4E7C04629
:1038E000D80A0020D40A0020105D002008CF002054
:1038F0005BEFFFFF7EEF00003484000010570000F4
:1039000028FE000069F20000CB5A000060B30000FE
:10391000F0B557464E46DE464546E0B51600FE2257
:10392000434B0F001A60434BEC3A1A600022424BA3
:1039300042491A60424B8246C8180B00414A83B084
:103940001A8002339842FBD1BC23FE22FE20DB000A
:103950003D4DCC18520000012300D53BFF3B1D809C
:1039600002339C42FBD1FD34FE32FF348242F3D15C
:10397000364B374CCD18E8222000FD34FF21520091
:10398000FF3405F0B9FDA542F5D1002E44D0E42264
:1039900000233800002105F033FD3200002304F03D
:1039A00069FF8146062837DD0D2398460026300240
:1039B0000721801B04F0F8FE05004007401B800033
:1039C000401BFF21400004F0EFFE0F30C3029B4676
:1039D0002801FF21281A04F0E7FE5B463930440134
:1039E000E800FF21281A1C4304F0DEFE0C300443DB
:1039F000771DA4B201230722390040460094013606
:103A0000FEF7EEF8082ED2D1434642460233093281
:103A1000994501DD9046C9E7514621200239FEF75C
:103A20003DF803B0F0BCBB46B246A946A046F0BD87
:103A3000D80A0020D40A002008CF0020105D002002
:103A4000B82300005BEFFFFFF77C0000DA1D0000E9
:103A50001A63002010B500F0D3FD10BDF0B5DE46AE
:103A6000454657464E46E0B58FB00792A0220893D0
:103A7000B14B049000938946F023002100205200AE
:103A8000FDF798FFAD4B1E279B46AD4B2025984672
:103A9000A0225B4652001A60AA4BA0221D60C246BB
:103AA0004346D20142441D8002339A42FBD1312663
:103AB000A54BF61B1F60F3439122AF21A024DB1717
:103AC0001E40B300039392009B1998014244DB010E
:103AD000D2188900A4019D4BD318198002339A4251
:103AE000FBD1A0239B009C464130FF306244A042A2
:103AF000F1D1002382221E2100931E20944B5200FC
:103B0000FEF700FB039B9C19924BA1014344E40187
:103B1000E418DB23DB1B202B00DD20239800C018DA
:103B20008D4A80012300FD3BFF3B1A800233A342F4
:103B3000FBD1A0244131A400FF311C198142F1D1F5
:103B4000390000202037FDF7A9FFDE2FA0D104980F
:103B50000CF06AFB43001B189B0005937F4B9945B3
:103B600000D1D7E07E4B994500D1DEE07D4B9945F1
:103B700000D1D6E07C4B994500D1D9E07B4B9945EB
:103B800000D1CAE0FE235A4613606E4AE23B13603E
:103B9000002351466C4A1360754B6F4A43440A80B8
:103BA00002318B42FBD1FE20059BC01A43100393C8
:103BB000049B1B78002B77D00399049A08000132EC
:103BC00001318B460127924606920990203BDAB2DA
:103BD0005E2A00D998E09E00F6187600654B9C4658
:103BE0000023984666445D46052402E00235013C08
:103BF0000ED3337823411F42F8D04B462800009360
:103C0000022202234146FDF7EBFF0235013CF0D2D0
:103C100002239C46E04443460136142BE3D10122A3
:103C2000944653460B32E24494461B78E344002BFF
:103C3000CCD1099B9A46049B1B78002B34D0069A62
:103C400001279346203BDAB25E2A60D89E00F61820
:103C50007600484B9C46002398466644554605240A
:103C600002E00235013C0ED3337823411F42F8D0E5
:103C70004B4628000093022202234146FDF7B0FF85
:103C80000235013CF0D202239C46E0444346013613
:103C9000142BE3D1012294465B460B32E344944655
:103CA0001B78E244002BCDD14B46059A039817218F
:103CB0000C32063800930223FDF792FF38212120B1
:103CC000FDF7ECFE089B07990B93189B56240C9369
:103CD000199B0AAD0D93002904D0012320001F4A2F
:103CE000FFF7A0FD10340435962C06D02968002972
:103CF000F3D110340435962CF8D10FB0F0BCBB468C
:103D0000B246A946A046F0BD9B26760066E79B26F4
:103D100076009EE70023994634E7B8231B029946B4
:103D200030E78023DB0099462CE7134B994629E7BF
:103D3000124B994626E7C046E80C0110D80A00202D
:103D4000105D0020D40A002008CF0020F8FDFFFFFE
:103D5000200901103E0200005BEFFFFF7EEF000034
:103D6000348400001057000028FE000069F20000B3
:103D70009037000030090110CB5A000060B30000FA
:103D8000F0B54546DE4657464E46E0B593B01500C1
:103D90000C000590202900DCB5E020242023A02180
:103DA0005B4A4900116000215A4A5B4813605B4A34
:103DB00011609A00D218D20105F09EFB01230093F6
:103DC00018332A003021FF3306A8FEF7D3FA220069
:103DD0000A3AD30F103C9B18E10F5B1009190393AB
:103DE000082000234E4A4910FEF7CAF804AB1B7A9C
:103DF000002B63D004A909228C46624493460492A6
:103E00000022029201329046464A039E92460A36AA
:103E1000203BDAB25E2A00D972E09F00FF187F00D3
:103E2000039B2422FF1A1D003F4B9C466744944687
:103E3000029B6344994605247B5D424623411A4216
:103E400047D1013CF8D20135AE42F4D101225B46A4
:103E50009446029A1B780632E3440292002BD7D193
:103E600004AB1B7A002B29D00022934601329046E6
:103E70002C4A9246203BDAB25E2A3ED89F00FF18B9
:103E80007F00039BFF1A1D00274B9C4623235B44A6
:103E90009946674405247B5D424623411A4222D15C
:103EA000013CF8D20135AE42F4D1049A13780132C4
:103EB000049206229446E344002BDBD100200599AE
:103EC000FDF7ECFD13B0F0BCBB46B246A946A046D8
:103ED000F0BD4B46181B53460122009329000123D5
:103EE000FDF77EFEADE74B46181B534601220093BB
:103EF00029000123FDF774FED2E79B277F00C0E76E
:103F00009B277F008CE70B1E00DD48E7012346E777
:103F1000D80A0020D40A0020105D002008CF00201D
:103F2000CBFB00007EEF000030090110F0B55746D2
:103F3000DE464E464546E0B595B007931EAB0C00F5
:103F40001F780A900992202900DC06E1202420260F
:103F5000A022A64B52001A600022A54BA54D1E6060
:103F6000A54B00211A60B20092192800D20105F079
:103F7000C3FAE30F1C19631008930A24002F00D022
:103F8000F2E014261F009D4DE10F0919491023008E
:103F9000301B0222791A0095023CFDF721FE002C0D
:103FA000F2D1089B053B04931021099A0CA8FEF757
:103FB0000DFA1021079A10A8FEF708FA08AB1B7C2F
:103FC000002B3ED008A911228C46624406920022A2
:103FD00090468B4A01260592884A9146203BDAB2E8
:103FE0005E2A00D9B6E09D00ED186D00059B9C4649
:103FF0000A239B46049B65445B1B9A46AB4453468D
:1040000005245F1901E0013C0FD32B7823411E42A8
:10401000F9D040464B462330001B00930122012378
:104020003900FDF7DDFD013CEFD20135AB45E6D1AE
:10403000069A13780132069206229446E044002B39
:10404000CCD110A80CF0F0F843001B185B001A004C
:104050000B939C2320215B009B1A08AA5218157809
:10406000002D3DD09846664B08A921228C46059329
:10407000644B012699462B0062440692203BDAB23B
:104080005E2A64D89D00ED186D00059B9C460A23AE
:104090009B46049B65445B1B9A46AB4453460524F0
:1040A0005F1901E0013C0FD32B7823411E42F9D068
:1040B0004346581D4B46001B009301220123390043
:1040C000FDF78EFD013CEFD20135AB45E6D1069AF6
:1040D00013780132069206229446E044002BCDD19B
:1040E00097250CA80CF0A0F80B9B6D00ED1A464B21
:1040F00044000293019303232418089E640028348B
:104100002D1B033E00932A00033331002000FDF7EE
:10411000DDFD079B002B0FD00998079B984221D803
:104120002A00EB17002105F06BF9079A002304F031
:10413000A1FB020005284CDC00200A99FDF7AEFC2B
:1041400015B0F0BCBB46B246A946A046F0BD9B25C3
:104150006D009AE79B256D0048E70E1E00DDF7E62F
:104160000126F5E61800DBE7089B591F5A1DCB43D3
:10417000DB1704910B40964229DCB34200DB13E7C6
:104180009A00D3189B011A002C00B1000A328E1934
:104190005200F60114341D48AA18A419A021890060
:1041A0008C4610805080908062449442F6D1103347
:1041B0005B00EB18154A2035AD19A02189008C460B
:1041C0001A805A809A8063449D42F6D1ECE616002C
:1041D000D3E70F4B310002930E4B200001930323D2
:1041E00000930333FDF772FDA6E7C046D80A00200E
:1041F000D40A0020105D002008CF00207EEF0000D0
:104200003009011034840000892900007EEFFFFF8F
:1042100011F20000CBFB0000F0B5DE4645465746E4
:104220004E46E0B589B00D0005900BF0FDFF24234C
:104230009C4644002418A400A444634660460693A8
:10424000A0235B00984200DD18002022564B574EF9
:104250001860574B80011A600022564B1A60564B6B
:10426000C0181E8002339842FBD109230021002090
:10427000069A009302951B330195FDF727FD07234E
:104280002200009302211933022020320296019667
:10429000FDF71CFD059B1B78002B70D01421059A9F
:1042A00089464649013293468A460792203BDAB254
:1042B0005E2A00D972E09E00F6187600404B0A276D
:1042C0009C4601236644984606E00235013C05D22F
:1042D000023701361E2F0FD04D4605243378424653
:1042E00023411A42F1D0534602220093390002239F
:1042F0002800FDF775FCE8E7012294465B460B3287
:10430000E34494461B78E144002BCFD1079B9B46A6
:10431000059B1B78002B32D006329146294A9246E3
:10432000203BDAB25E2A3CD89E00F6187600244B79
:1043300008279C4601236644984606E00235013C66
:1043400005D2023701361C2F0FD04D460524337895
:10435000424623411A42F1D05346022200933900CB
:1043600002232800FDF73CFCE8E7012294465B4667
:104370000B32E34494461B78E144002BD0D1A020BB
:10438000069B4000C01A66214010FDF787FB09B06C
:10439000F0BCBB46B246A946A046F0BD9B267600BF
:1043A0008CE79B267600C2E7D80A0020630800004D
:1043B000D40A002008CF0020105D0020EA18000079
:1043C000300901107EEF0000F0B5CE46474680B5BB
:1043D00005000C0085B00C2900DC87E00C24A2004D
:1043E0009046A04446461422434B1F361E60434B62
:1043F000B1001A600022424B89191A60414BC90072
:104400009946414F49441F8002338B42FBD13F4BB9
:1044100032000293019306230021002000930E3303
:10442000FDF754FC05234246012101201D3202976D
:10443000019700934F460D33FDF748FC73009C46EF
:104440000620F200921B520008373149D21913009E
:10445000083BD98102339342FBD1634401381A00EF
:104460000028F4D1122399462A4B0B2798464A4636
:10447000D11B42467B0038000092103B01220137DD
:10448000FDF7AEFB0F2FF2D12300022C00DA02233E
:10449000013B98460F230027994607E01E4A013743
:1044A00000920322FDF79CFBBC4214D0F800414669
:1044B000C01B04F079F94A46C31CB800C0191A3071
:1044C000D11ABD42EADD114A013700920322FDF7FD
:1044D00087FBBC42EAD19D2040000621801BFDF7EE
:1044E000DDFA05B0C0BCB946B046F0BD002900DD1C
:1044F00075E7012473E7C046D80A0020D40A0020DB
:1045000008CF0020105D002063080000CBFB0000F6
:104510007EEFFFFF7EEF00000B3A0000F0B51321A5
:1045200083B004F069F9B4220F00154D0021280072
:10453000D20004F0E1FF781E44002418A40064199E
:10454000043F0E280CD901380C3CB842F9D108239D
:104550005A22CD2171200095FDF72CFA03B0F0BD51
:10456000084923000E0010360A8802311A805A804A
:104570009A80DA801A81B4338E42F5D1E3E7C046DF
:1045800064E10020E8640310F0B54E464546DE467F
:10459000574683B29A468BB29B46184B91460C0005
:1045A000E0B598460026E12585B003914C444B4682
:1045B000404699190B780131DA089B085B01D70254
:1045C0003B431343038002308C42F3D1434629001E
:1045D00000935A4601235046FDF7ECF9039B013541
:1045E0009C46ADB266446444EA2DE0D105B0F0BC0F
:1045F000BB46B246A946A046F0BDC04684AD0020E9
:10460000F0B54E46DE4657464546E0B5002085B03B
:10461000FDF7C4F90023B92500249946374B384EDD
:104620000133384F0293AC46082D01DD08239C4628
:104630006246BB23002153438A460022C846002C11
:1046400039D050465100013C885301329342F6DC88
:10465000C146D7216346491BBB224A209BB289B27F
:104660000096083DFDF7A6F9EB1DDCD1962106204A
:10467000254AFFF789FF04203721244AFF30FFF73E
:1046800083FF0022224B00201A60FFF747FF02F051
:10469000FFF900292CD0FA220023920004F0EAF856
:1046A0001C4B18601C4B186005B0F0BCBB46B246F2
:1046B000A946A046F0BDC3465100891903940120C4
:1046C0008046D946C3445C460C48005D002809D0AA
:1046D0004000C05B0132088002319A42EFDBD946CC
:1046E000039CB6E748460299023080460C5DADE770
:1046F000FA21890004F080F8D2E7C046F76403107D
:10470000A04D0020888A0310788E0310888C031037
:10471000BCAE002050E1002044E1002010B502F0C2
:10472000B7F9002911D0FA220023920004F0A2F870
:10473000084A1368C31A6D2B06D9074B10601A6814
:10474000501C1860FFF7EAFE10BDFA21890004F042
:1047500053F8EDE750E10020BCAE002070B5050035
:104760001A4E1B4C1FE0FA220023920004F082F83C
:104770003368C01AA84222D202F08AF900291FD059
:10478000FA220023920004F075F82368C31A6D2BF7
:1047900006D9104B20601A68501C1860FFF7BEFE47
:1047A000052002F0B5F802F073F90029DBD1FA21F7
:1047B000890004F021F83368C01AA842DCD370BD28
:1047C000FA21890004F018F8DFE7C04644E1002030
:1047D00050E10020BCAE0020F0B54E46DE46574604
:1047E00045460023E0B583B0019381460C0002F0FA
:1047F0004FF9284B80469A461B68274E4B452CD1D3
:10480000E10009194900254F0C192403E7193469FF
:10481000002C33D080239B019B46214D08E0019B57
:10482000B34212D1A41BBF1901F08EF9002C25D080
:1048300026005C4501D98026B601320039002800E7
:1048400001AB08F063FE0028E9D0002003B0F0BC03
:10485000BB46B246A946A046F0BD4A460023002109
:10486000306904F0CDFD0023B2690D4D12184B41A3
:10487000280009F001F90028C2D0E6E74D4653466A
:1048800001351D6002F004F94346C01A054B18605B
:104890000120DBE704CF0020C8AE002008E700209D
:1048A000C849002020CF0020F0B54E464546DE46E0
:1048B0005746E0B58026694C694DA544B600040012
:1048C0003200280007AB08A908F020FE00280AD112
:1048D000079BB34207D1089A624B01929A420FD0CC
:1048E000614B9A4211D0280009F09AF802208923DE
:1048F0009B009D44F0BCBB46B246A946A046F0BD15
:1049000004225A4908A80BF017FD06AB9B8906AA9A
:104910002380994606ABDB896380127C2272944621
:1049200006AA527C924606AA568A918A0C9AA680BA
:104930000192E2600D9AE1802261002E01D10F36D2
:10494000A680002901D10131E18080210026890063
:10495000A16166622662E66100282DD11198884225
:10496000C1D30490C005BED10E980F9F8046049815
:10497000109EA0613E48404483463E4883451BD874
:10498000002E19D08F4217D3F90515D10021300020
:10499000039100210297B3460597029E039F801959
:1049A0007941002908D1049EB04205D841465E46AF
:1049B000059FE161276266625146002945D149465B
:1049C000002942D0002B40D06146013907293CD84C
:1049D00061464E46A02071434000814235D8614671
:1049E0005943F02931D89621734309028B422CD8C0
:1049F0005B009A4229D398235B029A4225D89307F9
:104A000023D1286969690F0000210600A069B94215
:104A100020D0361A8F4100233000390003F02AFFDE
:104A2000019B834201D9E0600190019A002A00D1E4
:104A300059E700230021E08804F0E2FC0023A2886B
:104A400003F018FF6061002051E7280008F0E8FF3C
:104A500003204CE7B042DCD945E7C046DCFDFFFF50
:104A6000C84900205056443150564432C893031070
:104A700060F0FFFF606D000070B50A4E0D0001226E
:104A80000100300008F0D0FA0124002801D02000F5
:104A900070BD2800FFF708FF041EF8D1300008F0B1
:104AA000BFFFF4E7C8490020F0B54546DE4657464B
:104AB0004E46E0B504000D00A1B001000122B3484C
:104AC00008F0B2FA002834D0B14A00230193B14B68
:104AD000B149B2480093B24BFEF7C0FF0123CD208D
:104AE000B04AB149FEF79EFED0249620240640002D
:104AF00001F00EFF636801255B0715D421B0F0BCFF
:104B0000BB46B246A946A046F0BD63681B091D42DC
:104B1000F4D063681B0F1D42F0D00A2001F0F8FEAC
:104B200063689B081D42E9D06368DB081D42ECD135
:104B3000E4E79E4B18009946FFF7B6FE1290002856
:104B400001D000F068FC4B461B88F0229B464B4688
:104B50001E7A5B887343D11AC80F401840108446F0
:104B60006344D31A13900022272904DD0200202871
:104B700001DD00F070FC8E490A60132B01DC00F0AF
:104B800037FC202B01DD00F063FCF022D21A8949AA
:104B90000B60894B1A60894B894A1D600023137092
:104BA000884A13704B46D969002901D000F042FCB5
:104BB0000020FCF7F3FE7E4B1968002901D000F0BD
:104BC00033FC0123804A5B42136000227F490A6064
:104BD0007F4A1360D0231B065A687E4B98467E4B53
:104BE00093434246136001F053FF7C4B0022186050
:104BF00059609A4600237A4900200A604B6079493F
:104C00000A604B600021FFF7E7FD1B90002800D1F0
:104C1000B4E000F01BFD002801D000F01FFC5B4653
:104C2000A0275E437F00BE1BF70FBE1973101A93B7
:104C300001F02EFF6C4B00279B4618605960002343
:104C40006A4A10931360129C4B46A446E0006044ED
:104C5000674C4A46494640006044A446139C1B7A70
:104C60005288098801941A9C000360440094FCF760
:104C700001FE109B591C4B46DA68002391425B41B0
:104C8000DBB2099108938A4200D87DE2002F00D15F
:104C900039E30121129B09985940FFF79DFD002837
:104CA00000D071E24B46109AD8880021002304F00E
:104CB000A7FB4B469A88002303F0DCFD444B1860A9
:104CC0003C4B1968002900D0F9E24A494A48FFF7ED
:104CD000A3FA1B9B089301F0DBFE0B00D021090611
:104CE00002004868C1438C463B49814340460E0060
:104CF000006886434046016026D1B10634D461463F
:104D0000C90500D492E136494968994200D2B8E217
:104D100000D1B0E26146890500D4BDE1314949685E
:104D2000994200D2DEE200D1D6E200F00DFF089BEE
:104D3000002B00D0F6E0002F00D1A6E09620002145
:104D4000400001F0D3FDC6E75446100065682468B2
:104D50001900001BA9410400002907D127498C42F2
:104D600004D80026B106CAD52548A6E15146300030
:104D70000A604B60234908400E4245D000F022FFF4
:104D8000FCF76EFD014808F04BFEB7E6C84900206D
:104D9000F09303104494031069F20000349403105C
:104DA000249403103484000098060110C8AE00203B
:104DB00004E70020545A0020585A00200C5D0020BF
:104DC000156003201460032004CF002020CF0020B2
:104DD000F0C700201CCF00207C030010B049002049
:104DE000B8490020C0490020A849002080AD00201B
:104DF00008E7002010570000649403105FEA0000E9
:104E0000801A0600080000101421314200D1E1E1AF
:104E1000089B002B00D0DEE001235F40CC4B1C68D8
:104E2000002C00D06EE1002F00D085E1C94B1B782B
:104E3000002B06D0C74B1F70C74B1968002900D044
:104E40000BE200F003FC002815D04B464946DA88F7
:104E5000C8690023002104F0D3FA099A002304F062
:104E6000CFFA4B469A88002303F004FD00F0F4FBD0
:104E70000123BA4A137001F00BFE5B46B84A186072
:104E80005960099B136000F05FFE01F001FEB44A17
:104E9000099B12681190981A4B460C00DA88002181
:104EA000002304F0ADFA0B000200C10E58010843C4
:104EB00051010390029102980399801A9941C70DFC
:104EC0004D023D43410205950491049805998018CF
:104ED0005941870E8D013D43079585010695069D35
:104EE000079E2D1A8E4128003100801859414B46EB
:104EF0009A88002303F0BEFC5B461A685B68801842
:104F00005941A14201D9002718E7A14202D1119BC2
:104F10009842F8D80123129A00275A40099B12920E
:104F2000109390E68D4B1B78002B03D1052001F0E8
:104F3000EFFCD0E601F0ACFD4B46894ADB68126815
:104F40001190981A4B460C00DA880021002304F0D7
:104F500057FA0B000200C10E5801084351010B9093
:104F60000A910A980B99801A9941C50DAC4666467C
:104F70004D02354341020D950C910C980D99801806
:104F80005941850EAC4666468D0135430F95850126
:104F90000E950E9D0F9E2D1A8E412800310080180F
:104FA00059414B469A88002303F064FC5B461A681B
:104FB0005B6880185941A142B8D802D1119B984230
:104FC000B4D8664B1B78002BB0D000F003FC002354
:104FD000624A1370AAE704000027604B1B78002B7D
:104FE00054D15C4B1B78002B07D00023594A137017
:104FF000594B1968002900D0F2E10126FCF730FC7A
:10500000129B2000734019001293FFF7E5FB002864
:1050100000D1B3E6002F00D1C7E101F039FD5B46B6
:10502000186059604E4B10941C600CE661464906AE
:1050300000D46FE64B494968994207D300D069E62E
:10504000484909681191914200D363E6002146481E
:1050500012184B4143490A604B604B469B889800AD
:10506000C0184B46D98803F0C7FB089B0400002BEF
:1050700000D1C9E0109B9C464B46DB6864449C42CF
:10508000ABD35C1E354B1B78002BAAD000F0A2FBE3
:105090000023324A1370A4E76146890600D444E62F
:1050A00032494968994207D300D03EE62F49096842
:1050B0001191914200D338E62D48002112184B413E
:1050C0002A490A604B6000F0C1FA002800D12CE6A2
:1050D00000F094FA030001204042C01800F094FA56
:1050E00000F08CFA0821FFF76FF90123194A1370B9
:1050F00001F0CEFC00231F4A801859411E4B186056
:10510000596012E64B46109AD8885E690021002348
:1051100004F076F94B469A88002303F0ABFB174B5B
:1051200002001B6821001193119833000097FEF7CD
:10513000FDFE002F00D179E6084B1B78002B00D034
:1051400093E00F490F48FFF767F800F0FDFCF5E525
:10515000545A00201560032004E700201460032047
:1051600080AD0020B849002020BF0200C0490020C7
:10517000F049020060E3160060420020585A002007
:10518000CBFB0000689403104B46109AD88800218E
:10519000002304F035F94B469A88002303F06AFB9C
:1051A000C04B1B681193834231D0089B3B43DBB259
:1051B000BC4A1060BC4A1168002900D081E0089BFD
:1051C000002B00D081E5002F26D0B849B848FFF762
:1051D00023F880E5F10500D556E1710600D45BE1C6
:1051E0000021B44812184B41B3490A604B604B464A
:1051F0009B889800C0184B46D98803F0FDFA089B9D
:105200000400002B00D035E7099B109332E7089B80
:105210003B43DBB2002BCBD1A84B1F780023089374
:10522000002F00D157E501F033FCA54B5B688B42A2
:1052300000D9E7E000D1DFE0A04B1F780023002F6A
:1052400000D116E19D4A13709E4B1968002900D0C9
:1052500012E10023002708933DE59B4B00201B68CB
:105260001A001193FEF78CFDEBE500F0B3FA002372
:10527000964A137065E7904909681191914200D3ED
:1052800048E50021924812184B418B490A604B6057
:105290004B469B889800C0184B46D98803F0ACFA5F
:1052A000089B002B04D0109B834206D91C1A94E65D
:1052B000099B1093109B8342F8D800248DE61B9B1A
:1052C0000893844A126800934B4611925B6902006E
:1052D0001198FEF72BFE72E77F4909681191914200
:1052E00000D322E57D48002112184B417A490A601B
:1052F0004B6000F0ABF9002800D116E500F07EF914
:1053000003000120E9E600265C4601F0C1FB656868
:105310002468734B1D961B681C931C9A1D9B121BC3
:10532000AB41801859414B469A88002304F068F835
:105330004B461191DB881F961E931E9D1F9EEB0E00
:1053400019936B011893189A199B521BB341D40DF2
:1053500059022143530215911493149A159B521923
:105360007341940E9901214317919101169184463E
:1053700016981799801A994102000B00604652193D
:105380007341119903F076FA564B1B689C46099BB2
:105390006044834200D37CE44B46DB68099083423F
:1053A00000D976E4013B099373E400F04FF900283B
:1053B00000D132E64B464946DA88C869002300210D
:1053C00004F01EF82200002304F01AF84B469A88D5
:1053D000002303F04FFA00F03FF93C4B1E701CE62F
:1053E000394B00201B681A000893FEF7C9FC04E63D
:1053F0000023F022FFF7CBFB314B1B68089383425D
:1054000000D819E700F0FAF80821FEF7DDFF0023C5
:10541000002708935FE4012801D1FFF755FB03281B
:1054200024D0314AFFF751FB2A000020FEF7A8FCE8
:10543000FFF7C7FB4A4620005B6A126A00F05CFA7D
:10544000002801D0FFF7B4FB4B46D861FFF7B0FB53
:105450002023FFF79AFB2022FFF78DFB002000F0AE
:10546000FBF80123194A1370FFF7D9FB1F4AFFF716
:105470002CFB0893FFF72FFC134B00201B681A002E
:105480000893FEF77DFCE4E600210A4812184B4120
:1054900009490A604B60FBE6B10501D4FFF72DFC1A
:1054A000134820E7F0C70020545A0020CBFB00002F
:1054B00068940310D0DD0600B84900201560032071
:1054C0006042002004E700200C5D002014600320EF
:1054D00020BF0200585A0020C0490020F0490200B5
:1054E00020CF002080AD00200C940310D093031037
:1054F000801A0600F0B5CE464746802380B5304C72
:105500009B00A5440400984200D91C002D4D2E4E4E
:1055100029683368994215D380232C4A2C4E5B00AE
:10552000D55A33682B491C191A05D20C01338D52F8
:105530009C42F9D1346083239B009D44C0BCB94692
:10554000B046F0BD244A5B1A12688A18D205D00D05
:1055500080229200121A9A422DD8A24229D8002302
:1055600002AF019339001D4801AB07F0CFFF0028BF
:105570001CD1019B9C46002B18D0154E134A336852
:105580009046FA1A914634681249644448464746A0
:10559000C05C1A054000385AD20C013388529C4234
:1055A000F4D12B68346063442B60C4E72B6833600C
:1055B000B2E72200D3E71A00A242D0D9F9E7C046E9
:1055C000F4FDFFFFB4AE00208C4D0020FCCC002089
:1055D0000860032000200020844D002000400020AF
:1055E00010B5072000F048FB0521072000F006FB5E
:1055F000D02380221B065A629A6110BD014B1868A5
:105600007047C046E40A0020F8B5082813DD0820DA
:105610000B4B7F2518600B4B0B4C1F5C80239B00B2
:10562000E6182800FF2103F0E7F820800234ED1986
:10563000B442F6D1F8BDC343DB171840E8E7C046D3
:10564000E40A002070940310FCCC0020014B187871
:105650007047C04612600320F0B5C646484B00B5FF
:105660001B78002B00D186E0464C2378002B13D00A
:10567000454BA025196801238B40444AED05AB50EA
:10568000434B80229C468901614452040B681D00F3
:1056900015401342FAD125703E4B1D68854200D952
:1056A0006CE03D4B00271E682A0000233B489219FE
:1056B0007B4108F0E1F900285DD1394B1D60394B81
:1056C0001D60394B802598461F606D01281AFFF731
:1056D00011FF43461868A842F8D3344B80209846FF
:1056E0001900002280000B88534301325B0A0B80B3
:1056F00002318242F7D10421072000F07FFA2C4BBF
:1057000018682C4B1A6893009B182B4A9B009E1814
:1057100042424241294952428C46D2033168D20B5F
:1057200062440A40802149010E433260012635005F
:10573000234A40009A1817681143134ABD43126860
:105740000D60204DD7022F40A025ED05AC461B185B
:10575000194892016244844645461B4963440968DE
:1057600015603B31C9033943184F5360184B394317
:1057700093602670D16080BCB846F0BD050090E70C
:105780001260032013600320DC0A002044040000A0
:105790000C0000508C4D0020844D00200040002063
:1057A000B4AE0020505900200860032000200020E3
:1057B000E05C00203CE100200C0005400000FFFF01
:1057C00000000540FD7F00FFE00A002055030000B7
:1057D000FFFFFF0FF0B54F46D64646463B4BC0B5E0
:1057E00099461B78002B5CD039483A4F84463B6879
:1057F0009900CA1892006244D668374A90461268E7
:10580000002A57D1354836040068360C82460120FC
:105810005446A040A024E405A4466546304C2851D7
:10582000504685012F48802484466544AA46640476
:1058300050460068050025402042F9D14846112411
:105840000570350115E0284A1968013C41400A40BD
:105850008021FA2049010B4389461A60002180000B
:1058600001F044F8AD1B002C0ED042463B68126894
:105870009900CB181D499B008C4628096344002AD7
:10588000E1D01B4A0004DFE73A6893009B18104AF6
:105890009B0094460122634419680A404946194313
:1058A0000A60144B1B78002B06D1E0BCBA46B14607
:1058B000A846F0BD360CA5E70521072000F09EF9AB
:1058C000D02380221B065A629A61EEE71360032000
:1058D000000005403CE10020E05C0020DC0A0020E4
:1058E000440400000C000050FFFF00000C000540C5
:1058F0000000FFFF19600320F0B557464E464546AD
:10590000DE46E0B57F4F1C003B7805008A46160056
:105910008DB0002B00D0A6E07B4B1B78002B00D075
:105920009AE05346002B01D0002C07D100200DB087
:10593000F0BCBB46B246A946A046F0BD01222900F4
:10594000724807F071FB0028F0D13B78002B00D1A2
:10595000B5E06F4B0B9352466E4B05201A606E4BB1
:105960001E606E4B1C6001F0EFFB53465C088346E3
:105970005146001902F040FF002307934033994637
:105980003F3B0A93023B05930893023398460990E4
:10599000069422E02900059A089B200003F030FDC0
:1059A000009A019B0D0006000021099803F028FDD4
:1059B0008D4202D808D1864206D90994009B019CE9
:1059C0000593434608940A9301239C46023BE04416
:1059D0009C46E1444B46002B48D05A4600234046A3
:1059E000002103F00DFD069B079C5246C018614143
:1059F000002302F03FFF04000D1EE5D18022520279
:105A00009042E1D28045DFD85A460023404600212B
:105A100003F0F6FC220006000F0000235046002190
:105A200003F0EEFC361A8F41FB1702930393029AA0
:105A3000039B110071400091190079400191009879
:105A40000199801A9941059B009001910133A1D1E0
:105A5000089B01339ED1B0E72C4807F0E1FF0023FB
:105A6000294A13705DE7FFF7B5FE55E70B9B0998D0
:105A70001A6880235B02984200D329480A9B7F253D
:105A80001B0418431300A0220933FF339B00D205E7
:105A90009850244B244A1B68244CD75C80239B00DD
:105AA000E6182800FF2102F0A7FE20800234ED193D
:105AB000B442F6D10123144A0120137037E70321C1
:105AC00001251B4A012011601A4AFC3115601A4A4F
:105AD000D36353649364D1647F391164D363174BE8
:105AE000174A1B681B0C1B04136003F0A7FE154B21
:105AF0001860012003F0B2FE054B3D700B93186057
:105B000029E7C046196003201260032000400020EE
:105B1000E00A0020884D0020844D00208C4D00209C
:105B2000FFFF0000E40A002070940310FCCC00206A
:105B30003CE10020E05C00200000054048000540FA
:105B400048100540DC0A0020F8B5194B1B78002BE3
:105B500020D0A022D2059446164B174D1B689B01FE
:105B600063449C682B68E44324012409A34212D9AE
:105B7000802680227601F31A92001B1917009342A7
:105B800008D380208000FFF7B5FC2B68F31A1B199F
:105B9000BB42F6D2F8BD094B5021186802F02CFE2A
:105BA000074B1B68C0180019FFF756FDF2E7C04607
:105BB00013600320DC0A002008600320884D0020C9
:105BC000505900200A4B10B51B78002B04D1094C0A
:105BD0002378002B06D110BDFFF7FCFD054C237880
:105BE000002BF8D0044807F01BFF00232370F2E7D6
:105BF000196003201260032000400020094A83003E
:105C000094464022634410B51C68C0006240C02422
:105C100014408022520113431C60034B9C46604495
:105C2000416010BD04C0014000400140094B8000AC
:105C30009C464B1E99416044C900002A01D00423B0
:105C4000194303684B400C21194080235B01184322
:105C50000160704704C00140064B80009C466044D0
:105C60000368090159403023194080235B01184320
:105C70000160704704C001400123D0228340120616
:105C800093629361094A83009446402263441968F1
:105C9000C0004A40C02111408022520113431960C4
:105CA000034B9C46052360444360704704C0014099
:105CB00000400140024B18688007C00F7047C04683
:105CC00000C0064070B5EFF3108C72B60D4D2B6816
:105CD000002BFCD0BFF35F8F0724CB08C618C05C35
:105CE00001230C40A3401C000440034207D103439E
:105CF0003370BFF35F8F2C608CF3108870BD100081
:105D000001F076FB2C0100D0F8B54746CE46884618
:105D100080B5EFF3108C72B6214D2C68002CFCD0AE
:105D2000BFF35F8F9A422CD8D4080727055D061968
:105D300001241740BC402C421FD00721012789466F
:105D400009E0D408055D06194C4639001440A1400D
:105D50000C00294211D001329342F2D2012040427C
:105D6000BFF35F8F00220E4B1A608CF3108800285F
:105D70000FDBC0BCB946B046F8BD2C4310003470F0
:105D8000EEE7BFF35F8F00232B608CF310880120B8
:105D900040424346002BECD0089801F029FBC04656
:105DA0002C0100D00021044B044ABFF35F8F02C3D3
:105DB0009342FAD17047C046000100D0800100D064
:105DC000044A1078431CDBB2172B00D91023137040
:105DD0007047C046E80A002001238340002904D010
:105DE000034A1360034A13607047034A1360FBE7DA
:105DF00080E200E000E100E080E100E0024B1030D2
:105E00009B688000C058704700ED00E070B50D0041
:105E1000EFF3108672B60F4A1368002BFCD0BFF365
:105E20005F8F0D4B10309B6884001B590B4A9342C7
:105E300003D09D4201D001F0F3FA074B9B681D513E
:105E4000BFF35F8FBFF35F8F0022024B1A6086F3B0
:105E5000108870BD240100D000ED00E0CD010010DD
:105E6000F0B557464E46DE464546E0B585B00600DD
:105E700002911700EFF3108B72B6674A1368002B7C
:105E8000FCD0BFF35F8F0025644B5D579A46002D11
:105E900000DAA4E06B00624C03935B199B00984608
:105EA000A146C1444B4652469B79103613705D4B58
:105EB000B2009B68019299580B1B2F2B34D95A4B77
:105EC000994200D0A4E0039B584A9C46584B654435
:105ED000AD006353434602336519E418554B012165
:105EE000043B1B1B1B055B0D13436B80524BEF7177
:105EF000AB80FF23AB71029BAB604B460B43190099
:105F0000484B019A9B689950BFF35F8FBFF35F8F37
:105F10000022414B1A608BF3108805B0F0BCBB46E1
:105F2000B246A946A046F0BD01200A008243D379BB
:105F3000BB422FD845464E46130040491B1B5B41D0
:105F40005943090D3A4B63533A4B02356519043BEB
:105F50005B1B1B05354D5B0D2B4373800426B4463C
:105F6000E0444444131F1B1B4C46A17102991B05BE
:105F7000A16049465B0D2B43A380314BE771014380
:105F80001360BDE75800C01880002018C679BE42D3
:105F90002BD902000623D356002BF3DA101D8246BC
:105FA0002848804604267642B446E14450464E4690
:105FB000361A3005400D824656461C4895710643F8
:105FC0009680039A944665441D4AAD006419226088
:105FD0004246A371029BA280E771A36090E701F0A3
:105FE0001FFA002553465D5754E7101D82469088DE
:105FF0004005001584464046D444664604302018C7
:10600000301AE0260005400D360230438046C9E7CD
:1060100001F006FA57E7C046240100D01C600320B7
:10602000EC0A002000ED00E0CD01001000E0FFFFD1
:1060300000A1FFFF1C0B002001BDFFFFAAAA00006A
:106040000148804701BD0000F0B5DE4657464E4688
:106050004546E0B50C0083B0EFF3108972B6584A9C
:106060001368002BFCD0BFF35F8F564B9A68030078
:1060700010339F00D559544A9046954232D0A542DC
:1060800043D0524EAA1B2F2A2CD80122824092467E
:1060900051464F4A12681140019151464D4A1160D4
:1060A000BFF35F8FEFF305829346002A33D10123BC
:1060B0002A009A4393689C4208D177E04B005B1812
:1060C0009B00F3189968A1422AD01A000621515664
:1060D0000029F3DA019B002B19D052463E4B1A607F
:1060E0003B4B1A60374B9B68DD51BFF35F8FBFF3AB
:1060F0005F8F0022324B1A6089F3108803B0F0BC26
:10610000BB46B246A946A046F0BD1500EAE7524696
:10611000304B1A60E6E79342C9D001F081F9C6E737
:1061200006215956002921DB4A00501880003418F6
:106130008046A0689860E079D87106202056987152
:10614000002824DBA488F01A6405241544440019AF
:10615000E0240005400D24022043988052181F4B74
:106160009200B6181A781970B271B3E7594600292F
:106170000FD1FF3191711A49918018490A789A71AB
:10618000184A9B1B5B415A43120D0A70A2E716483E
:10619000E3E7164A1649D21A083A5002400D014365
:1061A0009980144952080A43DA8093E70621515630
:1061B00013000029B8DA5A46002AEAD14546DCE73E
:1061C000240100D000ED00E0CD010010EC0A002019
:1061D00000E100E080E100E080E200E01C600320DC
:1061E00001BDFFFFAAAA000001BD0000260B002090
:1061F00000F0FFFF00F8FFFFF0B5EFF30584C6469F
:10620000012600B50643EFF3108C72B61C4A1368E2
:10621000002BFCD0BFF35F8F1A4FA400BB681A4D50
:106220001B590200984619490023521B5241514301
:10623000090D2A0049B2B04515D0062414578C42E6
:1062400015D001330C32042BF7D1114B1A78197089
:106250008271BFF35F8F0022094B1A608CF31088A4
:1062600080BCB846F0BDBB680A4A1A51EDE75A0037
:10627000D3189B00ED18FF23AB71074BAB80E4E70D
:10628000240100D000ED00E0EC0A0020AAAA0000E2
:106290001C600320CD01001001BDFFFF054B064A25
:1062A0001360064A136053609360D36013615361B7
:1062B000936170478080808000E400E004E400E0A7
:1062C00070B504000E001500FFF77AFD01002000F4
:1062D00000F006F8A680E580BFF35F8F70BDC04672
:1062E000024B9C46614489000160704740000034C5
:1062F00010B50400FFF764FD01002000FFF7F0FF78
:10630000FF232371BFF35F8F10BDC04610B504009B
:10631000FFF756FD01002000FFF7E2FFFF23A380F7
:10632000BFF35F8F10BDC04683680B4810B584462D
:1063300061446244090112019A18591854684B6863
:1063400001209C4201D802D00020C0B210BD1268CA
:106350000B689A42F9D8F7E7FFFFFF0F0A4B19685D
:10636000EFF3108072B60A68002AFCD0BFF35F8F8B
:106370001B68BFF35F8F00221A6080F3108840BF54
:10638000002000217047C04638E1002070B5426807
:106390000400EFF3108572B61368002BFCD0BFF336
:1063A0005F8F2068CEB2437BB3420AD0FF230B40FD
:1063B0005A00D318026894466344033B9B78002B31
:1063C00013D0FF230A0A0B40E168D2B28C46634423
:1063D000013B197891420ED000206368BFF35F8FB4
:1063E00000221A6085F3108870BD22699142F3D1B2
:1063F00000202361F1E7310000F03AFDEDE7C046EF
:10640000F8B557464E464546DE46E0B599460CABD4
:106410001D780DAB1B78060090469A460768002D44
:106420003BD02B006C003A686419033C1119374AC1
:106430009446B2686344944642461B0163441A6022
:106440004A465A600A9A9A600B9ADA6000238B7067
:106450004B700B707B7B9B46002B3ED02A0059462D
:10646000B8687B6898473A6800282AD05B46584647
:106470005B005B441419033BA070D118D35C002B64
:1064800040D15B460D7028007B73AB4526D0F0BC35
:10649000BB46B246A946A046F8BDB87B0028F6D058
:1064A00044003A682418033C11194A780300BA736F
:1064B000002A00D1FA73002205008A704A700A701F
:1064C000B5E75B465B005B44033BD3189D70111935
:1064D000125D002A18D15B460B707D7342464B4615
:1064E000307D00F05FFB041E06D05346002B03D125
:1064F0002900306800F0BCFC0E9B2800002BC6D0A1
:106500001C70C4E76370BCE75A70E4E7FFFFFF0F3D
:10651000F0B5DE4657464E4645460023E0B58BB003
:106520000893674B8200D45800239B46099000F0E3
:10653000AFFA626806000F00EFF3108572B61368B9
:10654000002BFCD0BFF35F8F23689C465B7B994692
:10655000002B00D169E0A2685A4B90464B441B01C6
:10656000984443461A685B6810001900801BB941C3
:10657000002900DC63E0099800F014FB00230022EE
:10658000984600230692079300239A466368BFF358
:106590005F8F5A461A6085F310885346002B08D146
:1065A0000028C4D10BB0F0BCBB46B246A946A046F9
:1065B000F0BD089B414618024B461843D04762681D
:1065C00006000F00EFF3108572B61368002BFCD0A5
:1065D000BFF35F8F002F50DB33003B4302D02369B2
:1065E000002B61D12368D97B002907D04A005218BB
:1065F00019688C4649466244033A51709A7B002AD6
:1066000001D14A469A734A46DA734B46E168013B28
:10661000CA5C0132CA545B4623616368BFF35F8F73
:106620005A461A6085F3108881E7002300229846B5
:10663000002306920793002300209A46A6E700292C
:1066400002D1002800D096E70021604600F0E4FB6C
:1066500043461A685B680692079343469B689A46CE
:106660004346DB689846E3684B44013B1B7808933C
:106670001B0203432361002088E72369002BB1D06C
:10668000069A079B921BBB41002B15DB59460491D0
:106690000121039149460291414601915146200052
:1066A0000091FFF7ADFEB6E700F0F2F932003B00D3
:1066B00012184B41002BE9DA0122034B5242E5E765
:1066C0000CCF0020FFFFFF0FFFFFFF7F10B5144C22
:1066D0006368002B04D00A211248FFF701FE10BDA9
:1066E0002300114A1021206800F0E4FA032000F092
:1066F000C3F9032000F0C0FA03200C4900F00CFAA3
:10670000FFF75EFB0A4B9C4603232375D0231B0631
:106710001B6860446375074B80006060DC60DAE7EB
:10672000340B002038E100202963001011650010AF
:10673000400000340CCF0020F0B54546DE465746F9
:106740004E46E0B58BB01D00149B80469B46159BC2
:1067500014009A4616AB1B7802AA079300239946A9
:10676000D37743465A68EFF3108672B61368002B4E
:10677000FCD0BFF35F8F02AA94461F2363440493A7
:106780004B4603930293534601935B4622000093CA
:1067900040462B00FFF734FE0023002804D0434678
:1067A000DB681B18013B1B7842465268BFF35F8FC2
:1067B0004946116086F3108800282FD002AAD27FA4
:1067C000002A08D11B0218430BB0F0BCBB46B246EE
:1067D000A946A046F0BD079B002B1DD051460020C6
:1067E000D847030006000F000B4315D0002907DA35
:1067F000A41BBD41002DB4DA01240A4D6442B0E768
:1068000000F046F934003D0024184D41002DA8DA6F
:106810000124044D6442A4E70020D5E70120404252
:10682000D2E7C046FFFFFF7FF0B504000D0006264B
:106830007642F717C64636196F4100B584B08F42CD
:1068400014D811D000F024F932003B00121A8B4109
:10685000002B15DC002B3ED02000290000F04CF965
:1068600004B080BCB846F0BD8642EBD900260027B4
:1068700000F00EF932003B00121A8B41002BE9DDCB
:10688000002302930193154B3200009314483B0000
:10689000FFF752FF0028DFDB00239846BC46114A71
:1068A000114F7B6A9C4504D8B96A8E42D4D99C4565
:1068B000D2D11168EFF3108072B60B68002BFCD0B8
:1068C000BFF35F8F1368BFF35F8F4146196080F39A
:1068D000108820BFE5E7002ABED0D1E75D63001035
:1068E000340B002038E100200040054070B5040062
:1068F0000D0000F0CDF800196941002902DBFFF717
:1069000093FF70BD012001494042F8E7FFFFFF7F80
:1069100070B5060000F0BCF8FA2204000D00002358
:1069200030000021920002F06BFD0019694100293E
:1069300002DBFFF779FF70BD012001494042F8E713
:10694000FFFFFF7F70B5EFF3058305000C0084B0F7
:10695000002B0AD0164A0020536A9C4203D8926A40
:106960000130AA421FD304B070BD124E02930193AE
:10697000114B0200009330000B00FFF7DDFE011EFB
:10698000E8DD20BF3000FFF701FD094B0020596A08
:106990008C42E8D89B6A0130AB42E4D2641A631E91
:1069A0009C41E0B2DFE7E41A631E9C41E0B2DAE703
:1069B00000400540340B00205D630010F0B5EFF39C
:1069C0000582D6464F4646461000C0B51038EFF354
:1069D000108872B6214C2368002BFCD0BFF35F8F68
:1069E0000123190081401E4D1F006963AA461D4DF9
:1069F00029601D4D2E78AC463500C5402F402B42F6
:106A000009D1BFF35F8F276088F31088E0BCBA46D6
:106A1000B146A846F0BD5346144D5F6A83005D59E8
:106A2000AF420ED3124A8E439B5862461670BFF394
:106A30005F8F0022226088F31088002BE6D09847F1
:106A4000E4E70C4B92009C46624413681360BFF36A
:106A50005F8F0023236088F31088D7E7280100D0D8
:106A6000004005403C7005401E60032054E10020BA
:106A7000904D0020D03F054010B50100024A034868
:106A8000FFF720F910BDC0467C9403101760032067
:106A9000034B596A0A00986A596A8A42FAD17047C8
:106AA0000040054070B504000D00124A536A1900F9
:106AB000966A536A8B42FAD13000190024184D416E
:106AC000AB4211D80ED02B000A494A6A9A42FCD335
:106AD00007D1084A02E0516A994202D1916AA14263
:106AE000F9D370BDA642EED9012301246442E51713
:106AF0005B42E9E700400540064A536A9942FCD8E8
:106B000007D1044B02E05A6A914202D19A6A82424A
:106B1000F9D370470040054070B504000D00EFF355
:106B2000108672B61A4A1368002BFCD0BFF35F8F31
:106B3000002D1BD02000FFF761F9164981420AD0D1
:106B40002000FFF763F901212000FFF745F9012339
:106B5000A340114A1360114BA400E550BFF35F8FAF
:106B600000220B4B1A6086F3108870BD0B4BA200FD
:106B7000D5500122A2400A4920000B7893430B70A4
:106B80000449FFF761FA00212000FFF725F9E5E746
:106B9000280100D0BD69001038600540904D0020EC
:106BA0001E600320F0B54F46D6464646C0B50700E6
:106BB0002C4C616A0D00A66A616AA942FAD18B4227
:106BC00008D805D00120E0BCBA46B146A846F0BDC1
:106BD000B242F7D9EFF3108A72B623480168002950
:106BE000FCD0BFF35F8F0125BD4020491D4C884676
:106BF000097889462943C9B28C46414660460870E7
:106C0000391D1B48890065630A51B9000B50216A80
:106C10000020294219D0616A0800A66A616A81428F
:106C2000FAD18B4219D801D1B24216D8CC4516D030
:106C30000C4B1F201D625D6301230740BB400D4AC2
:106C40001E38136043464A461A70BFF35F8F002216
:106C5000054B1A608AF31088B5E70020F5E701209C
:106C6000F3E7C04600400540280100D01E60032025
:106C700054E1002080E200E0EFF3108C72B60A4984
:106C80000B68002BFCD0BFF35F8F01238340074AC2
:106C90000748136202789A430270BFF35F8F0023A4
:106CA0000B608CF310887047280100D0004005402D
:106CB0001E60032030B583600023CCB243730133E0
:106CC000047342608373C4730D000068012C06D9FD
:106CD000421C0133DBB2137003329C42F9D1FF2115
:106CE00029404B005918002340180338437030BD29
:106CF000F8B5CE46474606000C0080B5002907D0FF
:106D00004D0003686D18033D5A195778002F04D1C0
:106D10002000C0BCB946B046F8BD7900C919033996
:106D200088464344597889460021597051707368E8
:106D30003A002100806898473368002827D14246EE
:106D400041465D19AF709A185B5C002B00D06B70E8
:106D500014703C0049463000FFF7CAFF051ED7D02B
:106D600021002A00B068736898473168002818D05D
:106D70006B005B196200033B1219CB18033A9C703D
:106D800088188A5C002A00D05A700570C0E7424615
:106D90009A18947059195B5D002B00D053700F70D6
:106DA000D8E763001B196A00033B5219CB18033A5A
:106DB0009D7088188A5C002A00D05A7004702C00DC
:106DC000A6E7C046F8B54D006D180368033D0E00F8
:106DD000595D17000400FFF78BFF002F0CD12368CB
:106DE000002805D00021420012189A18033A917029
:106DF00000225B195A70F8BDE17B2368002904D09A
:106E00004A0052189A18033A5670A27B002A00D101
:106E1000A673E673E4E7C046F8B5467B03687500E1
:106E2000AD19033D0F00595D0400FFF761FF002F0E
:106E30000ED12368002805D00021420012189A18AC
:106E4000033A917000225B195A7060733000F8BDEC
:106E5000E17B2368002904D04A0052189A18033AAB
:106E60005670A27B002A00D1A673E673E2E7C04603
:106E700070B50400002943D0437B8B4255D0056890
:106E800048004018033828188278002A38D0530068
:106E90009B18033BEA5CEE188A4202D134E0002AD8
:106EA00008D053009B18033BEB185A788A42F6D15E
:106EB00042785A7000230122837043702000FFF74C
:106EC00081FF667B0500002E17D000281AD0020033
:106ED0003100A068636898472168002817D06B00CC
:106EE0005B197200033B9219CB18033A9E70881805
:106EF0008A5C002A23D1057035000120657300E00B
:106F0000002070BD3500F8E743783370D2E7730096
:106F10009B196A00033B5219CB18033A9D708818DD
:106F20008A5C002A08D10670E7E701221900FFF702
:106F300049FF60730120E4E75A700670DDE75A707C
:106F4000D9E7C046F0B5DE464E4657464546E0B561
:106F500083B001921A0E93461E0205000023894653
:106F6000300059460C9A01F085FC374B6C009C466A
:106F70006419A400644463680700834200D260601F
:106F80002B1FDBB29846012B38D9C02380229B01EE
:106F9000234312011A602D4BAD0059599A4600291E
:106FA00023D1019A236852015340E0221A408023E2
:106FB0005B0123431A604246012A38D9802380228C
:106FC0009B01234312011A6030003A000023594606
:106FD000676001F04FFC53465851012003B0F0BCEC
:106FE000BB46B246A946A046F0BD586901F004FC74
:106FF000431C5800C0180338FDD2D2E74B46012B82
:10700000C3D1C02303229B0123431A60023AA36821
:107010001A42FCD0019A236852015A40E0231A40D8
:1070200080235B0123431A60084AAD0092464A461A
:107030002168514003220A401A6001224B469A40BF
:10704000A3681A42FCD0B9E700800040E45C00204D
:1070500030B50C2083B000F0CDF8FEF72BFE0028F1
:107060000BD02D482D4A01000300283104C38B4268
:10707000FCD12B4B436203B030BD2A4CA06700F01B
:107080000DF90122284B1A60636C012BFCD10322FD
:10709000264B1A60234A936B012BFCD101330093DA
:1070A0000121234A2348043300F054F80523012129
:1070B0000093214A214800F04DF8214B214D174CF7
:1070C0000093002202210420FFF73CFF2B00002246
:1070D000012100950520FFF735FF23000022002144
:1070E00000940720FFF72EFF2300002200210094C8
:1070F0000820FFF727FF0A4B0022009300212300FE
:107100000920FFF71FFF2B00002200210095062019
:10711000FFF718FFAFE7C046E45C0020006CDC021C
:107120001BB70000008000403CB0004030B0004081
:10713000002F685900800240008C864700C0024042
:10714000001BB70040597307014B8000C0587047BF
:10715000E45C0020F8B5040021481D0017000E0073
:1071600001F04AFB0100380001F046FB069B2904B0
:107170001B0319432368002B20DB1A4B1A4DE2181E
:1071800053425A4180235B019C461203174B6244D1
:107190001A60174B1A601700AB689F43FBD1C022DF
:1071A000231D92011A4321232660A06013602368E7
:1071B000002BFCDA0823E1601360F8BD3F2322684E
:1071C0001340B342D9D1A3681B051B0D8342D4D110
:1071D000EE22E368D20213408B42CED1EDE7C046E7
:1071E000001BB7000040FDBF00C0004000E00040B1
:1071F00000F000408023024A9B000343D3627047A3
:107200000080054010B5140080221B4BD2051A6087
:1072100000281AD00123194A1843194BDA61194A78
:1072200042401A62596298628022134BD2051A605A
:107230001549164A1160E022D2041A60002C07D1C9
:107240008022134B12061A6010BD0D4BD861EBE77C
:1072500063011B1B9A008023121912015B049A42DE
:1072600000D30C4A0C4B1A60054B5A608022084B25
:10727000D2051A60E8E7C04600B00540D3C007B0A9
:10728000008005402D3FF84FFCFF01000820014021
:1072900000A00540FFFFFF00F8CC0020AA23064A0B
:1072A0001B0113602F230549D360054B19605368F8
:1072B000002BFCDA7047C0460040024000B0FA00E4
:1072C000006002402B4B2C4A70B51A602B4A2C4BA5
:1072D0002C491A6014008B689C43FBD12A4D2B4E1D
:1072E000B54208D2013E761BB60808CD9847230068
:1072F0000134B342F9D1FFF7ABFE254A204B1A60A7
:10730000204A9368DB43DB01DD09002BF9D14022E1
:10731000204B214C214E9A675A671A67DA66B442AD
:1073200008D223682000002B20D00834FEF7EEFF9F
:10733000B442F6D31A4E1B4CC022A168300002F0B2
:10734000E1F8A660FEF72EFDFEF7A8FFFFF7BEF9F5
:10735000154C164EB44208D2013E361BB60808CC76
:1073600098472B0001359E42F9D170BDFEF7C0FF52
:107370000834D4E700E00040BFCDFBFEFE7F3C00B8
:1073800000F0004000C00040D8130020E8130020A7
:10739000FFFFFF0100F00140C0130020D8130020C0
:1073A0000000002000ED00E0E8130020EC130020B6
:1073B00000BEFDE7094A03001068002805D008490F
:1073C000C3188B4207D81360704706480449C31896
:1073D00010608B42F7D901204042F5E7C4AE00208F
:1073E000000004202060032010B5FFF7E1FFC04635
:1073F0000FB400B5084883B002F06AF9049B002B73
:1074000007D005A91800019101F07CF9034802F0AA
:107410005FF90120FFF7CCFFA0940310B094031094
:1074200010B50148FFF7E4FFB49403109A4200D26C
:10743000885470477047C046F8B557464E46454693
:10744000DE46E0B599460A9B07009A460D9B8846A2
:10745000934615000B9E9B0710D10C9B9E420DD2AC
:107460009D1B14000E005D4422004B460134310088
:107470002020B847A542F7D1B0460B9E002E27D05A
:10748000444675195346AA1B013E985D21004B46A0
:10749000B847002EF6D123002C0098460D9B9B0781
:1074A0000FD55B46E51A0C9BAB420AD94646984677
:1074B00022004B46310020200135B84701344545B4
:1074C000F6D32000F0BCBB46B246A946A046F8BDA4
:1074D0002C00E3E7F0B54F464646D646C0B584B02B
:1074E00098460EAB1B78129F994694460D9C109BB4
:1074F000119EBA0725D4002E4BD19C4200D3C1E087
:1075000001223A4092461F2C00D9BAE00C9A551E2F
:10751000302201E0202C03D001342A55A342F9D8AF
:107520005246002A0DD0A6420BD9202C44D00C9AEA
:10753000551E302201E0202C3ED001342A55B442A1
:10754000F9D1FA064ED57A053FD4002C39D10F9BDC
:10755000102B00D17BE00F9B022B00D18CE030235D
:107560000C9A012413704B46002B40D02D230C9A0B
:10757000135501340C9B62460093039743460296D1
:107580000194FFF759FF04B0E0BCBA46B146A846E3
:10759000F0BD012215003D40AA463A4230D04A468D
:1075A000002A02D10C323A4200D0013E9C42BAD2AB
:1075B0001F2CABD9202E28D92024FA06DAD57A053B
:1075C00003D4A3422ED0A6422CD00F9B102B34D034
:1075D0000F9B022B20D0202CCCD030220C9B1B19CF
:1075E0001A700134202CC5D04B46002BBED17B072E
:1075F0000DD43B07BED520230C9A13550134B9E7AF
:107600009C429ED21F2C00D880E7202499E72B2390
:107610000C9A13550134ADE7202CABD00C9B1B19F1
:1076200001343BE0631E012C91D00F9A102A2BD01D
:107630000F9A022A2FD01C00CFE7BB060ED4202CB5
:1076400098D00C9B1A19013478231370C3E7BB063A
:107650000DD478230C9A01241370BEE7202C00D19E
:1076600088E758220C9B1B191A700134B3E7582382
:107670000C9A01241370B0E70C9A60330124137044
:10768000ABE7202400265CE7023CBA06E9D40C9A5A
:1076900012191C00D8E70C9A9246534462221A70C1
:1076A00099E7C046F0B54E46DE4657464546E0B53A
:1076B00093B09B461CAB20CB89461B7892461E9EFE
:1076C00008900993002D08D11023219A00249A4391
:1076D0001300219A2193520524D4219A6123920602
:1076E00039D402AA94460A2252421F279046DBB29E
:1076F00000246744984408E03033DBB201343B5542
:10770000B5420FD3202C0DD005003100280001F028
:1077100073F8CBB20929EFD94344DBB201343B55AE
:10772000B542EFD2219B52460693209B49460593D2
:107730001F9B08980493099B039602930AAB00933E
:1077400001945B46FFF7C6FE13B0F0BCBB46B246E1
:10775000A946A046F0BD4123C3E7C046F0B54E465A
:107760004546DE465746E0B595B09B4620AB1B78B4
:107770001E9F0B93229B1F9D99463B008046239E94
:1077800009910A922B4308D1269A10339A43130089
:10779000269A0024269352052CD4269A6123920619
:1077A00042D40A2252429246DBB200249A440EE0AE
:1077B0001F21303204ABD2B201345B181A55AE42ED
:1077C00018D8AE4232D0202C14D0070065464A4665
:1077D00033003800290001F04DF8D2B28C46092A56
:1077E000E6D91F21524404ABD2B201345B181A55BA
:1077F000AE42E6D9269B40460693259B0A9A0593FE
:10780000249B099904934B4603930B9B0194029389
:107810000CAB00935B46FFF75DFE15B0F0BCBB46BA
:10782000B246A946A046F0BD4123BAE7B945CAD938
:10783000E0E7C046F0B5DE4657464E464546E0B561
:1078400091B09A461A9B8B4699461B9B0790984687
:10785000089243464A464846414601F096FA0028B7
:1078600000D0A5E0012248464146D74B524201F0E4
:1078700087FA002800D09BE0012248464146D34BBE
:10788000524201F067FA002800D091E00022002364
:107890004846414601F05EFA002800D08BE14E4692
:1078A000474680231E9ADB001A400D921E9A1A4208
:1078B00001D106231C9333000A960B973B4300D05B
:1078C0008FE01E9B1B0500D563E100230424099370
:1078D0001D9B00259C4200D21D1B02231E9A1A40AC
:1078E0000C921E9A134203D0634263415B421D40D7
:1078F000099B002B07D00A9A0B9B3000390001F03E
:10790000C8F906000F00002200234846414601F056
:1079100021FA002803D0802109067B181F001E9A37
:10792000AB4B009601971340079E04931C9B089A4B
:1079300003950293594653463000904600F078F97B
:107940000500002C45D01E9B2A0098061F23C01757
:107950009843594653466530B047052305930023A5
:10796000099903930A330293CB0F0193CB17C818DD
:1079700058406F1C013C534600903A005946300075
:107980000494FFF78FFE0C9B0500002B21D043468B
:10799000C41A1D9BA3421CD937001E002A0053465F
:1079A000594620200134B8470135B442F6D310E0DF
:1079B0001E9B4A4604931D9B594603931C9B0798A4
:1079C00002934346009201935346089A00F030F91F
:1079D0000500280011B0F0BCBB46B246A946A0463F
:1079E000F0BD7C4B78009C46400D604401F0E0F90E
:1079F000794A7A4B01F06BF9794A7A4B01F040F9F8
:107A0000794A3B031B0B1A4304000D000A9811002E
:107A1000764B002201F02BF9754A764B01F057F9AD
:107A200002000B002000290001F02AF901F0D8F92A
:107A3000099001F0BDF9704A704B04000D0001F08F
:107A400046F900226E4B01F01BF901F0C9F96D4AAD
:107A50006D4B29000C90200001F039F904000C98BE
:107A60000D0001F0A5F9694A694B01F030F90200F7
:107A70000B002000290001F0FAF802000B000400BE
:107A80000D0001F024F922002B000A900B91200038
:107A9000290001F0F5F800220E900F910A980B9939
:107AA0005C4B01F0F6F800225B4B01F0E9F80200B4
:107AB0000B000A980B9901F0ECF80022574B01F0EB
:107AC000DFF802000B000A980B9901F0E2F80A9027
:107AD0000B91802122002B000020C90501F0C7F87E
:107AE00002000B000A980B9901F0CAF802000B0083
:107AF0000E980F9901F0CDF800223B4B01F0C0F831
:107B0000474B0C9C9C4664442305002201F0DFF89F
:107B100032003B0004000D0001F032F900282CD1A6
:107B20000A940B95C624099B63339C42A4411E9B77
:107B3000644204341B0500D4CAE60A9A0B9B110068
:107B4000194328D030003900364A374B01F010F97C
:107B5000002807D0002230003900344B01F0FAF839
:107B6000002818D11C9B002B00D1B1E60D9B5A1E9A
:107B700093411C9AD31A1C93AAE6099B0022013B4D
:107B8000099320002900244B01F083F80A900B91FF
:107B9000C8E7002309931C9A099B9A4211DDD01A69
:107BA000431E1C9380231E9ADB001A4300230024EB
:107BB0001E9209938CE680231B0643444E461F0009
:107BC0006FE600231C93EDE7FFFFEF7FFFFFEFFF62
:107BD000FFF7FFFF01FCFFFFFB799F501344D33FEA
:107BE000B3C8608B288AC63F0000F03F0000F83F12
:107BF00061436F63A787D23F71A379094F930A400E
:107C00000000E03F1655B5BBB16B0240EF39FAFEFC
:107C1000422EE63F00002C400000244000001840A7
:107C2000FF0300002D431CEBE2361A3F80842E41F7
:107C3000F0B54E46DE4657464546E0B597B0994604
:107C4000209E219F229B8346984607910C923B00E1
:107C500032003000390001F098F8002800D0A9E186
:107C6000012230003900CA4B524201F073F800285B
:107C700000D0E1E0012230003900C64B524201F051
:107C80007FF8002800D0B7E0002230003900C24B56
:107C900001F076F8002800D099E000223000390089
:107CA000BE4B01F057F8002800D090E000220023DE
:107CB0003000390001F04EF8002800D0B1E0002378
:107CC0000D93249B5B0501D40623984608AB9C4684
:107CD0001722002430234146624404E00134135546
:107CE0000139202C01D00929F8D888463000390004
:107CF00001F076F84346DA00A94B05009B181A6894
:107D00005B680892099301F053F802000B00300001
:107D1000390000F0ACFF089A099B00F0D8FF0A90E8
:107D20000B9101F081F8824601F03EF802000B0051
:107D30000A980B9900F09BFF00229A4B0A900B9136
:107D400001F01EF8002800D1C0E001239C46E24467
:107D5000504601F029F802000B000898099900F03C
:107D6000FFFF002802D000239A4601354346002B2E
:107D70006AD008AB17269C4608956644554614E021
:107D800001235B4243440A2128009A4600F034FD57
:107D9000013430313719397028000A2100F02CFDE8
:107DA000092D00D8D0E0D0460500202CE8D10EAB3C
:107DB00098460323249A1340012B00D196E02023F8
:107DC000249A01930392239A434602921EE0249B35
:107DD00058460493239B00960197039343460C9ABD
:107DE000029307994B46FFF725FD17B0F0BCBB4641
:107DF000B246A946A046F0BD249B5B070ED40322E1
:107E0000694B24990192039123990291009358465A
:107E10004B460C9A0799FFF70FFBE6E70422634BEA
:107E2000EFE73B0032000020002100F020FF01239B
:107E300006000F000D9344E7249B0393239B0293BA
:107E4000042301935A4BE1E7280000F0B1FF020040
:107E50000B003000390000F00AFF524B00220600F0
:107E60000F0000F077FF0EAB984600280AD10022E1
:107E7000300039004B4B00F083FF002802D1EB07A4
:107E800000D50135202C94D008AA94461723280049
:107E900063440A2101341E1900F086FC30312800A9
:107EA00031700A2100F080FC051EEBD10323249AD7
:107EB0001340012B1BD0202C00D180E70D9B002B01
:107EC00035D02D224146631C0A5579E700220A98D5
:107ED0000B99344B00F03EFF002800D046E7534694
:107EE000002B51D101239C46E2443FE72024239BF1
:107EF000002BE0D00D9B002B03D1249A0C331342AE
:107F000002D0239B013B2393239BA342D3D908ABED
:107F10009C46172230236244202C00D14FE723993E
:107F2000013413558C42C6D0202CF8D147E7249B4E
:107F30005B0724D4249A2300120700D440E72022B0
:107F4000414601330A553BE75746089D202C00D196
:107F50002DE7220030214046002F09D00132B154D4
:107F6000202A00D123E7D3431B191B18002BF5D17E
:107F70000EAB98462E234146541C8B5482E72B228D
:107F80004146631C0A551BE7DB0700D4EEE6A9E770
:107F9000FFFFEFFFFFFFEF7F65CDCD4165CDCDC189
:107FA000B89603100000E03FC0940310C49403107F
:107FB000D0940310249B0393239B029303230193E8
:107FC000004B23E7CC94031010B5002800D110BD5E
:107FD00001F070FBFBE7C046F0B55746DE464E4663
:107FE0004546E0B595B01C001E9B91469B46C84A8D
:107FF000C84B82460F1E1A6000D1CFE100232078C3
:108000009846002800D1D1E11E005B460B9309E0A1
:1080100032004B463900751CD0472E0001342078C1
:1080200000284AD02528F3D110239B460C3B9846C4
:10803000023B00229C460134207825000300203BAF
:10804000DBB2102B03D8B4499B00CB589F460300EA
:10805000303B092B55D9002398462A2864D00024A8
:108060002E283FD00300683BDBB2122B08D8AB4967
:108070009B00CB589F4680235B0068781A430135EC
:108080000300253BDBB2532B57D8A5499B00CB58A7
:108090009F46012301341A43CEE7634601341A4355
:1080A000CAE7434601341A43C6E75B4601341A4324
:1080B000C2E7082301341A43BEE7B0463400C14585
:1080C00003D801235B424B4498464B464246390055
:1080D0000020D047200015B0F0BCBB46B246A946F0
:1080E000A046F0BD687880230100DB0030391A43D8
:1080F0006B1C092900D85BE12A2800D168E11D002A
:10810000B0E7002398460300414688004018013537
:108110004000C0182B780100180030383039092889
:10812000F3D9180088469AE70B9B02CB88460029B2
:108130000CDB60780B93651C91E7731C984632004A
:108140004B463900D04746466C1C68E702210A437B
:1081500041464942884660780B93651C7FE7782842
:1081600000D16DE1582800D197E16F2800D158E285
:10817000622800D18CE21023110099430B0069287A
:1081800000D0A6E2520500D533E20A220C929A05ED
:1081900000D5FEE1DA0500D55FE25A0600D52BE2F4
:1081A0000B9A11001A0600D481E204C98C4612B25F
:1081B000D11750184840614680B20B910593434651
:1081C00004930C9BD20F039402930192009032000F
:1081D0004B4639005046FFF765FA6C1C06001EE757
:1081E00080239B0068781A43013549E7687868283E
:1081F00000D15EE1802301351A4341E768786C289D
:1082000000D15BE180235B001A43013538E7462843
:1082100000D112E107210B9B0492073342468B43A6
:108220001900029403920CC95046009201930B91DD
:1082300032004B463900FFF7FBFC6C1C0600EEE6F3
:108240000B9B02CB0B910D93002C00D0C9E00B7857
:108250009C46002B00D133E202235B420B99013391
:10826000C8180B0002E0984200D12DE15978013383
:108270000029F8D10B995B1A0C9380231100DB00C5
:1082800019400E911A4203D00C9BA34200D90C94C2
:108290000223190011400F91134200D154E16046AE
:1082A000002800D13BE10B9B32009E1B4346AB46AE
:1082B000B8460E9D57460B93B246260000E02200BA
:1082C000002D04D0731E002E00D101E11E004B468C
:1082D0004146541CB8475346185D0028EFD10B9B0C
:1082E0005D46BA46A346474698460F9B002B00D0F2
:1082F00014E10D9B5E466C1C0B9390E6731C984634
:1083000032004B4639002520D04746466C1C86E695
:10831000D97F0010F4C70020D89403101C950310D7
:10832000689503100B9B0394984621231A43193B2D
:10833000049308330293002305924246019308CA2E
:1083400039009046009332004B465046FFF7AAF999
:10835000434606006C1C0B9361E6930700D4BEE015
:108360000B9B320001CB39009B46C0B24B46D04735
:108370004346741C4644012B00D84DE1A84655469F
:1083800022004B46013439002020A847B442F7D1DF
:10839000AA465B4645460B936C1C40E6CE4B2078C4
:1083A0009A4600239846002800D02DE6002486E651
:1083B0000100A0000019013340004018197830383E
:1083C0000400080030380928F3D908001D0049E6E8
:1083D0000B9BA87810CB0235E143C9170C400B93D7
:1083E00040E60B9B1B789C46002B00D167E1631E87
:1083F00034E7202301009943472904D180231B013E
:108400001A4302239843452801D120231A43072108
:108410000B9B0492073342468B431900029403924C
:108420000CC95046009201930B9132004B46390023
:10843000FFF700FA6C1C0600F1E520231A43E9E679
:1084400010230C930C23110099430B0052052DD4DB
:10845000692800D19BE6642800D198E680221800A4
:1084600092001040134200D0E6E0DA0500D512E198
:108470000B985A0600D5C8E01A0600D422E104C8B9
:108480001204120C0B900593434604930C9B039427
:10849000029300230092019399E60C231100994363
:1084A00014330B4310210C915205D7D5012293436D
:1084B000CEE7C023A8781A430235E1E5C0239B002C
:1084C000A8781A430235DBE50B9BC31A0C93D4E65C
:1084D0000B9B5D46BA4693464746984605E743469A
:1084E000012B00D8F3E0741E4444A84655463200E0
:1084F0004B46013639002020A847A642F7D1AA46AC
:1085000045460B9B220001CB39009846C0B24B4632
:10851000D0474346661C0B936C1C80E55E460C9A64
:10852000904534D943469B199B1AA8461C005546D2
:1085300032004B46013639002020A847A642F7D129
:10854000AA46A3464546D4E60C9A531C904500D84B
:10855000BBE043469B199B1A9B465346A2465C468A
:10856000AB461D0032004B46013639002020A8479B
:10857000A642F7D1434601330C930B9B54461B781C
:10858000AA469C465D466046002800D08BE6B3466E
:10859000AFE6082107208C460B9A073282439444A9
:1085A00005CA0893434607930C9B61460493002336
:1085B0000593D30F0293D317109311930B91069445
:1085C000109B119C190041401291210051401391C0
:1085D0001299139AC91AA24113000A00009201933A
:1085E000390032004B465046FFF7B8F86C1C0600C5
:1085F00015E50A220C9259E70B9A01CA9446FF220C
:108600006146024010000B91D8E504C89446FF2251
:1086100061460B900A4036E75B4626000B936C1CC4
:10862000FDE408230C9313001A00642800D009E726
:108630005A0500D4ABE539E70893434607200B9A67
:1086400007930C9B07328243049300231100069486
:10865000059302930CC90B91C0E70B9A110004C952
:10866000059343468B4604930C9B03940293D30FCC
:108670000193D317D2185A4000924B46320039006A
:108680005046FFF70FF85B4606000B936C1CC6E4E0
:1086900002230C93C7E70593434604930C9B0B9A64
:1086A00003940293019008CA93460093E5E704C936
:1086B0008C46D1175018484061460B917EE5002347
:1086C0000C93DAE504C80B90DDE60C935BE734000D
:1086D00017E70A220C92A7E7357400100CB410B506
:1086E00084B006AC08CC0A0000940100044803944E
:1086F000FFF772FC04B010BC08BC02B01847C046BB
:108700002D74001010B5094A0300146884B0002CC1
:1087100008D0012200910648524203A9A047012037
:1087200004B010BD00F0D4FF0020F9E7F4C700202A
:10873000C97F001001480421014B1847600B00203D
:1087400065870010142310B50100188804331B88B6
:10875000984710BD162310B50100188802331B88F6
:10876000984710BDF8B54746CE4680B50F1E19D0C4
:1087700014239946043304000025012698464B46ED
:108780001888434621681B88984701C4431E9841B6
:10879000013540420640AF42F1D13000C0BCB9467D
:1087A000B046F8BD0126F8E7124A936F9B0815D230
:1087B0009066D166002905D0FFE7FFE7FFE7516F1C
:1087C000106F704704B580210906C2175140002878
:1087D00000D0C84307F0C8FD002104BDF0B5146EF9
:1087E000556E576F166FFFF7E3FF146655665767B0
:1087F0001667F0BD000000D0114A936F9B0813D29A
:1088000010665166002905D0FFE7FFE7FFE7516FCB
:10881000106F704704B5002801D00020C04307F056
:10882000A3FD002104BDC046F0B5146E556E576F10
:10883000166FFFF7E5FF1466556657671667F0BDBC
:10884000000000D094464A4A926F9208624601D2D4
:1088500028E0C046F0B5464E346E756E776F366FC1
:1088600000F020F89446424A14665566576716672A
:108870006246F0BD94463E4A926F9208624601D22B
:1088800054E0C046F0B53A4E346E756E776F366F71
:1088900000F04CF89446364A1466556657671667DA
:1088A0006246F0BD002B24DB11D000293EDA00B572
:1088B000C943404200D1013100F038F8C943404279
:1088C00000D10131DB43524200D1013300BD002A07
:1088D000EBD1002801D1002905D00020C90FC9071C
:1088E00001D1C043410800B507F01EFD002200235E
:1088F00000BD00B500290ADBDB43524200D1013341
:1089000000F014F8C943404200D1013100BDC94311
:10891000404200D10131DB43524200D1013300F02B
:1089200005F8DB43524200D1013300BD002923D1B9
:10893000002B18D1002A0CD0BC460D4F38667A6641
:1089400000210023FFE7FFE7FFE77A6F386F6746F4
:108950007047002801D00748010000B507F0E4FC8B
:108960000022002300BD02000B0000200021704700
:10897000000000D0FFFFFFFF002B00D0BFE0130C72
:1089800028D1002AE7D080B4114F39667A66FFE714
:10899000FFE730B4040C7B6F396F1B0423433B6645
:1089A0007A66FFE7FFE7FFE7C04684B27B6F3D6F63
:1089B0001B0423433B667A66FFE7FFE7C0460023BC
:1089C0002C042D0C7A6F386F00196941B0BC7047C8
:1089D000000000D0F0B594460025140E01D112021B
:1089E0000835140F01D112010435940F01D1920002
:1089F0000235D40F01D152000135D40B0134254F7B
:108A00007C66254C3C660E0C93B2FFE7FFE7FFE760
:108A10003C6F6643360C7703BE467343DF0B5B0443
:108A2000C01AB941130C7343DB18C91ACE08664348
:108A3000360CB64493B273431F0F1B01C01AB941E1
:108A4000130C73431F0B1B05C01AB941860D8F020F
:108A50003E436643360C092D24DB520A7243801ACA
:108A60007703460A6643360C16235B1BDE40DF4065
:108A7000BF1964466643821B704604350633010005
:108A8000D940A840C01900D30131A24206D2002328
:108A9000F0BD0000000000D0FFFFFFFF121B0130FF
:108AA000F3D3F1E709277F1BFE406446A2B272436D
:108AB000801A00D20139220C7243130C1204821A5C
:108AC00099410B007046043513370100F940A84066
:108AD000801900D30131002B02D1A2420AD2F0BD8D
:108AE000013000D30131121BFAD2013BF8D1A2426E
:108AF00000D2F0BD013000D30131121BF7E7F0B511
:108B00001C0C00D080E00CB400251C0A04D11B0210
:108B1000160E3343120208351C0B04D11B01160F2D
:108B20003343120104359C0B04D19B00960F334351
:108B300092000235DC0B02D192185B4101351C001A
:108B4000971864410134464F7C66464C3C660E0CD7
:108B5000FFE7FFE7FFE7C0463C6F6643360C77034D
:108B6000BE4697B27743C01B00D20139C01B00D26A
:108B700001399FB27743C91BC91B170C77437E0489
:108B8000FF0B801BB941CE086643360C0C2D33DB3E
:108B9000B644120B1F053A431B0B97B27743C01B19
:108BA00000D201399FB27743C91B170C77433E04AB
:108BB0003F0C801BB941860D8F023E436643292737
:108BC0007F1BFE400C3D7746AF40BF1930BCA2B2C0
:108BD000ABB272437343801A9941220C7243130C57
:108BE0001204801A994102000B000137001BA941B1
:108BF000F9D2781E0021F0BD0C277F1BFE4077467E
:108C00007F0BAF40FF19E0E700245D1C07D0144F35
:108C10007D663966FFE7FFE7FFE7FFE73C6F95B248
:108C20009EB265436643401BB141150C1E0C654363
:108C3000664336042F0C3E432D04401BB14199423C
:108C400004D202000B0020000021F0BD01D19042AF
:108C5000F7D3801A994101349942F2D3F6E7000024
:108C6000000000D0FFFFFFFF48404140484018B4DB
:108C70001B4B5B68FC46019308BD04DFD38E0010DC
:108C800018B4174B1B68FC46019308BD00DFDD8E4E
:108C900000109446134A926F920809D2624618B4A3
:108CA0000F4BDB68FC46019308BD0CDF959100106B
:108CB0000C4AF0B5146E556E576F166F6246FFF78B
:108CC000EEFF084A1466556657671667F0BD18B47C
:108CD000034B9B68FC46019308BD08DF39900010E8
:108CE00034DF0020000000D0FFB55040424050402B
:108CF00059404B40594000E0FFB5154F4C00640D02
:108D000003D0BC4204D10C0314D80020090D09057E
:108D10005C00640D03D0BC4204D11C030AD80022BD
:108D20001B0D1B0501264B4009D44B4003D58B423C
:108D300000D18242FFBD9942FCD19042FFBD0B435E
:108D4000DB1803431343F5D0C9434918FFBD0000A6
:108D5000FF07000000B5FFF7CFFF804100BDC04610
:108D600000B5FFF7C9FF01D9002000BD012000BDFB
:108D700000B5FFF7B9FF01D9002000BD012000BDFB
:108D800000B5FFF7B1FF804100BD012040054A005A
:108D9000121804D85A00121801D800207047012078
:108DA00070470020704700000021002805D170475F
:108DB000C1174840401AFAD0C90713B5064B1B68C3
:108DC00098470CBC441CA2401005120B0349091B18
:108DD00009051943114310BD34E000201F040000B1
:108DE00010B54C00620D8023D218DB00D21A5B054F
:108DF0007E2A10DD9E3A13DACC170903490819437D
:108E00005242D140640001341532202A05DAD040A4
:108E10000843604310BD002010BD0846604310BDEC
:108E2000C80FC018013810BD18B4044B5B6AFC466B
:108E3000019308BD24DF45930010000034DF0020BB
:108E4000132370B51C78012C15D010DD0F48FFF7E7
:108E500081FC0F4D01008022280000F053FB022C02
:108E600006D00C48FFF76EFC0B4B186070BD084D28
:108E70000A4AAA64F5E7064D084A29002B0080310A
:108E800004C38B42FCD1AA64EBE7C0465344000004
:108E900034DF00204C33000034E00020A18E0010AD
:108EA00007B5604601880A0A0230DF2AFAD1C9B242
:108EB000820804D3028840880004104300E0006860
:108EC000014A5050039007BD34DF00200FB403BCAB
:108ED0000CBCF0B50124E407634000E0F0B50C0DD4
:108EE000CF0F661E3605891B640503D3C943404274
:108EF00000D30131640D03D0661CF60A07D0E41BD1
:108F000000207F00791C89078912803C24031D0DF5
:108F1000DF0F6E1E36059B1B6D0503D3DB435242EC
:108F200000D301336D0D03D06E1CF60A07D0ED1B84
:108F300000227F007B1C9B079B12803D2D032F1B73
:108F4000661B58D4A446202E46DA20371400BC40B5
:108F50001D00BD40F24033412A4380185941CB0FD8
:108F600005D0C943C043002264425041514162468A
:108F70004D0D28D10D0D07D100281FD024194041D7
:108F80004941013A0D0DF9D0640006D3013000D3F8
:108F90000131002C01D140084000013A0BD4941C4F
:108FA000E40A04D112051144DB071944F0BDD907C6
:108FB000204B194300E0D9070020F0BD0029DDD186
:108FC000002CDBD1F0BD0132C6074008CD07284395
:108FD0004908002EE1D0D9E73C2E29DA203E40375F
:108FE0001400BC4000D00124F24014431A00BB40DE
:108FF0001C43D317ACE7AC46202F08DA2036040018
:10900000B4400D00B540F84039412843A5E73C2F56
:109010000CDA203F40360400B44000D00124F84070
:1090200004430800B1400C43C117EAE710001900DF
:10903000002494E70000F07FF0B50C0D661E3605A5
:10904000891BE60A6405640D02D0651CED0A04D094
:10905000002001210905803C2403A4461C0D671E45
:109060003F05DB1BE70A6405640D02D0651CED0AB1
:1090700004D0002201231B05803C24037740644474
:1090800097B484B296B27443070C7E43150C6F43B9
:1090900080B26843361802D3012000043F18300420
:1090A000350C00197D41844688B29AB250430C0CAD
:1090B00062431F0C7C438EB27E43921902D3012679
:1090C0003604A4191604170C3618674101BC81B286
:1090D0009AB25143040C62431B0C5C4380B2584368
:1090E000121802D30120000424181004130C401895
:1090F00063412D185E410020474106BC88B293B2FF
:1091000058430C0C6343120C544389B251435B180F
:1091100002D301210904641819041A0C09186241C8
:109120006D1856410020474118BCF902720D1143D9
:10913000F0026A0D1043ED020A0D03D16D19404192
:109140004941013B124E9B1B7600B3420ED26D008B
:1091500007D30130002671416646354301D14008EE
:1091600040001B05C918E4072144F0BD0BDA0133A8
:1091700006D1013004D101314F0D01D04908F2E789
:10918000E1070020F0BD013631050020EBE70000CB
:10919000FF030000F0B51C0D671E3F05DB1BE70A4F
:1091A0006405640D02D0661CF60A04D00022012377
:1091B0001B05803C2403D0252D060026F6432E6691
:1091C0001E096E66CE0FF619B44649004F0D02D047
:1091D0007E1CF60A03D000200021403F3F033E1BC7
:1091E000B600B444013F7F05C91B49082E6F013604
:1091F00076089C02950D25437543ED137543AD1319
:1092000001356D10F603761B0CB4CC02450D2C43D2
:10921000A2B2B3B25A43270C7B43350C6F43A4B2BE
:109220006C431B1902D3012424043F191C041D0C98
:10923000A4187D4124196D41009A91B2ACB26143EA
:10924000170C7C432B0C5F4392B25A43A41802D3F1
:1092500001221204BF182204230C52187B41019CE6
:109260006C431B19520ED9010A434401A01A81B262
:10927000B2B2514303145A43360C734387B2774357
:10928000D617D21900277E4136049B191704160CF5
:109290007F185E417316ED18F30100268033754187
:1092A000A90F06D16400690AE8055B0A184309D2D0
:1092B0002FE00422944480337541A90AA8059B0A33
:1092C000184326D3404149412404009A019B0D00D4
:1092D0005543641B4343E41A95B286B27543170C99
:1092E0007E43030C5F4392B25A43B61802D3012265
:1092F0001204BF183204330C52197B4152429C4174
:10930000002C02D40022013051414008CA0710430A
:10931000490802B06246D7079210084BD218084B92
:109320009A4203D212058918C919F0BD0020002AFB
:1093300001DC3900F0BD01331905F5E7FD0300003C
:10934000FE070000002200B5203200F004F80800FB
:1093500000BD000000220B150AD410B5944600F0A1
:1093600031F81414013400DA0021CB17144C2047D3
:109370000020002170476244343A0CD40C2A07DAEA
:1093800004009140904052422032D440214310BD0D
:10939000D843D94310BD203207D40C4694405242E2
:1093A00020321141D040204310BD0800C91720329F
:1093B00003D452422032104110BD1800190010BDD4
:1093C000779300100A0DCC0F531E1B05C91A5205C6
:1093D00003D3C943404200D30131520D03D0531C83
:1093E000DB0A07D0121B00206400611C8907891268
:1093F000803A1203014BD21A70470000FF030000AD
:1094000051434343C9188C46110C83B24B4310B4EB
:10941000040C614392B280B2504362431C041B0CA3
:10942000001910BC59411304120CC0185141614479
:1094300070470000132310B510481C78FFF78AF915
:109440000100012C0AD003DD80220D4800F05AF8FB
:109450000C48FFF777F90C4B186010BD084C5422EC
:10946000200000F04FF823002100084A54338031D7
:1094700004C38B42FCD12262E261E9E7534600005B
:1094800038E000204C33000034E0002091940010BC
:1094900007B5604601880A0A0230DF2AFAD1C9B24C
:1094A000820804D3028840880004104300E000686A
:1094B000014A5050039007BD38E0002010B5040069
:1094C00005F0EEFF002804D0034B04199C4200D89D
:1094D00010BD0248FDF78CFF000004200897031020
:1094E00010B505F0E7FF10BD01480421014B1847F6
:1094F000700B002065870010014B1B6818470000A7
:10950000700B0020014B5B6818470000700B0020B7
:10951000030010B5080011001B68984710BDC04635
:10952000F0B546464F46D6468046C0B50E00171EDB
:109530003FDD4B1E9946214B0125002400209A4611
:109540000DE04B461B5D0D3B5A425341325DDBB291
:109550000A2A0BD02B00013401359F421ADD002C62
:10956000EFD14346325D1B7D0A2AF3D1002BF1D1A6
:10957000A04204DA4346211A1B6830189847434634
:1095800050461B6802219847013428002B00013502
:109590009F42E4DC874204DD4346391A1B683018D9
:1095A0009847F619013E33780D3B5A4253414246E3
:1095B0001375E0BCBA46B146A846F0BD80970310CB
:1095C00010B50B00417D002903D01900FFF7A8FF5B
:1095D00010BD046811001800A047F9E7F0B5DE4699
:1095E00057464E464546E0B585B017001C000600BC
:1095F0000D00FDF74DFA0023274A12184B41002BAE
:1096000045DB264908008A4606F0C6FE01906B1C21
:1096100003D1300006F008FE0500002C30D1204BAD
:109620009946204B1C68002C20D01F4B98460A23DB
:109630009B4602E02469002C18D02368002BF9D047
:1096400043461B68002B01D0A342F3D12A0031000E
:109650002000C847002FEDD05A4602AB2000DA7137
:10966000D91D0122C8472469002CE6D1019B002B9B
:1096700009D105B0F0BCBB46B246A946A046F0BD34
:109680000A4B9946CDE7504606F046FEF1E7012227
:10969000074B5242B5E7C04640420F00C0130020BE
:1096A000C195001050AD0020B8AE002011950010FB
:1096B000FFFFFF7F10B582B06B4604000022D81D6B
:1096C000012100230470FFF789FF200002B010BDC4
:1096D00070B5040006F0A8FD00230100050001227A
:1096E0002000FFF77BFF064B1C68002C06D0636848
:1096F000002B00D098472469002CF8D1280070BDB9
:1097000050AD0020F0B557464E464546DE468146F0
:10971000E0B5062083B00D00FDF716FD4B46022292
:109720005B6880461340019304234B449A46C02350
:10973000514680209B010B431A600221EF0D6E02FF
:10974000AB0DAA02400005E0904507D392197B417A
:10975000814232D00C000231002BF5D08026270246
:109760003F1B760002E03F1B012E28D03900404607
:10977000B346013EFFF740F8A842F4D95946614389
:1097800036024B461C611B6880205E40FF231B0293
:109790001E404B4640011843802352469B01134311
:1097A000019A066040461A60FFF726F803B0F0BC45
:1097B000BB46B246A946A046F0BD0C00CEE721004C
:1097C0000026DEE7194B70B5C3185A425341802278
:1097D000920294465B421B0C154A1B0463441360BF
:1097E000144A0400144813601D0082689543FBD19D
:1097F0002000FFF787FFC0220221231D92011A4398
:1098000065681160072226680D407240CF26164019
:109810008022520122431660802224349201134395
:10982000144303221D602260196070BD0040FCBF1C
:1098300000E0004000F0004000C0004000B5054BD3
:1098400083B00100009300220B230348FCF75CFA6D
:1098500003B000BD849703100E60032000B5054BD4
:1098600083B001000093002203230348FCF74CFA65
:1098700003B000BDA49703101160032010B5FFF7DB
:109880001DFE10BD10B5FFF72BFE10BD02007F2896
:1098900001D880B27047802300205B029A42F9D23F
:1098A000B623FF339942F5D100230849C73005E0BC
:1098B00001339BB2802B06D0088802319042F7D149
:1098C000803398B2E6E70020E4E7C046969A03109A
:1098D0007F2804D9B623FF33994201D00020704776
:1098E000FF28FBD8034B9C46034B60444000185AAA
:1098F000F5E7C04680FFFF7F949A03108023F0B500
:109900005B02984218D2802386B25B01984214D23F
:1099100061222549FF270CE096420CD34B880C1D91
:10992000190A3B409D18A8420ADB00290ED02100ED
:109930002288002AF0D13000F0BD1C4A1C49E9E71A
:109940000829F8D81B4B89005B589F465B00E25AF8
:10995000E118EEE7503EB6B23000EDE70836B6B299
:109960003000E9E71A3EB6B23000E5E7303EB6B265
:109970003000E1E7203EB6B23000DDE7103EB6B27F
:109980003000D9E70123B21A1A40B61AB6B2300035
:10999000D2E7821A5200165B3000CDE7064B9C4698
:1099A0006644B6B23000C7E7E49703107D1D00009F
:1099B000D8990310C0970310A0E3FFFF0022F0B571
:1099C000036807009A5618785E1C002A01DB3E6087
:1099D000F0BD1F2201009143C0293AD00F2201009F
:1099E0009143E02918D0072201009143F02910D1BA
:1099F000032510403F215D1905E080010A40013335
:109A000010439D420BD05A789E1C14008C43802C2E
:109A1000F3D001204042DBE702251040EAE70300D3
:109A20000D4A803B9342F4D880220C4B1201C3189C
:109A30009342EED380235B029842C8D3084B094A75
:109A4000C3189B018005800D13400343064818434B
:109A5000BDE701251040CDE77FFF10000028FFFF84
:109A60000000FFFF0000FF0300DC00D8F0B51A4E35
:109A700000253300002206E00768BC4215D0013201
:109A80001033102A07D01C68002CF5D101320125B3
:109A90001033102AF7D1002D1CD102394B42594105
:109AA000112348429843123011E05C688768BC4239
:109AB000E5D19C68076BBC42E1D1002908D11201B5
:109AC000B218D0680138FF38434258410001F0BD58
:109AD0001020FCE70020FAE74C4C0020F0B5224EA5
:109AE0008C46350032000023046803E00133103255
:109AF000102B19D01768A742F8D1576881688F4298
:109B0000F4D19168076BB942F0D162461D01012A78
:109B100014D17219D2680020002A04D10132FF3218
:109B20007519EA60581CF0BD00232A68002A09D084
:109B300001331035102BF8D10020F4E77219D268E8
:109B40000132EDE781681D01745174196160016B88
:109B5000E260A160614601394A4251414A42FF2117
:109B60000A400132DCE7C0464C4C0020010000688E
:109B700010B5002812D0020001E03A2B06D013786D
:109B800001321F2BF9D8094B187810BD0378303BF0
:109B9000DCB2092C02D80230824202D001204042BD
:109BA000F3E71800012BF9DC0A60EEE710600320F0
:109BB00070B504000D00002809D00368002B06D002
:109BC0001A78002A03D08188DA88914203D00920CC
:109BD00000232B6070BD587805F022FA01220300A3
:109BE000100018401A42F2D12368F2E7030010B5C2
:109BF0007F2806D80020002A00D110BD0B7001304C
:109C0000FBE780242401A0420FD20020012AF4D9CE
:109C100040229809524202433F20184080235B4271
:109C200003430A7002204B70E7E780204002834222
:109C300030D3032A46D9A0208005844680201A0C00
:109C4000120462449209400382423BD21E4880249F
:109C500084461B041B0C63440020E400A342CCD2C6
:109C60001A4380235B029C4610236244900C5B42A3
:109C700003430B7080203F23140B40421C400443DD
:109C80004C7094091C401A4004431043C8708C70F7
:109C90000420B2E70020022AAFD90C4A9A18A24247
:109CA000ABD32022180B5242024380243F200A707B
:109CB0009A09024064421840224304434A70032038
:109CC0008C709AE7002098E70024FFFF0028FFFF30
:109CD0006823F0B5CE4647469846040080B5673BFA
:109CE00085B080449946407841460093226E636E69
:109CF00005F0F2F9051E25D1226E636E2071190060
:109D000010000F00060002900391206C616C00238C
:109D1000361A8F41226BBB420ED1B2420CD9E67883
:109D2000022E09D10298039912184B4149466078D6
:109D30000091414605F0D0F9280005B0C0BCB946F5
:109D4000B046F0BD0125F7E7F0B55746DE464E4672
:109D50004546E0B5037982460C0085B0002B00D063
:109D60008DE05346DB6AA21E023B9A4200D38DE08F
:109D70005346002158890023FFF742FB53461C6DD0
:109D80005D6D24184D41534680271C665D6668232F
:109D9000BF0053443A00002118009B46FFF7ACFB7C
:109DA000534680215A890902100056028E4240D340
:109DB0000E008027BF0002E07608BE425BD930006B
:109DC000FFF75CFD81460028F6D032000021FFF746
:109DD00093FB730A9B46534600225B899046002BF7
:109DE00005D115E053465B89D844434510D9434615
:109DF000029300235146039348785946029A039BE5
:109E0000009112196B41494605F066F90028E9D026
:109E10004846FFF737FD534658894346181A421EF5
:109E20009041C0B205B0F0BCBB46B246A946A046C0
:109E3000F0BDBE42BDD800239846013399460126A5
:109E40000027002A09D1E8E701239C465346588998
:109E5000E044A4197D414045DFD9534658784B462C
:109E60002200009359462B0005F036F90028EBD06C
:109E700053465889D1E753465A891000DBE7FFF76C
:109E800027FF002800D16CE70120CBE70024002544
:109E900079E7C04670B50379040082B0002B0CD17D
:109EA0002378032B10D000220021607805F04EF9B2
:109EB000431E9841C0B202B070BDFFF709FF0028F1
:109EC000F9D12378032BEED16579012DEBD1260052
:109ED00080226836002192003000FFF70DFB5522EA
:109EE000204B6B21E254204B5532E25452239320F5
:109EF000423AA3540132A3540F330132A354293AF6
:109F000062548000073121541848009521541849A3
:109F10006254184AA354A3690132A354164A190A79
:109F2000A154164A190CA154154A1B0EA354636977
:109F30000132A354134A190AA154134A190CA1540B
:109F4000124A1B0EA3540122A06BE16B00231218CE
:109F50004B41310022666366607805F0BDF800234E
:109F60006371A0E766020000670200004D02000076
:109F70004E0200004F020000510200005202000099
:109F80005302000055020000560200005702000074
:109F900070B51D0003790400160082B0002B13D1A8
:109FA00001232100009332002B006078683105F016
:109FB00059F8002803D12666656602B070BD0126F7
:109FC000764201203500F6E7FFF782FE0028E7D051
:109FD000F3E7C0463522342330B5845CC35C2402E9
:109FE0001C433623C25C0133C35C120414431B06BA
:109FF00023438B603823C25C0133C35C1B021A43CA
:10A000003A23C45C0133C35C240414431B063D2281
:10A010001C433C23855CC35C2D021D433E23C25C74
:10A020000133C35C120415431B062B434B612123F0
:10A030000C61C25C1F3B1340CB710023CB6130BD70
:10A0400070B51E0000231500037101225242D31780
:10A0500004000266436682B06B1C3ED001232100DF
:10A0600060782A0000936831330004F0FBFF002879
:10A0700015D1256666664F4BE55CE31858784E4B64
:10A08000000205439D422BD06823E35C02221900A5
:10A090009143E9290BD0E82B09D0032005E00122E8
:10A0A0005242D31704202266636602B070BD732348
:10A0B000E25C230073335B781B0213437522A15CBF
:10A0C0005A1E1342E9D180229200934235D03B4B75
:10A0D000E818431E98410230E7E7731CBED1CAE777
:10A0E00020000B223649683006F026F900280AD0F5
:10A0F0006823E35C022219009143E92905D0E82B8B
:10A1000003D00220D1E70120CFE7200008222D490B
:10A11000BA3006F011F900284AD07323E25C23001C
:10A1200073335B781B0213437522A15C5A1E1342E2
:10A13000E7D1802292009342E3D10029C7D04B1E81
:10A140001942C4D17623E15C230076335B781B028D
:10A150000B43BCD07823E35C013B012BB7D87923B8
:10A16000E25C230079335B781B021343AFD07B237F
:10A17000E25C23007B335B781B0213437F2B10D8F8
:10A180002100882388314A78E35C12021A438B78D5
:10A190001B041A43CB781B061343802252029342BE
:10A1A00095D37E23E25CE41863781B0213438ED0C0
:10A1B00000207AE76602000055AA0000AB55FFFFB9
:10A1C000949B0310A09B0310F0B557464E4645469E
:10A1D000DE46994600230239E0B5846DC56D160050
:10A1E0000A0BA4185D4187B002940395012407333C
:10A1F0000F051940FA338C40FF339A460500FF0DD6
:10A20000E4B22B6E029A934254D02B79002B58D192
:10A2100001232900687868310093029A039B04F0B7
:10A2200021FF00283DD1029A039B2A666B66EB1939
:10A230001900683105930B781A002240501E8241A4
:10A24000914526D063400B700123013E2B71002EF7
:10A250002ED09C46AB46C846059807E063400B707D
:10A260005A466346013E1371002E21D06400E4B2C9
:10A27000002C05D1013757452AD05B460124D81957
:10A280000100220068310B781A40551EAA41424550
:10A29000E4D1022007B0F0BCBB46B246A946A046B6
:10A2A000F0BD01225242D31701202A666B66F1E706
:10A2B0000020EFE76B6E039A9342B8D02B79002B06
:10A2C000A6D02800FFF704FD0028A1D00120E1E777
:10A2D0000121029B039C00225B1854415D460293BE
:10A2E0000394C146002701248BE7C046F8B50368F4
:10A2F00057464E464546DE4699460023E0B58B76E6
:10A30000836BC26B07000D00134300D19CE04B46EA
:10A310001B78042B00D1C9E0036D013339D04B46C3
:10A32000DA681088002830D000239846FF339A4618
:10A3300080231B01022600249B4615E05346210082
:10A340001A1B43461A311B0469181843FFF74EFCC9
:10A35000002800D1A4E0002398464B46DA68241870
:10A36000905B023600280DD04346002BE6D1A02397
:10A370009B01C3189BB25B45E0D28046905B0236DE
:10A380000028F1D14346002B00D0002400232C19D3
:10A39000A3760C23984622330026002499463A6C73
:10A3A00012E0B621FF31FFF793FA002821D03100E7
:10A3B00043460D319A1B6918FFF718FC002818D086
:10A3C0003A6C36180B2C45D0105D01342028F9D09A
:10A3D000052800D1E030092CE3D10B2EE1D84A4604
:10A3E000B621AB195A73FF310136FFF771FA002815
:10A3F000DDD100236B73AB7E3A6C002B09D13F2378
:10A400000120AB76002328188376137B002B00D124
:10A410006B733F23D17A0B402B73507F137F917F57
:10A4200000021843D37F090408431B0603432B6033
:10A4300000236B60D37D917D1B020B436B81537EA8
:10A44000117E1B020B432B81F0BCBB46B246A946D2
:10A45000A046F8BD0021AB195973AB7E002BD8D1B3
:10A46000002ECCD029006B7B08260E31002B00D1AA
:10A470009FE0183C641B0EE04138192804D8107B7B
:10A48000304201D02033DBB20B73601801314B1E18
:10A490001B78002BB6D098B22E2BEDD11026F3E707
:10A4A00043460024002B00D06FE76FE74B46232282
:10A4B00019698A5C0B00002A3DD01F239846E033BF
:10A4C00000270022002640249A4618E05346310017
:10A4D00012049B1B1A31104369181A00FFF786FB00
:10A4E000002826D04B460022196936182320085C24
:10A4F0000B00B84258D99820800084421BD24346B2
:10A50000234200D102340B5D01379C460B19587869
:10A510006346000218430234002AD7D180231B016E
:10A520009C46A0239B01C3189BB26345CED2020078
:10A53000DCE74B461B693F220126AA760022AE19B2
:10A54000B2766A73197937320A402A73CA0628D458
:10A5500038223A21985C01329A5C595C120202431B
:10A5600009040A433B21585C0231000610433C2297
:10A570005C5C9A5C240214433E22995C01329A5C32
:10A5800009040C431206224328606A605A7B197B37
:10A5900012020A436A819A7BDB7B1B0213432B81E5
:10A5A00052E700200022EFE7002AC4D1002EC5D1D7
:10A5B000C1E7002026E7C046F0B54546DE465746CF
:10A5C0004E46E0B5037804008846150083B0022BA0
:10A5D00000D19DE05AD8012B00D091E000274B0814
:10A5E00043445E0A9A46026C436CB6185F41036EA0
:10A5F000B34200D1BDE02379002B00D008E16823ED
:10A600009946673BA144009332003B00494660787D
:10A6100004F028FD002832D1266667660123012256
:10A62000414653449B46534611408A464146DB050A
:10A63000DB0D4B440A4200D1B6E00F211878002709
:10A6400008402901014319705B465E0A2271226CA1
:10A65000636CB6185F41236EB34200D1DFE0200087
:10A66000FFF736FB00284CD1012332000093494606
:10A670003B00607804F0F6FC002800D188E001225D
:10A680005242D3170120226663663AE0DA1E012A9D
:10A6900036D80027CE09016C426C76185741026EFD
:10A6A000B2425FD02379002B00D0A4E06823994602
:10A6B000673BA144009332003B004946607804F0B8
:10A6C000D1FC0028DBD1266667662378042B00D1F5
:10A6D0008AE043469900FE235B0019404944CB7849
:10A6E0002D011B092A091D0715432B0A4B702B0C42
:10A6F0008B7001230D702D0ECD700020237100E0B2
:10A70000022003B0F0BCBB46B246A946A046F0BD4D
:10A710000027026C436C0E0AB6185F41036EB34209
:10A720002FD02379002B6DD168239946673BA14434
:10A73000009332003B004946607804F093FC002807
:10A740009DD12666676643465900FF235B0019408A
:10A7500049440D70FE3BADB22D0AFF3B4D70002009
:10A760002371CEE7426EBA429CD168229146814461
:10A77000ACE7436EBB4200D03DE768239946814475
:10A780004CE7436EBB42CCD1682399468144DAE75B
:10A790005B465246DB05DB0D266667664B44002AA6
:10A7A00017D02D09EDB21AE01D705B4600275E0A36
:10A7B0002271226C636CB6185F41236EB34200D0E5
:10A7C0004DE7636EBB4200D049E75B46DB05DB0D1E
:10A7D0004B440F2019782D0A814305400D431D700D
:10A7E0000123002023718CE743469900FE235B0080
:10A7F0001940494479E72000FFF76AFA002800D1A0
:10A8000054E77EE72000FFF763FA00288CD078E752
:10A810002000FFF75DFA002800D1F0E671E7636ED3
:10A82000BB4200D01BE75B46DB05DB0D4B44B8E7C2
:10A83000F8B5866907008468002E17D0012C13D95B
:10A84000A6190068013E0BE02A002100FFF7B4FEC4
:10A8500000280AD1A64209D0012D05D92C0038685C
:10A86000C36A651CA342EFD80220F8BD0023002074
:10A87000FB71FAE7C36970B504000E001500002BE8
:10A880000DD116E02068C36A994210D2FFF794FEFA
:10A8900000280DD1E369013BE361002B09D0F01AD8
:10A8A0002A00411C012B00D0821C0129EAD8022079
:10A8B00070BD0020FCE7C046F0B54E464546DE467A
:10A8C00057460023E0B50B608FB00E001500FFF770
:10A8D0004DF9002800DA0EE1B14B8000C458002C7D
:10A8E00000D15AE1346001262378B543002B14D0FF
:10A8F000607804F095FB06420FD1002D05D00423AB
:10A900001D000540034200D045E128000FB0F0BC17
:10A91000BB46B246A946A046F0BD0023607823702E
:10A9200004F08AFBC30700D5D5E0002D02D0430711
:10A9300000D530E1002200232000FFF781FB022830
:10A9400000D1DAE0042800D118E2012800D9D0E0D3
:10A95000226E636E02920393012800D1BDE073233F
:10A96000E15C2300802273335B7892001B020B436F
:10A97000934200D0BDE022007E237E325578E35C16
:10A980002D021D4300D1FBE178232563E25C531EB9
:10A99000E270012B00D9ACE07523E15C8B460B1E05
:10A9A000618100D1A5E0013B194200D0A1E0210066
:10A9B000792379314E78E35C36021E4326813307D2
:10A9C00000D096E07B23E15C23007B335B781B02A5
:10A9D0000B430CD12700883788337978E05C090273
:10A9E000BB780843F9781B04034309060B4376211F
:10A9F000605C21007631497809020143894678D0AC
:10AA00006A43904637094F444744BB4271D3DB1B2E
:10AA10009A4659461800FDF7EFFEDA4569D3614BB7
:10AA2000984266D8604B984200D92AE35F4B98421F
:10AA300001D900F051FC831C002148469C46E3628A
:10AA4000029A039B80185941A263E36302000B0042
:10AA50000298039904920593226463643A000023E8
:10AA600012184B4122656365002E42D00498059967
:10AA70004246002312184B41A264E364634601225C
:10AA800061465B0063440A405B089B180122484909
:10AA90008C4663445B0A9D422BD301235B42A36136
:10AAA000636181336371D2B22270424A00211388FC
:10AAB00001339BB21380E3800023E3613E4B5A1CB9
:10AAC000FF3203E010339A4200D1D8E21868844282
:10AAD000F8D11960F6E7032517E723002100733347
:10AAE000A83103E001338B4200D157E11A78002AE4
:10AAF000F8D00D2509E70B2507E7304BE35CEE2B7B
:10AB000066D02F4A2E4BA0184178E35C8278090268
:10AB10001943C378120411431B062A4A0B43A01899
:10AB20000A93284B4178E35C827809021943C37881
:10AB3000120411431B06244A0B43A0180B93224B0B
:10AB40004178E35C827809021943C3781204114307
:10AB50001B061E4A0B43A0180C931C4B4178E35C68
:10AB6000827809021943C378120411431B060B4370
:10AB70000D930AAD0EAE03E00435B54200D15BE2A1
:10AB80002A680320002AF7D000232000FFF758FA94
:10AB90000128F1D8DCE60A25B7E60C25B5E6C04663
:10ABA000444C0020F5FFFF0FF5FF0000F50F0000FB
:10ABB000FF0100000C6003204C4C00202A02000022
:10ABC0002E0200003E0200004E0200005E02000065
:10ABD000236E012B00D137E22379002B00D046E20F
:10ABE00068239846673BA044607801220093414661
:10ABF000002304F037FA002800D0BAE00122002335
:10AC0000226663660C224046E14905F095FB002868
:10AC100000D06EE775227423A15CE35C090219433E
:10AC20007623E25C0133E35C120411431B060B4301
:10AC30001900D2225C395200914200D959E7B53A45
:10AC4000FF3A92469A441300203343449B46D14B2B
:10AC50000121012699461700A4464942032F00D836
:10AC6000E8E15B46D85D08250122130003405C1E25
:10AC7000A3414B4059081E4201D04B465940520057
:10AC8000013DD2B2002DF0D101375745E6D16446DF
:10AC900079227823A05CE35C000218437A23C9433D
:10ACA000E25C0133E35C120410431B060343994248
:10ACB00000D01EE76046BC23BC304278E35C81785C
:10ACC00012021A43C37809040A431B061343802B5C
:10ACD00000D00EE762463833B832E05C53781B028E
:10ACE0000343907800040343D0780006184380287B
:10ACF00000D9FEE66346B0335E7819789A7836025A
:10AD0000314312040A43D9785E790906114304914C
:10AD10009A7919793602DB79314312040A431B060A
:10AD200013430593002800D1E3E6C3019946C023ED
:10AD30005B009B46984B9A466B0A02930023039351
:10AD4000029E039F049A059BB6185F41236EB3428F
:10AD500000D135E12379002B00D063E10123607835
:10AD60003200009341463B0004F07CF9002800D1FA
:10AD700055E101225242D317226663660125C4E5DC
:10AD800021008C238C31E25C4B788D781B021A43B6
:10AD9000CB782D0415431B061D43F5E5D023E15C5C
:10ADA00023008022D0335B7852001B020B43934276
:10ADB00000D09EE6D423E35C092B00D099E6230063
:10ADC000B033587819789A780002014312040A4384
:10ADD000D9785879090611430E009A791979000239
:10ADE000DB79014312040A4320001B0613431F00B2
:10ADF000BC23BC304278E35C817812021A43C378EA
:10AE000009040A431B0613432363D623E55CE5705C
:10AE1000012D00D06DE62A00013BE35C9A4093B21D
:10AE200092466381002B00D163E6C423417AE35C40
:10AE300009020B439C466246837AC17A1B040906C9
:10AE400013430B43554999468B4200D951E6991C4F
:10AE5000E16202980399A063E163C021635C9C46B0
:10AE60002300C033180059786346090219438378D8
:10AE70001B040B43C1789C460B069846634642462A
:10AE800013431800029A039B002112184B41110032
:10AE90001A0020002165626504910592B821B8303E
:10AEA000635C41780902194383781B040B43C17822
:10AEB0009C460B0698466346424613431800029A86
:10AEC000039B00218018594153461A044B46120C2B
:10AED0005343206461641800049A059B0021801884
:10AEE0005941029A039BB6185F41B94200D900E666
:10AEF00000D1E6E12100C823C8314A78E35C1202A0
:10AF00001A438B7827001B041A43CB781B06134384
:10AF1000A364002398469946E36468339B46673BE5
:10AF200046469A46A846A344002E3FD17889484514
:10AF300000D8DEE5BB6C9A1EFB6A023B9A4200D346
:10AF40007FE000230021FEF75BFA3C6D7D6D241845
:10AF50004D414B46069300230793069A079BA4187E
:10AF60005D413B6EA3421BD03B79002B77D153460A
:10AF700078782200009359462B0004F073F80028DB
:10AF80006AD001225242D31745463A667B66BCE43A
:10AF9000C09B03102083B8ED6C9C0310FDFFFF7F66
:10AFA0007B6EAB42E0D101239C46E144BB19683380
:10AFB0001B78812B00D111E12036F605F60DB3E7A1
:10AFC000636EBB4200D0C5E65E462E40464410226A
:10AFD0005146300005F0B0F9002805D080354D45C8
:10AFE00000D0A9E60D2590E42036737831781B0255
:10AFF000B2781943F37812040A431B0671791A4395
:10B000003379B07909021943F379000401431B062F
:10B0100020000B43FFF714F80128DFD898E42666D8
:10B020006766D1E72000FEF753FE002800D195E6C1
:10B0300001256AE4002016E6042800D19EE60D25CD
:10B0400063E40024002584E7636E002B00D0C3E591
:10B0500068339846A044D5E53C667D66A3E7380092
:10B06000FEF736FE002800D181E701254DE42000DF
:10B07000FEF72EFE002800D1B2E5012545E40025AB
:10B0800043E4831CE3629C46029803994B46049375
:10B090000023020005930B00A063E1630690079173
:10B0A0000498059912184B41069807992264636425
:10B0B0003A00002312184B41226563659223E25C3B
:10B0C000230092335B781B0213431E4300D010E52C
:10B0D0002000942394304278E35C12021A43837870
:10B0E0001B041A43C3781B061343A364059B914AB0
:10B0F000E364634694469B0063445B0A9D4200D22E
:10B10000F7E401235B42A361636181336371183308
:10B11000E25C230098335B781B021343012B01D0C0
:10B120000322C1E4012202980399002380185941A7
:10B1300002000B002000FEF72BFF0028F0D17E4B11
:10B140006071E25CE3185B781B0213437B4A934215
:10B15000E6D169226823A25CE35C12021A436A23E7
:10B16000E35C1B041A436B23E35C1B061343744A22
:10B170009342D5D1932293239200A1184A789B0041
:10B18000E35C12021A438B781B041A43CB781B062C
:10B1900013436C4A9342C3D1942294239200A11882
:10B1A0004A789B00E35C12021A438B781B041A4313
:10B1B000CB781B0613439522A36195239200A11817
:10B1C0004A789B00E35C12021A438B781B041A43F3
:10B1D000CB781B0613436361032265E46823994619
:10B1E0003300B9444B445A7D197D120211439A7DB4
:10B1F000DB7D12040A431B06134345463C00984678
:10B20000012B00D875E4FB6A434500D871E443463E
:10B210007889991E414300230A00386D796D121810
:10B220004B41BA65FB6501239B467E339A462B0052
:10B2300045469846EB09089300230993089E099F09
:10B24000226C636CB6185F41236EB34214D023792D
:10B25000002B2ED15B4660783200009349463B00BC
:10B2600003F000FF002821D001225242D3174546A7
:10B2700022666366FFF749FB636EBB42E7D1534624
:10B280004A462B409B00985C4B445A7899781202AE
:10B29000DB781043090401431B060B435A1C16D0EC
:10B2A00001359D42C6D00D25FFF72FFB2666676648
:10B2B000E5E72000FEF70CFD0028CBD00125FFF7C5
:10B2C00024FBB04200D815E60D25FFF71EFB042233
:10B2D000A3616361FFF7E8FB831C9C460298039916
:10B2E000E3624B46029300230393029A039B06906A
:10B2F0000791A063E163801859410490059120648F
:10B3000061641900069A079B38008018594120652E
:10B310006165002E01D1FFF7ECFB049A059B4046C6
:10B3200003998018594163460222A064E1645B00DE
:10B33000FFF7ADFBFF0100006602000055AA000008
:10B340005252614172724161F0B5CE46474680B5B6
:10B350000D00012683B0012935D90468E36A8B42C8
:10B3600031D92378032B00D1CAE032D8012B00D188
:10B3700070E0022B27D1226C636C00270E0AB618EE
:10B380005F41236EB34200D104E12379002B00D04A
:10B3900020E168239946673BA1446078320000931E
:10B3A00049463B0003F05EFE002800D0FAE0266626
:10B3B0006766FF214B466D0049000D405E5D4D44C0
:10B3C0006B781B021E43300003B0C0BCB946B046C8
:10B3D000F0BD042BF7D1026943691100194300D075
:10B3E000BCE0C3790126002BEDD1C369002B00D04E
:10B3F00008E1226C636C0027EE09B6185F41236EEA
:10B40000B34200D107E12379002B00D00BE1682380
:10B410009846673BA04460783200009341463B0069
:10B4200003F020FE002800D0BCE026666766FE23FD
:10B43000AD005B001D4043465B5D45446978AA78DA
:10B4400009021943EB78120411431B060B435B00FE
:10B450005E08B8E74B089846226C636C8844414606
:10B4600000274E0AB6185F41606E216E84468E42F8
:10B4700000D184E02379002B00D09EE0012321003D
:10B4800060783200009368313B0003F0EBFD002848
:10B4900000D087E0226C636C3100BC46266667668C
:10B4A00001264644B146464648460027F605F60DB5
:10B4B000A61968363678B046460AB6185F418E42FD
:10B4C00078D02379002B00D09EE001232100607802
:10B4D0003200009368313B0003F0C4FD002861D1C5
:10B4E000266667664B464246DB05DB0DE41868348A
:10B4F00023781B021343EA072ED41B051E0D62E7B7
:10B500000027226C636CCE09B6185F41236EB342EC
:10B5100039D02379002B57D168239846673BA04444
:10B5200060783200009341463B0003F09BFD002809
:10B5300038D126666766FE2143464900AD000D40BE
:10B540005B5D45446978AA7809021943EB781204D7
:10B5500011431B060B431B011E0934E78768002FAC
:10B5600000D13EE7C179EF1B02293AD0032900D070
:10B570003BE78369BB4200D837E76E1C23E787426D
:10B5800000D077E78CE7636EBB42C2D16823984650
:10B59000A044D0E7636EBB4200D0F6E6682399462C
:10B5A000A14406E701225242D317226663660126B0
:10B5B000764208E7674584D194E72000FEF788FBD0
:10B5C000002800D15AE7F2E72000FEF781FB0028AF
:10B5D000A2D0ECE72000FEF77BFB002800D1D8E6E4
:10B5E000E5E701204042C11712184B41D905500A26
:10B5F00008436289590A0023FDF73CF9874200D9C4
:10B60000E1E6BAD10B4EDEE62000FEF761FB002832
:10B6100000D15AE7CBE7636EBB4200D0F3E6682364
:10B620009846A04403E72000FEF752FB002800D113
:10B63000EDE6BCE7FFFFFF7FF0B557464546DE4627
:10B640004E46E0B58A460700056889B0002943D117
:10B650006E69002E31D10126AB69002B33D02B78D7
:10B66000042B5FD0564545D0EB6A340006E0012834
:10B670003ED0431C1ED0B44225D0EB6A01349C421C
:10B6800002D3012E1FD9022421003800FFF75CFEEF
:10B690000028ECD1012C2BD9EB6A9C4228D2012244
:10B6A000210028005242FEF787FF002800D1E7E082
:10B6B00001281DD10124644206E0EB6AB342CAD9D5
:10B6C000AB69002BCBD10024200009B0F0BCBB46F5
:10B6D000B246A946A046F0BDFFF736FE0400012899
:10B6E00006D9431CE6D0EB6A8342EDD85646B3E751
:10B6F0000124E9E7EB6A741CA34200D8022421006C
:10B700003800FFF721FE0128F2D0431CD2D00028D8
:10B7100000D18CE06A69EB6A012AA6D99342A4D9C8
:10B720001600A2E7B31E9B46EB6A5A460693023BFD
:10B730009B459B411A4068239C46AC446346934614
:10B740001400B046B9460793230B049300230593D6
:10B75000049E059FAA6DEB6DB6185F412B6EB34238
:10B7600000D1A0E02B79002B00D0A1E00123687864
:10B770003200009307993B0003F074FC00285BD172
:10B78000EB6A2E666F660693072301222005C00D23
:10B7900023402E189A40330068331B78069FD1B29D
:10B7A000023F1A40631C9F4217D9002A4ED09B4586
:10B7B00000D188E74900C9B21C00039700294ED088
:10B7C0004A00D2B28C4611003200674668321278C5
:10B7D00001333A40039FBB4236D3002A4AD1464642
:10B7E0004F46631C0234033300D96DE70123012265
:10B7F00021002800FEF7E8FC022800D178E70128A4
:10B8000000D157E75346002B59D10233FB71002872
:10B8100000D06DE7EB6AAA69023B6C619A4201D8DD
:10B82000013AAA6101226B7913436B714CE7002C3A
:10B8300000D02FE7EB6A18E701225242D317012408
:10B840002A666B6664423FE7002A02D146464F46AD
:10B85000C8E75B4500D136E71C000029B0D1802243
:10B8600001309200904200D16EE7012202219446FD
:10B870002E18A9E75B46002B00D124E7002463E7DC
:10B880005346002BC6D0012B00D131E7EB6A9A4515
:10B8900000D32DE7220051462800FEF78DFE002838
:10B8A00000D005E7B6E76B6EBB4200D05AE76BE706
:10B8B0002800FEF70DFA002800D157E7FAE6FB79D9
:10B8C000022B1AD053460133A3420FD0FB69002B41
:10B8D00001D10133FB61220051463800FEF7CAFF57
:10B8E000002800D0E4E60123FB6193E7FA69022314
:10B8F000002A00D0531CFB6189E7731CA34286D049
:10B90000BB68F61A0323BE61FB71DBE70368F0B581
:10B910001A78CE469946131F0D0059424B41FE211D
:10B920005B4209050B40802189038C466344070074
:10B9300000B5AB4222D9EB0620D184680563002C08
:10B9400020D04B465E897602B54209D23FE00128FD
:10B9500014D94B46DB6A834210D9AD1BAE4237D8AF
:10B9600021003800FFF7F0FC0400431CEFD1012058
:10B9700005E000220023BA63FB637C63022080BCE5
:10B98000B946F0BD022A1BD84A4612896B09934278
:10B99000F4D24B469A6CDB6CBA63FB6311007C6398
:10B9A0001943EBD00021680A12184B41BA63FB63BC
:10B9B0004B46ED056833ED0D5D1900203D64DEE773
:10B9C0004B469B6CC471002BDED01C00B9E7DB6AD0
:10B9D000A21E023B9A42CCD24B460021588900233A
:10B9E000FDF70EFD4B461A6D5B6D12184B41BA63A5
:10B9F000FB63D3E7F0B54F464646D6460C00C0B5CC
:10BA0000914607000668012936D9F36A8B4233D97B
:10BA1000002A49D10123A0469A461DE0F36A9D42BF
:10BA20002AD2002229003000FEF7C6FD002824D1CA
:10BA3000F26AB369911E8B4205D251460133B3615C
:10BA400073790B4373710135A54203D03378042B0E
:10BA500018D0A046A24222D921003800FFF774FC7A
:10BA60002500041E1BD0012806D0431C49D0337882
:10BA7000042BDDD0012DD1D80220E0BCBA46B1465E
:10BA8000A846F0BD43464146EA1A30000023FEF7BF
:10BA90009BFB0028F1D1F26AA046A242DCD83378A1
:10BAA000042B15D00020E8E73278042A02D1C279AD
:10BAB000022AAFD04A46012ADED04B45DCD901220A
:10BAC000494630005242FEF777FD0028A2D0D4E765
:10BAD0004B46002B12D0FB79002B14D1BC680AE036
:10BAE00021003800FFF730FC0128C5D9431C08D0DD
:10BAF00001348442D6D14C45F2D102230020FB719F
:10BB0000BBE70120B9E7032BCCD1BB684B45C9D8B3
:10BB1000BA69944663444B45C4D30223EEE7C0465A
:10BB2000F8B5056847462B78CE46043B5A42534148
:10BB3000FE225B4212051340802292039446066B5C
:10BB4000634420360400884680B5B34208D80022FA
:10BB500000230420A263E363C0BCB946B046F8BD2D
:10BB6000826BC36B1100194360D0F105CF0D002922
:10BB700043D10021012012184B41616BA263E363A2
:10BB8000002940D06B89720A013B1A4235D120004E
:10BB9000FFF7DAFB81460300012840D901333CD08E
:10BBA000EB6A834218D84346002BD0D02000616B4B
:10BBB000FFF742FD8146031E36D001282FD0013306
:10BBC0002BD001002800FEF7BFF8002825D1042261
:10BBD000E3791343E371EB6A4A46023B6263023A3C
:10BBE0009A421ED2002300216889FDF709FC2A6DC4
:10BBF0006B6D80185941A063E1636835EF1900202F
:10BC000026632764A8E72A89730993429FD268357F
:10BC1000EF190020266327649EE701209CE702209D
:10BC20009AE700200021E6E7072095E7042093E744
:10BC3000F0B5DE4657464E464546E0B58A4683B0E7
:10BC4000002105000468FFF761FE8146031E04D051
:10BC500004284ED1072399461DE068339B460027F0
:10BC6000A344EB6BAE6B9846236EB3421BD0237993
:10BC7000002B38D1012360783200009359464346A7
:10BC800003F0F0F900282AD001225242D31722668D
:10BC9000636601239946484603B0F0BCBB46B246F2
:10BCA000A946A046F0BD636E4345E0D12378042B3E
:10BCB0000FD02B6C1B78E52B01D0002B0DD1013759
:10BCC0005745E8D001212800FFF72AFF0028C8D0F7
:10BCD000BEE72B6C1B787F2BF1D90027F2E7434698
:10BCE00026666366E2E72000FDF7F2FF0028C1D078
:10BCF000AEE78146CFE7C046F0B5454657464E46CB
:10BD0000DE46E0B5C36B05689846876B2B6E040072
:10BD10002E6983B0BB4200D1A8E02B79002B00D064
:10BD20009BE00123290068783A000093683143467C
:10BD300003F098F9002800D082E043462F666B6636
:10BD4000216C0B78852B00D08EE020223000FDF78F
:10BD5000D9FB7578802301356D012A00603A9B007C
:10BD60009A4200D980E000212000FFF7D9FE042884
:10BD700000D179E0002869D1A36B27689846E36B6E
:10BD800099463B6E434500D188E03B79002B00D0BB
:10BD900089E00123390078784246009368314B46A8
:10BDA00003F060F9002866D143463B664B467B664C
:10BDB000216C0B78C02B57D1300020222030FDF7AA
:10BDC000A1FB2323F05C0F212C30FCF715FD400173
:10BDD000A84249D84023984698239B00AA469B46F0
:10BDE0004546B04619E03B79002B51D1012339007B
:10BDF00078784A4600936831330003F033F900281D
:10BE000039D14B467E663B66216C0B78C12B2BD11A
:10BE10005D4537D32035AA454CD900212000FFF7D6
:10BE20007FFE042820D0002810D1A36B27689946F4
:10BE30003B6EE66B4B45D6D17B6EB342D3D1E3E785
:10BE400001225242D31701202A666B6603B0F0BC70
:10BE5000BB46B246A946A046F0BD2800FDF738FF14
:10BE6000002800D15DE7F1E70220EFE76B6E434564
:10BE700000D052E764E701225242D31701203A660C
:10BE80007B66E3E7434620225819FDF73BFBC1E7F9
:10BE90003800FDF71DFF0028A8D0D7E77B6E4B4583
:10BEA00000D072E784E73800FDF712FF002800D1C8
:10BEB0006FE7CBE79823464600209B009D42C5D8FC
:10BEC00000230022717801314901022A0CD1327914
:10BED0005808DB03D3181B189AB273795008D203A1
:10BEE0009B1806221B189BB2B05C5C08DB03C318CE
:10BEF0001B1901329BB29142E7D8F278B178120255
:10BF00000A439342B0D10020A0E7C046F0B54E46A8
:10BF10004546DE4657460368E0B504001E69002228
:10BF20000023757883B0691C4901022A0CD132794B
:10BF30005808DB03D3181B189AB273795008D20340
:10BF40009B1806221B189BB2B05C5F08DB03C3186A
:10BF5000DB1901329BB29142E7D8B3701B0AF37030
:10BF60002000216DFFF7D2FC804600284ED101232E
:10BF70002F009946A36B25689A46E36B9B462B6E70
:10BF800053451CD02B79002B3AD14B4629006878B9
:10BF90005246009368315B4603F064F800282AD0CB
:10BFA00001225242D3172A666B6601239846404607
:10BFB00003B0F0BCBB46B246A946A046F0BD6B6ECE
:10BFC0005B45DFD120223100206CFDF79BFA4A4609
:10BFD00023681A71002FEAD000212000FFF7A0FD8E
:10BFE0002036013F0028C5D0031C022800D90223B7
:10BFF000DBB29846DBE753462B665B466B66E1E7B0
:10C000002800FDF765FE0028BFD0EDE7022800D923
:10C010000220C3B29846CAE7FF23F0B54E46454614
:10C020000400DE4657469B46E0B56F4A973BA66B39
:10C030009C46904633005A460568E76B85B0AC4491
:10C040000420E14603923B4344D02B6EB3421DD003
:10C050002B79002B59D1012368783200009349468F
:10C060003B0002F0FFFF002847D001225242D317C5
:10C0700001202A666B6600220023A263E36305B0F9
:10C08000F0BCBB46B246A946A046F0BD6B6EBB42B3
:10C09000DED1236C1A78002A35D0297804291DD0E6
:10C0A0003F21D87A0140A171E52A06D02E2A04D07A
:10C0B00020200E008643082E2DD1FF23039300215C
:10C0C0002000FFF72DFD0028D5D1A66BE76B3300CC
:10C0D0003B43BAD10028CED10020D0E7852AEED14B
:10C0E000236B20002365FFF707FE0028C3D12B69CF
:10C0F0001A793F231340A371C1E7236C2E666F6644
:10C100001A78002AC9D10420B5E72800FDF7E0FD20
:10C110000028A0D0AFE70F294FD13131114238D0DC
:10C12000587B8A4383460392226B22655A7B5A4589
:10C13000C3D1DA7E997E12020A43BED1EA6818782A
:10C14000944640229043421E500080188000801880
:10C150004246264E511CB246012266460127A4469D
:10C160000AE0FF2811D84700BA5317000130204ACF
:10C170008A4212D00A7801319C5C9A1852781202D5
:10C180002243002FEDD15245F1D0FF2364460393A3
:10C1900095E703998A4290D1C8E71B7864465B060D
:10C1A00006D5002F04D0FF2887D8002340008353F2
:10C1B000039E013EF3B2039381E7039A002A0ED156
:10C1C000190010000B314208C001024318780133F6
:10C1D0001018C0B29942F6D1584500D17CE701232E
:10C1E0005B42002023654AE77C9C0310FFFF0000B0
:10C1F000899C0310F0B54546DE4657464E46E0B5ED
:10C20000002189B004000568FFF780FB002827D1D2
:10C210002B78042B00D1D5E001235B422365013349
:10C22000FF339A469846973B9B469D4BAB449946B5
:10C23000A66B2B6EE76BB34219D02B79002B4FD135
:10C24000012368783200009359463B0002F00AFF50
:10C2500000283DD001225242D31701202A666B6686
:10C2600009B0F0BCBB46B246A946A046F0BD6B6E15
:10C27000BB42E2D1266C3778002F2FD03F23F27AD1
:10C280001340A371E52F03D012070ED50F2B2DD02D
:10C2900001235B4223650133FF33984600212000D0
:10C2A000FFF73EFC0028C3D0DAE70F2B1ED0434631
:10C2B000002B70D04F23E35CDB07E9D421000B2275
:10C2C0003000443104F038F80028E1D10020C7E7FD
:10C2D0002E66266C6F663778002FCFD10420BFE71B
:10C2E0002800FDF7F5FC0028AAD0B9E74F2240232B
:10C2F000A25C1342D2D13B425FD0727B9F439246F5
:10C30000236B2365FF22737B90465345C6D1F37E92
:10C31000B27E1B021343C1D1EB68327803933F23F3
:10C320001340013B5A00D2189200D21801234B440B
:10C330009846504605950797012301214546170069
:10C340000490069416E0FF2F1ED82000FDF7D6FAC1
:10C350007B1C9A46039B7F008046F85AFDF7CEFA75
:10C36000804511D1210057464E4B9D4200D183E0BC
:10C370002B780135F25CF3185C7824021443002911
:10C38000E1D1494B9C42EFD0049B059D9A46FF2387
:10C39000069C984682E73000320041460B304B083D
:10C3A000C9010B43117801325918C9B29042F6D134
:10C3B0008A4500D07EE7002052E7B845A2D0FF238F
:10C3C00098466BE7EB6818889E1C00239946002866
:10C3D00019D0A046FF2734001E00FDF78FFAF303A3
:10C3E00082B27608384030181B189BB2DE03120A5E
:10C3F0005B089B180234F618A31E1888B6B20028F2
:10C40000EBD1B1464446A2465046FFF705FE002850
:10C4100000D025E724222B69995C01329A5C120234
:10C420000A434A45F0D123229C5C0027002C1DD0F2
:10C43000043A4026904600E02B694246324200D141
:10C4400002369A5D9B19587800021043FDF756FAA0
:10C45000EA687B008346985AFDF750FA8345D3D1AA
:10C460000137FBB202369C42E6D17F00EB68DB5B12
:10C47000002BC9D10020F3E6049B3A009A4633789A
:10C48000059D079F069C5B0606D5002904D0530036
:10C49000039A9B5A002B92D1013FFBB29846FDE6CE
:10C4A0007C9C0310899C0310FFFF0000F0B5DE4662
:10C4B000454657464E46E0B502680B789FB0834626
:10C4C0000D0003922F2B47D05C2B47D0D3690193EB
:10C4D000019A002382605A46D361039A1278042A93
:10C4E0004AD15A469268002A46D05A4659465E4674
:10C4F000039C206A1062626A4A62A16A0894B1626F
:10C500000A90FF2008AEF2718243326130007361FD
:10C51000F3613165FFF7FAF9002860D13000FFF7C9
:10C52000EBFB021E5BD139203821039B1B69185C91
:10C53000595C000208433A21595C090408433B2135
:10C54000595C0906014358464261016121329A5CF7
:10C5500002231340C3710FE06B7801352F2BFBD002
:10C560005C2BF9D000235A4693605A460023D361CE
:10C57000039A1278042AB4D02B7808AA1F2B00D86B
:10C5800072E180235B029946C24B16009A465B46D5
:10C590001B680024DF6808951BE0484503D363004F
:10C5A000020CDA53013485B21F2D00D858E12F2D2B
:10C5B0001CD05C2D1AD07F2D06D80004010C5046EB
:10C5C00003F08EFD002809D1FE2C07D86300DD534F
:10C5D00001343000FDF7F2F9431CDED106201FB014
:10C5E000F0BCBB46B246A946A046F0BD089D01E09E
:10C5F000013508952B782F2BFAD05C2BF8D0002230
:10C600001F219942524193000193012C00D10DE169
:10C61000022C00D002E17A882E2A00D154E19E4BF0
:10C62000E3185B00FB1801E01A88023B202A01D0C6
:10C630002E2A05D1013C002CF6D100233B80CDE70A
:10C6400000226300FA5238889C46A046B91C202874
:10C6500000D0DCE008000388140002310132202BF6
:10C66000F8D0230044468046023306930322019B00
:10C670001343DBB201936346023BFB181A882E2A50
:10C6800003D0013C023B002CF8D158460B2220215C
:10C690004430FCF731FF43461B889846002B5CD0A2
:10C6A0000023059308330293002304932B003D00DD
:10C6B0002700444698460796069E202C00D189E024
:10C6C0002E2C00D193E0049B029A93421CD2BE42CE
:10C6D00000D18EE07F2C00D912E121006F4803F0D9
:10C6E000FFFC002800D14DE1019B069303235F244A
:10C6F000069A1A43D3B20193049B5A1C5B444433F9
:10C700001C70049233006BE0029B0B2B00D10EE1F6
:10C71000BE4272D00323019A1A43D3B20193BE42A0
:10C720006BD944235A46D25C4546079EE52A02D17E
:10C730005946E03ACA54029B082B00D19DE00C23D5
:10C74000059A13400C2B03D0D3439B0700D0A9E0DC
:10C750000223019A1A43D3B201934F235A460199F7
:10C76000D1545846FFF746FD4F225B469B5C00289C
:10C770000DD0042800D032E7990600D40EE118420B
:10C7800000D104E78023594600208B5427E75B073C
:10C7900000D524E75B469B79DB0600D401E1039BCF
:10C7A00018785B46042800D193E01B6BDA05039BE5
:10C7B000D20D68339B18DA7E9C7E12022243032836
:10C7C00005D1187D5B7D1B0203431B041A435B46A6
:10C7D0009A60DCE60323019A1A43D3B20193330033
:10C7E0005E1C5B005C5B002C00D066E799E7BE42F4
:10C7F000F0D1029B0B2B00D199E00B22059B0292FA
:10C800009B00DBB2033A059304923B00E8E7012367
:10C81000B84606932E2800D02DE727E7002C00D13C
:10C820000BE71F4BE3185B00DA5BF8E63A882E2A29
:10C8300000D0F4E6002258460E216300DA5344305B
:10C84000A2429B410B402033835401320B2AF7D183
:10C850002023019A59461A4313004F228B5480E734
:10C860000423089D0193D0E659464F238022584661
:10C87000CA540021FFF74AF8B1E6059B9B00DAB2E3
:10C8800005920C2213400C2B00D161E7019B9B0702
:10C8900014D562E7AC9B0310FEFFFF7FB89B03102B
:10C8A000FFFFFF7F019B9B0700D556E7059BDB073A
:10C8B00004D51023019A1A43D3B20193059B5B0759
:10C8C00000D44AE7082344E73B882E2B00D0A6E695
:10C8D000B0E79A6859461A625A46FF2312699A438A
:10C8E00013005A46D27913435A4653625B46126D7F
:10C8F0009A62039B1B6918000193FDF76BFB46E6E8
:10C900000223B621019A20001343DBB2FF310693C4
:10C91000FCF7BCFF040003061AD57F20284B044017
:10C920001C5D002C00D1E1E6069B0193D5E60323B4
:10C93000019A45461A43D3B201935A464423D25C26
:10C94000079EE52A00D0FAE65946E03ACA54F6E6D0
:10C95000FF28E6D9029B049A013B934209D9049A25
:10C96000010A531C5A4444321170069AC4B201920F
:10C97000C3E60323019A1A43D3B2029A01930492A5
:10C9800033002DE72300413B9BB2192B0BD8022328
:10C99000059AE4B21A430592049BAEE6184200D011
:10C9A0001DE605201BE62300613B9BB2192B04D832
:10C9B0000123059A203C1A430592049BE4B29CE6AD
:10C9C000EC9B0310F0B54E46DE46574645464F23D6
:10C9D000E0B5C35CA1B01A0006935F2381469A4379
:10C9E00000D030E10368DA6898461388002B00D144
:10C9F00023E2002301335900515A0029FAD1079349
:10CA000043461D78042D00D12AE1442149440B00FE
:10CA100005910AAA31CB31C2069BDB0771D54F23A2
:10CA200040224846C2540B000AAA03CA03C3118815
:10CA3000894C1980927808AD9A70432201234A44A8
:10CA4000039304920F2107228A4602E00F2E00D89A
:10CA5000B0E050461840010030311E001B09392952
:10CA600000D90731013AA8184170002AEED17E237F
:10CA70002B70002304982021072A01D8A95C0132D9
:10CA80000133C154072BF6D904904846FFF7B2FB97
:10CA900000282FD1039B01330393642B00D17BE249
:10CAA0004346DB680AAA9B46059B03CA03C3118859
:10CAB000198092789A70039A1300052AC2D95A46AF
:10CAC0001288002ABED0802701267F0202218C46D0
:10CAD0000E31E34430005B001040C31852083B4263
:10CAE00000D0634001390029F4D15A461288002A47
:10CAF000ECD1A7E78246042854D14F234A46069931
:10CB0000D154069B9B0762D5079C0D210C34200055
:10CB1000FBF772FE0390411C4846FFF789F88246F6
:10CB200000283FD10C2C59D0039B48465B011900CB
:10CB30004B461B6B591AFEF7E9FE8246002831D19D
:10CB40004946059A4F31049004984308C0010343B5
:10CB5000107801321B18DBB204939142F4D13F4BA1
:10CB600044469B464D46AF6B236EEE6BBB4200D1F5
:10CB70008FE12379002B00D057E101232100607859
:10CB80003A0000936831330002F06CFA002800D1BB
:10CB9000EFE1A04601225242D31741460A664B6696
:10CBA00001239A46504621B0F0BCBB46B246A94686
:10CBB000A046F0BD7E230598AB54002302E001336C
:10CBC0009A4202D9C15C2029F9D1049853E7012186
:10CBD0004846FFF72DF882460028E3D14B469D6B6F
:10CBE000DC6B43461B6EAB4230D043461B79002BB7
:10CBF00000D0C9E143464146587801232A000093FA
:10CC00006831230002F02EFA0028C3D143461D6686
:10CC10005C664B4620220021186CFCF76DFC4B46ED
:10CC20000B220599186CFCF76DFC4B4649461A6CB3
:10CC30004F23C95C373B0B401373012342461371EA
:10CC400000239A46AEE706239A46ABE743465B6E5F
:10CC5000A342CAD1DDE7C046211001007C9C03102D
:10CC600007980F210E30FBF7C7FD811C04004846D2
:10CC7000FEF7DEFF8246002894D14B4601341B6B41
:10CC800064011C1B4B461C65DB791D4200D181E011
:10CC90004A46AB43D371032B00D16DE101224B46D1
:10CCA0004846596B5242FDF7E5FD002800D0C2E02E
:10CCB0004B469B68002B6DD04B461B68FF220A93A6
:10CCC0004B461B6A0AAC0C934B465B6AE371934379
:10CCD0000E934B469B6A0F901E934B461190996A98
:10CCE0002000FEF713FE002800D0A4E02000FFF78C
:10CCF00003F8002800D09EE04346598900234A02E9
:10CD000049460869496912184B4116001F004B46F5
:10CD10001E615F61434638203B2219693F230E5450
:10CD2000350A01300D54350C01300D54300E885445
:10CD300001328F54380A01328854380C0132885439
:10CD40003A0ECA54434619694B4628201A695B6952
:10CD5000150A0A5401300D54150C01300D54120EF1
:10CD600001300A542C22180A8B5401328854180CB2
:10CD7000013288541B0E01328B544B460122DB7961
:10CD8000414613432122096920008B54FFF7BEF866
:10CD9000002850D143461C69402200212000DD6854
:10CDA000FCF7AAFB8523C022601C80461F2023704D
:10CDB000653BE25400230027002184469946BF3A90
:10CDC0004033C126E6540026581C265402330397EC
:10CDD0000AE06818834600260020E6544646F054D0
:10CDE00060460233184216D0002AF2D06A189346E1
:10CDF0006A5A002A23D0D6B2E6544646100AF054A6
:10CE00006046039F02330137F9B2039149006F185E
:10CE1000BB461842E8D15E46484636880130039F3B
:10CE2000C0B2002E0ED08146CBE72000FCF750FFA9
:10CE3000002800D1A1E68246B4E60023DFE5002009
:10CE40000026CAE72323E7544B4602336370288841
:10CE5000AB1C002800D1A2E01D00FF27FCF74EFD0F
:10CE6000F30382B27608384030181B189BB2DE03F9
:10CE7000120A5B089B180235F618AB1E1888B6B26A
:10CE80000028EBD1F3B2360A2422A3542523E6541A
:10CE900088E6636EB34200D06BE6E368039A9C4673
:10CEA000D3B2286C9946049BFF2143730F23C372AE
:10CEB0000023114003738376C3764B1E5900C918B3
:10CEC0008900C9180123374E9A46B0462E000694B1
:10CED0005546B246069E644600230022FF27B4460C
:10CEE00017E04E1C49000B5B4519190A2B7069703D
:10CEF000002B08D101320D2A38D05B469B5CC31849
:10CF00001F705F70274B01320D2A0BD059468D5C84
:10CF100031004345E5D1451901320E002F706F7085
:10CF20000D2AF3D16246A44614001E4A5546934288
:10CF300004D063467600F35A002B03D14A464023BF
:10CF40001A4391464B4603700123002128002371A8
:10CF5000FEF7E6FD002800D06DE7039B013B03933D
:10CF6000002B00D0FFE5A046A94637E664465546AB
:10CF7000E4E72766666690E74846FDF759FC002817
:10CF800000D18BE682460DE64046FCF7A1FE8246C4
:10CF9000002800D12EE605E65D3B9A4602E6002613
:10CFA000002371E7FFFF0000F0B5C64600B584B06E
:10CFB000019003A8904600910391FCF7D7FD00284B
:10CFC0002CDB174E8200B158002912D00023B35039
:10CFD000144B00275C1CFF3402E01033A34206D040
:10CFE0001D68A942F9D11F601033A342F8D1002374
:10CFF0000B70019B002B03D0002158701970B350A7
:10D0000043460020002B03D104B080BCB846F0BDDD
:10D010000022684601A9FDF74FFCF5E70B20F3E776
:10D02000444C00204C4C0020F0B54E464546DE46B0
:10D030005746E0B59FB0050016000591002859D06D
:10D040003F241440220007A905A8FDF735FC8346BC
:10D05000002809D000232B6058461FB0F0BCBB4607
:10D06000B246A946A046F0BD8C20079BC00008939D
:10D07000FCF704FC8146002865D08022079B9200C3
:10D080004A44D8601A61059908A8FFF70FFA80464C
:10D09000031E26D1182102AA4F335218D35C7F2BCE
:10D0A00000D9A1E0012327009F439A467B1E9F41A0
:10D0B00008A83900FCF7DAFC1C23804633421CD058
:10D0C000002800D0DBE0112202AB9B7F1A423DD149
:10D0D000730700D472E14846FCF7D4FB08239B4653
:10D0E000B8E71C23334200D0C9E04846FCF7CAFB2E
:10D0F000C346AFE709239B46AEE70028F5D102AB54
:10D100009B7FDA0628D4B20702D552461A421DD1B7
:10D11000079E230700D4ACE0402301271C43326E56
:10D12000736E2A656B65189B3900AB6508A802937E
:10D13000FCF7D4FCE862002814D14846FCF7A2FBB7
:10D1400002239B4686E711239B4685E74846FCF76A
:10D1500099FB07239B467DE74846FCF793FB042396
:10D160009B4677E7079B19789846042900D10FE181
:10D17000189BDA7E987E12020243032905D1597D5D
:10D180001E7D0902314309040A43AA605A7F187FB1
:10D19000997F1202DB7F1043090401431B060B43F6
:10D1A0002B6100236B6100234246EB652A60D28825
:10D1B0000021AA803022AC540132AB54002200235B
:10D1C000AA64EB64AA63EB6360239A468022AA44B4
:10D1D00050469200FCF790F9A3060BD44846FCF7A2
:10D1E00051FB00239B4637E74846FCF74BFB0623E1
:10D1F0009B462FE72E696F6933003B4300D1C3E0A4
:10D200004346AE63EF635A89A96853020293002331
:10D210000393002F09D15CE1431C27D0029B039CA0
:10D22000F61AA741A74200D8CDE02800FEF78CF8F7
:10D2300001000128F0D802239846EB6A2964013BDB
:10D240000F2B00D951E78024AF481B01C118CA68D1
:10D250006400A24200D11DE1002A04D0013ACA6054
:10D26000002A00D041E70022C2503EE70123984641
:10D27000E3E7012327009F437B1E9F414FE743467F
:10D28000042B00D031E7A04B5A1CFF32196800294B
:10D2900005D010339342F9D11223984625E708A808
:10D2A000FFF790FB082380461C43002800D01CE7B2
:10D2B000079B1A78042A00D1AFE001F065FF189BA4
:10D2C000010A020CC6B2C9B2D2B2000E9E73D97363
:10D2D0001A745874189B9E75D9751A765876189BCF
:10D2E000079EDF7E997E32783F020F43032A05D1E5
:10D2F0005A7D197D12020A43120417432022DA7262
:10D300000022189B9A76DA763178032901D11A75B2
:10D310005A750022189B1A775A779A77DA77012381
:10D320003371002F00D1F4E6336E00229A46736EFB
:10D33000390008A80293FEF75DFB8046002800D064
:10D34000D3E6079E336E534500D1C4E03379002BFA
:10D3500000D0CEE00123310070785246009368314E
:10D36000029B01F07FFE002800D1BCE00122524266
:10D37000D31732667366079B013F5F614846FCF72F
:10D3800081FA01239B4665E64846FCF77BFA63E693
:10D390000A9B29002B620C9B0293FF23029A9A435B
:10D3A000130002AAD27F13436B621C9BAB624346FD
:10D3B0001869FCF70FFE079B9846F4E6330700D583
:10D3C00076E7079EABE6029B039CA74202D19E42F2
:10D3D00000D92AE72964F305D6D0079C8A1EE36AA0
:10D3E000023B9A420DD2002360890021FCF708F825
:10D3F000226D636D801859410300029003910B4325
:10D400004BD10222EB6A9046013B0F2B00D81AE762
:10D410004846FCF737FAC3461CE6186929002B601A
:10D42000FCF7D8FD079B1E22186900210230FCF78B
:10D4300063F8079E002130691A222630FCF75CF859
:10D44000202332691371366901F09EFE030A73725C
:10D45000030C3072B372000E079BF0721A6901213F
:10D46000212308A8D154FEF751FD8046002800D0A2
:10D470003BE6A968002900D14AE600222800FEF711
:10D48000B9FAAB68079E013B80467361002800D162
:10D490003FE62AE60022CA60E5E6FB05720A1A4367
:10D4A0007B0A0298039912184B410121AA64EB648C
:10D4B00060780091514601F0D5FD8346002800D1E7
:10D4C00062E70122EB6A9046013B0F2B00D8BAE6D7
:10D4D0009EE7029B7BE7736E029A934200D035E78A
:10D4E000013F776115E653463366029B7366079EDC
:10D4F000F6E73000FCF7ECFB8046002800D129E776
:10D50000079B013F5F61F0E54C4C0020F0B5DE4623
:10D5100057464E464546E0B51D0000238DB02B60B2
:10D520008B460BA904009146FCF742FB8246031E82
:10D530006FD13133E35C9A46002B6AD1012211008E
:10D540003033E35C194008911A4200D1DBE0A26B52
:10D55000E36B20696169801A99418A4500D1AFE087
:10D560004946002955D051462700DA46AB46099175
:10D57000D10560D1D905500A084305000B9E590A10
:10D580007489013C2540079520424AD03A6CF36AE1
:10D59000023A023B9A4237D273890021984600230F
:10D5A0004046FBF72DFF336D746DC01861410300D9
:10D5B0000B4329D0002205928022079B92000493FE
:10D5C000049C059D24184D4191455ED34A46510A5D
:10D5D0008C461A0063440791434502D943469B1A7F
:10D5E0000793079B70782200009351462B0001F0AF
:10D5F00039FD002800D080E03023FB5C7F2B00D970
:10D60000A2E0079B5E0225E031230222FA542F3B61
:10D610009A4650460DB0F0BCBB46B246A946A0465D
:10D62000F0BD1A4351D1BA68012AEDD9531C64D018
:10D630000B9E3A64ABE760239846B8448023C90D3B
:10D640009B005E1A4E4500D94E463200504641447A
:10D65000FBF758FFB86BF96B4B469B1B99465B4633
:10D660005A461B6802969B19136000230393029A83
:10D67000039B12184B414946BA63FB63B24400292D
:10D6800000D075E7099B9A46C3E7BA6CFB6CA242CF
:10D690003CD03021795C7F293ED860239846B8443D
:10D6A000012370782200009341462B0001F0DAFC40
:10D6B000002822D1BA6BFB6BBC64FD64D105BDE7C9
:10D6C000814500D84CE781464AE7FD6D002D35D0F5
:10D6D0003B682C1D5A890023FBF7CCF86B68002BA4
:10D6E00006D191E70834C01A2368002B00D18BE7DC
:10D6F0009842F7D26268821896E731230122FA54E1
:10D70000089B9A4685E707239A4682E7AB42C0D139
:10D7100060239846B844CDE7602188465F39B84415
:10D7200070780091414601F0D7FC0028E5D1302106
:10D730007F237A5C0B9E13407B54B1E73800396C31
:10D74000FDF702FE02006FE7BA6CFB6C121BAB41E7
:10D75000984200D055E70799914200D851E76023DD
:10D76000984650028022B844414650449200FBF74C
:10D77000C9FE46E7F0B5D6464F464646C0B504005A
:10D7800098B0002809D00368002B06D01A78002A28
:10D7900003D08188DA88914207D00925280018B083
:10D7A000E0BCBA46B146A846F0BD587801F038FC56
:10D7B00001210142F1D1402230271500E35D1D40D7
:10D7C0001A42EBD05BB22668002B50DB01F0DCFC88
:10D7D00033780700042B59D0236D9846636D994622
:10D7E000336E434500D194E03379002B00D097E0AD
:10D7F0000123310070784246009368314B4601F0B6
:10D8000031FC002878D1434633664B4673662021AD
:10D81000A36DDA7A0A43DA72A268206891B2090A23
:10D820009A76D9760178032903D1120C1A75120A57
:10D830005A7522699F75110A1A775977110C120EC1
:10D84000DA773A0ADA753A0C1A7600223F0E99779F
:10D850009A74DA745F76012330003371FCF71AFB97
:10D8600030224021A35C05008B43A35496E77078D7
:10D8700000912100A26CE36C603101F02DFC0028C6
:10D880004CD17F23E25D1340E3559FE7E379032BFF
:10D8900039D001222000216C5242FCF7EBFF051E1B
:10D8A00000D07BE78C20C000FBF7E8FF8146002812
:10D8B00000D1B2E080239B004B44336102AB984619
:10D8C0002368226A029343469A604246636AF06084
:10D8D000D371FF2293434246136143465561D5619C
:10D8E000A26A404611001A65FEF710F8051E1ED008
:10D8F0004846FBF7C7FF51E701225242D3170125E3
:10D90000326673664AE72000FCF792FF051EC0D01E
:10D9100044E7736E4B4500D066E778E701253DE7A5
:10D920003000FCF7D5F9051E00D161E736E7404627
:10D93000FEF7E2F9051EDBD12021326913790B4392
:10D9400013710122E3793169134321228B5434216D
:10D95000A3683269180A535401315054180C01312C
:10D96000505438201B0E01315354216933696269C8
:10D970001954080A84469246392062461A540A0C01
:10D9800001301A54090E0130195452463C21100A34
:10D990005A5401315854100C013158542820120E99
:10D9A00001315A542169336962691954080A84465D
:10D9B0009246292062461A540A0C01301A54090E64
:10D9C0000130195452462C21100A5A54013158542E
:10D9D000100C01315854120E01315A5433693A0A6D
:10D9E0001F735A733A0C3F0E9A73DF7333694046C4
:10D9F0005D7533691D745D749D74DD74FEF786FA80
:10DA0000051E00D074E73000FCF744FA30224021B4
:10DA1000A35C05008B43A3546AE71125BEE6C0460C
:10DA200070B582B00400FFF7A5FE002801D002B057
:10DA300070BD200001A9FCF7BBF80028F7D1E36A0C
:10DA4000013B0F2B14D880260A4D1B01E918CA6828
:10DA50007600B24208D0002A07D0013ACA60002AF4
:10DA600003D000232360E2E7C8600022EA50F8E711
:10DA70000220DCE74C4C0020F0B54E46DE4657460F
:10DA80004546E0B58BB009A9039306000292FCF766
:10DA90008FF88146031E67D13133F35C9946002B22
:10DAA00062D1099C2378042B00D16BE0F76D002F25
:10DAB00000D11BE1029B01332FD034697569029AB2
:10DAC000039B9D4258D9029C039D2300B463F563D8
:10DAD0002B4349D03B1D9A4601225242D3171219BB
:10DAE0006B41D905500A0843590A336880465A8960
:10DAF0000023FAF7BFFE7B68002B00D11BE15246E2
:10DB000005E00832C01A1368002B00D113E18342EC
:10DB1000F7D95368C3189A1E0FE1039B0133CCD188
:10DB20003D0008CD9B46B3689846002B00D1F8E035
:10DB300002239A462B00454698462800002706E017
:10DB4000431C00D1E7E00134844200D06FE10400BF
:10DB5000010030000137FDF7F7FB0128F0D8312331
:10DB60000222F2542F3B994648460BB0F0BCBB460C
:10DB7000B246A946A046F0BD9D42A6D1029B9C425A
:10DB8000A3D9A0E701223000316C5242FCF772FEAB
:10DB9000002800D0DFE1F76D002F00D08AE7099C54
:10DBA0002378042B00D0A1E00298039973693269AD
:10DBB000994200D9A7E000D1A2E0B06BF16B00223E
:10DBC0000023B263F363029A039B15001D43CBD07D
:10DBD000030067890B437F02002B2ED0012464428F
:10DBE000E5170A00010009196A4108001100002325
:10DBF0003A0004900591FAF73DFE3A008B468046C4
:10DC000002980399002300196941FAF733FE8B4506
:10DC100013D801D1804510D80499059A08007B4299
:10DC200018401500029A039B0400121BAB41B46319
:10DC3000F56302920393316C06E0B168002400257D
:10DC4000002900D1E5E03164002900D1B2E00023D1
:10DC50000593039B0497002B00D16FE130239A4674
:10DC60004023022798460694079526E07269AA4247
:10DC700003D308D13269A24205D242461343524629
:10DC800034617561B3543000FDF7D6FC011E00D13C
:10DC90004AE14B1C3FD0012900D860E7099BDB6AB1
:10DCA0008B4200D85BE7039B059A3164934200D80E
:10DCB000E4E0B36BF46B06930794049C059D029A11
:10DCC000039B121BAB4102920393069A079B121906
:10DCD0006B411D0014005346B463F563F35C1F42AF
:10DCE000C4D13000FDF730FB0100D2E7039B002BCD
:10DCF00000D159E70122002352420292039353E7D5
:10DD0000904200D859E73021715C890700D554E76B
:10DD10000292039351E731230122F254303B99469A
:10DD200022E702239A4653463B60DA4500D98FE04A
:10DD300000232B6018E702225242099F3364FB6ADA
:10DD4000023B934200D80AE77B8900219A460023D0
:10DD50005046FBF755FB3A6D7B6D80185941030027
:10DD60000B4300D1FBE6E40500D1FDE653464246F5
:10DD7000013B1A401400002524184D41B26CF36C8D
:10DD8000A24200D1B8E030218846715C7F2900D9D9
:10DD9000B6E060239946B1440123494678782200D1
:10DDA00000932B0001F05EF981460028B3D1B464E2
:10DDB000F564D9E600220023049205937369AB420F
:10DDC00000D3C0E03022402134617561B35C0B4365
:10DDD000B354E405E40D00D1C6E6B26C0499F36CCB
:10DDE0008A4238D030243500315D60357F2936D8FD
:10DDF000099B2900587801230093049A059B01F0A0
:10DE000031F98146002886D1049B059CB364F464F3
:10DE1000AAE63000FDF710FC0100012800D19EE6C3
:10DE2000431C00D177E7B46BF56BB0600BE70223BE
:10DE30009C46E244D34505D343461F605D600823FA
:10DE40009C46E044099BDB6A834274D9050074E672
:10DE50001123994688E605998B42C3D184E6099936
:10DE6000487801210091290001F036F9002800D0FE
:10DE700051E77F23325D13403355B9E71A00049B05
:10DE8000059CA24203D1029A9A4200D911E7B46BD1
:10DE9000F56B029A039BD005A4185D41C30D049352
:10DEA00000230593049BB463F563002B00D185E741
:10DEB000099F8A1EFB6A023B9A4200D34FE6002369
:10DEC00078890021FBF79CFA3A6D7B6D12184B4163
:10DED000110004920593194300D140E6029A039B76
:10DEE000DF05039B500A590A3843049A059B8018A2
:10DEF00059410490059161E7AB4200D043E733E616
:10DF0000602189465F39B14478780091494601F033
:10DF1000E3F8002800D0FEE64346F25C7F2313407E
:10DF20004246099FB35437E70022B46BF56B0023D8
:10DF30000492059342E74546F76DF4E6029BBB4227
:10DF400000D98BE6A5E7AB4200D042E73369A34294
:10DF500000D237E73DE7814606E6C046F0B585B01A
:10DF6000051E019149D0002203A901A8FCF7A4FCD9
:10DF7000041E04D000232B60200005B0F0BD8C20CF
:10DF8000039BC0002B60FBF779FC061E37D0802274
:10DF9000039B92008218D860019928001A61FEF74D
:10DFA00085FA041E22D14F23EB5C7F2B44D8AB793A
:10DFB000DB0626D503990C78042C2ED0286CC37E62
:10DFC000877E1B023B43032C20D0AB60CB8828000C
:10DFD0000021AB80FDF79AFC041E07D1AB68002B33
:10DFE0002CD1E8623000FBF74DFCC5E73000FBF7B1
:10DFF00049FC042CBED10134BCE70924BCE7112440
:10E00000BAE73000FBF73EFC0524B3E7427D047D10
:10E010001202224312041343D7E7AB682A692B622A
:10E02000FF239A431300EA79086913436B622B6D4F
:10E030002900AB62FBF7CEFF0399C7E70021280058
:10E04000FBF74CFDE862002804D13000FBF71AFC16
:10E0500012248FE73000FBF715FC8DE770B5041E26
:10E0600009D00368002B06D01A78002A03D08188D3
:10E07000DA88914201D0092070BD587800F0D0FFB5
:10E0800001220300100018401A42F4D1E36A002B69
:10E0900002D100232360EFE7013B0F2B10D880262D
:10E0A000094D1B01E918CA687600B2420AD0002A5D
:10E0B00003D0013ACA60002AEBD10022EA50E8E717
:10E0C0000220D9E7C860F8E74C4C0020F8B50400FE
:10E0D0000F00002809D00368002B06D01A78002A08
:10E0E00003D08188DA88914202D009252800F8BD42
:10E0F000587800F095FFC307F7D4002F24D08C2068
:10E10000C0002568FBF7BAFB061E23D080239B00C6
:10E11000C318E8602B612000FDF77EFFFB2305009C
:10E1200018420DD139002000FCF7E0F80021200052
:10E13000FDF7F6FC031F5A1E934105005B421D408C
:10E140003000FBF79FFBD1E700212000FDF7DEFB4D
:10E150000500CBE71125C9E710B5436819691868B0
:10E16000FBF7D0FA10BDC04610B5436802491868E5
:10E17000FBF7C8FA10BDC046801A0600F0B50125AD
:10E180002A008168D0278A4083B03F064368FF2673
:10E190007A616A46D671040018686B460122D91D5F
:10E1A00002F0F2F8A268636895406A46BD61D671D4
:10E1B00018686B460122D91D02F0E6F803B0F0BDE5
:10E1C00010B5040082B0406800F0A2F80123A168F5
:10E1D00062688B40D02109068B616B46D91DFF23F5
:10E1E0000B701068012202F0CFF802B010BDC046DB
:10E1F0000123816810B58B40D02182B009064268A6
:10E200004B616B46D91DFF2304000B70106801227F
:10E2100002F0BAF8606800F081F802B010BDC046A4
:10E2200010B5406802F0C0F810BDC04600B585B01A
:10E230006A460B00D371FF23D11DD3730F22FE3B1F
:10E240006A44406802F0B0F86B46D87B05B000BD68
:10E25000D0221206F0B5816857680123CF401F40D5
:10E260008B4085B05361FF210A220600FA2401A8E1
:10E27000FBF742F90025F8F70BFCA40024184D41E8
:10E28000002D1CDB0A23002201A9706802F08CF823
:10E29000F8F7FEFB22002B00121A8B41002BF1DC59
:10E2A00001D1002AEED10123B2689340D022120698
:10E2B000002F02D0536105B0F0BD9361FBE701244C
:10E2C000014D6442DEE7C046FFFFFF7FF8B5002442
:10E2D00005000E000127F3F7D7FBA0420AD9200062
:10E2E000F3F7D4FB4369AB4205D00134F3F7CCFB21
:10E2F000A042F4D8F8BD3B00016A32688B4013425B
:10E30000F3D03360343001F0FFFF0134EEE7C04654
:10E3100010B53C3002F050F810BDC04610B53C308E
:10E3200001F0FAFF10BDC046F8B55E4D04002800AC
:10E3300002F042F83023E35C002B00D083E026009B
:10E34000E36B3C36002B00D1A7E0300002F034F83C
:10E350002369002B01D1544B2361200001220021AD
:10E360003430F7F7ADFF51492068FBF72BFAC02195
:10E370000220236889011F1D39435A68086007215C
:10E38000024018684140CF200840802149010B43DA
:10E39000186080239B013B431A6001216068F7F7F6
:10E3A0002DFC0121A068F7F729FC0121E068F7F7AF
:10E3B00025FC237E002B60D1002201216068F7F745
:10E3C00035FC0120FBF73AFAE0610120FBF736FA51
:10E3D000C3029C46E769364B21682062FA029942E3
:10E3E00054D034491140344A0A43882109036262F7
:10E3F0006246304B1A40130001220B431343A362C1
:10E400002E4B1B78002B23D00C232D4963612D4B01
:10E410001960130083401800BA402B4B18602B4B37
:10E420000C201A602A4B1B78002B23D08022F7F790
:10E4300017FD60690121F7F7CFFC3023012230007E
:10E44000E25401F069FF280001F066FF0120F8BDE9
:10E450000B23204963611B4B196013008340180094
:10E46000BA401D4B18601D4B0B201A60184B1B78CF
:10E47000002BDBD1F7F7CAFCDBE7617EA068F7F77A
:10E48000EBFBA17EE068F7F7E7FB95E70949114050
:10E49000134A0A4398210903A9E73000F7F728FF38
:10E4A00053E7C046C813002080969800A08601005C
:10E4B00000000440FD7F00FF110008001B600320E6
:10E4C0002906002040E1002014240050143400509C
:10E4D000810B002039060020042400500434005031
:10E4E000110009004023F0B583B00B430F006946CB
:10E4F0000B70130E4B70130C8B70130ACB700A71D8
:10E5000005000521684600F05FFD01234000184327
:10E510006B466C4658719E1D217828000134FFF728
:10E5200085FEB442F8D10C2F0BD01024FF21280017
:10E53000FFF77CFE030602D5013C002CF6D103B0A8
:10E54000F0BDFF212800FFF771FEEEE7F8B50F00E0
:10E550000600F8F79DFAFA2204000D0000233800A7
:10E56000F9179200FAF74CFF24184D41002D08DAF4
:10E5700015E0F8F78DFA22002B00121A8B41002BC0
:10E5800007DDFF213000FFF751FE0028F1D0012008
:10E59000F8BD002B01D1002AF3D10020F8E70124B7
:10E5A000014D6442EDE7C046FFFFFF7FF0B54646F0
:10E5B0004F46D646C0B51D00089B06000C0091468C
:10E5C00098460C2903D0FA21C900FFF7BFFF0323A7
:10E5D0009A46002D00D0AEE04A4621003000FFF7F9
:10E5E00081FF0700FF2800D196E04346002B01D0B1
:10E5F00043461860030735D40423034200D0A9E042
:10E600001223034235D0574D0D2C3ED00D2C00DD8A
:10E6100074E0082C00D077E00223B362FF213000C1
:10E62000FFF704FEFF2104003000FFF7FFFD240682
:10E63000000420438146FF213000FFF7F7FDFF2152
:10E6400007003000FFF7F2FD4B463F021843074337
:10E650004346002B00D01F602800E0BCBA46B146FC
:10E66000A846F0BD172C71D1430771D41223034281
:10E6700075D1602505406B425D413B4B6D421D40AD
:10E680003A4B9C4665440D2CC0D10702FF21300057
:10E69000FFF7CCFD0743DBD0FB0700D5344DBB07AC
:10E6A00000D5344D7B0700D5314D3B0700D5304DAB
:10E6B000FB0600D52E4DBB0600D52E4D7B0600D5A2
:10E6C000284D3B0600D5294D80235B003B405A4234
:10E6D00053415B421D40BB0500D5224D7B0500D553
:10E6E000254D3B0500D5254DFB0400D51D4DBB0434
:10E6F00000D51E4D7B04ABD51C4DA9E7262C05D0BB
:10E700003A2C00D18AE7A3E70C2CA1D1FA213000E2
:10E71000C900FFF71BFF9BE701235B429C46E244D5
:10E720005346002B00D054E74346002B01D043460C
:10E730001860134D90E7002237213000FFF7D2FE1A
:10E74000FA213000C900FFF701FF45E70B4D83E7D1
:10E75000094D81E7082CFBD1074DB3627CE7014DE1
:10E7600076E7C0466EECFFFF8B13000075ECFFFFF1
:10E770006DECFFFF72ECFFFF76ECFFFF6FECFFFF2D
:10E7800073ECFFFF70B50600C36A04002C36002B43
:10E7900042D0300001F010FE2000FFF711FDE369C8
:10E7A000DB071DD400212000FFF7D0FE002831D068
:10E7B000032500220D212000FFF794FEFF2829D118
:10E7C000013D002DF5D10123E2691343E3610025EA
:10E7D000300001F0A1FD2000FFF70AFD280070BD08
:10E7E00000232000A362FFF7BFFC2000FFF730FDED
:10E7F00000212000FFF7AAFE0028E8D00325002210
:10E8000000212000FFF76EFEFF2803D1013D002DFF
:10E81000F5D1DCE70125DBE73000F7F769FDB8E764
:10E8200070B5802604000D00B6001100FFF7FEFC55
:10E830003300002229002000FFF7F2FC31002800FD
:10E8400000F0D6FB0500010AC9B22000FFF7EEFC7C
:10E85000E9B22000FFF7EAFCFF212000FFF7E6FC09
:10E86000FA210500C9002000FFF770FE1F20284094
:10E8700070BDC046F0B5CE46474680B587B003931D
:10E880002C2399460400814448460E9D88460292F6
:10E8900001F092FD2000FFF793FC029803992A00F3
:10E8A000002312184B41616A99425ED35AD0E36942
:10E8B0009B075AD1A36A032B02D0029B5B020293EF
:10E8C000012D40D0002701232A00172120000097A6
:10E8D000FFF76CFE2000FFF751FC002319212000F8
:10E8E000029A0097FFF762FE061E12D0484601F01A
:10E8F00013FD2000FFF77CFC300007B0C0BCB94618
:10E90000B046F0BD80239B009C46013DE044002DB5
:10E9100006D0FC2241462000FFF782FF0528F1D0F7
:10E92000FD212000FFF782FC002320000593FFF764
:10E9300025FC05AB0093002200230D212000FFF7EA
:10E9400035FE0600D2E7002318212000029A00932A
:10E95000FFF72CFE061EC9D1FE2241462000FFF71C
:10E960005FFFE1E7216A9142A1D2014EBEE7C046B6
:10E9700075ECFFFFF0B5DE4646464F46C0B582B0A7
:10E980001D000A9B060098462C239B46834458464C
:10E990001400894601F010FD3000FFF711FC4246DB
:10E9A000002312196B411900736A10008B4200D2C8
:10E9B00093E000D18DE0F3699B0700D08DE0B36A4E
:10E9C000032B01D063021C004346012B61D90023B5
:10E9D0002200122130000093FFF7E8FD041E3ED113
:10E9E0004746F8F755F800253D4C24184D41002DB9
:10E9F00008DA4AE0F8F74CF822002B00121A8B4193
:10EA0000002B39DDFF213000FFF710FCFE28F1D18B
:10EA100080234A46002130009B00FFF701FC0028BC
:10EA20002ED0FF213000FFF701FCFF21040230004F
:10EA3000FFF7FCFB8021A4B2044389004846A4B23E
:10EA400000F0D6FA84421BD180239B009C46013FF4
:10EA5000E144002FC5D14346012B28D80024584655
:10EA600001F05AFC3000FFF7C3FB200002B0E0BC0D
:10EA7000BB46B146A846F0BD002B01D1002AC1D14A
:10EA80004346012B1CD8174CE9E70124164D64427C
:10EA9000B8E700232200112130000093FFF786FD24
:10EAA000041EDCD14346002B9AD10024D7E7002373
:10EAB00000220C2130000097FFF778FD0400CEE71C
:10EAC000002300220C2130000093FFF76FFD054C5E
:10EAD000C5E7336A834200D36DE7044CBFE7C04605
:10EAE00080841E0070ECFFFFFFFFFF7F75ECFFFFCF
:10EAF000F0B585B005000027F7F7CAFF4B4E361872
:10EB00004F41002F08DA8DE0F7F7C2FF32003B00DB
:10EB1000121A8B41002B2FDDFF212800FFF786FB07
:10EB2000FE28F1D16C4604AEFF212800FFF77EFBE2
:10EB300020700134A642F7D1FF212800FFF776FBB1
:10EB4000FF2104022800FFF771FBA4B20443102147
:10EB50006846A4B200F04CFA844211D16B461B788F
:10EB60005906DB09C90F5B00194321D00020012998
:10EB700009D0002105B0F0BD002B01D1002ACBD176
:10EB800000200021F6E700220F26072501241100AE
:10EB90006F463031CB08F31AFB5C29400B41234010
:10EBA000934001321843162AF1D101308002E0E788
:10EBB0000123002400220F2707269C4610006D46E3
:10EBC0003E30C308FB1AEB5C304003416046034013
:10EBD000934001321C430C2AF0D16A466B7A01251E
:10EBE000927A1D40D2096D00154304225B00134048
:10EBF0001D436B4600205E79033A33000341134006
:10EC00008340013019430428F7D1601C02358A4043
:10EC10000023A8400021FAF7F3FBCB05400A184374
:10EC2000490AA7E70126024F764275E780841E0055
:10EC3000FFFFFF7F10B5037B002B09D0D0231B06FD
:10EC40005A680369DA400123134042699A4205D1A8
:10EC50000223C2699A43C261012010BD0323C26925
:10EC60001343C361002383620248FAF731FD002099
:10EC7000F3E7C0468C9C0310F0B5CE46070000B504
:10EC8000C36A050086B02C37002B00D1B3E03800F2
:10EC900001F092FB2800FFF7CDFF02221100EB6983
:10ECA00019401A4200D093E0DB0700D490E0A9623B
:10ECB0002800FFF785FA2800FFF756FA2800FFF72B
:10ECC000C7FA0A2605AC0023002200212800009480
:10ECD000FFF76CFC059B012B15D0380001F01CFBE5
:10ECE0002800FFF785FA00215E48F7F7DBFE3800C1
:10ECF00001F062FB013E2800FFF762FA002EE2D12C
:10ED0000059B012B61D1D526002376003200082116
:10ED1000280000940593FFF749FC002860D0524B6F
:10ED2000984252D1002301223B2100932800FFF793
:10ED30003DFC002300223A2128000094FFF736FC16
:10ED4000002842D1059BDB0252D5AB6A023B5A42F6
:10ED500053419B079946F7F79BFE0023434A8018CF
:10ED600059410290039100290DDA0122404B524291
:10ED70000292039307E0F7F78BFE029A039B121AA5
:10ED80008B41002B57DD01234A462921280000949E
:10ED9000FFF70CFC059B0600DB07ECD4002E27D107
:10EDA000059B002B4CD1AB6A022B4CD00123AB62EC
:10EDB00000230022092128000093FFF7F7FB041E1F
:10EDC0001DD0002200232A626B622800FFF710FA90
:10EDD000380001F0A1FAE86906B080BCB946F0BD80
:10EDE000AB6A022B9ED1059B1B051B0DB34299D02C
:10EDF0000423AB62E9E73800F7F77AFA47E728001F
:10EE0000FFF776FE286269620843DED08022002385
:10EE10001021280000949200FFF7C8FB0028D4D1ED
:10EE20002800FFF799F90123EA6928009A43EA616B
:10EE3000FFF7DEF9CCE7002BB0D1002AA3D1ADE774
:10EE40000423AB62B4E7002300223A212800009497
:10EE5000FFF7ACFB0028B8D1059B5B00A8D50323C6
:10EE6000AB62A5E7A086010076ECFFFF80841E0060
:10EE7000FFFFFF7FF0B5070004002C3783B0380098
:10EE800001F09AFA2000FFF79BF9002300220921E4
:10EE900020000093FFF78AFB00260025002804D1FC
:10EEA0002000FFF725FE06000D00380001F034FABF
:10EEB0002000FFF79DF93000290003B0F0BDC046E7
:10EEC000F8B5DE4657464E464546394BE0B5180084
:10EED0009B4601F071FA374B1B78002B58D1364B0B
:10EEE00000269A46354B9946354B984610E0237ECE
:10EEF000002B37D101252B00A068D02783403F0687
:10EF00007B61F6F7B9FEA36801369D407D627D61A5
:10EF1000F2F7B0FDB0422AD93000F2F7ADFDA923D7
:10EF2000524601259B00C561C2504A460433C25077
:10EF300042460433C250234A0433C250037B0400C8
:10EF4000002BD4D00069F6F797FE0022012120693A
:10EF5000F6F76CFE23699D40D0231B069D62237E3D
:10EF6000002BC7D0617EA068F6F776FEC2E70025C9
:10EF700007E02800F2F78AFDFFF7D6F9041E12D049
:10EF80000135F2F781FDA842F3D80123094A137035
:10EF9000584601F0C1F901242000F0BCBB46B2463E
:10EFA000A946A046F8BD584601F0B6F9F4E7C046B8
:10EFB000D01300201A60032079EC001075E80010CF
:10EFC00075E9001085E7001010B500290BDD03007E
:10EFD00041180020054C1A78400050400133205C55
:10EFE0009942F8D110BD0020FCE7C046A49E031052
:10EFF00030B500290FDD020044180020074D1178BC
:10F00000030A4B405B00EB5A00025840013280B2C9
:10F010009442F4D130BD0020FCE7C046A49C03100C
:10F0200010B5F2F729FD041E03D0FFF703FE207F81
:10F0300010BD0420FCE7C04610B50400FFF740FFF8
:10F0400000280AD02000F2F717FD002807D0A923D6
:10F050009B00C3589847C0B210BD0320FCE70420B2
:10F06000FAE7C046F0B583B00E0015001C00F2F7B9
:10F0700003FD002824D0089B2A000093AB239B00AB
:10F08000C75831002300B8470E4A030090420CDAFB
:10F090000D4A904214DA0D4A0220934203D00C4AE2
:10F0A0000130934205DB03B0F0BD5A1E9341D8B244
:10F0B000F9E7084A94466344012BF4D90238F2E791
:10F0C0000420F0E777ECFFFF75ECFFFF72ECFFFF29
:10F0D00073ECFFFF90130000F0B583B00E00150035
:10F0E0001C00F2F7C9FC002824D0089B2A000093DA
:10F0F000AA239B00C75831002300B8470E4A0300DB
:10F1000090420CDA0D4A904214DA0D4A02209342E2
:10F1100003D00C4A0130934205DB03B0F0BD5A1E08
:10F120009341D8B2F9E7084A94466344012BF4D9D5
:10F130000238F2E70420F0E777ECFFFF75ECFFFF01
:10F1400072ECFFFF73ECFFFF9013000070B50C0032
:10F150001500F2F791FC002813D0012C05D0032CE8
:10F160000BD0631E9C41A00070BDFFF783FE03C55A
:10F17000084343425841C0B2F6E7012300202B6008
:10F18000F2E70420F0E7C04600B583B00822002172
:10F190006846FAF7B1F9684600F02CF8002826D046
:10F1A0006B46F02218889B78520444305B0513406C
:10F1B0004006184307226B469A56D30F9B189B06AE
:10F1C000DB0E18436B46F822DB7852031B04134016
:10F1D00018436B465B79FC22DB061B0C18436B461D
:10F1E0009B79D2005B011340184303B000BD00209F
:10F1F000FBE7C0460F4B30B5DA68920718D5D969DE
:10F200009C694B015B0F03711F230A0C1A4042716A
:10F210003F220D0A15400A40C2712202120D0280DF
:10F220002205120F234085718270C370012030BD0A
:10F230000020FCE700C00540F8B50C00050000F018
:10F2400005FC204FBB685E6803239E431E4B341BA6
:10F250009C466444240B013C113324039C4207DB8D
:10F260000021280000F008FFBB689B19984204D0D9
:10F27000280000F0F3FB0020F8BD2800614200F0F8
:10F28000FBFE431C0DD00122BB68361B16435E609B
:10F290000E4B28001A68141B1C6000F0DFFB0120D5
:10F2A000EAE70021280000F0E7FEBA68831A0F2B76
:10F2B000DEDD07490968401A0449086001210B4353
:10F2C0005360D5E7B00F0020EF0F0000504D002035
:10F2D000B8130020F0B5C64605000C0000B50029A3
:10F2E0004FD000F0B3FB210008394C680126220002
:10F2F0000320B2438F187B68834362489846836833
:10F30000BB426AD043467B6026421ED108239C46FE
:10F310000C688444091B12198C6864454FD0CB6873
:10F32000E3609C604346FC186468344211D1BB68BA
:10F33000554C4244A34200D17EE0FC68DC60A360EF
:10F34000012313434B608A5006E0FC186468344282
:10F35000EDD016434E603A6080239B009A4213D250
:10F360005409D3080122A2404468DB0022434260D2
:10F3700018188368C8608B608160D960280000F02D
:10F380006DFB80BCB846F0BD530A042B3ED89409EF
:10F39000260039343836E40004192368083C032772
:10F3A0009C4242D05868B843904202D99B689C4224
:10F3B000F8D1DC68CC608B60A160D960DEE74346A1
:10F3C000F8184068304257D1FB68B8684244164389
:10F3D000C36098604E608A50D0E7130043442642D1
:10F3E00006D10A68891A8C689B18CA68E260946022
:10F3F00001221A434A60254A816012689A42BDD8A8
:10F40000234B28001968FFF717FFB7E7142B07D91C
:10F41000542B1AD8140B26006F346E36E400BBE769
:10F420001E005C335B36DC00B6E70122B610B2404A
:10F43000466832434260BDE7D9609960CB608B601B
:10F44000012313434B608A5098E7AA246400A34227
:10F4500005D8D40B260078347736E4009CE70D4CB1
:10F46000A34205D8940C26007D347C36E40093E753
:10F47000FE247E26A4008FE7330013434B603A60DE
:10F480007CE7C046B00F0020B80F0020BC1300205E
:10F49000804D0020540500007047C0467047C046AC
:10F4A00010B5034B0100186800F00EF810BDC046FF
:10F4B000840B002010B5034B01001868FFF70AFF0A
:10F4C00010BDC046840B0020F0B54E464546DE46D2
:10F4D0005746E0B50D000B35060083B0162D22D837
:10F4E000102900D9B2E000F0B1FA1025182302204B
:10F4F000CC4FFB181A005C68083A944200D1B5E082
:10F50000032362689A431300E268A168CA609160AD
:10F510000122E318596830000A435A6000F09EFA4D
:10F520002000083095E007239D4300D58EE0A942D6
:10F5300000D98BE000F08AFAFC235B009D4200D2E8
:10F54000A7E1680A00D18BE0042800D97AE13823CA
:10F550009846A80980443930C100B24F79184C68E8
:10F560000839A1420ED003239C4604E0002ACBDADE
:10F57000E468A14206D06246636893435A1B0F2A8F
:10F58000F4DD40463A003C690832944200D178E00C
:10F5900003236168994389460B00491B0F2900DD4D
:10F5A0007BE17A613A610029B2DA802292009145CA
:10F5B00000D30FE15909DA0801238B40D2007968A2
:10F5C000D2190B4391687B60E260A1609460CC60CB
:10F5D000012182109140994259D80B4205D1032252
:10F5E0009043490004300B42FBD003239846C300EC
:10F5F0009946B944CC4682466346DC68A44507D1A7
:10F600002CE1002A00DB35E1E468A44500D125E1C6
:10F610004246636893435A1B0F2AF2DD012080465D
:10F62000611905436560A068E5680837C560A86092
:10F6300040461043F960B9604860CF6030008F6089
:10F64000E25000F00BFA2000083002E00C2300200A
:10F65000336003B0F0BCBB46B246A946A046F0BD3D
:10F6600080213F2340209846890076E7DC680230FD
:10F67000A34200D044E73A003C690832944200D0EB
:10F6800086E701217B68821091409942A5D9032326
:10F69000BC6862689A439146954203D8531B0F2B6E
:10F6A00000DD89E023004B445F4A01935F4B9346A2
:10F6B0001B681268EB18013200D13DE15C4A9446A8
:10F6C00063441B0B1B0300933000009900F0D4FC33
:10F6D00003008046013300D1FAE0019B834200D948
:10F6E000F4E0544B00981A009A46126803009446BE
:10F6F000514663440B6001991A00414500D151E124
:10F700005B461B68013300D156E1434601995B1A01
:10F710009A1853461A600723424641461A400192FE
:10F72000194200D112E108239846881A424B0099E9
:10F73000804441449B1A5B1A1B051B0D009130004D
:10F7400019009B4600F098FC431C00D150E1434651
:10F75000C01A03005B440093534652461B680121C4
:10F760005B44136042464046BA60009A0A434260D6
:10F77000BC4200D124E14A460F2A00D822E10720EA
:10F780000C3A824360680140052011436160A11872
:10F79000486088600F2A00D935E1424644465268E5
:10F7A00026490868984200D20B60254908689842AB
:10F7B00000D38FE00B608DE0012229001343114339
:10F7C000651961603000BD606B6000F047F9200092
:10F7D00008303EE75A0A042A72D9142A00D9C5E033
:10F7E00011005C325B31D20008235B429C46BA18A0
:10F7F000944463469A6803239846944500D19EE05A
:10F80000434651689943494502D992689445F7D1D6
:10F81000D3689C467B686146A260E1608C60D460DE
:10F82000D6E6C046B00F0020B8130020804D00205F
:10F830000F100000504D002008100000784D0020EF
:10F840007C4D0020142852D9542800D996E06E230C
:10F850009846280B80446F30C1007EE608239B4603
:10F86000073BDC449B46DA4443465246134200D0F1
:10F87000C2E64CE00122E318596830000A435A609E
:10F88000E368A268D3609A6000F0E8F820000830CE
:10F89000DFE62B00E80808332AE6012360191D4340
:10F8A000656078613861C26082601A004B460A4325
:10F8B00042603000E15000F0D1F820000830C8E686
:10F8C0009A09110039323831D2008DE7BC4260D03C
:10F8D000BC68626803239A43531B954202D80F2BDE
:10F8E00000DD69E7300000F0B9F80020B1E65B23E5
:10F8F000984680445C30C1002FE608235B429C465A
:10F90000E1444B469B6801384B4500D098E04346A4
:10F910000342F2D17B688B437B604900994200D956
:10F92000B5E6002904D1B2E6042294464900E24437
:10F930000B42F9D050465AE610330093C4E68910C2
:10F94000023B8B4079680B437B6064E7009B30008F
:10F9500043445B421B051B0D19009B4600F08CFBCA
:10F96000431C00D0F3E600239B46F5E6542A2BD82F
:10F970001A0B11006F326E31D20035E7AA235B00FB
:10F9800098422BD8DD3B9846E80B80447830C10084
:10F99000E3E52C4B009A9A461B689C46534662440A
:10F9A0001A60ADE6090500D0AAE60200BC684A4428
:10F9B00001310A436260F3E65B4642461A60AAE6FA
:10F9C0004446EDE641608DE7AA2149008A4224D8E9
:10F9D000DA0B110078327731D20005E71A4B9842E2
:10F9E00024D87C239846A80C80447D30C100B4E51F
:10F9F000009A019B94464246083B63449B1A00933D
:10FA000000239B46A8E6210030000831FFF762FC86
:10FA10005346BC681B686268C2E60B498A420BD831
:10FA20009A0C11007D327C31D200DDE6FE217E236E
:10FA30007F209846890090E5FE227E219200D3E641
:10FA40007B686AE7504D00205405000010B502485D
:10FA5000FFF722FD10BDC0464C4D002010B50248F6
:10FA6000FFF71CFD10BDC0464C4D0020F0B54546CB
:10FA700098460300DE4657464E46934613430222FD
:10FA8000E0B599B08146924604919B0705D15B464B
:10FA9000043B1A00531E9A4192465B469B0803930F
:10FAA00000235F46D3460793049B062B00D8BFE094
:10FAB000049B5D087D434D44072B00D195E1049BD9
:10FAC000CA465C1E7C434C442600282B00D9E8E142
:10FAD00029005046C0473100002800DACCE1280058
:10FAE000C047002800DC46E25B46002B00D084E1E2
:10FAF0004B464A461B68296811602B603B004B440B
:10FB00000593A34200D90CE11E0006930023019344
:10FB10007B42BA4625001F00494630000296C04786
:10FB2000002800DCE1E0B44239D34B46B1461E0068
:10FB30000AE023682A6822602B600123ED190193F3
:10FB4000E4194C4500D293E231002000C047002860
:10FB500013DBF5D15B46002BEBD05A460023504611
:10FB6000012A00D1A8E0E25CE95CE154EA540133E7
:10FB7000C21A002AF7DC8246DFE733004E46994678
:10FB80005B46002B00D0A1E033682268326023601E
:10FB9000012356440296E4190193B442BCD257465D
:10FBA000019B002B00D1BCE00498029A7843069B8D
:10FBB00048448246D01A4A469B1A834200DD03001D
:10FBC000002B00D029E153465B1B2C1BDB1BA342FF
:10FBD00000D92300002B00D0B8E1534605001E1BBE
:10FBE000A04204D24B462500B14604001E00BC4290
:10FBF00000D8DEE0079B072B00D994E1DB0008AAC0
:10FC00009446494699469950E14439002800F8F74E
:10FC1000F3FD4A46079B50600133390020000793EB
:10FC2000F8F7EAFD0490049BB146062B00D93FE7A4
:10FC300018007843BA460300CA444B4401937E42FD
:10FC4000534528D933005E469B46D1451ED25446C3
:10FC500005E02B6822682A6023604C4516D92500F0
:10FC60005C4429002000C04700280FDD002EF0D0A2
:10FC70000023012E00D192E0EA5CE15CE954E254F9
:10FC80000133FA1A002AF7DC4C45E8D8019BBA4444
:10FC90005345DAD8B346079B002B00D1FAE0079B07
:10FCA00008AA013B0793DB009A58914608AA94469C
:10FCB00063445B680493F7E6039AE158E858013A15
:10FCC000E050E9500433002AF7DC36E75A460023B7
:10FCD0005046012A1BD0F25CE15CF154E25401333E
:10FCE000C21A002AF7DC824652E700280CD15B4694
:10FCF000002B67D1069A3168136811603360069B48
:10FD000053440693012301935644029645E7039A10
:10FD1000F158E058013AF050E1500433002AF7DC82
:10FD200036E70498059B7843484482467E429842D1
:10FD3000B1D933005E469B46059B99451DD21C00F8
:10FD400005E02B6822682A6023604C4515D9250000
:10FD50005C4429002000C04700280EDD002EF0D0B2
:10FD60000023012E11D0EA5CE15CE954E254013336
:10FD7000FA1A002AF7DC4C45E9D8059B9C46BC449E
:10FD800063460593E245D7D884E7039AE958E058DB
:10FD9000013AE850E1500433002AF7DCD5E7039A32
:10FDA000E958E058013AE850E1500433002AF7DC02
:10FDB00053E7BD4200D86EE739002800F8F71CFD74
:10FDC000049071E65A460023012A00D1DCE0A446E3
:10FDD0005446069AD15CF05CD054F1540133E11AD8
:10FDE0000029F7DCA246644689E75B467C00E419FB
:10FDF00064004C44002B00D17AE65A460023012AC5
:10FE000000D1CEE04A46D15CE85CD054E9540133DD
:10FE1000F91A0029F7DC914670E65E46029AD11A7B
:10FE20000022022E00D0DDE084464E461800A14696
:10FE3000B35C8C5CB4548B540132831A002BF7DC16
:10FE400053464C46B1465E1B60462C1BF61BA64231
:10FE500000D9B2E0002E00D1BFE653469A1B002322
:10FE600084460299CD5CD05CC854D5540133F51A50
:10FE7000002DF7DC6046B0E62800C047002800DA15
:10FE800032E631005046C0473500002800DA2BE644
:10FE9000554629E619B0F0BCBB46B246A946A04675
:10FEA000F0BDDE0833007B431A004A4492460293B9
:10FEB0005A005146534448461E000592C04731003F
:10FEC000002800DAAAE05046C047002879DD029BEE
:10FED00029009C46AC44EE1A634630000193C047AB
:10FEE0000199002800DAA7E02800C047002871DD4A
:10FEF000059B029EE31A9C4666443100180001935C
:10FF0000C0472100002800DAA4E03000C0470028E4
:10FF100000DDDDE5019E21003000C047002800DA49
:10FF2000D6E52600D4E539002000F8F765FC434605
:10FF300001003A003000FFF799FDBD4200D8AEE65F
:10FF400039002800F8F758FC0490ADE552465946B0
:10FF50001E00D21A022900D181E700218446029DA9
:10FF60009B086E585058013B685056500431002B86
:10FF7000F7DC604631E631005046C0475546002860
:10FF800000DAB1E53500AFE5A446039A0699C858F2
:10FF9000F458013ACC50F0500433002AF7DC6446A0
:10FFA000ADE64946039AC858EE58013ACE50E8509B
:10FFB0000433002AF7DC8946A0E5261E00D10CE6B2
:10FFC0004BE731004846C047CA46002800DA7EE7C2
:10FFD000B2467CE730000199C0473500002887DB36
:10FFE000019D85E784464E469B080194B0588C5885
:10FFF000013BB45088500432002BF7DC5346019C7F
:020000041001E9
:100000005B1B6046B1462C1BDB1BA34200D92300BF
:10001000002B00D1E1E55246D21A9EE75046C04778
:10002000002800DA53E731004846C047B2460028AE
:1000300000DA4CE7CA464AE72800C047002800DA41
:1000400056E7019D30002900C047002800DA4FE73D
:1000500035004DE73000C047002800DA38E52100C0
:100060000198C0472600002800DA31E5019E2FE5FF
:10007000B146574694E5C046002370B5064D0400CE
:1000800008002B60F7F796F9431C00D070BD2B6871
:10009000002BFBD02360F9E77CAD0020F0B5070012
:1000A000002403250D4E3B5DF25C2A40012A00D15D
:1000B0002033085D325C2A40012A08D01A1A834294
:1000C00003D1002802D00134EDE71000F0BD02009A
:1000D0002032981A9342F9D10134E4E7A59F031026
:1000E000CAB2F0B5002A35D0032483072DD1FF25ED
:1000F00029400D0229430D040D4329000468264EB2
:1001000061408B198B43A119A143244E0B43334209
:1001100011D14168204F0C00CB196C408B43E11981
:10012000A1430B4304303342F3D00378002B05D0B6
:100130009A4204D001300378002BF9D10020F0BDA1
:100140009342FCD001302042D1D00378002BF7D16C
:100150000020F4E7830708D0032202E001301042B8
:1001600003D00378002BF9D1E9E702680A4B0B4969
:10017000D31893430B4206D14268074B0430D3187F
:1001800093430B42F8D00378002BD8D0437801304A
:10019000002BFBD1D3E7C046FFFEFEFE80808080AF
:1001A000024670B50A4392072AD11E4DEE0104C8DB
:1001B00008C9541B9443344017D0D0B2D9B2401A66
:1001C0002106014310D190B299B2401A2104014393
:1001D0000AD110021902000A090A401A2102014339
:1001E00002D1100E190E401A70BD9A42DFD010BA1B
:1001F00019BA884201D9012070BD0020C04370BDEA
:1002000002780B7801300131002A09D09A4207D1D7
:1002100002780B7801300131002A01D09A42EFD0E8
:10022000D01A70BD0101010110B583070AD0030087
:10023000032102E001330B4205D01A78002AF9D1DC
:10024000181A10BD030019680C4A0D4C8A188A430D
:1002500022420FD15968094A04338A188A4322423C
:1002600008D15968054A04338A188A432242F1D0DA
:1002700000E001331A78002AFBD1E1E7FFFEFEFE21
:1002800080808080F0B50C00044303000700A407C1
:1002900012D1032A10D9144CA44667460D68134C9A
:1002A0001E002C19AC433C421BD10433043A1F00FE
:1002B00004313560032AF0D80024BE1806E00D5D35
:1002C000013A3D55B31A0134002D02D0002AF6D16F
:1002D000F0BD0021002AFBD0197001339E42FBD1F2
:1002E000F6E71F00E8E7C04680808080FFFEFEFE44
:1002F000F8B5C0460000000001B40248844601BCC5
:10030000604700BF3901002001B40248844601BCA7
:10031000604700BFCD02002001B40248844601BC02
:10032000604700BF7504002001B40248844601BC48
:10033000604700BF1907002001B40248844601BC91
:10034000604700BF1D07002001B40248844601BC7D
:10035000604700BFC100002001B40248844601BCD0
:10036000604700BFA905002001B40248844601BCD3
:10037000604700BF1907002001B40248844601BC51
:10038000604700BF2905002001B40248844601BC33
:10039000604700BF9D04002001B40248844601BCB0
:1003A000604700BF1504002001B40248844601BC28
:1003B000604700BF4906002001B40248844601BCE2
:0803C000604700BF5903002053
:1003C8002F0000002573257325730000303A2F0095
:1003D800496E7374616C61646F000000256C752050
:1003E8004B4200004E6F2076616C69646F0000001C
:1003F8002564206465202564000000004C4953549E
:100408004F0000004E4F2056414C49444F00000019
:100418004E6F20686179206A7565676F7320282E92
:100428007566322900000000436F7069616C6F7354
:1004380020656E206C612063617270657461202F85
:1004480067616D65730000004E6F206861792076E2
:100458006964656F7320282E707664290000000097
:10046800436F7069616C6F7320656E206C612063E7
:10047800617270657461202F766964656F7300001E
:1004880056616C6964616E646F20656C20554632F4
:100498002E2E2E00434F4D50524F42414E444F0096
:1004A800626C6F71756520656E2030782530386C08
:1004B800580000004E6F2061706167756573206C8D
:1004C8006120636F6E736F6C61000000494E535476
:1004D800414C414E444F0000426F7272616E646F2E
:1004E8002E2E2E0045736372696269656E646F2EE5
:1004F8002E2E00004572726F7220646573636F6EF2
:100508006F6369646F0000005265636F6D70696C9A
:100518006120656C206A7565676F20636F6E206562
:100528006C206C696E6B6572000000006D656D6D06
:1005380061705F6170705F307834303030302E6CAD
:10054800640000004C6579656E646F206C6120530F
:10055800442E2E2E00000000303A0000303A2F675B
:10056800616D6573000000002E75663200000000A2
:10057800303A2F766964656F730000002E707664D8
:100588000000000052657669736120717565206509
:10059800737465206269656E20696E736572746133
:1005A800646100004E6F207365207075646F206C65
:1005B800656572206C61207461726A65746120538C
:1005C800442E000053494E20534400007920666FA2
:1005D800726D61746561646120656E2046415433B3
:1005E800322E000050756C736120756E20626F7436
:1005F8006F6E2070617261207265696E74656E74C9
:10060800617200004A7565676F733A2063617270A2
:10061800657461202F67616D657300004E6F2068F7
:100628006179206A7565676F7320282E756632298F
:10063800206E6920766964656F7320282E70766451
:10064800292E000053442056414349410000000030
:10065800566964656F733A206361727065746120CE
:100668002F766964656F730050756C736120756EC1
:1006780020626F746F6E20706172612072656361B1
:1006880072676172000000004552524F520000002C
:1006980050756C736120756E20626F746F6E000008
:1006A800494E494349414E444F0000004572726F1C
:1006B80072206C6579656E646F206C61205344000C
:1006C800456C206172636869766F206E6F20657370
:1006D80020756E205546322076616C69646F000083
:1006E80055463220656E6C617A61646F20656E20B4
:1006F800307831303030303030300000456C206A8E
:100708007565676F206E6F206361626520656E2076
:100718006C6120666C6173680000000055463220E9
:10072800636F6E20626C6F71756573206465736F9B
:100738007264656E61646F73000000005546322074
:100748006E6F2065732070617261205250323034B0
:10075800300000005546322073696E206461746F62
:100768007320646520666C6173680000554632200A
:100778006E6F20656D7069657A6120656E203078CE
:1007880031303034303030300000000046616C6C5D
:100798006F20616C206573637269626972206C6195
:1007A80020666C61736800004C6120666C61736838
:1007B800206E6F20636F696E6369646520287665B3
:1007C8007269662E29000000B4060110C8060110DF
:1007D800E80601100407011024070110440701105E
:1007E8005C0701107407011094070110B00701108D
:1007F800090508061C04020325753A253032753AA6
:100808002530327500000000253032753A25303227
:10081800750000004A7565676F7300004D697320A5
:100828006A7565676F7300004D6973207669646542
:100838006F7300004D692050435C4D6973206A75E1
:1008480065676F73000000004D692050435C4D6977
:100858007320766964656F73000000004A756567E8
:100868006F7320656E206C61207461726A657461B3
:1008780020534400566964656F7320656E206C616F
:10088800207461726A65746120534400446972651A
:100898006363696F6E0000004972000054617265FD
:1008A80061730000413A20416272697200000000E1
:1008B800423A2043657272617200000053454C3A17
:1008C80052656361726761720000000049722061BD
:1008D80000000000257320282564290056696465F6
:1008E8006F7300003C203E2063616D626961720095
:1008F800446574616C6C65730000000050756C731E
:1009080061205354415254207061726120636F6DAD
:10091800656E7A61720000005069636F204C6175E2
:100928006E636865720000000000000000000000AF
:10093800000000040404040400040000000A0A0A79
:10094800000000000000000A0A1F0A1F0A0A00002F
:1009580000040E140E050E0400000009150A040A0E
:1009680015120000000814140815120D00000006E6
:10097800040800000000000000020408080804023F
:100988000000000804020202040800000000110A26
:100998001F0A11000000000004041F0404000000E6
:1009A80000000000000006040800000000001F000E
:1009B80000000000000000000000040E0400000118
:1009C800010204081010000000040A1111110A04A1
:1009D800000000040C140404041F0000000E1101A0
:1009E8000608101F0000001F01020601110E00007A
:1009F8000002060A121F02020000001F1016190149
:100A0800110E0000000608101619110E0000001F34
:100A18000102020408080000000E11110E11110E47
:100A28000000000E11130D01020C00000000040E5E
:100A38000400040E04000000040E0400060408006C
:100A4800000102040804020100000000001F001F4A
:100A58000000000000100804020408100000000E46
:100A68001102040400040000000E11131516100EE4
:100A7800000000040A11111F11110000001E0909CD
:100A88000E09091E0000000E11101010110E0000B2
:100A9800001E09090909091E0000001F10101E1078
:100AA800101F0000001F10101E1010100000000E74
:100AB80011101013110E0000001111111F11111146
:100AC8000000000E04040404040E000000070101E5
:100AD8000101110E00000011121418141211000067
:100AE800001010101010101F00000011111B15111C
:100AF8001111000000111119151311110000000E39
:100B080011111111110E0000001E11111E101010EC
:100B18000000000E11111111150E0100001E111117
:100B28001E1412110000000E11100E01110E00000B
:100B3800001F040404040404000000111111111121
:100B4800110E0000001111110A0A0A040000001118
:100B5800111115151B1100000011110A040A1111B9
:100B680000000011110A040404040000001F01021F
:100B78000408101F0000000E08080808080E0000EE
:100B880000101008040201010000000E0202020217
:100B9800020E000000040A1100000000000000001E
:100BA8000000000000001F00000C0402000000000C
:100BB80000000000000E010F110F000000101016B9
:100BC8001911191600000000000E1110110E000076
:100BD8000001010D1311130D00000000000E111F7C
:100BE800100E0000000609081E0808080000000092
:100BF800000D120C100E110E001010161911111103
:100C080000000004000C0404040E000000020006AA
:100C180002020212120C00101011121C1211000014
:100C2800000C04040404040E00000000001A15154A
:100C38001511000000000016191111110000000024
:100C4800000E1111110E00000000001619191610DF
:100C580010100000000D13130D0101010000001613
:100C68001910101000000000000E100E011E0000E8
:100C78000008081E080809060000000000111111EC
:100C8800130D000000000011110A0A040000000002
:100C980000111115150A0000000000110A040A11BC
:100CA80000000000001111130D01110E0000001FBB
:100CB8000204081F0000000304020C0204030000E1
:100CC80000040404040404040000001804080608CE
:100CD80004180000000915120000000000000000C0
:100CE8009EEF7EE77EEF9EEFBEF7BDF79DEF9EF786
:100CF8009EEF9EEF9EE75ED79DB63EB67EB6FDCED2
:100D08009EEF9DEF7EEF9FF79FEF5DB65C85FB84BE
:100D18005D95BCA57DB67EB6BD9D3D8DFEA5BEC6C6
:100D2800BFC6DFCE9DBE5DB63DB6BFC69EBEDCA5C6
:100D38003EAE3EAE1CAEDEC67FE79DF79EF79EF741
:100D48009EF79EF79EF7BDF79DEF9EEFBEC67B6CA4
:100D58001C4C1E4CFC4BDC4BFD533D5CDE749D6C07
:100D68007D6C3D855D85DE749E645D54BC43DD4BC2
:100D7800FD4BFD4B1D543E54FD4BFD531D541C545F
:100D88007E6CBD6C5C641C5C3D543D543D5C3D54C4
:100D98003D5C3D541D5C3D5C3E5C3D5C3D5C3E5CA9
:100DA8003D647D649E74DE74DD7C1E7DBE749D6C26
:100DB8007D6C9D6C9D74BD74DE74DE7C3D8D1EA6BD
:100DC8007EB67EB63EBE5EB61EAE1EAEFEADDEA5DD
:100DD800DEA5BD9D9E957E95FC84FE7CDD7C9D7484
:100DE800BE74DE7CFE841D859E95BE9DDE9DDEA5BF
:100DF800DDA51EAE5DAE9EBE9EBE9EBE3DAEDCA512
:100E0800FDB57EBE7EBE9EBE1CAEFDA51EAE1EAE50
:100E1800DDA5BDA5BD9DBDA5BD9D9E9D3D95FD8C3A
:100E28003D8D1D85FD84FD841E85FD7CBC74BD7CC7
:100E3800BD749D749D745C6C5D6C1C641C643D6425
:100E48003D643D5C3D647D647D6CBD741D7D3E8D5F
:100E58007D959E9DBE9D9E9D7D951D855C641C5CBB
:100E68001D5CFC53DD53DD53BD53BC4B9C437C439D
:100E78005B3B3C331B331B2BFC2A1C33FB2A1C33E8
:100E88003C331C33FB2A1B33BD4B5D3BFC32FC2A35
:100E9800BC22DB22DB22BB229B22BB2AFB32BD53B6
:100EA8001D6CDD84FFADDEA53DBEDECEBEC6DDCE4B
:100EB8001ED75EDF1ED7DEC65DBEFEADBDA53EB643
:100EC8009EC6BDC6BEC6FECE1ED71ECF1ED75ED7D7
:100ED8003EDF1ECFDDCEBDC67DBE5EBE7EBEBEC6BB
:100EE800FDCEFECEDEC69EC65DBE7EBE7EBE7EB694
:100EF8003EB6FEAD1DAE3EB69EBE9EBEDDC6FECE65
:100F0800FECEFDCE1DD73DCF1ED73ED73ED73ED70E
:100F18003ED73ED73ED73ED75DD73ED73ED73ED702
:100F28005EDF3EDF3EDF3EDF5EDF3EDF5EDF5EDF51
:100F38005EDF3DD75EDF3DDF5ED73DDF5ED75EDF3C
:100F48003DD73EDF3DD7FDCE5DD73ED73ED7FECE5F
:100F5800FECEFECEDECEFECEFECEDECEDDCEDEC6B2
:100F68009EE77EE77EE79EE79EEFBEEFBDEFBEF70A
:100F78009EEF7DE77DDF5ED7DEC63EA67EB63FCF1D
:100F88009EE79EEF9FEF9EF79EF7BFE73FD7BDBE58
:100F9800DECE3EDF7EE75FDF3DB67C951B85DDA5B7
:100FA8007EBEFECE3ECFFEC65ED73DD75EDF1ED7E5
:100FB800BEC69EC69DC65FE77EEF9EF79EF7BEF74C
:100FC8009DF7BEF79EF7BEF7BDF79EEF7FDF1EA623
:100FD800DB53BD43DD43DD4BFC4B9E6C7D649E6C57
:100FE8001E857E953E8DBD7CBD74FE6C1D54DD4B0B
:100FF800FD4BDD4B1D545E541D541E541D541D5491
:101008001D5C7D643D643D541E541D5C1E541D547E
:101018001E541D5C3D541D5C3D541D541D5C3D54C7
:101028001D5C3D645D645C645C6C9D6C7D747D6C72
:101038007D6C5D649D6C9D6C9D6C9D74BC743D8DD8
:101048007D953D951D8D3D8D9E9DBE9DBE9DBF9DF3
:101058007E951D8D3C8D7E8D3E8DFD84FE84DE7CCF
:10106800DD7CDE7C1E851E853D8D5E955D8D7D95C6
:10107800DE9DDEA51DAE5EB69EB6DEC6DFC6BEBE72
:101088007EBE5DB67DBE7EB63EAEDDA53FB65FB622
:101098001DAEDDA5DEA5BD9DDEA5BEA57E9D1D8D73
:1010A8003C8D3D8D3E8D1E851D853D85DD7CDC7C22
:1010B800FD7CFD7CDD7CDD7CBD747E745D643C6400
:1010C8005D6C5D643D5C5D645C647D6CBD7CFD84D1
:1010D8003D8D7E959E9DBE9DBE9D7E95FE7C3D640C
:1010E800FC5BDC53BC4BBD53BD4BBC4B9C4B9C3B8E
:1010F8005C3B3C331C2B1C2BFB2AFC2AFB2A1C3395
:101108001C33FB2A1C333C3B7D3B5C3B3C331C2B98
:10111800DC2ABB22BB22DC22BB2ABB2ADB2A5C439B
:101128007C4BDB531D859E957D9D3EB69EC69DC618
:10113800DDCE3EDFFED67EBEBDA51C8D1C8D7E9D00
:10114800DDA5FDAD3FBE9EC6FECE1ED7FDCEFECEB2
:101158001ECFDDCE9EBE5DB61EB61DB63DB67EBEAA
:10116800BDC6BEC67EBE1DB61EB63DB65EB65EB672
:101178003EAE3EAE1EAEDCA55EB67EBE9DBEBDC614
:10118800BEC6DDC6FDCE1DD71ECF1ED73ED73ED765
:101198001ED73ED73DD73ED73ED73ED73DD73ED7C1
:1011A8003EDF3EDF3EDF3EDF3EDF3EDF3EDF5ED737
:1011B8003DD73ED73DD73ED73DD73EDF3DD75EDF53
:1011C8003ED73DDF1DD71DD75ED75FDF3ED73ED761
:1011D800FECEFECEFECEDECEDDC6DECEDEC6DECE58
:1011E8005ED71DCF1ED75FDF5EDF5DDF7EE79EE740
:1011F8009FE77EE73DD71DC7DFBE3EAE1D9E9DB66D
:101208005EDF9EEF9FEF9EF77EF7BFF7BEEF9EE78C
:101218009EE79EEF9EFFDFF7BEE71ECFBFBEFEA58F
:10122800FDAD7EB6FFC61ECF5FDF5DDF9DE77DE7C4
:101238001ED7FED61FDF7EE79EEFBEF79EFFBEF7E6
:101248009EFF9EF7BDF7BEFFBEF79EF79EEF5ECFEF
:101258001D859B4BDE43BE4BFD4B1E757D641D6497
:101268001E857E959F9D9E9D7E95BC7C7E64DD43FC
:10127800FD4BFD4BFD4BFD4B1D541E54FE4BFD53CA
:10128800FD531E541D54FD53FD53FD53FD53FD5393
:10129800FD53FD531E541D54FD53FD531D541D5441
:1012A8001D5C3D5C1D5C3D5C3D643C645D643D5C77
:1012B8005D643C645C645C647D6C7D6C9C6CBC6C43
:1012C800BD749D747D749D74FD7CFE7CDE7CDD7C2C
:1012D800BD7CBC74FD845E8D1E85BD74BD74BE74FA
:1012E800DD74FE841E851E853E851E8D3D853E8DE2
:1012F8005D957D959E9DDEA51EAE5DAE9EBEBFBE74
:10130800DFC6DEC6BDC69EBE7DB61DAE1DAE3EAEF8
:10131800FEADFEA5FEADDEA5DDA5DEA59E9D5D9517
:101328003D8D3D8D1D851E851D853E851C85FD8455
:10133800FD841D85FD84FD84FE7C9D749C747D6CFC
:101348005D6C7D6C5C643D643D6C7D6C7C74BD74CF
:10135800FE843D8D7D9DBEA5BEA59F9D3E8DBD7421
:101368001C5CBC53BD539D4B9D4B9D439D437C3B97
:101378005C3B3C331B33FC2AFB2AFC2ADB2AFB2A76
:10138800FC2ABB221C333C33FB32DB22FC2AFC2A1E
:10139800BB22BB22BB22BB2A9B22BB22DB22FB2A0D
:1013A800FB321A33FC5B9D74DC843D95FEAD5DBE5B
:1013B800DECEFFCE5EBEBEA53D8D1D8D1D8D5E951C
:1013C8003D955D957D9D1EB6BEC6BEC6DDCEDDC60D
:1013D8009DC67EBE7FBE1EB61DAE1EB63EB65EBEA6
:1013E8007EB63EB61EAEFEAD1EAEDDADFDA51EAE92
:1013F8003DAE1DAEFDADBEA5FEA53FB67DB69EBEFB
:101408009EBEBEC6DDCEFECE1DCF1ECF1ECF1DCFCB
:101418001ECF1DCF1ECF1DCF1DCF3ED73ED73ED7E7
:101428001ED73ED71ED71ED71ED71ED73ED73ED7AC
:101438001DD71ED71DD71ED71DD73ED73EDF3DD798
:101448003EDF5ED71DD73ED73ED75EDF3ED73ED7BD
:101458001ED7FED6FED6FECEDECEDECEDED6DECE63
:10146800FDC6BDBE9DBEBEC6BEC6DEC6BCC6DDC60A
:101478001FCF1FCFBEBE9EB63EAE9D959C955EAE5D
:101488001ED79EEF9EF79EF7BEF79EEF9EF7BEEF24
:101498009EE79EEF9EF79FF7BEF7DEEFBEE73CB6EE
:1014A800FDAD7EB65DB67EBEDECE3EDF7DE7BEEF2D
:1014B8001DD77CBEFDCE5EDF9EEF9EF7BDF79EF783
:1014C800BEFFBEF7BEFFBDF79FF79FFF9DF7BEE7C4
:1014D800FFCE3D8D1C54BC4BFD539E6CFE743D6489
:1014E8007D6CBC743D85DE953FA6BD74DC53DD4341
:1014F800BD4BDD4BDD4BDC43FC4BDD4BDC4BDD4BAF
:10150800FD4BFD53FE53FD4BDD53FE4BDD4BDD4BD9
:10151800FE4BFD531D541D54FD53FD4BFD531D54EF
:101528001E543E5C1E5C1D5C1E5C3E5C3D643D645E
:101538003D5C3D5C3C5C3D645C5C5D5C5D647D6C1D
:101548007D6C9D6C7D6C9D749D6CBD74BD749D6C33
:101558007D6C7C74DE7CFF84BE747D745E6C7E6CF6
:101568007D6CBD74DE74DD7CFD7CFD84FD841D8591
:101578003E851D853D8D5D8D9E9DBE9DFEA53EB61D
:101588009EBEBEBEDEC6FEC6BEBE5DB6FDA5FDAD38
:10159800DEA5DEA5FEA5DEA5BEA5DEA5BEA59D9D94
:1015A8007D953D95FD84FD843E8D3D8D1D85FD8495
:1015B800FD84FD84FE7CFE84FD84DD7CBD745C6C52
:1015C8007C6C7D6C5D645D6C5D6C5D6C7D6C9D7C24
:1015D800FE841E853D8D7D959D9D9E9D5E95DD7C41
:1015E8003D6CDC53BD53BD4B9D437C437C435C3B0E
:1015F8003C333B331C331C2BFC2AFC2AFC22DC2A00
:10160800FB22DC2AFC22FC2AFB2AFB22DB2ADB2227
:10161800BB22BB221B335D3B1B2BDB2AFB2ABB22D5
:101628001C3B5B43DB5B5C6CBD84DD8C7E9DFEAD4F
:101638005FB6DDAD7D95DE845D6C7C747D74DD7C8C
:101648009C749C7CDD849C9D3EB67DBEBEBE9EC6C1
:101658005DB63FB61DAEDDADFDADFDAD1DAE3EB612
:101668001DAE9DA59D9DFEADFEA57C9DBD9DFEA5C7
:101678001DAEDD9DBE9D5D957E95DDA53EB67EB613
:101688007EBE7EBEDEC6DDCEFECEFDCEFED6FECE54
:10169800FECEFED61DCFFED61ECF1ED71DCF1ECF27
:1016A8001DD71ED71DD71ED71ED71ED71DD71ECF95
:1016B8001ED71DCF1ECF1DD71ECF1DD71ED73ED775
:1016C8003EDF3ED71DD73ED73EDF3ED73EDF3DD774
:1016D8003ED73EDF1ED7FED6FDCEFED6FDD61ED7A0
:1016E800BEB63DAEDC9D3EAE5EB65EB6FD9DBC951B
:1016F8001EA63EAE3EAE9E8D7E8DFD7C1D7DDE9D82
:101708001FCF9EEF9DF79DF7BEF7BEF79EF79EEFA2
:101718007EEF9EEF9EF79EF7BEF79DEF7EEF3ED7DA
:101728001ECF1ECFFEC6BEBE7DC61ED79EE77EE775
:101738003DD7DDC6FDCE1ED79EE79EF79EF7BEF7C6
:10174800BEFFBEF79EF7BEF7BFF79FF79EF77DEF88
:10175800BEEF5FD7BD9D7C6C5D645C5CBE74DD7460
:101768009D6CFD741D855E857D85DE74FD53DC4BA7
:10177800BD43BD43DD4B3D545D5C3D645E5CFD5344
:10178800FD53FD4BDD4BFD53DD4BFD53FD53FD5329
:10179800FD53FD53FD4B1D4CFD4BFD4B1D541D547E
:1017A8001D541D4CFD531D54FD5B1E5C1D541D5CDA
:1017B8003D645D645D647D645E645E647E6C7D64CE
:1017C8007D649D6CBE6CBE6C9D6C9D6C7D647C6CF8
:1017D8009C649D6C7D747E745D6C7E6C7E6C5D6CAF
:1017E8005D6C5D6C7D6C7C74BC74FD7CFE7CDD7C0A
:1017F800FD7C1D85FD841D853E8D7E95BEA5FEA5BF
:10180800FDA55EB69EBE9EBEBEBE9DBE5DB6FDA5D6
:10181800BDA5DEA5DDA5BDA5BE9DDEA5DEA5DDA514
:10182800BF9D5E951D8D1D8D3D8D5E8D3D853E8DCB
:101838001E851D85FE84FD84FD841D85FD7CBC7C84
:101848009C6C5C6C7D6C7D6C7E747D6C7C747C6C3B
:10185800BD74FD841D851D8D5D955D955E8D3E8DE8
:101868009E74FC5BBC53BD53BD4B7C3B5C3B5C3BFB
:101878003C331C33FC2AFC2ADC22FC2AFB2ADB2210
:10188800FC2ADB22DB2AFB22DC22DB22BB22BB2256
:10189800DC2AFC2A3B339D43BD433C3BDB2AFB321D
:1018A800FC5B3D643D6CFD7CDD84FF8CFD845E95B6
:1018B8003D957C747D741D5C7B4B5B4BDC5B1D64D0
:1018C800FD633D643C6C3D95FEAD5EBE9EBE7EBE36
:1018D8001EB61EB6BDA5BC9D1EAE1EAEDEADDEA5F7
:1018E8009D9DFC84FD8C9E9D7D95FC8C7D957D9DAC
:1018F8005D959E9D3D95DC841C8D5C951DAE3DAE31
:101908003EB67EB69DBEBDC6DDCEFECEFECEFDCEBB
:10191800FECEFDCEFECE1DCFFDCE1ECFFDCE1ED7F8
:10192800FECEFDCE1ED71ECF1ED71ED71ECFFECE93
:10193800FECEFECEFECEFECEDDCEFDCE1DD71ED710
:101948003ED71EDF3ED73EDF3EDF3EDF3EDF3DDFD8
:101958003EDF7EDF5EDF3EDF3DD73EDF3ED73EDF48
:101968009D95BD959D95BD95DD9D3EAEFE955D858C
:101978001D7DFD7C5E85DD745D645D645E5CBC64BC
:101988001DA69FE7BEEF9EEF7FEF9FEF7EE77EE706
:101998007EEF9DEF9DF79EF79EFF9FEF9EEF9EE7E0
:1019A8005ED71DCF1ECFBEC65DB6FDCE5EE75EE735
:1019B8005EDF5EDFFCCEDDCE7EDF9EF79EFFBEF7EC
:1019C8009EF7BEFFBEF7DEF7BDEFBEFF9EFF9FF797
:1019D8009EEF9EE7FECEBD9D3E853C64DE741D7D78
:1019E8001E7D3D7D3E851E85FC7CFD745D5CFD4B4A
:1019F800DD4BDE4BDD4B1D4C9D5C9D6C9E6C7D6410
:101A08005D5CDD53FD4B3D541D543D541D54DC4B72
:101A1800FC53FD4BFD4BFD53FD4BFD4BFD4BFD4B6F
:101A28001D4CFD53FD4BFD4BFD53FD53FD531D5CFC
:101A38001D541D5C3D5C3D5C5D645D643E647E647C
:101A48005D643D5C5C647E6C7E6C9E6CBE749E6C5A
:101A58009D6C9D749D749D749D749D6C9E74BE6CEC
:101A6800BE74DD74BE74BD749E749D74DD7CFD7C93
:101A7800FD7C1E7DFD84FD7C1E8D9E95DEA5FDA54D
:101A88001DAEFEAD3FAE3EB67EB69EBE9EB65DB600
:101A98001DA6FDADFEA5DEA5BEA5BD9D9C9DBD9D5B
:101AA800BEA57D9D3E951D8D1D853D8D3C8D3D8D35
:101AB8005D8D7E953E8D1D8D1D853D8D3D851D85DC
:101AC800DE7C9D6C7D6C7D747D747D749D747C74EE
:101AD800BC74BD74DD7CFD843C855D953D8D3E8D7B
:101AE8001E7D7D6CFC5BDC4BBD4BBC3B7C3B5C3B9F
:101AF8003C331C33FC2AFC2ADC22FC2ADB22DC22B5
:101B0800DB22DC22DC22DB1ADC1ABB1ADC22BB2239
:101B1800FB2AFC325D3BFB323B3BDC535B43DE5B29
:101B2800BE74BD74DB5BFE7C9C6C7D6CBE7C7D747E
:101B38003C6CFD63BC535B3B3B3B5D437C4BBC5304
:101B48009B4BFC637D6CFC8CBEAD5EB67DBE3DB62A
:101B5800BDA5BEA59D9D9D9DFEADBDA53D953D9593
:101B68005E959E7C1C6CBD845E95FE8CFD84FD8418
:101B78001E8D1E8DBC7C7B745E95DDA51DA63EB6B4
:101B88005EB65DB69EC6BDC6BDC6DEC6DECEFECEA0
:101B9800FECEFECEFDCEFECEFECEFDCEFECEFDCEE0
:101BA800FDCEFECEFDCEFECE1ED71ECF1ECF1ECF43
:101BB800FECEDDC6DDC6DDC6DECEFDCEFDD61ED729
:101BC8001DD71ED71DD73FDF3EDF3EDF5EDF5EDF5E
:101BD8007EDF9EE77EE77EE77EDF7EE77DDF5DE7EF
:101BE8009C64DD6C5F85BF95DE9DFEA59D8D1E7591
:101BF800DD747C649D64BD645E5C3E541E4C1C4C6C
:101C08007C643FA65FDF5FD7FECE1DD77FDF7FDF17
:101C18009EE79EEFBCE79EEF9EEF9EEF7EE75DD7C7
:101C28001ED7FECE9EBE5EB69EBE1ECF1ED73EDF20
:101C38007FDF5ED73DD75EDF5DDF9EF79EF7BEF79D
:101C4800BEF79DF7BEF7BEF7DEF79DF79EF79EEF4E
:101C58009DEF9DDF3EDF9DBE1FA65E8D9C741F8598
:101C68005E8D9E8D5E8DDD7CDC745D85BE6CFD5366
:101C7800BD43DD43DD4BFC4B3D64DE7C1E7D7D6C4E
:101C88005E64FC4BDD4BFE539E6CDF7C1D5CDD4BC4
:101C9800FD4B1D54FD53FD4BFD53FD53FD4BDD53D3
:101CA800FC4B1D4C1D54FD53FD53FD53DD53FD539B
:101CB800FD53FD531D5CFD53FD531D5CFD5B7D6CA9
:101CC8009E6C5D641D5C3D5C3D645E6C7D6C7D6CF2
:101CD8009D6C9D6C9E6CBE74BE749D6C9D749D7451
:101CE800BD74BD74DD7CDE7CDE7CBE7CFE7C1D8527
:101CF800FD7CDD7CFD843E851D855D959D9DDE9D7D
:101D0800FEAD1DAE1EAE3EB65FB69EB69FBE9EBE73
:101D18005DB63DAEFEAD1EAEFFADFEADFEADDDA5C2
:101D2800DDA5BE9D9E9D5D955E953E8D5D955D95FF
:101D38007D959F9D7E953D8D3D8D5D955D8D1D8D20
:101D48003D85DD7C9C7C9D749D747C6C9D749D742C
:101D5800BD74BD7CDD7CDD7CDC7CFD841E851E8540
:101D68001E8DDD7C5D6CFC5B9C4B9C4B7D435C3B22
:101D78003C3B1C33FC32FB2AFC2ADB22DC22DC2223
:101D8800DB22DB22DB22DC22DB22BB22DB22DC2281
:101D9800DC2AFB22FC32FA2ADA2A9C4BDD53FC634C
:101DA800BE7CBE7C1B6CDD7C5C6C7B4BDC53DB53EC
:101DB8007C4B7C437C3B7C3B5C3B7C437B43BC4B0C
:101DC8009B4BDC537D6CBC7C5D95BDA5FDA59EA59C
:101DD8005D9D5E957D957D953D8DDD7CBC7C9C747F
:101DE8007D743D6CBC5BBB5BBE745D6C3C6C7D7490
:101DF8007D74DC63DB631E8DFEAD5EB65DB67EB6BC
:101E08009DBEBEC6DDC6BDC6BDCEDDCEDDCEDEC640
:101E1800DECEDECEFDCEFDCEFDCEFDCEDEC6DECEE6
:101E2800DECEDEC6FECEFECEFECEFED61ED7FFCE60
:101E3800DECEBEC6BECEDDC6BDC6DDCEFDCEDECE96
:101E4800DECEFECEFECE3EDF3ED73EDF5DDF5EE776
:101E58009EE79EEF7EE77EE77DE77EE77EE77EE70B
:101E68003D543D549C5CDD747F85BF953E7D5D5C33
:101E78009D649D5C5D547D5C9E543D541E4C1D4488
:101E88001D4CDD741DAE9C9D1DAEDDC6FECE5FD71C
:101E98007EE79DE77DE77EE79EE7BEEF9EE73EDFB4
:101EA800BECE7DBEFDA53C8DDE9DBEB6DEC6FECE99
:101EB800DDBE7CB6BEBE1ECF3EDF5EE79EE7BDF749
:101EC800BEEFBEF79EF7BDF7BEF79EF79EF7BEEFD3
:101ED8009DEF7DDF5ED7FECEBFC67FB67E95FC84C4
:101EE8003E853D851C853E85FD7C7D8D1E853D5C42
:101EF8001D54FE43DD43BC4BFC533C64BE749E6CD6
:101F08001D54FD53FD4BDD4BFD539D745D6CFD4B26
:101F1800FD4BDD4BFD53FD4BFD53FD53FD53FD4B79
:101F2800FD53FD531D541D541D543E54FD53FD5384
:101F38001D54FD5B1D541D5C1D54FE5B1C5C7D6CBB
:101F4800FE749E6C1D5C1D643D5C5D645D647D6417
:101F58007D649E6C7D6CBD6CDE74DE74BD74BD7476
:101F6800BD74DE7CFE7CBD7CBD74BD7CFE7C1D85A5
:101F78001E851D853E853E851D851D8D3D8D9E9D3D
:101F8800DDA51EAE3DB65EAE5EAE5EB67EBE9EBE44
:101F98007EBE7EBE3DB61DB65EB65EB65EB65DBEA4
:101FA8003EB6FEA5BDA5BE9D9E9D9E9D9E9DBE9DC9
:101FB8009E957D959E9D7E9D5D955D8D5D957E959D
:101FC8005D95FD8CDD84BD74BD749D749D749D7498
:101FD800BC74BD74DD7CDE84BD7CBD7CDD7CFD8491
:101FE8001D851E85BE7C5E6CDD5B7C4B7D437C3B2A
:101FF8003C3B1C331B2BFC32DC2ADC22FB22FC2260
:10200800DC22DB22DC22BB1ADB22BC1ABB22DB224D
:10201800FC22DB22DB22BC22DC2A1B337C4B5D64E6
:102028007E7C3C6C9C84DD843B64DC535B43FB32EC
:10203800FB2A1C335C333C331B3B1A3B3B3B7C4346
:102048009C435B3BDC531C645C64BD7C5E95DD8417
:102058005D747C7C9C743D6CFC63BB5B1D64FC5BA9
:10206800BB53FD5B9C4B5C437C433B3B7C43DC5B51
:102078009C535C437B431E8D1EAE9EBEDFC6BEC610
:10208800BDC6DECEFDCEDECEDECEFDCE1ECFFECE72
:10209800FEC6FECEFEC61DCF1DCFFECEFDCEDEC6D1
:1020A800DEC6DDCEDECEDDCEDECEFECEDECEDFCEB1
:1020B800DECEBEC6BDC6BECEDEC6DDCEFECEBDC63B
:1020C800BEC6BDCEDDCE1ED75EDF3DD73DDF7EE787
:1020D8009EE79EEF7EE79EEF7EEF7EEF7EE77EEF48
:1020E8009E547D543D545C549D5CFE6CDE645C548F
:1020F8007D5C7D5C5D545D4C3D543E4C1D4C1E4CDE
:102108001D445D5CDE9D3E8D3EAEDFC65DB6BDC640
:102118007EDF9EE75EE75EDF3DDF5EDF7FE75FE74E
:102128003ED79DBE3FAE7E95DC7C7D8D3FAE5EBECC
:102138007EB65DAE3EAE3EAE3EAE3DDFBFE79DE74E
:102148009FEF7FEF9EEF9EEF9EF79EF79EF79EF71D
:102158009EEF7EE71ED7FDCEDEC69EB67EAE9C9570
:10216800FD7C5E8DFD7C1E851D857E8D7E8DBD6C06
:102178003D5CFD4B1E4CFD4B1D54BE6C9E6C5D5C66
:102188005E5C3D54FC4BDE4BDC4B3C5C7D74FD4B94
:10219800DD4BDD4BDD4BDD4BDD4BFD4BFE4BFD538E
:1021A800DD4BFC4BFD4BDD4BFD531D541D541D5C9D
:1021B8001E541D5C1E541D541E5C1E5C1D5C5D5C23
:1021C8005D645D645E5C1D5C3D5C3D643D5C5D64BE
:1021D8007D647D6C7D647D649D6C9D749D749D6C37
:1021E800BE7CDE7CFE7CDD7C9D749D74BD74DD7CD4
:1021F800FD7CFE7C1E7D1E85FD7CDD841D853D8D60
:102208009D9DDEA51EAE5EB65EB67EBE7EBE5EBE81
:102218007EBE5DBE7DB63DB61DAE3EB63DB65DB674
:102228003EB61DAEFEA5FEA5BE9D9E9DBE9DDD9D36
:10223800DEA5BD9DDD9DDDA5BD9D7D957D959D9D05
:102248009E9D5E955E951D85DD7CBD7CBD749D74EF
:102258009D749C749D7CBE7C9D749D74BD74BD7C76
:10226800BD7CDD7CBD749D6C3D64BC4B5B437C3B9D
:102278003C333C331C33FC2AFC2AFC2AFC22DB229C
:10228800DC22DB22DC22BB22DB22BB22DC22DB229B
:10229800BB22DC22DB22BB22FC2AFB32DC535E643D
:1022A800BB5B5C743F951D8D9C741D5C1B3B9B2A1E
:1022B800BC2AFC2A1C333C331C335C3B5C3BFB2AAA
:1022C8001B335C433B437C435C439B53BE743D6C74
:1022D800FC633D64DC5B9C533B435C4BBD537C4BD4
:1022E8005B435C431B333D3B1D33FC325D3B5C3B36
:1022F8005B3B5D331B3BFD5B5E951EB6FFCE1ECF81
:10230800BDC6DECEFECE1ED71ED73ED73EDF1ED7B9
:10231800FECEFECEFECE3ED73DCF1ECFFECEDECECB
:10232800DECEDEC6BDC6DECEDDC6BDC6DECEDDC6B1
:10233800DECEBDC69DC69EC6BEC6BECE9DC69EC6C8
:102348009EC6BEC6DEC61ED73ED71DD73EDF7EE779
:102358009EE79EEF9EEF9FEF9EEF9FEF9EEF9EEF13
:102368009E5CBE647D545D545D545D4C9E5C3E54E1
:102378005E547E543D4C3D4C3D4C3E545D541D4C8A
:102388001E443E541E757E8D7FB6FFC65DBEFEC6DA
:102398007EE79FEF7EEF7EE7DDD61DD77EEF9EEFCF
:1023A8007EE73DD7DECEBFBE7C8D9A747D95FFA5B6
:1023B8003FAE5FAEDD9DFDA53EAE9EC61ED73FD7A4
:1023C800FED69EC6FECE7FE7BEEF9EF79EEFBEEF1F
:1023D8009EEF7EE75FD7DDCE7DBE5DAE5EB61DA605
:1023E8007E955E8D3E8DFE84DD845E8D9E957E9508
:1023F8003E855C5C5E5C1D541D543D5CFD531D5464
:102408005E5C5E5C5D5CBD4BDC43DF743E85FC530B
:10241800BD43DD4BDD4BDD43DD4BBC43DD4BFD4BAD
:10242800DD4BDC4BDC4BBC43BC43DC4BDD4BDD4BB9
:10243800DD4BFD53DD4BFD53FD531E541D5C3D5CD0
:102448003C541D5C3E5C3D5C3D5C3D5C3D5C5D64BC
:102458007E647D647D647D6C9D6CBE6C9D6C9D6CA2
:102468007D6CBD741E7DFE7CBD74BE74DE74FE7C06
:10247800FE7CFE7CDD7CFE7C1F85DD7CDD7CFD7CBE
:10248800FC845D8D9E95DDA5FEAD5EB67FBE9EBECD
:102498009EC69EBE5EB61EAEFEAD3EB63EB63DB60E
:1024A8001EAEFEADBDA59DA59D9D7D957D9DBE9D48
:1024B800DEA5FEADFEA5FEA53EAEFEA5BD9DBD9D5D
:1024C800BD9D9E9D9E9D9F951D8DBC7C9D7C9D74F4
:1024D8007D749D745C6C5C6C7D6C5D745D747D74E6
:1024E800BD74BD749D749D747E6C3C64BC4B9D43EF
:1024F8005C433C331C331C2B1C2BFC2AFC22DC2A9F
:10250800FC22DB22DC22DB22DC22DB22DB22DC22B7
:10251800BB1ADB2ADB2ADB2A1C333B3BBB531B647D
:102528005C747F9D9E9D3C955E8D5E747C43DB3222
:10253800BB22DB22FB2AFB2A1C333C3BFC2ABB2A9E
:10254800FB2A1C331B3B1B3B3B3B3B43FC5BBE7CDE
:102558003C645D64FD5B9C4B3A43F93A5B3B9D4BA5
:102568009C433B33FB2ADB2ADB2A3C333C2BFB2AEC
:102578001B2BDB22FC2A1A43DA637C9DBEC61DCFC7
:10258800FECEDEC6FDD63ED73EDF3EDF3ED71ECFAF
:10259800FECEDECE1DCF5EDF5ED73ED7FDCEDECED1
:1025A800FECEDECEDECEDEC6BEC69DBE9DBEBEC69D
:1025B800BEC6BEC67DBE7DBEBEC69EC65EB65DBE7E
:1025C8007EBEBEC69DC6DDCEDDCE1ED75EDF5DE714
:1025D8009EE79EEF7EEF9EEF9FEF9EEF9FEF9EEFB1
:1025E800BD64BE64BE647D5C5D545D545E4C5D4CF0
:1025F8005E4C7E545E543C4C1C4C3C5CBD6C5D5C3B
:102608001E4C1D4C3C54BD74DD9D5DB63DB63ECFA1
:102618009EE77EEF9EE77FE73DD7BCC65EDFBEEF55
:102628009DEF7DE77DE77FDFDEC6FDA59D959D9546
:102638007D8DFE9D1DA65EAE7FB67C9DDEA51DAE82
:10264800FDAD9B9D3EB61FD79FE7BFEF9EEFBDEF49
:102658009EE77EE73EDFFECEBEC65DB63EAE3EA638
:10266800DE9D7D953D853E8DFD84FE843E8D7E9567
:102678007F953E851F7D7D643D5C1D5CDC4BDD4B9D
:102688001C543C5C3F859D641C4CBE6CDF9D7C6487
:10269800DD4BBD4BDD43BD4BDD43DD4BDD4BDD4B42
:1026A800FD4BDD43DD4BDD4BDC43DD43BC4BDC4305
:1026B800BC4BBC43DD4BDD4BDD4BFD53FD4BFD53AC
:1026C8001D541D541D541D54FD5BFD53FD531D5CCD
:1026D8003D5C3E5C5D5C5E645D647D647D6C7E6CCF
:1026E8009E74BD74BE74BD749D6C7D6CBD74DE74C7
:1026F800DE7CBE749D6C9D6CBD74BE749D74BD748F
:10270800BC74FD7C1E853D8D5D9DDEA51EAE7EBE26
:102718007EBE9EBE7EBE5EBE3DB65EB65EB65DB693
:102728005EBE1EAEDDADBDA57D9D5D955D959D9D95
:10273800BEA5FEA5FEADFEAD1EAE3EAEFDADFDA531
:10274800DDA59D9D9E9D9D9D9E9DFC7C9C7C9D7474
:102758007C747C6C7D6C5C6C3C6C7D6C5D643D6CED
:102768007D6C7D747D6C9D6C9E749D743D64FD5B79
:10277800BC4B5B433C331C331C2B1C2BFC22DC2244
:10278800FC2AFC22DB22DC22DB22DC22BB22DB1A35
:10279800BB22BB22DC321C335D43DC53DB5BDD7CBC
:1027A8009F9DFEA5DDAD3DB6BEA57D7C3E645B3339
:1027B800BA22DB22DB22DB22BC22DB2ABB22DB2281
:1027C800DB2ADB2A5D435C3B5B43FD63DC5B5D6CC2
:1027D800BD74DB5BBD539C53DC53DD53DD53BC4BF5
:1027E8009D3B1B33FC32DB2AFB325C431C33FA2A49
:1027F8001B331C331B33BB4B9C7CDDA59EBEFDC627
:102808001ED7FECE1ED73EDF3EDF5EDF5DDF1ED762
:10281800FDCEFDCE3ED77EDF7FDF3ED7FDCE1ED775
:102828001ECFFECEDEC67DBE3EB63EAE5EB65EBEF8
:102838007EBE7EBE5DB67EBE9EBE7EBE1DAE1DB693
:102848003DB69EBEBEBEBEC6BDCEFDD63ED75DDF82
:102858007DE77EE77EEF9EEF9EF7BEF79EEF9EF741
:102868005D549D5CBE5C7E545D543E543D4C3E4C74
:102878005E543D543D4C5D5C7E64FD747E8DBD644C
:102888001D4C3E4C5D545D5C3C7D3EA67FAEDFC674
:102898003ED73EDF3FE71ED7DEBEBDC65FDF9EEFF9
:1028A800BEEF9EF79EEFBEEF9EE71FD7BEBE3FAEC0
:1028B8003C855E8D5FAEFEA5BEA5FC841D85BD9DD5
:1028C8001DA65EB6DDA51EAE5EB61ECF5EDF5EDF60
:1028D8005EDF5ED71FDFFECEDECE7EB63DAE1EAE1D
:1028E800FD9DBE9D3D8D7E957F95FD849C74DE7C0F
:1028F8001E7DDE74DE74DF747E645E643E5C3D546F
:102908005D5C5C6C5E959F957D645C647E95FE7CE9
:10291800BC4BDD43BD43DC43BD43DD43DD4BFE43E0
:10292800DD4BFD4BFD43FD4BDD4BDD43BC43BD4360
:10293800BD43BD43BC43BD4BDD43DD4BDD4BFD4BD0
:10294800FD4BDC4BFC4BDD53DD53FD53DC53DC4BC3
:10295800DC53FC53FD531D54FD5B1D5C1E5C5D6424
:102968007D6C9E74BD6C9D6C5C6C1C643D645C6489
:102978005D647D6C5D6C5D645C645D645D647D6CF0
:102988007D6CBD74DD7CDD84FD845E959D9D1EAEF1
:102998003EAE7DB67DBE5DB67DBE9EBE9EC6BEBE4B
:1029A8009EC65DBE3DB61EAEDEA5DDA5BDA5DCA5F9
:1029B800FDA5DDA5FDA5FDA51EAE3EB65EAE3DB6E8
:1029C8001DAEFDADBDA59D9DBD9D3E95DD7CBD7C2F
:1029D8009D6C7D6C9D749D745D645D6C1D64FC6371
:1029E8001D641D643D645D6C7D6C9D74BE745E7475
:1029F8001D64DD537C433C331C331C2BFC2AFC2A0E
:102A0800FC22FC2ADC22DB22DC22DB22DC22BB22A9
:102A1800DC22BB22BB22DC2A1C337C431E5C9D7457
:102A2800DE7C1D8DFEAD9FBEDDA5BD7C9B4BBA2A0D
:102A3800BC22BB1ABB22BB229B22BA22BB22FC228D
:102A4800DB22BA223C339D4BBC4B9B539C533C6CC2
:102A58009D74FC63DE5BFD5BDC5B1D5CDC53FA3A5A
:102A6800FA321B3B3B3B5C43DC531C5C3C64FC6321
:102A7800DC535C431B3B3D64BF9DBDA51DB6BEC674
:102A8800FECE1ECF3DD73DDF3EDF5DDF5EDF3DDFA3
:102A98001ED7FECE3EDF7EDF3DDF1DD71ED73FDFD0
:102AA8003ED71ED79EC6FDADBD9D5D957D9DDDAD16
:102AB8003EB63EB65EB69EBE7DBE3EB61DAE1DB6E9
:102AC8005EB67DBEBDC6BECEDECEFECE1EDF3DDF0F
:102AD8007DE79EEF9DEF7EF79EEF9EF79EF77EEFD8
:102AE8005D4C5D4C5D545E4C5E543D543E4C3D4CDB
:102AF8003D4C3D4C3D547E5CBE649F8DBE8DDD6C6F
:102B08007D5C7E5C9F5CDF64FD6C7E857E85BE950A
:102B1800FEA53EBE5EBEDEC63DAE3EAEFECE3EDF8E
:102B28005DDF5FE71EDF3EDF5EDFFDCEFEC6DFC690
:102B3800BE9D5B6C3D857F953D857E953E8D3D8D2B
:102B4800DC9D9EB61EAE5D8DFB8CBCA5FFCEFECE79
:102B5800FDCEFECE1ED7FED6DEC67DBE7DB67DAED0
:102B6800FEA5BE9D5E957E95BE9D9E9DDD7C5D64A9
:102B78005D641C54FC539E645D5CFD5B7F649F64D4
:102B8800DE74DD7C7E9DDE9D1D7D9D745E95DE740C
:102B98009B43DD4BBD43BD43DD43BD43BD43BD4307
:102BA800DD43DD4BDD4BDD43DD43FD4BDD4BDD4BD5
:102BB800DD4BBD43DD4BDD43BD4BBC43BD43BC4397
:102BC800BC43DC43DD4BDD4BDD4BDD53FD53FD5397
:102BD800DC4BBD4BDD53DD53DD531E541D5C5E6481
:102BE8005D6C9E6CBD749D74DE74DE74DE7CBE7498
:102BF8009E747D6C7D6C7D6C5D6C7D647D6C7D6C84
:102C08009D6C7D6CBE74DE841D853E8D5E8D5D95EC
:102C18007D95BDA53DAE1EAEFDADFDAD5EB69EBEBD
:102C28009EBEBDC69EBE9EBE7EBE5EB67DB65EB66E
:102C38007DBE5EB63DB65EB63EB65DB67EB65EB6E7
:102C48005EB61EAEDEA5BDA5BDA57E951D8DDE8436
:102C5800DE7C9C749C6CBD749D743D641C64DC5368
:102C6800DD53FD5BFD5BFC633C643C6C7D749D74D3
:102C78005D6C3D64BD535B3B5C3B3D33FC22FC2AF1
:102C8800FC22FB22DB2ADC22DB22DC22DB22BB2229
:102C9800DB1ADB22DA22DB1ABC22DB22FB32FB3214
:102CA800FB3A9C53BD74DF9D5E8D3C647D43BC2222
:102CB800BC22BC22BB1ABB22BB22BB1ADB22DB22F2
:102CC800FC22DB22DA2A3B337C431B3B5C4B1E6431
:102CD8005D6CFC5BDD5B9B53FC5B7D6C3D641C5C4D
:102CE800DC53FC533C649D74BC74FD7C3D8D3E9567
:102CF8003E8D3D6C7C4BBB5BFD8CDCA51CAE7DBE6C
:102D0800FECEFDCE1DCF3EDF7EE77EE77EDF5EDFB7
:102D18001DD71DD73ED71DD71ED71DD71ED73ED7C7
:102D28005EDF3FD7BEC65C953D953E8D1D8D5D9D92
:102D3800DEA51EB65EB69EBE5DB65EBE3DB63DB6AF
:102D48009DBE9DBEDDC6FECEDED6FED61DDF5DDF96
:102D58009EE79EEF9EF79EEFBEF79EF79EEF9EF7CB
:102D68005D4C3E4C5D4C3E4C5D4C3E4C3D4C3D4CB0
:102D78003D4C3D4C3E4C5D4C5D541E6DDE6C9D647F
:102D88009E645D5C5E5C9E643D547D64FE74FD7C67
:102D9800FD7C1E859D953DA63EAE5D953DAEDFC68C
:102DA8009DBEBDB6FD9D5C8DDF951FA6FEA51EAE22
:102DB800BEA5DD743B5CFE74FD7C7D95DF9D9E9D0C
:102DC8009C951DAE1EA6FC849C745E8DFEADBDC692
:102DD800DECE9DC6BEBEDEC6BECE7DBE5EB65EAED5
:102DE8001DAEBD9D5D8D7E957E959E9D5E8DFF7C05
:102DF8007E641D54FD533D5C3D641E543E5C7D6CF9
:102E0800BD74FD7C9E95BF9DBF9DFC7C3E7D5C6432
:102E1800BB4BDD4BDD43DD43DD43DD43DD43DD4BB4
:102E2800DD43DD4BBD43DD4BBD4BDE4BFD4BDD4391
:102E3800DD43DC4BBD43BC43DD43BD4BDD43BD4BF4
:102E4800BD43BD4BDD4BDC4BFD53FD53FD53FD53E3
:102E5800DD53DC4BBD4BBC4BFD53FD533D5C3E5C31
:102E68005D6C9D749D747D6CBE74BE7CDE74DE7C6E
:102E78001E7DDE7CDD7CDD7CDD7CDD7CDD7CBE7C5E
:102E88009D749E74DE7CDD7CFD843D8D5E953E8D5B
:102E98001D8D1D8D9E9DFFA5BE9D9D95BD9DDEA58D
:102EA8005EB69EBEBEBEBDC6DEC69DC67EBE5DB655
:102EB8005DB65EBE7EB67EBE7DB65EB65EBE7EBECC
:102EC8005EB61EB6FEADDEADBD9D9DA57E953D955B
:102ED800FD84DC849D7C9D749E745E641D64DD535A
:102EE800BC4BDC53DD53BC53DC5BFC5B1D5C5D649D
:102EF8005D6C7D6C3D649C4B7D3B3C331B2BFB2206
:102F0800FB2AFB22FA2ADB22DC22DB22DC22BB2280
:102F1800DB22BB22DC22DB22BB22DB22BB22BB2240
:102F2800BB2ABA2A3C3BBD4BDC4BBB435C33DC2A97
:102F3800BB1ADC22BB22BB1ABB22DB22BB1ABA2279
:102F4800DB22FC2AFB22DB22FB2ADC32FB329C4BF5
:102F58003D64FC5B7B433C3BBC4BFC53DC533D6416
:102F68005E647C74BD7C3D8D3C953D8DBD84BC8488
:102F78009E955E957B74FC84BEA51DAE5DB69DBE18
:102F88009EC6DECE1ED75DDF7EE79DE77DE75DDF6F
:102F98007EDF3ED73ED71ED71ED73ED71ED71ED7B9
:102FA8003DDF5EE77DC6DB847D741F851D85FD8C56
:102FB8007D9DDDADFDAD5DBE7EB65DB6BEC6DDC632
:102FC800FDCEFDCE1ED75FE73EDF3DDF3EDF7EE76D
:102FD8007DE79EEF9DEF9EF79EF7BEEF9EF79EEF73
:102FE8005E4C3D4C5E4C5D4C3E4C5D4C3D4C3D4C0E
:102FF8003D4C3D4C3D4C3E4C5D4C7D5C7D5C5D5498
:103008003D543D543D4C1D541C4C9E5CBE6C9D640F
:10301800BD6C7C641E7DDF95DE95BD9D5EAE9DBE5C
:103028003EAE3EA6DE957C643D5C7C641D857D9548
:103038007E957E8DBD74BC6C3D8D3C855D8DFF9D00
:103048001EA6BD951EA65F8D5D64DD747D8D5EB682
:103058007DB61EA6DD9D3EB69FBE5EB65DB65EB66B
:103068001EAEBE9D3D8D5E8D5E8D5E955E8DFE7441
:103078009D643D541D541D5C7F6C7E647D5C9E6424
:10308800DD74DD743E7D1D853E8DFD7CDE747E64C1
:10309800FD4BBC43DD43DD43DD43DD43DD43DD4321
:1030A800BD43DD4BBD43DD4BDD43DD4BFD4BFE4BEF
:1030B800FD4BDD43DD43BC43DD43DD4BDD4BDD4BE9
:1030C800DD4BDD4B1E4CDD531D541D5C3E5C3E5CF0
:1030D8001D541E5C1D54FD53FD53FD53FD531D5CD3
:1030E8003D5C7E6C7E6C9E6C9D6C9D6C9D6CBE6C1C
:1030F800BE749D749D74DE7CFE7CDD7C1E851E8501
:10310800FD7CFD7CDD7CDD84DC84FD84FD841E8506
:10311800FD841D853D955D955D8D5D955C8D5D9509
:10312800BC9D3EAE3EB67DB69EBE7EBE5EB65DB66C
:103138005EB65DB65DB65EB65EBE5EB67EBEBEBE51
:103148007EBE5EB61EB63EB6DDA5DEA5BD9DBE9DA5
:103158007E951D8DDD7CBD7CBE745D6C5E64FD5B03
:10316800DC4BDC53DD4BDD53BC53FD531D641D6448
:103178003C645D6C5D64BD4B7D435C3B1C331C2B28
:10318800FC22FB22DB22DB22FC22DB22DC22DB22EC
:10319800DC22DC22DB22DC22DB22BC22DB1ABB2283
:1031A800BB22BB22DB22DA22DB2A1A2BBB22DB2240
:1031B800BB22BB1ABB22DB22BB1ABB1ABA22BB1A20
:1031C800DB22FB22DC223B33FB2ADB2ADB323B43BC
:1031D8009B53DC537C435C43BC4BBB537C4B9C4BA9
:1031E800DB5BDE7C7E955E959E9D5D951D8D1D8DC0
:1031F800DB84BF95DFA5FEA5FEADFEAD5EBE5DBE60
:10320800DCAD7DBEFFCE5EDF7EE79EE79EE79EE7F4
:103218007FE73DDF1DD73ED73EDF3EDF3ED75EDF8F
:103228005EE73DDFDEC63D953C6CFC5B9A4B9D74CA
:103238007D95BE9D7C9DFDA57EBE9DC6DECE1ED71E
:103248003DD75DDF5EDF7FE75EE75EDF5DDF5DDF89
:103258005EE77EE77EEF9EEF9EF79EEFBEF79EF756
:103268005D4C3E4C5D543D4C5D4C5E4C3D4C5E4C63
:103278003D4C5E4C3D4C5D4C5E4C3D545D4C3D546C
:103288003E4C3D4C1E4C3E4C1D4C5E547E5C9E5C40
:103298009D645D5C7D5C1E7DFC7CFDA57EB69DB657
:1032A8001CAE9EB63FA6FE7C7E6CBD6CDC743E8573
:1032B8007E955E853E85FE7C5E8D9E955D8DBE9D70
:1032C8003EAE1EA6FEA51E7D1B549D6C1D7D7D8DEC
:1032D8007D8D1D7DDE7C3D8DBE9DFEADFDAD1EAEA2
:1032E800FEA55D8DFD7CBD74BD74DE741E7DFE740F
:1032F8005D5C5E5C3D4CFD4B3D5C5E545D5C5D5CC5
:103308005D5C5C645D649D6C9E6CBE747D641D54E4
:10331800DD4BDE4BDD43DD43DD43BC43BD43BC43F6
:10332800BD43BC43BD43BD43BD43DD43DD4BFD430E
:10333800DD4BFD43DD43DD4BDD43DD4BDD4BDD4B3D
:10334800DD43DD4BFD4B1D54FD531E541D541D54D0
:103358003E5C1D543D5C1D5C1D54FD53FE53FD53E6
:10336800FD533D5C3D5C3D5C3D5C3D5C5D645E6485
:103378007E6C7D645D647D6CBE74DE7CDD74FD7C7A
:103388003E853E85FC7C1E851E851E85FD84DD846C
:10339800FD841E855E955F8D3D8D1D8D1D851C8D63
:1033A8007E95DEA5FEA5FEADFDADFEAD1DAE3EB61D
:1033B8005EB65EB65EB63DAE3EB67EBE7EBE9DBE17
:1033C8007EBE7EBE7EBE3EB61EAE1EAEDEA5BE9DD7
:1033D8009E9D7E951E85DD84BD749D6C5D6C3D5CF7
:1033E800DC4BDC4BBD4BBD4BDD53BD4BDC531D5C97
:1033F8001C5C1D5C3D64FD5BBC4B9D433C331B2347
:10340800FC22FC22FB22DC2ADC22DB22DC22DC225E
:10341800DB22DC22DB22DC22DB22DB22BC22DB22D9
:10342800DB22DB22DC22DB22DB22DC22BB22DB22CA
:10343800DB22BB1ABB22BB1ABB22BB22BB1ABB2294
:10344800BB1ABB22FC221C2BFB2AFC2A5D43BD4B6A
:10345800DC53DC4B7D437C43FC53FD53BD537B4B1A
:103468007A4BDD7C5F95FC8C7C9DBD9DBEA5FFA540
:103478003C8D1C855E959D9D9C9DDDAD7EBE7EBE72
:103488005EBE5DBEDECE3EDF7EDF7EE79EE79EE768
:103498009EEF5EDF5DDF7DE77EE79EE79EE79EEFBE
:1034A8007EE73EDF1FCFDDA53C647B4B5C43FD53CD
:1034B8009D6C1D8D9D9D3DB69EBEDDC61DCF5EDFFC
:1034C8007EDF7EE77EE77EE75EDF7EE77FE73DDF44
:1034D8005EDF7EEF9DEF7EEF9EEF9EF79FEF9EF7FC
:1034E8005D4C3E4C5D4C5E4C3D4C5E543D4C5E4CE0
:1034F8005D4C3D4C5E4C3D4C3D4C3D4C3D4C3E4C3A
:103508003D4C3E4C3E543E4C1E4C3D4C5E547E5C05
:103518007E543D541D545C647E95FEA53EAE7FB638
:103528007EBE5EB6BD95DD747D64FE74DE6CFE7C89
:10353800FC7CDC741E7DDE7CBD741E7D5E8D9D95DD
:103548001DAE5EB61EA63D855C64BD6CFE7CDE7459
:103558005D6C5D643D5C3D5CDD745E8D9E951EAE6C
:103568001EA65D8DDD745E641D5C1E5C5D649D64DD
:103578007D5C5E5C1D4CDD4BDD4BFD4BFD4BFD4B1F
:10358800FD4BDD4BFD4BDD531D5CFD53FC4BBD433B
:10359800BD43BD43DD43BC43DD43DD43DD43DD4384
:1035A800DD43BD43DD43DC43BD43BD43DD43DD4B6C
:1035B800DD43DD4BDD43DD4BDD43DD4BBD43BD432B
:1035C800BC43DD4BDE4BFD4BFC4BFC4BFD53FD4B35
:1035D800FC53FD4B1C5C1D54FD531E5CFD53DD5319
:1035E800DD4BFD53FD531D54FD4BFD531C543D5CF9
:1035F8005D5C3D643C5C3D645D647E6C5D6C7D6CD3
:10360800BD74FE7C1D7DFE84DD7CFD84FE84DD7C36
:10361800BD7CDD7C1E851E8D1E851E8D1D85FD8451
:103628003D8D7E957D9DDE9D9D9DBEA5DEA5FDAD56
:103638001EAE3EAE3FB61EAE3EAE5EB67EBE7DBE92
:103648007DB65DB65EB63DAE1DAE1EAEFEA5DEA570
:103658007D955D955E8D1D8DFE7C9D745D6C5D64B4
:103668001D5CBC4B9C4B7C43BD4BBC4BBD4BDD53E5
:10367800FD5BFC531D5C1D5CFD5BBC4B7C433C331C
:10368800FB22FC2AFC22DB22FC22DC22FB22DC229D
:10369800FB22DC22DB22DC22DC22DB22DC22DB2216
:1036A800DB22FB22DB22DB22DB22DB22DB22BC1A31
:1036B800BB22DB22DC22BB22DC22DB22BB22DC2277
:1036C800BB22DB22DB22FC2A1C2B1C333C335C3B59
:1036D8007C439C435D433C3B7C437B43BC4B5D64E8
:1036E8007D6C1E855E955D9D1EAE3EAEFEADBEA593
:1036F8001D8D9D84DC847D9DDDA51DB69EBEDECE20
:10370800DECEFED6FDD63ED75EDF7EE79DEF9EEF8E
:103718007EEF7EE79EEF9EE79EEF9DE79EEFBEEF72
:103728007EE75EDFFECE1DAE9E953D647D4B1B3B66
:10373800BB533D8D7EBEBDC6DDCEFDD67EDF7DE7AB
:103748007DE77DE77EE73DDF3DDF7EE77EE73EDF25
:103758005DDF5EE77EEF9EEF9EEF9EEF9EEF9EEFB2
:103768005D4C3E4C5D4C3E4C5D4C5D4C3E4C5D4C66
:103778003E4C5D4C5E4C5D4C3E4C3E4C3D543E4C8C
:103788001D4C3D4C1D4C3E541D4C3E541D4C3D4C57
:103798001D4C3D4C3D54BE6CDF959E95DC743D85BB
:1037A8009F8DDD749D645E541D4C1D4C5D549E645C
:1037B8003E7D1D7D9D649E645D5C1C5CDE74FFA582
:1037C8005EB63FAE9E9DFE7C9D649D645E643D5CDE
:1037D800FD4BDD4BFD4BBD431C545D5CBC749F959C
:1037E800DF9D3E859E641D54DD4BDE4BDD4BFD4B5E
:1037F8001D54FD4BFD4BDD43DD43BD43DD43BD4360
:10380800BE43DE43BE43BD4BDD43DC4BDC43DD4BF7
:10381800BD43BD43BD43DD43BC43DD43DD43DD4321
:10382800BD43DC43BD43BD43DD43BC43DD43BC4333
:10383800DD43DD43DD43DC43DD43BD4BBC43BC43DB
:10384800BD4BDD4BDD4BDD4BFD4BDD4BFD4BFD4BF0
:10385800FD4BFD53FD53FD53FD53DC53FD53FD5309
:10386800DD4BDD53FE4BFD53FD531C541D543D5C95
:103878003D645D641D5C3C641C643E643D643D6461
:103888005D6C7D6CBE74FE7CFE84DE7CDD7CDD7C44
:10389800BD74BD7CBD7CBD7CFD84FD843E8D3E85B4
:1038A8003E8D3E8D3D8D9E959E9DBE9DDEA5FEA5C1
:1038B800BDA5DD9DFEA5DDA5FEAD3EB67EBE7EBEE8
:1038C8005DB65DB63DB63EB61EAE1EAE1EA6BEA524
:1038D8009E957D955D953D8D1E85DD7C9D743C6432
:1038E8003D641C5CBC539C439C4B9C439C4BBD530C
:1038F800BD4BBC53DC53FD633D641C64DC4B7C3B1B
:103908001C331C2BFC2ADC2AFB22DC2ADB22DC22CF
:10391800DC22DB22DC22DB22DB22DC22DB22DC22B3
:10392800DB22DB22DB22FB22DB22FC22DB22DB2266
:10393800BB22DC1ABB22DB22BB1ADC22BC1ADB222C
:10394800BC1ABC22DC22DB22FC2A3D331C331B2B95
:103958003C335C3BFC32FB32FA32DB325C435D5C6D
:10396800BD7C3E8D3D95BFA57FBE7EB65EB6BEA52D
:10397800BD84DD847E95FDAD5EB67DC6BDC6FDCE3B
:10398800DECE1ED75EDF5EDF5EDF9EE79EEF9EEF38
:103998009EF79EF7BEEFBEEFBEEFBEEF9EEF9DEF28
:1039A8009EE75EE7FECE5CB63EAE1D8DBA53BB53B6
:1039B8005C74BDA5FECE1DD7FDD61DD77EE79EE75C
:1039C8009EEF9EEF9EEF7EE75DE77EE75EE73EDFD8
:1039D8003EDF5EE77EEF9EEF7EEF7FEF9EEF7EEFAE
:1039E8005D4C3E4C5D545D4C3E4C5D4C5E4C3D4CDC
:1039F8005D4C3E4C5D4C3E545D4C1E541D4C3D543C
:103A08001E543D4C1D541D4C3E543D4C1D4C1D4CEC
:103A18003D4C5E547D4CDE64BD6C7C5C5E5C7D5CC4
:103A28005C5C1C4CFE4B3E4C1D4C3D4C1D4C5D548F
:103A38001E7D1D755C541D4C1E54DD435D5C7E8DE2
:103A4800BE957E8DDD741D5CFD531D4CDD43DD4B45
:103A5800DD3BDD3BDE43DD43DD3BFC4B1C547C643E
:103A6800BD749D6C1D5CFD4BDD43DD43DD4BDE4BC2
:103A7800BD43DD43DD43DD43DD43DD43DD43DD435E
:103A8800DD43DD43DD43DD43BD43DC43DD43DC4350
:103A9800DD43DD43BC3BBD43DD3BBD43DD43BC43B0
:103AA800DD3BBC43BD3BBC43DD3BBC43BD43DD43C9
:103AB800DC43BD43BC43DD43BC43DD4BBD43BD4B91
:103AC800DD43BD4BDD43DD4BBD4BDE43DD4BDE4B04
:103AD800DD4BDE4BDD53DD4BDD53FD53FC53FD5316
:103AE800FD53FD53FD53FD53FD531D543D5C3D6493
:103AF8007E647E6C7D6C7D6C5D6C7E6C7E6C5D6CBA
:103B08007D647D6C9D6CBD74BD7CBE74BD749D74FC
:103B1800BE7CDD7CDD7CDD84FD84FD7C1D855E8DC9
:103B28003E8D1E855D8D7D955D957E95BE9DFEA520
:103B3800BDA57C95BDA5FEA5FEA5FEAD3FB67EB68E
:103B48005EB63DB63EB61DAEFDA5FEADFEA5BE9D5C
:103B58007E9D7D953D8D5D8D3E8D1E85FE7C9D7483
:103B68005D643D641D5CDD53BD4B9C4B9D4BBD535B
:103B78009D4BFD53FD531D649E7CBE745D6C9C4B38
:103B88005C3B3C33DB2AFC22FC2AFC22FC22DB2A9D
:103B9800FC22DC22DB22DC22DB22DC22DB22DB2211
:103BA800DC22BB22FD2A1C33DC22DB2ADB22BC22DE
:103BB800DB22BB22DB22BB1ADC22BB22BC22BC22BA
:103BC800BB22BC1ADC22DC22BB221B2B1C2BDA22D8
:103BD800DB2AFB2ABB2A1B337B3BFB32FB327C4BA9
:103BE8005C6CFD841D8D7D9D3DB69EBE9EBE1DAE4A
:103BF8001E95FD8C7D9D1DAE7EBE9EC6DEC6DECEAC
:103C0800DDCE1ED73EDF5EDF5FDF7EE77EEF9DEF16
:103C18009EF7BEF79EEFBEF79EF7BEF79EEF7DEFCD
:103C28009DE75EDF1ED7DDCE9DBEDEAD9B7C3D8D64
:103C3800DEA57EC63EDF5EDF7EE75EE79EEF9EEF97
:103C48009EEF9EEF9FEF9EEF9EE77EE77EE77EE783
:103C58003EE75EDF7EE77EE77EE77EE77EEF9EE774
:103C68005D4C3E4C5D4C3E4C5D4C3E545D4C3E4C78
:103C78005D545E4C3D4C5D4C3E4C3D4C3D4C3D4C8A
:103C88003D4C3D543D4C3D4C3D543D4C3D4C1D4CF4
:103C98003D4C3D4C3E4C1D4C1D4C1D543E4C1D4C4A
:103CA8001D4C1D4C3E4C1D4C1D4CFD4B1D4C1D4CC4
:103CB8003D541C4C1D4CFD4BFD431C4C3D545D5468
:103CC8009D647D5C1D54FD4BDD43DD43DD43DD43D9
:103CD800DD43DD43DD43DD43DD43DD43DD43FC4BB5
:103CE800FD4B3E541E4CDD43FD43DD43DD43FE4B9F
:103CF800FE4BDD43BD43DD43DD43BD3BDD43BD3B03
:103D0800BD3BBD3BBD3BDD43BD43DD43BD43DD3B6B
:103D1800BD43BD3BDD43DD3BBD43DD3BBD3BDD433B
:103D2800BD43BD3BBD43BD43BD43BD3BDD43BD437B
:103D3800BD43DD4BDD43BD4BDD4BDD4BDD4BDD4393
:103D4800DD4BDD4BDD43BD4BDD43BD4BBD43BD4BC3
:103D5800DD43DD4BDD53DC53FD53FD531C541D5433
:103D68003D5C3D5C1D541C541D5C3D5C5D645E64A3
:103D78007D647E6C9E6C9F6C9E6C9D6C9D6C7D6C56
:103D88007D6C7D6C7D74BD74BC74BD74BD7C9C748D
:103D98009D74BD7CDD7CFE841E851D85FD843E8D65
:103DA8003E8DFD841D853D8D5E8D9E959E9D9E9DBF
:103DB8009E959E9DDE9DFEA51EAE1EAE3EAE5EBECF
:103DC8005DB65EB63EB61EB6FDA5FEA5DEA5BE9DD9
:103DD8007D955D955D8D3D8D5D8D1D85FE7CBD74EC
:103DE800BE747D6C1D641D5CBD539C4BBD4BBD4BAF
:103DF800BC4BFD535E6C7E6CBD74DE7C9D741D5C9B
:103E08005C431C33FC2AFB22FC22FB2AFC22DB221B
:103E1800FB22FB22DC22DB22DC22DB22DC22DC226E
:103E2800DC2ABC22FC2AFB2ADB22BB22DB22BB22A7
:103E3800DB1ADC22DC22DB22DC22BC1ADB22DC1AC5
:103E4800DC22DB1ABC22BB22DC22BB1ABB22DB220F
:103E5800BB22BA225C431E5C7D645D6C1C649D6C55
:103E68009D7CBD84FD8C5D959E9DDDA5FDADDDA58C
:103E78007D953E957E9DFEAD3DB65EBE9EC6BDCE91
:103E8800FECE1DD75EDF5DDF5EDF7DE77EE79EE766
:103E98009EEF9EEFBEEFBFEF9EEFBEEF7DEF7EE79A
:103EA8007EDF3EDF1ED7BDC69DBE7DBEDDA5DEAD75
:103EB8005EB6DECE1ED77EE79EE79EE79EEF9EEFBC
:103EC8009EEF9EEF9EEF9FF79EEF9EEF9FEF9EEF78
:103ED8007EE75EE77EE79EE77EEF7EE77EE77FEFA1
:103EE8005D4C3E4C5D4C5E4C3D4C5D4C5E4C3D4CDF
:103EF8005D4C3E4C5D4C3E4C5D4C3D543D4C3E54FF
:103F08003D4C3D4C3E4C3D541D4C3E4C3D543D4C6F
:103F18003D541E4C3D4C1D4C3E4C1D4C3E4C1D4CC6
:103F28003E4C1D4C1E541D4C1D4C1D4C1E4C3E4CF5
:103F38001D4CFD4B1D4C1D4CFD431D4C1D4C1D4C7B
:103F48001D4C1D4CFD4BDD43DD43DD43DD43DD43AF
:103F5800DD43DD43DD43DD43DD43DD43DD43DD4359
:103F6800DD43DD43DD43DD43DD43DD43DD43DD4349
:103F7800FD43DD43DD43DD43DD43BD3BDD43DD3B49
:103F8800DE43DD43DD3BDE3BDD3BDE3BBD3BBD3B96
:103F9800DD3BBD3BDD43BD3BDD3BBD43BD3BBD3BE9
:103FA800BD43BD43BD3BBD43BD3BBD43BD43BD4319
:103FB800BC43BD43DD43BD43DD43DD4BDD4BDD4B42
:103FC800BC43DD4BFD4BFE4BFD4BDD4BDD4BDD4379
:103FD800DD4BDD4BDD53FD53FD531D541D5C3D5C36
:103FE8001D5C3D543E5C5D5C3D5C3E5C3D5C5D5CE7
:103FF8003D643D5C5E647E647D647D6C5D645D648F
:104008003C643D6C7E6C9D74DE74FE7CFE7CDD7CC5
:10401800BD7CFD7CFD7CFD7C1D851E851D8D3E8D3A
:104028001D85FD84DD841E8D3D8D7E957E955E9576
:104038005E955D959E9DBD9DDE9DFEA51EAE5EB600
:104048005DB65EB65DB65EB63EAEDDADFEA5DEA57E
:104058009D953E951D85FD841D851D85FD84DD7C12
:104068009D6C9D6C7D641D5CFD5BDD4B9C4B9D4395
:104078009C4B9D4BBC4BDB531C5C7D6C9E6C9F74B6
:10408800DD533C3B1C331C2B1C2BFC22FB22FB224C
:10409800DC22FB22DC22FC2ADB22DC22FB22DB22C4
:1040A800DC2AFC2ADB22DB22DB2ADB22DB22DC22E5
:1040B800BB22DB22DC22DB22DC22DC22DC1ADC2233
:1040C800BC1ADC22DC1ADC22DC1ABB22BB22BB2293
:1040D800BB225C3BDD5B3D649D6CFE7CFE841E85E3
:1040E8001F8D3E8D5D953D8D1D955D957D9D5D95E5
:1040F8001D8D3E8D7E9DDEA57EBE9EC67EBEBDC646
:10410800FDCE3ED75EDF7DDF5DDF5EDF7EE77EE7EB
:104118007EE79EE79EE77FEF9FE7BEEF7EE75EE7DD
:104128005EDF1DD7DDCE9DC69DBE9EC65EB61DAEAA
:104138005DBEDEC63ED77EDF7EE77EEF7EEF9EEF7A
:104148009EEF7EEF9EEF9EF79EF79EF7BEEFBFF7BE
:104158009EEF7DE77DE79EEF9EEF5EEF7EEF7EEFC1
:104168005D4C3E4C5D543D4C5E4C3D4C5D4C5E4C54
:104178003D4C5E4C5D543D4C3E4C3D4C3D4C1D4CC5
:104188003D4C3D541D4C3D4C3D4C3D4C3D4C3E4CF6
:104198003D4C3D4C1E4C1D4C3E4C1D4C1D4C1E4C6C
:1041A8003D541E4C3D4C1D4C1D4C1D4C1D4C3E4C55
:1041B8003E541D4C1D44FD4BFD4BFD4B1D4CFD4B12
:1041C800DD4BFD4BFD43DD43FD4BDD43DD43DD436F
:1041D800DD43DD43DD43DD43DD43BD43BD43BD4337
:1041E800DD43DD43DD4BDD43BD43BD43DD43DD43FF
:1041F800BD43DD43DD43DD43DD43DD3BBD43DD3B07
:10420800BD3BDD3BBD43BD3BBD43DD3BBD43DD3B6E
:10421800BD43DD3BBD3BBD3BBD3BBD3BDD43BD3B86
:10422800BD43BD3BBD43BD3BBD43BD3BBD43BD439E
:10423800BD43BD43BD43BC43BD43DD43DD43DD4317
:10424800BD43DD4BDD4BDD4BDD43FD4BFD4BDD4B16
:10425800FE4BFD4BDD4BFD53FD53FD53FD4BFD5315
:10426800DD4BDC53DD4BFD531D541D543D5C1D5C83
:104278001D5C3D5C1D5C3D5C3D5C3D5C7E6C7E6C0C
:104288005D645D643D645D6C7D6C9E74DD7CDD7C8D
:10429800FD841E851E85FD841D851D8D1D851D8D36
:1042A8001D8DFE84FD84FE841E8D3E8D5D955D8D85
:1042B8003D8D1E8D1E8D5E8D7E959E9DFEA53EAE0E
:1042C8005EB65DB65DB65DB63DAEFDADFDA5FEA5BF
:1042D800BE9D7D953E8DFD84DE7CDD7CDD7CDD74C0
:1042E8009D749D6C9E6C7E6C3D5CDC53DD4B9C43E9
:1042F8007D437C437C43BC4B9C4B9B4BFC5B5E6C83
:10430800FD535B3B1C2B1C2BFC22FC22DC22DC22F9
:10431800DC22DB22DC22DB22FC22DC22DC2AFC225F
:10432800DC2AFC221B337C3BFB2ADB22DC2ADB2237
:10433800DC22DC22DB22DC22DB22DC22FC22DC2267
:10434800DB22DC1ABB22DC1ADB22BC1ADB22BB22F2
:10435800FC2ABE439C4B3B439C4BBB5BDC5BBC5B7E
:10436800DC639C743E8D3D8D5E8D5D953E8D1D8D0F
:10437800FC84FD841D8DBD9D7EBEBFC69EC6BDC688
:10438800DDCE3DD75EDF3EDF3EDF3DDF3EDF3DDF9A
:104398003EDF5EDF5EE75EE75FE77EE77EDF1EDF2C
:1043A8001ED71ECFBDC69DBE9EC69EBE7EBE5EB635
:1043B8009EBEDDCE3ED77EE79DE77DEF9EEF9DEF6B
:1043C8009EEF7DEF9EEF9EF79EEFBFEF9EEF7EEF95
:1043D8005EE73DDF5DE77EEF9EEF7EEF7EEF9EF7C7
:1043E8005E4C5D4C5E4C5D4C3E4C5D543E4C5D4CB1
:1043F8005E543D4C5E4C5D4C5E4C3D543E4C3D54D1
:104408003E4C3D4C3E543D4C3E543D4C1D543D4C61
:104418003D543D4C1E543D4C1E543E4C3D543E4C68
:104428001D4C1D4C1E4C1D4C1E4C1D4CFD4BFD4384
:104438001D4C1D4C1D4C1D44FD4BFD431E4CFD43A6
:10444800FD43DD43FD43DD43DD43DD43DD43DD4324
:10445800DD43DD43BD43DD43BD43DD43DC43DD4395
:10446800DD43DD43DD43DD43DD43DC43DD43BD4365
:10447800DC43DD43DD43BD43DD43DD3BBD43DE3B84
:10448800BD43BD3BDD3BDD43BD3BDD3BBD3BDD43CC
:10449800BD3BBD3BBD3BBD3BBD43BD3BBD3BBD3B4C
:1044A800BD43BD3B9D439D3B9D439D3BBD43BD3BA4
:1044B800BD43BD3B9D3BBD3B9D43BC43BD43BD434D
:1044C800BD43DD43BD43DD43BD43BD43DD43DD4B5C
:1044D800DD43DD4BDD4BDD4BFE531D54DC4BDC4B2C
:1044E800BC4BDD4BBC4BDD4BDD4BFD53FE531D542C
:1044F8003D5C1D541D541D5C1D5C3D5C5D5C7D6414
:104508007D6C7D6C9D6C7E747C6C7D749D74DE7C92
:10451800DD84FD7C1D8D3E853D8D3E8D3D953D8D1B
:104528001E8DBD7CDE84FE841D8D3E8D7E955E8D48
:104538001D8DDD84DD7CFD841D8D3D957D95BDA59E
:10454800FDA53EB69EBE7EB61DAEFDA5FDA5FEA58B
:10455800FEA5BE9D7E951E8DBD7C7D747D749D746B
:104568009D6C7D6C7D6C7D645D64FC53DD539C4368
:104578005C3B7D437D439C43BD4B7C4B9C4BFD5B2F
:10458800DC537C3B1C33FC2AFC22FC2AFC22FC2248
:10459800FC22DC22FC2ADC22FC22FB2AFC22FC2254
:1045A800DC2ADB2A7C3BFE4B1B33FB2AFB22DC226A
:1045B800DB22DC22DB22DC22DC22DC22DC22DC1A0D
:1045C800DC22DC22DC1ADC22DC22DB22BB22DC221D
:1045D800DB22FB2A1C33FB2A1B3B3B3B5B43BC53C4
:1045E8009D531C641E855E8D3E8D1D85DD849D7CDE
:1045F8005C749D74DD849E9D3EB69DBEDEC6BEC6BF
:10460800DDCE1ED73ED73EDF1EDF1ED71DD71ECFFD
:104618003ED71DD71ED7DDCEDDCE3ED73ED7FECE48
:10462800BDC6DDCEBEC6BDC69EBE7DBE5DB69EBE47
:10463800BEC6FECE3ED75EDF7EE77EEF9EF77EEFFC
:104648009EF79EEF9EF79EEF9EEF9EEF5EE75EDF82
:104658001DDF1DDF5DE75EE77EEF9EEF9EF7BEF78D
:104668005E545E4C5D545E4C3D4C5E4C5D4C3E4C25
:104678005D4C3D4C5E4C3D4C5D543E4C3D545D4C58
:104688003E545D4C3D543D4C3D4C3D4C3D4C3E4CA8
:104698001D4C3E4C3D4C3E4C3D4C1E4C3D4C1E4C26
:1046A8003D4C1E4C3D4C1D4C3E4C1D4C1D4C1D4C58
:1046B8001D4CFD431D4CFD4B1D4C1E44FD4B1E4C1B
:1046C800FD43FE4BFD43DD4BFD43DD43DD43DD4351
:1046D800DD4BDD43DD43BD43DC43DD43DD43DD43EB
:1046E800DD43DD43DD43DD43BD43DD43DD43DD43E2
:1046F800DD43DD43DD43DD43DD43BD43DD3BDD43DA
:10470800DD3BDE43DD43BD3BBD3BDD43BD3BBD3B48
:10471800DD3BBD43DD3BBD43DD3BBD3BBC3BBD3B62
:104728009D3B9D43BD3BBD439C3BBD43BD3BBD4302
:10473800BD3BBD43BD43BD3BBD3BBD43BD43DD4369
:10474800BD43BD43BD43DC43BC43DD43DC43DD43E4
:10475800DD43DD43BD4BDD43FD4BFD4BFD4BFD4BC9
:10476800FD53FD4BDD4BFD4BFD4BDD4BFD531D5408
:10477800FD53FD53FD531D541D541D5C3D5C5D648C
:104788005D647D64BE74DE74DD74BD749C74BD7C30
:10479800FE841D853D8D5E8D5E955D957E955D954E
:1047A8001E8D1D8D1E8D1E8D5E8D3E8D5D8D5D8DCC
:1047B8001E85DD7CBD7CDD7CFD843D8D7E955D9513
:1047C800BE9DFEA55EB67EB63DAEFDADDDA5DD9D0A
:1047D800FFA5FEA5BE955E951D859D747D6C7D74B7
:1047E8005D6C7D645D645D645E645D5C1D5CDD4B79
:1047F8009C4B7D437C437D3B7C437D439D4BDD53FC
:10480800DD539D437C3B3C331C2BFC2AFC2AFB2AB2
:10481800FB2AFC22FB22FC2ADC22FC22DC2AFC22CA
:10482800DB22DB2A5B3B1E5CDD4B7D33DB22DC229B
:10483800DB22DC22FB22DC22FB22DC22FC22DC2223
:10484800DC1ADC22DC22DC22DC1ADC22DB22DB2282
:10485800DB2ADC22DC22FB2A1C337D3BBE4B5E5C60
:104868003E6C5D6CBD7CBD74FE84FE843E95DD842B
:104878005B74DA631E8DDEA51DB69EC6DEC6DECE6F
:10488800FECEFDCE1ED71ED7FDCEBDC69DBEBEC672
:104898009EBEBEBE5FB6FDADDCA5BEC61ECFDECEDB
:1048A800BDC69EC6DEC6DFC69EBE7DB65EB69EBED1
:1048B8009EBEDECE3ED73EDF5EE77EE79EEF9EEFF2
:1048C8007DE79EEF9EEF9EEF9EEF7EEF7EE73EDF59
:1048D800FED61ED73EDF5EE79EEF9EEF9EEF9EEF71
:1048E8005E4C5E545E4C5D545E4C5E545D4C5E5452
:1048F8005E4C5D545E4C3D4C5E4C3D545E4C3D54AC
:104908003D4C3E545E4C3D4C3D541E4C3D4C3D543C
:104918003D4C3D541E4C3D541E4C3D541E4C3D5484
:104928001E4C1D4C3E4C1D4C1E4C3D4C1E4C1D4CF3
:104938001D4C1E4CFD4B1D441D4C1D441E441D4C5E
:104948001D44FD431D44FE43FD4BFE43DD4BDD434B
:10495800DD43DD43DD43DD43DD43DD43DD43DD434F
:10496800DD43DD43DD43DD43DD43DD43DD43DD433F
:10497800DD43BD43DD43DD43DD43DD3BBD3BDD437F
:10498800DE3BDD43DD3BBD3BDD3BBD3BDD43BD3BAE
:10499800BD43DD3BBD3BBD3BBD3BBD3BBD3BBD3B27
:1049A800BD439C3B9D3BBD439D3B9D3BBD43BE3BA7
:1049B800BD3BBE3B9D3BBD3B9D3BBD3BBD43BD435E
:1049C800BD43DD3BBD43BD43DD43BC3BDD43BD4390
:1049D800DC43BD43BD43BD4BDD4BDD4BFD4BFD53C0
:1049E800FD4BFD4B1D541D541D541D4C1D54FE53B1
:1049F800FD4BFD53DD4BFD4BDD53DE4BFD53FD53AE
:104A08001D5C3D645D647D6CDE7C3E853E851D8558
:104A18003C855D8D1D8D5D8D5D959E9D9E9D7D9DCD
:104A28005E8D3E8D1E855F957F959E955D953E8D2D
:104A38001D851E8DFD841E853D8D5E8D3E8D1D8DD3
:104A48003D8D9E9DDEA53EAE3EB61EAEDDA59D9D6E
:104A5800BE9D9E9D9D959E957E8DFE849D747E6CCB
:104A68005D6C3E643D641D5C1C5C1D5C1D5C1D64CE
:104A7800DD539D4B7D435D435C3B7C437C437D43E1
:104A8800BD4BBE4B9D435D333C33FB2AFB2AFB2ABF
:104A98005D33FC2ADC22FC2AFB22FC2AFC22FC2AAD
:104AA8001C2B1B339C4BFD539C435C333D33FC2A2E
:104AB800DC22FC2ADB22DC22DC22DC22DC1ADC22DF
:104AC800FC22DC22FC22DC22DC22DB22DC22BB22D0
:104AD800DB22BB22DB2A9C433C3BDC3A3D43BC53F4
:104AE8007D74BD74FD849B749B7C5E8DBEA5FEA504
:104AF800FFA51C8D1C8D1EAE7DBEBEC6DDC6FECEBE
:104B0800FECEFDD6FED61DCFFECE9EBEDD9D3C8DD3
:104B18005E8D9C743C645C74FC841EAE7EBE7EBE5E
:104B2800BFC6DEC69FC6BEBE7DBE5DAE7EB65EBEDD
:104B38003DB69DC6DECE1FD73EDF5DDF5DDF7EE77B
:104B48005EDF5EDF7EE79DEF9DE77DE75EE71EDFC8
:104B5800FDD6FED61ED73EDF5EDF7EE77EE79DE709
:104B68007E547D4C7E545E4C5D545E4C5E545D4C70
:104B78005E4C5D4C3D4C5D4C3D4C5E543D4C3E5452
:104B88005D4C3D543E4C3D543D4C3D543D4C3E4C9B
:104B98003D543D4C3D4C1E4C3D4C3D4C3E4C1D4CFB
:104BA8003D4C1D4C3D4C1D4C3D541E4C1D4C1D4C4C
:104BB8001E4C1D4C1D4CFD4B1D4C1D4C1D4CFD43EE
:104BC8001D44FD4B1D44FD4BDD43FD4BFD43DD43C3
:104BD800FD43DD43DD43DD43DD43DD43DD43BD43CD
:104BE800DD43DD43BD43DD43BD43DC43DD43DD43FE
:104BF800DD43DD43DD43DC43DD43BD3BDD43BD3BFE
:104C0800BD3BBD3BDD43BD3BBE43DD3BBD3BDD3B6B
:104C1800BD3BBD43DD3BDD43BD3BBD3BBD3BBC3B7D
:104C2800BD3B9D3BBD439C3BBD3BBD439D3BBD3B0D
:104C3800BD3B9D3BBD3B9D3B9D3B9D3B9D3BBD3B4C
:104C4800BD3BBD3BBD3BBD43DC43BD43BC43DD4336
:104C5800BD43DD43BD4BBD43DD4BFE4BFD4BFD4B23
:104C6800FD4BDC4BDC43DD4B1D4CFD531D4CFE5313
:104C7800FD53DD4BBD4BDD4BDD4BBD4BBE4BBD4B43
:104C8800BD4BDC531D5C1D5C7C6CDE7C3E857E8DE3
:104C98009D8D7D8D7E959E959E9DBE9DBE9D9D9D67
:104CA8007E951D851D8D1D8D3D8D3D8D3D8D3E85D2
:104CB8001D851E851E853D8D3E855D8D1E8DFD8461
:104CC800FD843D959E9DDDA53FB67FB63FAEBE9D5A
:104CD8005D955E8D5D957E957E955E8D1D85BD7419
:104CE8007E6C5D641D5CFD5BFD53BC4BDC53FD536A
:104CF800FD5BFE53BD4B7C437C437C435C3B5C4388
:104D08007D437D437D3B7C3B3C331C331B2B7C3BF1
:104D18009C43FB2AFC2ADC22FC22DC22DC2AFB2224
:104D2800FC2A3C339D43BD435C3B3C33BE3B7D3B4F
:104D3800FC2ADB22DC22DC22FC22DC22FC22DC2214
:104D4800DC1ADC22DC1AFC22DC1ADC22DB22DB2265
:104D5800BC223C3BFC53FF741D5CFC3A9C4B3C64FE
:104D68003B6CDC849E9D7D9D7D9D3DAE5EBEBFBE41
:104D7800BFC67EB61DB69EBEDECEFECEFECEFDCE34
:104D8800FED61ED71ED73ED71ECF7EBEBD9DFD8444
:104D98005D74DD5BFD5B1D64DE7CFFA5FDADFDADD7
:104DA8005EBE9EBE5DB63DAE3DAE1DAE5EB6FDAD11
:104DB800FCA55EB69DC6DECE3FD73EDF1DD73DDFE4
:104DC8003DDF5DDF7EE77EE75EE75EDF5EDF3ED7E5
:104DD800FED6FECEFDCEFECEFDCE1ED73EDF5EDF7A
:104DE8005D4C7E545D4C7E547E547D4C7D545D4CB0
:104DF8007D545E4C5D4C5E4C5D543D4C3E545D4C68
:104E08003E545D4C3D545E4C3E545D4C3E545D4CAE
:104E18003E543D4C3D4C3D543D4C1D4C3D543D4C49
:104E28003E543D4C3E543D4C1D4C3D4C1D4C1D4C80
:104E38001D4C1D4C1D4C1E4C1D4CFD431D4C1D4C4A
:104E4800FD4BFD43FD4BFD43FD4BDE43FD4BFD4359
:104E5800DE4BFD4BDD43FD43DD4BDD43DD43DD43F1
:104E6800DD43DD43DD43DC43BD43BD43DD3BDD4383
:104E7800DD3BDD43DD3BDD43DD43DD3BDE43DD3B49
:104E8800DD43DD3BBE43DD3BBD3BBD43DD3BBD43B9
:104E9800DD3BBD3BBD3BBD3BDD43BD3BBD3BBD3B02
:104EA800BD3BBD3BBD3BBD3BBD3BBC3BBD3B9D3B5B
:104EB800BE3BBD3B9E3BBD3B9D3BBD3BBD3BBD3B68
:104EC8009D3BBE3BBD3BBD43BD43BC43BD43BD4312
:104ED800DD43DD43BD43DD43BD43DD43BD43DD432A
:104EE800DD4BBD43BC4BDD43DD4BDD4BFD4BFD5383
:104EF800FD4BDD4BDD53DD4BFD531E4CFD53FD4B90
:104F0800FD53FD531D541D5CFC5B5D64DD74FD7C2D
:104F18001D7D3D855E8D5E8D9E959E9DBE9DBE9D33
:104F28009E959E9D7E957E955E8D3D8D1D851D85EC
:104F38001D851D8D1D853E8D5E8D5D8D1E85FD84B7
:104F4800FE84FD841D8D5D959D9D1EAE5EB61EAED4
:104F5800BE9D3E953E8D3D8D1E8D1E851E8DFE840B
:104F6800BD6C3D5CFC5BFC531D54DD539C439C4B6A
:104F7800DD4BDD53FE4BBC4B9D4B7C437C437B3B65
:104F88005C335C3B7C3B5D3B5C333C3B3C339D434F
:104F9800BC4B5B3BDC22FC22FC2AFC22FC2ADB2AE1
:104FA800FC221C2B3C2B1C2B1C2B1C2B9D3B7D3BC8
:104FB8003B2BDB22FC22DC22DC22FC22DC22FC2232
:104FC800DC22FC22DC22DC22DC22DC22DC1ADC22D1
:104FD800DC1A5D33FC535D6CBB535B3B9B4BFE742F
:104FE8005E959E9DFEA55EB67EBE9DC6BECEDECEFD
:104FF800FDCEFECEBECEFECE1ED71DCF1DD71DCFF9
:105008003DD73ED71FD73ED71ED7DEC63DAE7D95CE
:105018007D74FD63FC5B3C649D74BC7C3D8D7D951B
:10502800DEADFEA5BD9DDD9DDDA59D9DDEA5FEAD8C
:10503800BCA5DDA55DB69EBEFECE1ED7FDD61DCF96
:105048001ED71DD71ED71ED71DD71ED71ED71ECFBA
:10505800FECE1ECFDEC6DDC69EC65EBEDEC61ECF37
:105068007E547E547E4C7D547E4C7E545E4C7E54E1
:105078005D4C5E545D4C5D4C5D4C5E545D4C3E54E5
:105088003D4C5E543D4C3D543E4C3D545E4C3D546D
:105098003D4C3E543D4C3E4C3D4C3D543E4C3D4CAD
:1050A8003D4C3D4C3D4C3D4C3D4C3D4C3E4C1D4CCF
:1050B8003E4C1E4C3D4C1E4C3D4C1D4C1E4C1D4C3C
:1050C8001D4C1D4CFD4BFD43FE4BFD43FD4BFE436C
:1050D800FD4BFD43FD4BDD43FD43DD43DD43DD4338
:1050E800DD43DD43DD43DD43DD43DD43DD43DD43B8
:1050F800DD43DD43DD43DD3BDD43DD3BBD3BDD43E0
:10510800BE3BDD43DD3BBD3BDD43BD3BBD3BDD3B46
:10511800BE43DD3BBD43DD3BBD3BBD3BBD3BBC3B77
:10512800BD3BBC3BBD3BBD3BBD3BBD3B9D3BBD3BD8
:105138009D3BBE3B9D3B9D3BBD3BBE3B9D3BBE3B24
:10514800BD3B9D3BBD3B9D43BD439D3BBC43BD43D8
:10515800BD43BD43BC43BD43BC43BD43BC439D436A
:10516800BC43BD43DD4BDD4BDD43DD4BDD4BDD4B50
:10517800DD53FD4B1D541E54FD53FD4B1D543E5C29
:105188003E5C5E645E643D643D643D649D74DD7CAC
:10519800DD7CDD7CFD84FD7CFD841D855E955F9551
:1051A8007D959D959E95BE9DBE9D9D957E9D5E958A
:1051B8007E9D9E9D7E9D9E9D7E957E95FD84FD8413
:1051C8001E8DFD84DC841D853D8D9D951EA65EB6D5
:1051D8001EAE9E9D3D951D8DFD84FD841E851F85FB
:1051E800DE7C5C6C3C5CFC53BD4BBD4B9C437C4300
:1051F8009D439C439D4B9C43BD439C439C437D3BAB
:105208005C3B3B333C335C3B7D3B5C3B9D43DE4B33
:10521800DD4BDD4B1B33FB2AFC223C231C2BFC22E1
:10522800FB22FC22FC2AFC22FB22FC2A3C2B1C2B06
:105238001B2BDC22FB22DC22DC22FC22DC22FC22CF
:10524800DC22FC22FC22DC1AFC22DC22FC22DC1AF6
:10525800DC22DB22FC32DD53BD4B9D4B3B3BBC5B70
:10526800BD741D855D8DBEA53EB69DBEDECEFECE4F
:105278001DD71ED7FED61FD71ED71ED73ED73DD760
:105288001DCF1ECFFECEFDCEFDCEDEC67EBEDD9D81
:105298001D8D3B641B5CFE7C5D6CDA535C6CDE7CB4
:1052A800FD841D8D1D851C8D9E9DBEA5FEAD1EAE6B
:1052B800FEAD1DAE3DB63DAE5DB6BEC6DFC6DEC6B2
:1052C8001ECFDFC6BEBEBEC6BEBEFEC6DFC6BEBEE3
:1052D8009EB69DB67DBEBEBE5EB61EAEDDAD5EB6EA
:1052E8007E547D4C7E547E547D547E4C7D547E4C41
:1052F8007E547D4C5E547D4C5E545E545D545E54C9
:105308005D4C3E545E4C3D545E4C3D543D4C5E54A9
:105318003D4C3D4C3D4C3D543D4C3D4C3D4C1D4C55
:105328003D543D4C1D543E4C3D543E4C3D543E4C2A
:105338001D4C3E4C1D4C3E4C1E4C1D4C1D4C1D4CDA
:105348001D4C1D441D4CFE4BFD43FE4BFD4BFD43C8
:10535800FE4BFD43FE4BFD43FD4BDD43DD43FD4B63
:10536800DD43DD4BFD43DD43DD43DD43DD43FD3BF5
:10537800DC43DD3BFD43DD43DD3BDD43DD3BBD433E
:10538800DD3BBD3BDD43BD3BBD3BDD3BBD43BD3BE5
:10539800DD3BBD3BDD3BBD43BD3BBD3BBD3BBD3BFD
:1053A8009D3BBD3BBD3BBC3BBD3BBD3BBD3BBE3B55
:1053B800BD3B9D3BBD3B9D3B9D3BBE3BBD3B9D3BA4
:1053C800BE3BBD3B9E3BBD3B9C3BBD439D3BBD4364
:1053D800BD43BD43BD43BD43BD3BBD43BD43BD3BD5
:1053E800BD43BD43BD43DD43BD43BD43BC43BD4396
:1053F800DD4BDD4BDD4B1D4CFD4BFD53FD53FD538C
:10540800FD5B1D545E649F747E6C9D6C9E74DD7C98
:105418001E851D853E851D85DD84DD7CDD843E8DF4
:105428005E8D5D955D8D7D959E959E955D953D9571
:105438005E957E955E955E957E95BE9D3E8DDD7CE6
:10544800FE841E85DD7CBD74DD7C1D85BD9D3EAE64
:105458003EB6FEA59D953D8D3D8DFE84DD7CDE84AA
:10546800FE84BD745D64FC5BBC4B9C437C3B7C430D
:105478009C3B7C437C3B7C3B9D439D437C437C3BEA
:105488005C3B3C335C333C335C335D3B7D3B7C3B7A
:10549800BC43FD539C431A2BFB221C231C231B23B8
:1054A800FC22FC2AFC22FC2AFC22FC22FB22FB2AEE
:1054B800FC22DB22FC22FC22FD1ADC22FC22DC1A64
:1054C800FC22DC22DC22DC22DC22DC1ADC22FC22AC
:1054D800DC22DC22DC221C339D43FE539C4B7C4B9C
:1054E8009B4B1C643D647C6C3D8D1DB6BDC6DECEF9
:1054F8001ED71ED71FD7FFCEFFD61ECF3ECF1DCF3C
:10550800FECEFECEBDC69EC67DBE7EBE7EB63DAE7E
:10551800DE9D1C8DFD845F8DDD741C64FC5B5E6C00
:105528007D6CBE74BD74BC7C7E95BEA5FDAD1DAE04
:105538003DB61DAE1EAEDEA5BD9DBDA53EB65EB692
:105548009FBE5EB65DB61DAEFDAD1DAE1EAEDEA540
:10555800FDA5DDA53DAE5EB61EAE9E9D3D8DBE9DF4
:105568007E547E547E547E4C7E545D4C7E547D54D5
:105578007E4C7E545D4C7E545D4C5E545E545E544D
:105588005E545E545E545D4C3D545E4C3D543E4CFE
:105598005D543E543E4C3D543E4C3E543D545E4C4E
:1055A8003E543D4C5E543D4C3D4C3D4C1E4C3D4C98
:1055B8001E543D4C1E4C3D4C1D4C3E4C1D4C1E4C2F
:1055C8001D4C1E4CFD4B1D4C1E4CFD4B1E4CFE4BEA
:1055D800FD4BFE4BFD43DD4BFD43DD43DD43DD432A
:1055E800FD43FD43DD4BDD43DD43FD43DD43DD434B
:1055F800FD43DD43DD3BDD43DD43DD3BBD43DE3BBA
:10560800DD43DD3BBE43DD3BBD43DD3BBD3BDD4311
:10561800BD3BBD43BD3BDD3BBD43DD3BBD43BD3B6A
:10562800BD3BBC3BBD3B9D3BBC3B9D3B9D3B9D3B34
:105638009D3BBD3B9E3BBD3B9D3B9D3BBD3B9D3B41
:105648009D3B9D3BBD3BBD43BD3BBD43BD3BBD3BC2
:10565800BD3BBD3BBD3BBD3BBD43BD3BBD43DD434A
:10566800BD43BD43BD43BC43BD43DD43BD43BD4B0B
:10567800BC43DD43BD43DD4BDD4BDD4BDD4BDD4B3B
:10568800FC53FD5B5E647E645C6C9D6CBD74BD7494
:10569800FD7CFD7C3E851D851D851E85FD841E8542
:1056A8005E957E957E957D957D959D957D953D8DA7
:1056B8003D853D8D3D8D3D8D3D8D5D8D1C8DDD7C0C
:1056C800DD7CDE74BE7CBD74BE74DD7C3D85FEA5CC
:1056D800FEA5DEA5DEA57D955D953D8D1D85DD7C50
:1056E800DD84DE7C7D6C1D5CFD53BD437C3B5D3BF6
:1056F8007D3B7D3B7D437D3B7C439D437D3B5C3BCC
:105708005D335C331C2B3C333C2B3D333C333C3BFF
:105718009D43DD4BFD4B7D3B1B2B1C231B23FC2298
:10572800FC221C231C23FC22FC22FC22FC2AFC2237
:10573800FC22FC22FC22FC22FC22FC22FD22FC2270
:10574800DC22FC22FC22FC22DC22FC22FC22DC22C1
:10575800FC22DC22DC22FB221B2B9C43DD4B7C43FE
:105768007C431D54FD53BB539C741EAE9FBEFECE9E
:105778001DCFFECEFECEFECEDEC6DEC6DECEDDC63A
:10578800DEC6BDC67DBE3EB6FEADDDA5FDAD1EAE18
:10579800DDA57E957E951D8DFE84FE847D6C5D6CF9
:1057A8005C643B647D6CBC743D8D7E95DDA51DAE4F
:1057B8001DA61EA69D95FD847C749C845E95DEA521
:1057C800DDA5FDA5FEAD7E9DFD8CDB84FD8CBD7C3D
:1057D8001E8DBE9DBDA5FEADBE9DFC8CDD841E8DBF
:1057E8009E547E549E547E547E549E547E4C7E54C9
:1057F8005D547E4C7D545E4C7D545E545E4C5D54CD
:105808005E545D545E545E543E4C5D543E4C5D5453
:105818003E4C5D4C3D545E4C3D545D4C3E4C3D54BD
:105828005D4C3E543D4C3D4C3D543D4C3D541E4C0E
:105838003D4C3E4C1D541E4C3D4C1E4C1D4C3E4C8C
:105848001D4C1D4C1D4CFE4B1E4C1E4CFD431E4C4E
:10585800FD43FD4BFE43FD4BFE43FD4BFD43DD4B3E
:10586800FD4BDE43FD43DD43DD4BDD43FD43DD43BF
:10587800DD43FD43DD3BDD43DD3BDD43DD3BBD3B40
:10588800DD43BD3BDD3BBD3BDD3BBD43DD3BBD3BC0
:10589800DD3BBD3BDD43BD3BDD3BBD3BDD3BBD43B0
:1058A800BD3BBD3BBD3BBD3BBD3BBD3BBD3BBD3B30
:1058B8009D3BBD3B9D3BBD3B9E3BBD3B9D3BBE3B9E
:1058C8009D3BBD3B9D3BBD3B9D3BBD3B9D3BBD3B90
:1058D8009D43BD3BBD3B9D3BBD3BBE43BD3BBE3B2E
:1058E800BD43BC3BBD43BD3BBD43BD43BD43DD43A1
:1058F800DD43DD4BBD43DD4BDD43DD4BDD43DD4BA0
:10590800BD43DD4B1E545D645D5C7D647D6CBE6C87
:10591800BD74BE74BD74DD74FE84FE7CFD841E857A
:105928005D8D5D959E95DE9DBD9DBD9DDE9DBE9D5B
:105938009D959E9DBD959E9D9D957D953D8DDD7CFE
:105948009D747D6C7D6CBE74BE74BE7CFD7C5D8D6B
:105958005E8D5E8D9E9D7E955E8D1D85FD84FD848C
:10596800BD74BD747D6C3D641D5CBC539D435C3B44
:105978007D3B5C3B5C3B5D3B5C3B5C3B5C335C3B4D
:105988005C333C335C2B3D2B3C333C2B3D335C334D
:105998007B3BFE4B5C333C331B23FC22FB221B2B43
:1059A8001C23FD22FC22FC221C23FD22FC22FC22BB
:1059B800DC22FC22FC1A1C231C1BFD22FC22FC22DC
:1059C800FC22DC22DC1AFC22DC22FC22DC22FC2267
:1059D800DC22FC22DB221C231C2B3C337D3B5B336B
:1059E8005B33BD43DD43BC431C647E95FEAD5FB6AF
:1059F800BEBEDEBEBEBEBEBE9DBE7EBE9EBE9EBE40
:105A0800BEC65EBE3EB6FDADBEA57D9D9D9DFDA5F7
:105A1800DEA59D9D7E953D8D3E85FD849D747C6CA7
:105A28007C6C9D6C7D647D649C6C5E85BE9D7D9563
:105A3800BE9D9E95FE7C3D64DC5B9D743F8D1E85FE
:105A48007E8D5E8D1E85BE7CDE7C3F857E741D64EA
:105A58007E6C1F855F957E953E8D7D6CFC5B1C5C26
:105A68007E547E547E549D547E547E547E547D5480
:105A78007E4C7E545D547E4C7E545D545E545E5420
:105A88005E545E4C5D545E545D545E545D4C3E54B1
:105A98003D4C3E545D4C3E543D4C5E543D4C5E5432
:105AA8003D4C3E545D4C3E4C3D4C1E4C3D4C3E4C9A
:105AB8001D543E4C1D4C3D4C1E4C1D543D4C1D4C24
:105AC8001E4C1D4CFD431D4C1E4C1D4CFE4BFD4BEE
:105AD8001E4CFE4BFD43FD4BFE4BFD43FD4BFE4371
:105AE800FD43FD4BFE4BDD43DD43DD43DD43FD431D
:105AF800DD43FD3BDD43DD43DD43DD3BBD43DD3BB6
:105B0800DE3BDD43DD43BD3BBD3BDD3BBD43BD3B34
:105B1800DD43BD3BDE3BBD43BD3BBD43DD3BBD3B44
:105B2800BD3BBD3BBC3BBD43BD3BBD3BBD3B9D3BC6
:105B38009D3BBE3B9D3B9D3BBD3B9D3B9D3BBD3B3C
:105B48009D3BBE3B9D3B9D3BBE3B9D3BBD3B9D3B2B
:105B5800BE3B9D3B9D3BBE3B9D3BBD3B9E3BBD3BFA
:105B68009D3BBD3BBD3B9D3B9C3BBD3BBD43BD43BE
:105B7800DD43DD4BDD43DD4BDE43DE43DE43DD430A
:105B8800BD4BDD43DD4BFD4B1D5C1D5C3E5C3D5C50
:105B98003D645D647E6C7D6C9E74DD7CDE7CFE8481
:105BA800DD84FE84FD843D8D9E95BE9DDEA51EAEE2
:105BB8001EAE1EAE1EB61EAEFEADFEA59E951D8582
:105BC800BE745C645E649E745D6C3D6CBE74DD7C0A
:105BD800FD7CFE7C1E8D3F951E8DDE7CDD7CDE7C93
:105BE800BD749D747D6C3D641D64FC5BDD4B7E4320
:105BF8005C3B5D333C333C335C335C333C335C337C
:105C08003D335C2B3D333C2B3C2B3D333C337D3BC0
:105C18007C3B9D3B3C2B1C2B3D2B1C2B1B2B3C33DB
:105C28001C23FC221D23FD221C23FD22FD22FC2215
:105C3800FD22FC221C23FC1AFC22FC22FD22FC2251
:105C4800DC22FD22DC22FC22DC22FC22DC1ADC2203
:105C5800FC22DC22FC2A1C23FC22FC2AFC2A1B2313
:105C68001C2BFC225C2B5C3BDC53BF84BD7CBC84BE
:105C78005D959D9DBD9DFEA53EAE1DB61DAE5DB656
:105C88005DB61DAEDDA5FDA59DA59EA5DDA51EAE37
:105C98001EAEBE9D9E8D7E8DFD7CBD749E6C3C6C43
:105CA8009D74DE745D64DC5BFC539D6CBE7C1C647F
:105CB8007D6C7D6C3D5CDE53BD4B9E649D6C3C5C95
:105CC8005D5C1C5CBC4BDD531E5C5D5CBC4B9D4B42
:105CD800FD4B9B4B3D64DE747D641D54BC4BBD4342
:105CE8009E549D549E5C7E547D547D547D547E54B8
:105CF8007D547D547E547D545D547D545D547D5453
:105D08007D547D547D545D4C3E545D4C3D543D4C1A
:105D18005D543D4C3D545D4C3D543D4C3D543D4CD3
:105D28005E543D4C3D543E543D545D4C3D543D4CB9
:105D38003D4C3D4C3D4C3D543D4C3D4C1D4C3D4C2B
:105D48003D4C3D4C3D541E4C1D4C1E4C1D4C1D44A1
:105D58001D4CFD43FD4BFE43FD4BFE4BFD4BFE4BE7
:105D6800FD43DD43FD43FD4BFD43FD4BFE43FD433A
:105D7800DE43DD4BDD43DD43DD43DD3BDD43DD431A
:105D8800DD43DD3BDD43DD43DE3BBD43DD3BDE3B49
:105D9800BD43DD3BBD3BDD3BBD3BDD3BBD43DD3BAB
:105DA800BD43BD3BBD43DD3BBD3BBD43BD3BBD3BF3
:105DB800BE3B9D3BBD3BBE3B9D3BBE3BBD3BBE3B57
:105DC8009D3B9D3BBD3B9D3BBD3B9D3B9E3BBD3BAA
:105DD8009D3BBD3B9D3BBD3B9D3BBD3B9D3BBD3B7B
:105DE8009D3B9D3BBD3B9D3B9D3BBD3BBD3BBC4364
:105DF800BD43BD43DD43DD43BD43DC43DD4BDD4BEC
:105E0800DD4BDD4BDD4BFC4BFD4BFD531D541C5C4A
:105E18001D5C3D5C3E645E6C7D6C9E6CBE74DE7C7D
:105E2800FE7CDD7CBD749C74DE7C1E855E95BEA503
:105E3800DEAD1FAE1EAE3EB63EAE1DB6FEA55D95EE
:105E4800BD7C7D6C7E6C7E6C1C641C5C5D647E6CB1
:105E58007D6C7D74BD7CFD841E85FD7CBE7CBE741E
:105E68009E749E6C5D6C3D645D641D64FD53BD4B0A
:105E78009D437C3B5C335D335D335C333D333C2B6E
:105E88003C2B3C333C2B3D333C2B3C2B3D2B7D3B6F
:105E98003C2B1C2B1C2B1C2B1C2B3C2B1C2B1C2B82
:105EA8001C231C23FC221C23FC221C231C231C2334
:105EB800FC22FC22FC221C231C23FD22FC22FD22A6
:105EC800FC22FC22FD22FC22FD1AFC22FD22FC22DF
:105ED800FC22FC22FC22FC22FC22FC221C23FC22A9
:105EE800FD22FC2AFC2AFB2A7C3BDD537C437B3BBE
:105EF8001C5C7D6CBC7C3D853D859D9DFDA51CAED7
:105F08001EAEDEA5DEA5FDA59D9DDEA51DAE5DB67A
:105F18001EAEDDA57D9DDD845D645E6C5E64FD5B0B
:105F28005D64BE6CBE745C64BC53BC4BBD4B3C3BF7
:105F38009C437C43DD53DD4B9C43FD4B1D547B3B15
:105F48005C3B3C335C335C337D335D3B3C2B5D33E6
:105F58005C335C339D435E5CDC4BDC43BD437D3B83
:105F68009E5C9E5C9E547D549E5C7E547D547E5403
:105F78007D5C7E547D547E547D547E545D547D54A6
:105F88005D545E547D545E545D545E545D4C3E5485
:105F98005D4C5E545D4C3E545D4C5E545D545D4CAE
:105FA8003D545E4C3D545E4C3D4C3E543D4C3E4C45
:105FB8003D543D4C1E4C3D4C3D4C3D543E4C3D5497
:105FC8001D4C3E4C3D4C1D4C3E4C1D4C1D4C1D4C1F
:105FD8001D4C1E4CFD4BFD43FE4B1D44FE4B1D4C02
:105FE800FE43FD4BFE4BDD43FE43DD43FD4BDD43EE
:105FF800FD4BFD43DD43DD43DD43DD43FD3BDD4339
:10600800DD3BDD43DD3BDD43DD3BBD3BDD43BD3BF0
:10601800DD43DE3BBD43BD3BDD43BD3BBD3BDD3B1F
:10602800BD3BDD3BBD3BBD43DD3BBD3BBD3BBD3B60
:106038009D3BBE3BBD3B9D3BBD3BBD3B9E3BBD3BF6
:106048009D3BBD3B9E3BBD3B9D3BBD3B9D3B9D3B27
:10605800BD3B9E3B9D3BBD3B9E3B9D3BBD3B9D3B16
:10606800BD3B9D3B9D3BBD3B9D3BBE3BBD43BD43B7
:10607800BC3BBD43BC3BBD43BD43BC43BD4BDD4303
:10608800DD43DD4BFD4B1D54FD531D541D5C1D545C
:106098003D5C3D5C3D645E647E6C7D6C7D6C9D7496
:1060A800BD74BD74BD749D7C9C749D74FC841D85F9
:1060B8005D8D7D957D959E95FEA51EAEFEADDE9D02
:1060C8003E8DDD7C9D6C5D6C5D643D641D641C5C77
:1060D8001D5C3D647D6C7D74DD74DE7C9D6C7D6C27
:1060E8007D6C9D6C7D645D645D643D643E5C1D54A7
:1060F800DD4B9C437C3B7C3B5C335D335C2B3D330D
:106108003C2B3C2B3C2B3D2B3C331D2B3C337D3314
:106118003D2B1C2B1C2B1C2B1C2B1C2B1C2B1C2B1E
:106128001C231C2B3C2B1C2B1D2BFC221C2B1D2346
:106138001C23FC221C23FC22FC22FC221D23FC2203
:10614800FD22FC22FC22FC22FC22FC22FC22FD2255
:10615800FC22FC221C23FC221C23FC221C23FC22E4
:106168001C23FD1AFB22FB2AFB2AFB321B2B3C3B80
:10617800BD4B5F645D6C9E6C7C6CFD84BD9DFDA514
:106188001DAEFEADFDAD1EB6FEA5FEAD5EB65DB69E
:10619800FDADDEA59F95DD741C5CFC53FD53DC4B07
:1061A8009C43FC53DF745E64BD4BBD433C333C2BC6
:1061B8001C333B337D3B7D333C333B337D3B9D3B45
:1061C8007C333C331C2B3C2B3D333C2B1C2B1C2B96
:1061D8003D2B1C2B7D3BBD3BBC3BBC43BE435C33D2
:1061E8009E547D5C9E5C9E547D5C9E547D5C7E547A
:1061F8007D547E547D5C7E547D5C7D547E547D54FC
:106208007D545D547D545E545D545E545D545E54BB
:106218005D545D545E545D545D545E4C5D545E54F3
:106228003D4C3E545D4C3D545E4C3D543D4C3D4CC4
:106238003D4C3D543D4C3D543E4C3D4C3D4C3E4CFC
:106248003D543D4C3D4C1E4C3D4C1E4C1D4C1E4C73
:106258001D4C1D4C1E4C1E4CFD4B1E4CFD43FE4B55
:10626800FD4BFE43FD4BFD43DD4BFD43DE4BFD4344
:10627800FE43DD4BFD43DD43FD43DD43DD43DD43AD
:10628800DD43DD43DD43DD3BDE43BD3BDD43DE3B3C
:10629800BD3BDD43BD3BDD3BBD3BDD43BD3BBD43BE
:1062A800DD3BBD43DD3BBD3BDD43BD3BBD3BBE3BB5
:1062B800BD3B9D3BBE3BBD3B9E3BBD3BBD3B9D3B74
:1062C800BD3B9D3B9D3BBD3B9E3B9D3BBD3B9E3BA4
:1062D8009D3BBD3B9D3B9D3BBD3B9D3B9E3BBD3B95
:1062E8009E3BBD3B9E3BBD3BBE3BBD3BBD43BD3B1B
:1062F800BD43BD43BD3BBD43BD43BD43DD43DD4B56
:10630800DD43DD4BDD4BFD4BFD4BFD531D543E5C2A
:106318003D5C1D5C3E5C5D645E647D6C9E6C9E7441
:10632800BD74DE7C1F7D1E851E85DD7C1E851C855B
:106338003D853D851D85FC843D857D959E959F9D6C
:106348009F957E951D85BE747E6C5E6C5D643E5C1B
:106358001D5C1D5C3D541C5C5D647D6C5D645D6C06
:106368007D645E6C5D643E645E643D641D5CFE5BE2
:10637800FD53BD4B9C437C3B5C335D333C333C2B32
:106388001C2B1C2B1C2B3C331C2B3C2B1C2B1D2B84
:106398003C2B1C2B1C2B1C2B1C2B1C2B3C2B7E3B0B
:1063A8007C333C337D337D335D333C2B1D2B1C23E9
:1063B8001C2B1C23FC221C231C23FD22FC22FD2257
:1063C800FC22FC22FD22FC22FD22FC22FD22FC22D2
:1063D800FD22FC221C231C231C23FC221C23FC2240
:1063E8001C231C231D23FC22FC22FC2A1C2B1C2BF7
:1063F8003D333D3B9D4BBD531D5CBD745E8D9D9DE6
:10640800FDA51DB61DB61DAEDDADFEAD1EAE1DAEA5
:10641800DDA53E8D9D6C3C5C3D54BD43BD437D3B3D
:106428009D43DD4BDC4B9D435D331C333C2B3C2BA8
:106438007C337D3B3C331C2B1D2BFB2A1C2B1C2B3C
:106448003C2B1B2B3C23FC2A1D231D2B1D2BFC2224
:106458001D2BFC2A1C233C2B5C337C2B5D333C2BF3
:106468009E5C9E549E5C9E549E5C9E547D5C7E54B5
:106478007D547D549E547D547E547D545D547D548A
:106488005E547D545D547E545E547E545D4C5E541F
:106498005D545E4C3D545D4C3E543D545D4C3D5402
:1064A8005E4C5D543E4C3D543E4C5D543E4C3D5418
:1064B8003E4C3D4C3E543D4C3E543D543E545D4C48
:1064C8003D4C3D543D4C1D543E4C3D4C1E4C3D4CAA
:1064D8001E4C1D4CFE4BFD431E4CFE4BFD4B1E4CF3
:1064E800FD43FD4BFD43FE4BFD43FD4BFD43DD4BA3
:1064F800FD43DD43DD43DD43DD43DD43DD3BDD437C
:10650800FD3BFD43DD43DD3BDD43DE3BDD43BD3B82
:10651800DD43DD3BBD3BBD43DD3BBD3BDD3BBD431B
:10652800DD3BBD3BBD43DD3BBD3BDD43BD3B9D3B53
:10653800BE3BBD3B9D3BBD3BBD3B9E3BBD3BBE3BD0
:106548009D3BBE3B9D3B9D339D3B9D339D3BBD3B52
:106558009D3BBD3B9E3BBD3B9D3BBD3B9D3BBD3BF2
:106568009D3B9D3BBD3B9D3BBD3BBE3BBD3B9D43DA
:10657800BD3B9D3BBD43BD3BBD43BC43BD43BD434C
:10658800BD43DD43DD43DD4BFD4B1D541D541D5400
:106598003D5C1D5CFD531D5C1D5C3D647D6C9D6C0C
:1065A800BD74DE7C1D7D3E855E8D3D8D7D957E9521
:1065B8005D951D8D5E8D3D8DDC849D7CDD7CFC8430
:1065C8005E8D7E9D3D8D1E8DBD7C5D6C5D643D5CEC
:1065D800FD53FD53DD4BDC4BFD533D5C1D5C3D64C1
:1065E8003D643D641D5C1D5C1D641D5CFD5BFD53CD
:1065F800DC53BD4B9C439C3B5C3B5D335D335C2B68
:106608003C333C2B3C2B1C2B3D2B1C2B3C2B1C2BA1
:106618001C2B3C2B1C2B1C2B1C2B1C233D33BE3B47
:10662800BE3B5C335C335D333C331D2B1C2B1C237E
:106638001C23FC221C23FC22FC221D231D2B1C23B3
:10664800FD22FC22FC22FD1AFC22FC22FD22FC2257
:10665800FC221C23FC22FC221C23FC22FC22FC2200
:106668001C1B1C1BFC22FD22FD22FD22FC221C23DC
:106678001C331C339D4B9D4BBD4BFC5BBE745E8D28
:106688009E95DDA51EAEDDA5BEA5BEA5DEA5FFA512
:106698007E959D7C1C5CFC53FD5BBC4B5C3B5C3B72
:1066A8005D3B3C333B2B1C2B1C2B1D2B1B2B3B33EB
:1066B800BE43DE4B7C3BFC2A1C2B1D23FC2A1C23DF
:1066C8001C231C233C231D2BFC22FD2A1D23FD2AF1
:1066D8001D231D233C233C2B3C231C233C2B3D2307
:1066E8009E5C9D547E5C9D549E5C9E5C9E547D5435
:1066F8009E5C7E547D5C9E547D5C7D547E547D54AE
:106708007D547D547E545D545D545E545E547D5476
:106718005E545D545E545D545D4C5E545D545E54ED
:106728003D545E4C5E545D545E4C3D543E4C3D4C75
:106738003D543D4C3E545D4C3D4C5E4C3D543E4CAE
:106748003D4C3D4C3E4C1D4C3E4C1D543E4C1D4C4E
:106758001D4C1E4C1D4CFE4BFD431E4C1E4CFD4B50
:10676800FE43FD4BFE4BFD43FE4BFD4BFE43FE4BF4
:10677800FE43FD4BDE43FD4BDD43FD43DD43FD435F
:10678800DD43DD3BFD43DE43DD43DD43DE3BDD43EF
:10679800DE3BDD43DD3BDE43BD3BDE43DD3BBE434D
:1067A800BD3BDD3BBD3BDD43BD3BBD3BBE3BBD3BD8
:1067B8009D3BBE3BBD3B9E3BBD3BBD3B9D3BBD3B6F
:1067C800BD3B9D3BBE3B9D3B9D3B9D3BBD3B9D3BA0
:1067D800BE339D3BBD3B9D3BBE339D3BBD3B9D3B7F
:1067E800BE3B9D3BBD3B9E3BBD3B9D3BBD3B9D3B5F
:1067F800BD439D3B9D43BD3B9D3BBD3BBD43BD4311
:10680800BD43BD43DD43DD43DD4B1E4C1D541E54CB
:106818001D541E541D5C3D5C3D5C3D5C3D645D64E7
:106828007C6CBD74FE7C1D851D855D8D5D8D7D9D9B
:106838009E9D9D9DDEA5DFA59E9D3E8DDD7CFD84F4
:106848003D8D5D8D7E959E9D3E8DFD84BE7C5C64F8
:10685800FC5BFD53DC4B9C4BDD4BDD53FD53DC53A4
:10686800FC531D54FD5B1D5CFD53DD53FD53DD538F
:10687800BC4B9D439D439D3B7C3B5D335C2B3D3333
:106888003C2B3D333C2B3C2B1C2B3D2B1C2B3C2BFE
:106898001C2B3C2B1C2B3C2B1C2B1C2B3C2B5D330F
:1068A8005C335C331C2B1C2B1C2B1C2B1C2B1D231F
:1068B8001C231C23FC221C231C231D23FC221D2318
:1068C800FC22FD22FC22FD22FC22FD22FC221D23AB
:1068D800FD221C23FC221C23FC221C23FC221C233B
:1068E800FC221C23FC221C23FC221D1B1C233C2BEA
:1068F8005C331D54FE539C4BBD4BBC4B5B433D640A
:106908003E855E8D5D8D3E8D5E8D1E851E85FE7C71
:106918007E6C1D5C5D5C9E6C5D643D5CFD539C43C0
:106928003C339D3B7C331C231D231D2B3C2B7D3B83
:10693800BD43FE539D431B2B5D333D333C2B3D3301
:106948003D2B1C231C231D231D231C231D231C231B
:10695800FD2A1D231C231D233C233D233D233D2BC2
:106968009E549E5C9E5C9E547E5C9D547E5C9E54B0
:106978009D5C9E547D5C7E549E547D547D547E5413
:106988007E547D547E547E545E547D547E545E54B1
:106998007E545E545E545E545E545D545E545E5440
:1069A8005E4C3D545E4C3E545D545E545D543E4CCA
:1069B8003D545E4C3D543E4C5D543E545D4C3D54FC
:1069C8003D4C3D543D4C1E543D4C3E4C1D4C1E4CC4
:1069D8003D4C1E4C1E4C1E4C1E4C1E4C1E4C1E4C40
:1069E8001E4CFE4B1D4CFE4BFE4B1E44FD4BFD4BFF
:1069F800FE43FD4BFE43DD43FE43FD43FD43DD43C4
:106A0800FD3BDD43DD43DD3BDE43DD3BDE43DD4374
:106A1800DE43DD43DE3BDD43DD3BDD43DD3BDD4384
:106A2800DD3BBD43DD3BBE3BDD3BBD43BD3BBE3B2C
:106A3800BD439D3BBD3BBD3B9E3BBD3BBE3B9D3BE4
:106A4800BE3BBD3BBD3B9D3BBD3B9D3B9E3BBD3BDC
:106A58009D3B9D3B9D3BBD3B9D3B9D3B9E3BBD3B2D
:106A68009D339D3BBD3B9D339D3B9D3B9D3B9D4346
:106A7800BD3B9E439D3B9D3B9D439D3BBD43DD43AD
:106A8800BD3BBD43BD3BBC43BD43DD4B1D4C1D540D
:106A98003D543E5C1E5C3E5C3D5C5D647D645D6CAB
:106AA8007E6C7D74BE74DE7C1D853E8D7E959E9DBC
:106AB8009E9DBE9DBD9DDDA5DE9DBE9D9E955C8D6A
:106AC8007D95DE9DFE9DDEA59DA57E953E8DBD74C2
:106AD8007D6C3D641D5CFD5BDD53DE53DD53DC4B9B
:106AE800DC53DC53FD53DD53DD53DD53BD53DD4B28
:106AF8009C439C3B9D3B7D3B7D335D335D333C3309
:106B08005D2B3C333C2B3D333C2B3D333C2B1D2B29
:106B18003C2B1D2B3C2B1D2B3C2B1C2B1C2B1C2BD3
:106B2800FC223C233C2B3D231D2B1D231C23FC2234
:106B38001C231C2B1C231D2B1C231D2B1D231D2B31
:106B4800FC221D231C23FD221C231D23FC22FC22C6
:106B5800FD221C23FC221C23FC221C231C231C2397
:106B6800FC2AFD221C23FC221C231C231D2B3D2B4D
:106B78009C3B7E5CBF6CDD53BD4BDE537D4B7C4B39
:106B88005D5CBE6C5D649D74FE7C7D6CDB4B9C43E0
:106B98007C437D43DD4BFD531C5C3D5CFD539D3BBD
:106BA8007D43BC3B7C2B3C231D2B1C2B1C235D2BCA
:106BB8007E3BBE3B7D333C2B3C2B3B2B5D335D3317
:106BC8003C2B1D2B1D2B1C231C2B1D231C2B1C237A
:106BD8001C231C233C2B1D231C233D2B3D2B3C231A
:106BE8009E5C7E5C9D5C9E5C9E5C9E5C9D5C7E5C0F
:106BF8007E549D5C9E547D5C9E5C7E5C9E5C7D5C50
:106C08007E547D5C7D547D545D545E545D547D544A
:106C18005D547D545D547D545E547D545D4C5D548B
:106C28005E545D545D545E545D545E4C5E545D54D8
:106C38005E545D545D4C3D543E4C3D4C3D543E4C81
:106C48003D4C3E543D4C3D4C1D4C3D543D4C3D54FB
:106C58001D4C3D4C1D4C1D4C1D4C1D4C1D4C1E4CC3
:106C68001D4C1D4C1E4C1D441D4C1D4CFE4BFD4324
:106C7800FD4BFD43FD4BFD4BFD43FE43DD43FD4313
:106C8800DD43FD43DD43DD43FD43DD43DD43FD439C
:106C9800DD43DD3BDD43DD43DD43DD43DD43DE3BFB
:106CA800DD43BD3BDD43BD3BDD43DD3BBD43BD3B7C
:106CB800BD3BBD3BBE3BBD43BD3BBE43BD3BBE3BF9
:106CC800BD3B9E3BBD3BBE3BBD3BBD3BBD3B9D3B3A
:106CD800BE3BBD3B9D3BBE3B9D3BBD3B9D3B9D3B6A
:106CE800BD3B9E3B9D3B9D3B9D3B9D3BBD3B9E3B9A
:106CF8009D3BBD3BBD3B9D3BBD3BBD3BBD3BBD3B0C
:106D0800BD43BD3BBD3B9D43BC43BD43BD43DD4B84
:106D1800FE4BFD4BFD531E543D5C3E5C3D5C3E5CB2
:106D28005D645E647D6C9D6CDE7C1E855E8D9E95CB
:106D3800BF9DBE9D7D959D9DBD9DDD9DBD9DDEA597
:106D4800FE9DDEA5FEA5DEA59DA5BD9D5D951D85C7
:106D5800FE7C9D6C5D645E643E5CFD53FD53FD4BA3
:106D6800DC4BFD4BFD53DC4BDC4BBD4BDD4BDC43BF
:106D78009D437C3B7C3B7C3B7D335C335C333C2BD1
:106D88005D333D333C2B3D2B3C2B3C2B3C2B3C2B90
:106D98001C333C2B1C2B3C2B3C2B1C2B1C2B3C2B2B
:106DA8003C231D2B3C233D2B3C231D2B1C231C2348
:106DB8001D2B1C231D231C2B1C231C231C231D23C0
:106DC800FC221C23FC221C23FC22FC221D231C2346
:106DD8001C23FC221C231C231C231C231C2B1C23CC
:106DE800FC221C2BFC221D2B1C231C23FC22FC2A0E
:106DF8003C2B7C3B1D4CFD4B7C3BBD43DE435C3B4D
:106E08005B3B9C3B9C43BC4B5E5CFD531A331B2B8A
:106E18005C335D335C3B9C431D549C433C333D33A6
:106E28005D333C2B1B231C2B1C231C2B1D2B1D23D0
:106E38003C2B3C2B3D2B3C2B1C2B1C2B1C2B1C2B91
:106E48001C23FC221D2B1C231D231C231D231D2357
:106E58001D2B1D231C233D2B3D2B3C233C235C2356
:106E68009E5C9E5C9E5C9E5C9D5C7E5C9E549D5C74
:106E78009E5C7E5C9E5C7E5C9D5C7E549D5C9E5CA4
:106E88007D547E5C7D5C7E547D5C7D547E5C5D546F
:106E98007E5C5D547E547D547D545D547D545D54B8
:106EA8005E545E4C5D545E545E545D545E545D5455
:106EB8005E4C5D543E545D4C5D543D4C3E4C3D54DF
:106EC8003D4C5E543D4C3E543D4C3E4C3D4C3D4C3F
:106ED8003E4C1D4C1E4C1D4C1E4C1E4C3D4C1D4C1E
:106EE8001D4CFD43FD4B1D4C1D4C1D4CFD4B1D44C5
:106EF800FD4B1D4CFD43FD4BFD4BFD4BFD43DD4361
:106F0800DD4BDD43FD43DD43DD43DD43DD43DD4351
:106F1800DD43DD43DD43DD3BDD43DD3BDD43DD4379
:106F2800DD3BDE3BBD43DD3BBE43DD3BBD3BBD3B07
:106F3800BD43DD3BBD43BD3BDD3BBE3BBD43BE3B2F
:106F4800BD3BBD3B9D3BBD3B9E3BBD3B9E3BBD3BD7
:106F5800BD3B9E3BBD3B9D3BBD3B9D3BBE3B9D3BE7
:106F6800BD3B9D3BBD3B9D3BBD3B9D3B9D3BBD3BD9
:106F78009D3B9D3B9D3BBE3B9D3B9D3B9D3B9E3B27
:106F8800BD3B9D3B9D3B9D3B9D43BD43BD43BD4399
:106F9800BE43BD43BD43DD4BFD4BFD531E5C1D5C35
:106FA8003E545D645D5C5D6C9C6CBD743E855E8D1D
:106FB8007D8D9E95BEA5BE9D7D9D7C959D957D955F
:106FC8009D957E957E959D9D9D9DBE9DBD955D8D56
:106FD8003D85DD747D6C7D647D643D5CFD53FC53B3
:106FE800DD43FD4B1D4CDD4BDD4BBC4BBD43BD4B69
:106FF800BC439C439C3B7C3B9D337C335D333C2BA7
:107008005C333D2B3D333C2B3D2B3C2B3D2B3C2B0C
:107018003D2B3C2B3D2B3C2B1C2B3D2B3C2B1C2B6D
:107028003D233C2B1D2B3D233C2B3D2B3C231D2B73
:107038001C233C2B1C233D231C2B1D231C2B1C23F6
:107048001C23FC221C231D231C231C231C231C2360
:107058001D231C231C231C2B1D231C231C231D2325
:107068001C2B1D231C231C231C2B1C23FD2AFC2248
:107078001C2B1C2B5D339C333B2B3C2B5C335D2B37
:107088005C333C2B1B2B5C3BFE4B9D435C333C2B06
:107098003C2B3D2B3C339D43DD4B9C433C331C2B0D
:1070A8003D2B3D2B3D2B1C231D231C233C231C2344
:1070B8001D231C231C231D231C231D231C231C23CD
:1070C8001C2B1C231C231D231D2B1D231D2B1D23A3
:1070D8003D2B1D233D2B3C235D233C2B5C235C2354
:1070E8009E5C9D5C7E5C9E5C9E549E5C7D5C7E5C32
:1070F8009E5C7D5C9E5C9D547E5C9E5C7E5C9E5C22
:107108007D5C7E547D5C7E547D545E5C7D547E5CEB
:107118007D547E547D547E547D547E547D547D54DC
:107128007E545E547E545D545E4C5D545E545D5492
:107138005E545D4C5D543E545D543E4C5D543E4C33
:107148005D543E4C3D543D4C3D4C3D4C1D543D4CD6
:107158003D543D4C1E4C1D4C3D4C1E4C1D4C3E4C54
:107168001E4C5E543E4CFD4B1D4C1D4C1D44FD4BAE
:107178001D4CFD43FD4BFD43FD431E4CFD4BFE43A3
:10718800FD4BFD43DD4BDD43DD43DD43FD43DE4386
:10719800DD43FD43DD43DD3BDD43FD43DD3BDD43B7
:1071A800DD3BBD43DD3BDD3BDD43BD3BDD43BD3B5F
:1071B800DD3BBD3BDD3BBD3BBD43BE3BBD3BBE43B5
:1071C800BD3B9E3BBD3BBE3B9D3BBD3BBD3B9E3B54
:1071D800BD3BBD3B9D3B9D3BBE339D3B9D3BBD3B6E
:1071E8009D3BBD3B9E3BBD3B9D3BBE339D3BBD3B5D
:1071F8009E3BBD3B9D3B9D3BBD3B9D3B9D3B9D3B86
:107208009D3B9D3B9D3B9D3B9D3BBD439D439D437E
:10721800BD43BD43BC43DD4BDD4BDD4BFD4BFD5357
:10722800FD531D541D5C3C5C5C647D6CBD74FD8429
:107238003E8D5D8D9E9DDEA5FEA59E9D7D957E95D0
:107248005E8D3D8D3E8D1D85FD845D8DDE9DBE9DD3
:107258007D955D8DFE747C6C7D6C7D643E5CFD531C
:10726800DC4BFD4BFD53BD43BD43BD43BD43BD4357
:107278009D439D3B7D3B7D3B7D3B7D337C335D3337
:107288005D335C333D2B3C2B3C2B3D2B3C2B3C2B6B
:107298003D2B3C2B1C2B3C2B3C2B3C2B3C233C2BD5
:1072A8001D2B3D233C2B1D2B3D231C2B1D233C2339
:1072B8001C2B1D231C2B1C231C233D2B1C231D2B8B
:1072C8001C231C2B1C231C2B1C231D2B1C231C2B9D
:1072D8001C231C2B1D231C231C231C2B1C231C239D
:1072E8001C231C231C2B1C231D231C23FD2AFD22CD
:1072F800FD2AFC221C2B1C2B1C2B1C2BFC223C2BA0
:107308003C2B1C2B3D2B7C3B5C3B5C333D331C2BCB
:107318001D2B1D2B1C2B1C2B5C33BD3B7D335D2B88
:107328003C233D2B3D2B3C231C2B1D231C2B1C23BA
:107338003C2B1D231C2B1C233C2B1C233D2B1C23CB
:107348003D2B1D233C2B1D231C2B1C233D2B3C2399
:107358003D2B3C2B5D2B3C2B3D2B3D2B5C2B3D2BA8
:107368009E5C9E5C9D5C9E5C7D5C9E5C9E5C9D5C68
:107378007E549E5C7D5C9E5C7E5C9D5C9E547D5CC8
:107388007E549D5C7E5C7D5C7E5C9E547D5C7E5400
:107398007D5C7E5C7D549E5C7D547D547E547D5422
:1073A8005E547E547E545D545D545E545D545E4C10
:1073B8005D545E545D545D4C3E545D543E4C5D548A
:1073C8003E4C5D543E4C3D4C3E543D4C3D4C3E4C39
:1073D8003D4C3D4C3E541E4C3D4C1E4C3D4C1D54AA
:1073E8003E4C9F5C7E541D4C1D4C1E4C1D4C1D4C30
:1073F8001E4C1D4C1D4CFD4BFD4BFD43FE4BFD43F0
:10740800FD4BFE43FD4BFE43DD4BFD43DD4BFD4392
:10741800DD4BDD43DD43FD43DD3BDD43DD43DD3B4C
:10742800DD43DD3BBE43DD3BBD3BDE43BD3BDD3BDA
:10743800BD43BD3BDD43BD3BDD3BBE43BD3BBE3B2A
:10744800BD3BBD3BBE43BD3BBD3B9E3BBD3BBD3B8A
:107458009E3BBD3B9D3BBD3B9D3BBD3BBE3BBD3BC2
:107468009E3B9D3BBD339D3B9D3BBD3B9D3BBD3BFB
:107478009D3BBD3B9E3BBD3B9D3B9D3BBD3B9D33EB
:107488009D3BBD3B9D339D3B9D3B9D3BBD3BBD3BDC
:10749800BD43BD3B9D3BBD43DD43FD4BDD4BDD4B5C
:1074A800DD43FD531C541D5C3D647E6CBE74BE748C
:1074B800FE841D851D8D7D95BE9DDEA5DEA5DEA500
:1074C800DEA5BE9D7D953E8DFD84DC7C5E8D7E9522
:1074D8005D8D5E8D3E85DD749D6C9E6C5E64FD5B8E
:1074E800DC53FD53DD4BBD4B9D439D43BD439D4345
:1074F8007C437D3B7D3B9D3B9D3B7D337C335C33B7
:107508003D2B3D333D2B3D333C2B3C2B3D2B3C2B26
:107518003C2B3D2B3C2B3D2B1C233D2B1C2B3C2B70
:107528003D231C2B3D233C2B3D2B3C231D2B3C2B6F
:107538001D233C2B1D233D2B1C233D2B1C233C2BA7
:107548001D231C231D2B1C231D231C2B1C231D2327
:107558001C231C231C2B1C231C231D231C2B1D2319
:107568001C2B1C231D231C231C2B1C231D23FD2A21
:10757800FD2AFC221D2B1C231C2B1C231C2B1D2B22
:107588001D2B1C2B3D2B3C333D333C333D2B1C2BFF
:107598003D2B1D2B1D2B1C2B1C2B3C2B5C2B5D23EF
:1075A8003D2B3C231D2B3D2B3C233D2B1C233D2BEE
:1075B8001C233D2B1C233D2B1D233C2B1D231C2B47
:1075C8003C231D2B3C231C2B3D233C2B1D233D2BF7
:1075D8003D2B5C33DE4B1F4C7C333C2B5D2B3D2B12
:1075E8009E5C9E5C7E5C9E5C9E5C9E5C9E5C7E5C03
:1075F8009D5C7E5C9E547D5C9E5C9E5C9E5C9E5CFD
:107608009D5C7E5C9E5C9E549E5C7D5C7E5C7D5435
:107618007E547D5C7E547D547E5C7D547E547D54C6
:107628007E545D545E547E547E545E547D545E5444
:107638007E545E545E545D545D4C5E545E545D549D
:107648003E4C3D545D4C3E545D4C3E543D4C3D5487
:107658003E4C3D541E4C3D4C3E541D4C1E4C3D4C26
:107668001D4C3E541D4C1E4C1D4CFD4B1D4C1E4CC0
:107678003D4C1D4CFD431D4C1D4CFD43FD4BFE4B2D
:10768800FD43FE4BFD43FD4BDE43FD43DE43DD433F
:10769800DD43FD43FD43DD43FD43DD43FD3BDD436A
:1076A800DD3BDD43DD3BDE43DD43DD3BDD43BE3B10
:1076B800DD43DE3BBD3BDE43DD3BBE3BBD3BBE4366
:1076C800BE3BBD43BE3BBD3BBE3BBD3B9E3BBD3B06
:1076D800BD3BBE3B9D3BBE3BBD3B9D3B9D3BBE3B3F
:1076E800BD3B9D3BBD3BBE3BBD3B9E3BBD3B9E3B2F
:1076F800BD3B9D3BBD3B9D3BBE3B9D3B9D3BBE3B40
:107708009D3B9D3BBE3B9D3B9D439D3B9D3B9D3B88
:107718009E3B9D3B9D3BBD3BBD43DD43BD43DD43A0
:10772800DC43DD43FD4BFD531E543E645E647D64C3
:10773800BE74DE7CFD7C3E8D5D8D5D9D9D9D9EA510
:10774800DEA51EAEBDA59D9D5E8DFD84DD84DD8418
:10775800DD84DD84FD7CDE7CDD7CBE749D6C7D6C0F
:107768003E5C3E5CFD5BDD4BDD4BBE43BD4B9D434C
:107778009D3B7C3B7D3B7D3B7D3B7C335D335C337C
:107788005D335C333D2B5C2B5D2B3C2B3C2B3D2B25
:107798003C2B3C2B3C2B3C2B3C2B3C2B3D2B3C2BA8
:1077A8003D2B3C2B1D2B3C231D2B3C2B3D231C2B05
:1077B8003D233C2B3D233C2B3D2B1C231D231C2B05
:1077C8001C231C231C231D2B1C231C231C2B1C23A8
:1077D8001D2B1C231D231C2B1C231C231C231C2397
:1077E8001D2B1C231C2B1C231D231C2B1D231D2B75
:1077F8001D231D2B1D231D2B1D231C2B1D231C2B63
:107808003D2B3D2B3D231C2B1C2B1D2B1C2B3D2BBB
:107818003C2B3D2B3D2B5E335D331C2B3C233C2303
:107828003C2B3D2B3C233D2B3D2B1C2B3D233D2B43
:107838001C2B3D2B3D233C2B1D2B3C233D2B3D2B53
:107848001C231C231D2B1C231C2B1C233C2B3C23DF
:107858005D2BBE3BFD4BFE53FE4B7C333C333C2B38
:10786800BE5C9E5C9E5CBE5C9E5C9E5C9E5C9E5C00
:107878009E5C9E5C9E5C9E5C9E5C9D5C7E5C9E5C51
:107888007E5C9D547E5C9D5C7E5C9E5C7E547D5CD3
:107898007E5C7D549E5C7D549E547D547E5C7D54FC
:1078A8007E5C7E547E547E5C9E5C5E545E547D5449
:1078B8005E545D545E545D4C3E545E545E4C5E5462
:1078C8005D545E4C3D545E545D4C5E545D543E4C7C
:1078D8003D543E4C3D4C1E4C3D4C3E541E4C3E4C83
:1078E8001D4C1E4C3D4C3E4C3D4C1E4C1D4C3D4CC5
:1078F8001E4C1D4C1D4C1D4C1E4CFE4BFD431E4C7E
:10790800FD4BFE4BFE4BFD43FE4BFD4BFD4BFD433C
:10791800FE4BFD43FE43FD43FE43DD43FD43DD4394
:10792800DE43DD43DE43DD3BDE43DD43DE3BDD435B
:10793800BD3BDD43DD3BBD43DD3BBE43BD3BDE3BE5
:10794800BD3BBE3BBD3BBE43BD3BBE43BD3BBD3B5C
:107958009D3BBD3BBE3B9D3BBD3BBE3BBD3BFE4354
:10796800FF43BE3BBE3BBD3BBE3BBD3BBD3B9D3B22
:107978009D3BBD3B9E3B9D3BBD3B9D33BD3B9D3BE6
:10798800BD3B9D3BBD3B9D3BBE3B9D3B9E3B9D3BCD
:107998009D3B9D3BBD3BBE3BBD3BBD3B9D439D3B96
:1079A800DD43BD43BD43DD4BDD4BBD53FD531C548F
:1079B8005D5C9E6C9E74BD74BE74FD7C5E8D9E95F0
:1079C800DEA5FEAD1EB61EAEDE9D5D95FD84DE7C99
:1079D800BD747C6C7C74FE841F851E7DDD7CDD742B
:1079E800BE747E6C3D5C1D54FD4BFE4BDD4BDD4B88
:1079F800BD439D439C3B7D3B9C337D3B7D335C334A
:107A08005D335D335D333D333D2B3C2B3D2B3C2BB0
:107A18003C2B3D2B3C2B3D2B3C2B3D2B3C2B3C2B23
:107A28001D233D2B3C233D2B3D231C2B3D233D2B70
:107A38003C2B1D233C2B1D233C2B3D2B3C2B3D235A
:107A48001C2B1D233C2B1C233D2B1C231D233C2BB3
:107A58001C231D2B1C231C231D2B1C231C2B1C230C
:107A68001C231D2B1C231D2B3C231C2B1C231C23DC
:107A78003C2B1D231C231D2B1C231C233C2B1C23AC
:107A88003C233C2B1C2B3D2B3C2B3C2B3C2B1C2BFD
:107A98001C2B3C2B7D337D3B3D331C2B3C2B3C234B
:107AA8003D2B3D2B3D2B3D2B3D2B3C231C2B3D23C0
:107AB8003C2B1D233C2B1D233C2B3D2B1C233D2BFA
:107AC8003C2B3D2B3C233D2B3C233D2B3C2B3D2B82
:107AD8007D337D337C3BBC43FD4BBC4B1C549E64C7
:107AE800BE64BE5C9E5CBE5CBE64BE5C9E5C9E5C0E
:107AF8009E5C9E5C9D5C9E5C9E5C9E5C9E5C9D5CB0
:107B08009E5C7E5C9D5C7E5C9E547E5C9D5C7E5C27
:107B18009E5C7E547D5C9E547D5C7E547D547D5479
:107B28005E549E5C7E5C5D547E547E545D545E540F
:107B38007E545E545D545E545D545E547D545E5470
:107B48005E545E545E545D545E545E4C3D545E4CCF
:107B58005D543D4C3E541D543E4C3D4C3D543D4CB3
:107B68003E541D4C3E4C1E543D4C1E4C1D4C1E4C50
:107B78003D4C1E4C1D4C1E4C1D4C1E4C1D4CFE4BB2
:107B88001E4C1D4C1E4CFD43FE4BFD43FE4BFD435E
:107B9800FE4BFD43FD43FD43FD43FD43DD3BFD43FC
:107BA800FD3BDD3BFE43DD43FE3BDE43DD3BDD3B92
:107BB800DD43BD3BDD3BDD43BD3BBE3BDD43BE3B63
:107BC800BD43DE3BBD3BDE3BBE3BDD3BBE3BBD3B81
:107BD800BE3BBD3B9D3BBE3B9D3B9D3BBE3BDE4311
:107BE800BD3BBD3BBD3BBD3B9D3BBD3B9E3BBD3B0C
:107BF800BD3B9D33BD3BBD339D3BBE3B9D3BBD3B2C
:107C08009E3BBD3B9D3BBD3B9D3BBD3B9D3BBD3B2B
:107C18009D3B9E3BBD339D3B9D3B9D3B9D3B9C3B84
:107C2800BD3B9D43BD3B9D43BD439D439C43BC43DE
:107C3800BC4BFD533D5C3E5C3D5C7D64BE6CBD74DD
:107C4800BC7C1D859E9DFEADDDA5BE9D5D953E8DD2
:107C58001D85DD84FE841E851E85FE84FD7CBD7425
:107C68009D747D643D5CDD53DD4BDD4BDD4BFD4B91
:107C7800DD4BDD4BDD43BC439D3B9D337D335D33A5
:107C88007D335D335D2B5C2B3D333C2B3C2B3D2BF7
:107C98003C2B3C2B3D2B3C2B3C2B3C2B3D2B3C2BA2
:107CA8003D2B1C233D2B1C2B3D233C2B3D2B1C2308
:107CB8003D2B3D2B3C2B3D2B1D233C2B3D233D2BAE
:107CC8001C233D2B1C231D231C2B1C233C2B1D2359
:107CD8001C231C233D2B1C2B3D231C2B1D231C2B41
:107CE8001D231C233C231C2B1D231C233D2B1C2341
:107CF8003C231C2B3D231C233D2B3C231C233C23D2
:107D08003D2B3C233C233C233D233C2B1C233C2B79
:107D18007C337C339D3BDE435D331C2B3D2B3C2B5E
:107D28003D233D2B3D2B3C233D2B3D2B3D2B3C2325
:107D38003D2B3C2B3D2B3C2B3D231C2B3D2B3C232F
:107D48003D2B3D233C2B3C2B3C2B3C2B3C2B5D2BD8
:107D58005C2B5D2B5D2B5C331D54BE64DD745F852D
:107D68009E5CBE5C9E649E5C9E5C9E5CBE64BD5CCC
:107D7800BE5CBD5CBE5CBD5C9E5C9E5C9E5C7E5CCD
:107D88009E5C9E5C9E5C9E5C7D5C9E5C7E547D5C85
:107D98007D549E5C7E5C9D5C7E5C7D547E5C7D54E7
:107DA8005D5CBE5CBE5C5D547E5C7D547E5C7E54D6
:107DB8005E5C7E545E545E545E545D545E545E5404
:107DC8005D545D545E543E543D543E543D543E54BF
:107DD8003E543D543D4C3D543D541D4C3D541D4C6A
:107DE8001E543D4C1E541D4C1D541E4C3D4C3E4CC7
:107DF8003D4C3E4C3D4C1D4C1D4C1E4C1E4C1E4CCF
:107E0800FD4BFE43FD4B1E4CFD4BFE43FD4BFD431E
:107E1800DD4BFE43FE4BFD43FD43DD43FD43FE3B8F
:107E2800FD43FD43FD3BDE43FD43FD43DD43BD3BD9
:107E3800DD3BDD43DD43DD3BDD43DE3BBD3BDE3B80
:107E4800DD3BBE3BDE3BBD3BDE43DD3BBE3BDD3BBE
:107E5800BE3BDE43BD3BBE3BDD43BE3B9D3BBD3B26
:107E6800BD3BBE3BBD3BBE3BBD3BBE3BBD3BBD3B47
:107E7800BE3BBD3BBE3BBD3BBD3B9D3B9D3B9D3B98
:107E8800BD3B9D3B9E3B9D339D3B9D339D3B9E3B18
:107E9800BD3B9D3BBD3B9E3BBD3B9D339D3B9D3BC1
:107EA8009D3B9D3B9D439D3B9D439D3BBD43BD43AA
:107EB800BD43BD43BE43DD4BFE4BFD4BFD4BDC4B91
:107EC8001D5C1D5C7D6CFE841C959E9DDE9DBD9D8C
:107ED8009E9D5D8D3D8D1D8D3E8D3E8DFE84BD7CB0
:107EE800BD749D6C1D641D5CDD53DD4BDD53DD539E
:107EF800DD4BDD4BDD43BC43BD3B7D3B7D335D331B
:107F08007D2B5C2B5D2B5D335D2B5D2B3C2B3C2B44
:107F18003D2B3C2B3C2B3D2B3C233C2B3C233C2B2F
:107F28003D233D2B3D2B3C233D2B3D2B1C231C2B64
:107F38001C231D233C231D2B3C233D2B1C2B3D2B9D
:107F48003C2B3D233C2B3D2B3C233D2B1D233C2B25
:107F58003D2B3D2B3C233D2B1C233D2B3C233D2B14
:107F68003C2B3D2B1D2B3C233D2B3C2B1D231C2B3D
:107F78001D233C2B3D2B3D2B1C231D2B1C231C2B75
:107F88001C231D2B1C233D2B3D233D2B3C2B5C2B05
:107F98003C2B5C2B7D339E337D333C233C233D239C
:107FA8005D2B5C233D235D233D235C233C2B3C2B35
:107FB8003C233C2B3C233C2B3C233D233D2B3C23A7
:107FC8003C2B3C2B3D2B5C2B5D2B5D335C2B5D33BD
:107FD8003D2B3C235D2B9D433D64FE7CFE7C5E8DEA
:107FE800BE5CBE64BE5CBE5CBE64BE5CBE5CBE5CA9
:107FF800BD64BE5C9E64BD5C9E5C9E5C9E5C9E5C3B
:108008009E5C9E549E5C9E5C9E5C9D5C9E5C9E5CA1
:108018007D5C9E5C7D549E5C9E5C7D547D5C7E5C3C
:108028007D547E547E5C7D5C9E5C7D5C7E547D5C74
:108038007E547D5C7E545D5C7E547E5C7D545E5CCB
:108048005D545E545D545E545E545E545E543D54BB
:108058003E4C5D543E545D543D543E543D543D5455
:108068003E4C3D543E543D4C3E541D4C3E541D4CDC
:108078003E541D4C3D4C1D4C1D4C1E4C1E4C3E4C44
:108088001D4C1E4C1E4C1D4CFE43FD4BFD4BFE4B28
:108098001D44FE4BDE4BDE4BDE4BFE43FD43FD43F2
:1080A800FD43DD43FD43FD43DD43FD3BDD43DD4350
:1080B800DD43DD3BDD43DD43DD3BDE3BDD3BDE43D6
:1080C800DE3BDD3BDE43BD3BBD3BDE3BBD3BDE4334
:1080D800BD3BBD3BBE3BBD43BE3BBD3BBD3B9E3BED
:1080E800BD3BBD3BBD3BBD3BDE3BBD3BBD33BE3BAE
:1080F800BD3BBD33BD3BBD33BD3B9E3BBD3B9D3B07
:10810800BE3B9D33BD3B9D3B9D3B9D3B9D3BBD3B4E
:108118009D3BBD3B9D3B9D3B9D3B9D3B9D3BBD3B57
:108128009D3B9D3B9D3B9D3B9D3B9D3BBD439D4357
:10813800BD43BD43BD43BD43BD43BD43BD43BC4338
:10814800DC4B1D54FC5B3D649D74FD7C5E8D9E95EF
:10815800DF9DBE9D7E9D5D8D3D955E953E8DFD842A
:10816800BD7CBD747D6C5E645D5C1C5CFD53DD4B49
:10817800DD43BD43BD3BBD3B9C337D337D335D3328
:108188005D337D335C2B5C2B5D333C2B3D335D2BAA
:108198003C2B3D2B3C2B3C233D2B3C2B3D2B3C2BA4
:1081A8003D2B3C2B3D2B3D2B3C2B3D233D2B3D2399
:1081B8003C2B3D2B3C2B3D231D2B3C2B3D233D23B2
:1081C8001C2B3D2B1D233C2B1D2B3C233D2B3D2BDA
:1081D8001C233D2B1C2B3D233D2B1C2B3D231D2BF2
:1081E8003C233D2B3C233D2B1D233C2B3D2B3C238B
:1081F8003D2B1C233D231C2B3D2B3C233D2B3D2B92
:108208003D233C2B3D2B3C2B5C2B3C2B7D337D3382
:108218001C2B3C333C2B3C2B3C2B3D2B5D2B3C231C
:108228005D2B3D2B5C2B5D2B5C2B3D2B5D233C2B71
:108238003D2B3C233D2B3C2B3D2B5D233C2B3D2BE9
:108248005C2B3D2B7C335D2B3C2B5D2B7D337D33B1
:108258009D3BBD43DD43FD5BDE74FE749D74DD7C98
:10826800BE5CBE5CBE64BE5CBE5CBE64BD5CBE641F
:108278009E5CBD5C9E5CBD5C9E5C9D5C9E5C7D5C0A
:108288009E5C9D5C7E5C9E5C9E5C9E5C9E5C7E5C57
:108298009E5C9E5C9E5C7D5C7E5C7E5C7D549E5C90
:1082A8007E5C7D5C9D5C7E549E5C9D5C7E547E54B1
:1082B8005D5C7E547E5C7E547D5C7E5C7E547E5C20
:1082C8007E547D5C7E545D545E545D545E545D54B2
:1082D8005D543E545D543E545D543D545E4C3D5493
:1082E8003E543D543E543D4C3E543D543D4C1D542B
:1082F8003D4C3E543D541E4C1D4C3D4C1D4C1E4C9B
:108308001D4C1D4C1D4C1E4C1D4C1D4C1D441D4C24
:108318001D4CFD4BFD4BFD4BFD4BFD43FD431D44EB
:10832800FE4BFE43FD43FD43DD43DD43FD43DD3BA3
:10833800FD43DD43DD3BFD43DD43DD43DD3BDD4305
:10834800BD3BDD43DD3BDD43BD3BBD43DD3BBD3BCD
:10835800DD3BBD43DE3BBD3BBE3BBD3B9D3BBD3B2B
:10836800BE3BBD3BDE33BD3BBD33BD3BBE3BDD3B12
:10837800BD3BBE3BBD3BBD33BD3B9D3BBD3B9D3384
:108388009D3BBD3B9D3B9D339D3B9D339D3B9D3B15
:108398009D33BE3B9D3BBD3BBE3BBD3BBE3B9D3B7A
:1083A8009D3B9D43BD3B9D439D3B9D43BD3BBD4385
:1083B800BD3BBD43BD3BBD43BD3BBD43BD3BBD43D5
:1083C800BC43BC4BDD4BFD53FE531D5C5C64DD744C
:1083D800FE7C1D855E959E957E959E9DDE9D9D9D50
:1083E8003D8D3E85BD74BD749D6C7D641D54DE4B12
:1083F800DD43BD439D3B9D337D335D335D337D332D
:108408007C335D2B5C2B5D2B5D333D2B5C2B5D330F
:108418005D2B3C2B5D2B3C2B3C2B5D2B3C235D2BA0
:108428003C233D2B3D233C2B3D2B3D2B3C2B3D2B17
:108438003D2B3D231C2B3D2B3C231D2B3C2B1D2B67
:108448003C233D2B3C2B3D233D2B1C2B3D231C2B40
:108458003D233C2B3D231C2B3D233C2B3D2B3C2318
:108468001D2B3C231D2B3C2B3D2B1C233D2B3D2B37
:108478003D2B3D2B3C2B3D233C2B3D2B3D233C2BC7
:108488003D2B3D2B3D233C2B3B2B3C2B1B2B7D338A
:108498003C333C2B3C2B5D2B3D2B5C2B3D235D2B38
:1084A8005D2B5D2B5D2B5D2B5D2B5D2B3C2B5D2BA5
:1084B8003C2B3D2B5C2B3D2B5C2B3D233C233D2B48
:1084C8005C2B5D337D335D2B5D2B5C2B9D3BBD3B76
:1084D800BD4B5D549E6C9E74DE7CBE745E64BD7440
:1084E800BE64BD64BE5CBD64BE5CBE5C9E64BD5CB7
:1084F800BE5CBE64BD5C9E5CBD649E5CBE5C9E5CF6
:108508009D5C9E5C9D5C9E5C9D5C9E5C7D5C9E54BF
:108518009D5C7E5C9D549E5C9D5C9E5C9E5C7D5CCF
:108528009E5C9E547E5C9D5C7E5C9E5C7D5C7E5405
:108538007D5C7E547D5C9E5C9E5C7E5C7D5C7D5437
:108548007E5C7D545E5C5D547E545D5C5D545E541F
:108558005D545D543D545D543E4C5D543D545D54F2
:108568003E543D4C3E543D543D4C1D543E4C1D54D0
:108578001D543D4C3E543D543D541E4C3D4C1D4CE9
:108588003E4C1D4C3D4C1D4C1D4C1D4C1D4C1D4C5A
:10859800FD4B1D441D4CFD43FE43FE431D4CFC4357
:1085A800DE431E441E441E3CFD43DD43FD43FD43A4
:1085B800DD43DD43DD43DD3BDD43DD43DE43DE3BC1
:1085C800DD43DE43DE43DD3BDE43BD3BDD3BBD43F8
:1085D800DD43DE3BBD3BBE43BD3BBE3BBD3BBE3B7F
:1085E800BD3BBD3BBD3BBD3BBE3BBD3BBD33BD3BCA
:1085F800BD33BD3BBE3BBD3BBE3B9D3BBE3B9D3BF8
:108608009D3B9D3B9D3B9D3B9D339D3B9D339D3BB2
:108618009D3B9D3B9D339D3B9D339D3BBD3BBD3B62
:10862800BD43BD43BD3B9D43BC3B9D3BBD43BD3BA3
:108638009D3BBD3B9D43BD3B9D3BBD43BD3BBD43BA
:10864800BD43BD43BD43DC43DD43FC4BFD531D5CD3
:10865800FC5B1C647D6CFE845E8DBE9DDD9DDD9D96
:10866800DD9D9D951D85BC747D6C5D641D54FD4B21
:10867800BD439C3B7C337D335C335D335C335D2B86
:108688005D337D2B7D2B5C333D2B5D2B5D333C2B8C
:108698005D2B5D2B3C2B5D2B5D2B5C2B3D2B5C2BD5
:1086A8003D2B3D2B3C2B3D233D2B3C233D2B3D239C
:1086B8003C2B3D2B3D233D2B3D2B3C233D2B3D2B84
:1086C8003C231D2B3D231C2B3D233C2B3D2B3C23C6
:1086D8003D2B1D2B3D2B3D2B3C2B3D231D2B3C2B9C
:1086E8003D231D2B3C2B3D231C2B3D233D2B3C23A5
:1086F8003D2B3C231D2B3C2B1D233C2B1D2B3C23AE
:108708003D2B3D2B3D2B3C2B3D2B3C2B5C33DE4343
:108718003E54BD3B3C333C2B5D2B5D2B5D2B5D2BD1
:108728005D2B5C2B3C2B5D2B3C2B5D2B5C2B3D2B65
:108738005C2B5D2B5C2B3D2B5D2B5D2B5D2B5D2B13
:108748005D2B5C2B9D3B7D335C2B5C2B7D33DD43AC
:108758003E541C547E647E6C5D5C3D5C1E5C9E6C6D
:10876800DE5CBE64DE64BD5CBE64BD5CBE5CBE64D3
:10877800BE5CBE64BD5CBE5CBE5CBD5CBE64BD5C14
:108788009E5CBD5C9E5C9E5C9E5C9E5C9E5C9E5CF2
:108798009E5C9E5C7E5C9E5C9E5C7E5C9E5C9E5C41
:1087A8009D5C9E5C9E5C9E5C9E5C7D549E5C7D5C3C
:1087B8007E5C9E5C9E5C9E5CBE5CBE5C9E5C9E5CC1
:1087C8007D547D5C7E547D5C5E547D547E545D5C3E
:1087D8005D545E543D545E543D545E543D545E5465
:1087E8003D545D543D545E543D543D543D4C3D54C0
:1087F8003D541D543D541D4C3D543D4C3E543D4C40
:108808001D4C3D4C1E4C3D4C1D4C1D4C1D4C1D4CD7
:108818001D4CFD431E44FE431E4C1D545D5C7C6490
:108828005C5CFC4BFD431E441D44FD4BFD4BFE436D
:10883800DD43FD3BDD43FD43DD43DD43DD43DD43F8
:10884800DD43DD43DD43DD43DD43DD43DD43DD4320
:10885800DD43BD3BBE43DE3BBE43BD3BBE3BBD3BF4
:10886800BE3BDD3BBE3BBD33BD3BBD3BBE3BBD3B25
:10887800BE3BBD33BD3BBD33BD3BBD3BBD3BBE3B3E
:108888009D3B9D339D3B9D3B9D3B9D3B9D3B9D3B28
:108898009D339D3B9D3B9D3B9D3B9D3BBE3BBD3BD7
:1088A800BD43BD3BBC43BD3BBD43BC43BD3BBD43DA
:1088B800BD3BBD43BD3BBD43BD3BBD43BD43BD43C8
:1088C800DD43BE43DD43DC43DC43DD4BDE4BDD4BA8
:1088D800FD4BDD53FD5B5D64BD743D859D95DE9D5F
:1088E800DEA5DE9D7D8DFD849D743E641D5CFD537B
:1088F800DD4BBC437D335C335D337D335D335D33AA
:108908005C2B5D337C2B5D2B5D335C2B3D2B5D330A
:108918005C2B3D335D2B5C2B3D2B5C2B5D2B3D2B6A
:108928003D2B3D2B3D2B3D2B3C2B3D2B3D2B3C2B01
:108938003D233D2B3C2B3D2B3C2B3D2B3D233D2B01
:108948003D2B3C2B3D2B3D2B3C2B3D233D2B3D2BE9
:108958003C2B3D233C2B3D233D2B3C2B3D233D2BEA
:108968003C2B3D2B3D233D2B3D2B3C2B3D2B3D2BC9
:108978003C2B3D2B3D233D2B3D2B3D233D2B3D2BC0
:108988003D2B5D2B5D2B3D2B5D2B5D2B5C337C33B1
:10899800BD3BFF439D335D335D2B5D2B5C235D2B1E
:1089A8007D337D333C2B3C2B5D2B5C2B5D2B5D2B72
:1089B8005D2B5D2B5D2B5C2B5D2B5D235D2B5C2B79
:1089C8005D2B3C2B9E3BDD43BD43BD337C337C3369
:1089D800BC4BFD539E6C9E6C7D64FD53BB4BBD74BC
:1089E800DD64DE64DD64DE5CDD64DE64DD64BE649B
:1089F800DE5CBE64BE5CBE64BE64BE5CBE5CBE645F
:108A0800BD5C9E5CBD5CBE5C9E5CBE5C9E5C9E5C10
:108A18009E5C9D5C9E5C9E5C9E5C9E5C9D5C9E5C80
:108A28009E5C9E5C9E5CBE5C9E5C9D5C7E5C9E5C6F
:108A38009D5C9D5C9E5C9E5C9E5CBE649E5C7D5C59
:108A48009E5C7D5C9D5C7E547D5C7E5C7D5C7E5422
:108A58005D545D545E545E545D545E545E545D5482
:108A68005E545D545E545D543D545D4C3E543D54DB
:108A78003D543D541D4C3D543D541D4C3D4C3D54BE
:108A88003D4C3E543D545E545E4C3D543E4C3D4C32
:108A98001D4C1D4C1E443E543D5C1E7D3EA69EB69C
:108AA8009FB63D855C54FD4B1D4CFD4BFD43FD437E
:108AB800FD43FD43FD43DD43FD43FD43DD43FD43EE
:108AC800DD43DD43DD43BD43DD43DD43FD43DD439E
:108AD800DD43BD43DE3BDD43BE3BBE43BD3BBE4342
:108AE800DD3BDE3BDE3BDD3BBE3BDD3BBE3BDD3BFA
:108AF800BD3BDE3BBD3BBE3BBD3BBE3BBD3BBD3B8B
:108B0800BD3BBE3BBD3B9D3BBE3BBD3BBD3BBE3BBA
:108B1800BD3BBD3BBE3B9D3BBD3B9D3BBD3BBE3BCB
:108B2800BC43BD43BD43DC43BD43DD3BBD43DD3BEF
:108B3800DD43DD3BDD3BDD43BD43BC43BD4BBD4BAE
:108B4800DD4BDD4BBE43DC4BDD4BBD43DD43DD4B35
:108B5800FD4BDD4BDD531E5C5D64BE741E855E8D72
:108B68009E9DBE9D9E953E8DFE7C9E745E643D548A
:108B7800DC4BBC439D437D3B7D337D337D335D338F
:108B88005C2B7D2B5D2B5C333D2B5D2B5C333D2BB0
:108B98005D2B5C2B5D2B3C2B5D2B5D2B3C2B5C2BD1
:108BA8005D2B5D2B5D2B3D2B3D233C2B1D233D2B4E
:108BB8003C2B3D2B3D233C2B3D233D2B3C2B3D2B80
:108BC8003D233D2B3D2B3D233D2B3D2B3C2B3D2B6E
:108BD8003D2B3D2B3D2B3C2B3D2B3D2B3D2B3D2B4E
:108BE8003D2B3D2B3C2B3D2B3D2B3D233C2B3D234F
:108BF8003D2B3D2B3C2B3D2B3D2B3C2B3D2B3C2B30
:108C08005D2B3D2B3D2B5D2B5C2B5D2B3C2B5D3376
:108C18005D2B5D337D337D335D2B5D2B5D2B5D2BB4
:108C28007D33BE3B9E335C335D335C335D2B5C2B05
:108C38005D2B5C2B5D2B5D2B5D2B7D2B5D2B5D2BCD
:108C48005D2B5D335C2B9C431D4CFE437D337C3395
:108C5800DD433D5C7E6CBD74BD6C5E647E743D8D91
:108C6800DE64DD5CDE64DE64DD64DE64DE5CDE64FE
:108C7800BE64DD64BE5CBD64BE5CBE64BE64BE64CE
:108C8800BE64BE64BE649E649E5C9E649E5C9E647C
:108C98009E5C9E5C9E649D5C9E5CBD5C9E5C9E5CD6
:108CA800BD5C9E5C9D5CBE5C9E5CBE5C9D5CBE5C6F
:108CB8009E5C9E5C9D5C9E5C9D5C9E5CBE5C9E5CBE
:108CC8007D549E5C7E5C7D547D5C7E547D545D54F9
:108CD8007D5C7D545D545D5C7E545D5C5D545E5C82
:108CE8003D5C3D541D547E6C5E85DE6C5E543D5487
:108CF8005C5C9D74BC7CDE9D7FAEBD6C3C5C3D5471
:108D08003E4C3D4C3E4C3D543D545F545E541D4CCE
:108D18001D4C1D541D541D5CBC749D95FECE5FDF1B
:108D28001ED73ED73FA65C64FD4BFD4BFD43FD4B74
:108D3800FE43FD43DD43FE43FD43DD43DD43DD43A9
:108D4800DD43DD43DD43DD43DD43DD43DD43DD431B
:108D5800DD43DD43DE43DD43DE3BDD3BDD43BD3B41
:108D6800DE3BDE3BDD3BDE3BDE3BDE3BBD3BBE3B75
:108D7800DE3BBD3BBD3BBD3BBE3BBD3B9E3BBD3B28
:108D8800BE3BBD3BBE3BBD3BBD3BBD3BBD3BBD3B19
:108D9800BD3BBD3B9D3BBD3BBD3B9D3BBD3B9D3B6B
:108DA800BD3BBD43DD3BBD43BD43BD43BD43BC3BB4
:108DB800BD43BD43BD43DD3BBD43BC43BD43DD4374
:108DC800BD43DD43DD43BD43BC43BD43BD43BC435D
:108DD800DD43DD43DD4BFD4B1D5C5D5C5D649D6CDF
:108DE800DD7C3E855F8D5E8DFE7CDD7CBD747D6C9B
:108DF8003D5CBC4B9C437D3B7D3B7D3B5D337D3384
:108E08005E337D335D335D2B5D335D2B5D2B5C2BDA
:108E18005D2B5D2B5D2B5D2B5C2B5D2B5D2B5D2B0B
:108E28005D2B3D2B5C2B3D2B5C2B3D2B5D2B3C2B7D
:108E38003D233C2B3C2B3D2B3C2B3C2B3D233C2BFF
:108E48003C2B3C2B3C235C2B3C2B3D2B5D2B5C2B88
:108E58005D2B3C233C2B3D233C2B5D2B5C2B3D2B7E
:108E68003C235C2B3D233C2B5C2B3D2B3C2B3D2B8F
:108E78003C233C2B3D233C2B5C235D2B3D2B5D2B66
:108E88005D2B5C2B5D2B5C2B5D2B5D2B5D2B5D2B9C
:108E98005D2B5C2B5D2B5D2B5C2B5C2B3C237C338F
:108EA800FC43FD4BBE435D333C2B5D2B5D2B5C2BA4
:108EB8005D2B5C337D2B7C337D2B7D2B5D2B7D33B4
:108EC8005C2B7C337D335C3BDD439D3B7D337D3BBD
:108ED800BD3BDC43BD431D545D5C9D6C5E8DBE9DFA
:108EE800DD64DE64DD64DE64FE64DD64DE64DD5C56
:108EF800DE64DD5CDE64DD64DE64BE64BE5CBE64CC
:108F0800BE5CBD64BE5CBE649E5C9E649E5C9E64EA
:108F18009E5C9E64BD5CBE649D649E5C9D64BE5CFC
:108F28009D64BE5CBD5C9E64BD5C9E5CBE649E5CD4
:108F38009E5C9E5C9E5C9E5C7E5C9E5C7D549E5CA2
:108F48007E5C9D5C9E5C7D547E5C7D545D5C7D5446
:108F58005D545E547D5C7D545D545D5C5D5CBE6CAF
:108F68007E85FC6CBD6C3C85DEBE3EA61B549D6CAC
:108F7800BE959FBE5FD75FE77EDF1FC7FE9D5C641F
:108F88001D543E4C5D4C3D541E4C1E541D4C3C5CC7
:108F98003D64FD7CBE955C853EAE1ECF5EE77FEFEF
:108FA8007EE73ED75EB69C6C1D54FD431D44FD4BC9
:108FB800FD4BFD4BFE4BFD43FE4BDD43FD4BDD43BF
:108FC800DD43DD43DD43DD43DD43DD43DD43DD4399
:108FD800DD43DD43DD3BDE43DD43DD3BBD43DD3BC0
:108FE800DE3BDD43DE3BDE3BDD3BDE3BBD3BBE3BEC
:108FF800BD43BE3BBD3B9E3BBD3B9D3BBD3B9E3BFE
:10900800BD43BE3BBD43BD3BBD3BBD3BBD3BBD3B87
:10901800BD3BBD3BBD3BBD3BBD3BBD3BBC3BBD3B89
:109028009C3BBD3B9D43BD3B9D3BBC3BBD43BD43C2
:10903800BC3BBD43DC43BD43DC43BD43BD43BD43F3
:10904800DD43BD4BDD43BD43DD43BD43BC43BD43B1
:10905800DD43BD4BDD4BDD4BFD531D541D541C54EE
:109068001C645D64BD74DE74DE74DD74FE7CBD74E6
:109078007D6C1D5CBD439D437D3B9D3B7D3B7D33AE
:109088005D335D335D2B5D2B7D2B5D2B5C2B5D2B69
:109098005D335C2B5D2B5C2B5D2B5D2B5C2B5D2B83
:1090A8005C2B5D2B5D2B5C2B5D2B5D2B5C2B3D2B9B
:1090B8003C2B5D2B3C2B3D233C2B5D2B3C2B3D2B34
:1090C8005C2B5D2B3D2B3C2B5D2B3C235D2B3C2BE4
:1090D8005D2B5D2B3C2B5C2B3D2B5C2B3D2B5C2BAC
:1090E8005D2B3C2B5D2B3C2B3D235C2B3D2B5C2BC4
:1090F8003C2B5D2B5C2B3D2B3C2B5D2B5C2B5C2B8D
:109108005D2B5D2B5D2B5D2B5C2B5D2B5C2B5D2B19
:109118005C2B5D335D2B3C2B5B339C433D545D5C8A
:10912800FE743D5C3C3B5D335C337C2B7D337C3390
:109138007D335C2B5C335C2B5C335D2B5D335D2BAB
:109148005D337C337D339D433E5C1D549C3B5D33D6
:109158007C337C2B7C33BC3BDC433D54DD7C3E853F
:10916800DE64DE64DD5CFE64DD64DE64DD64DE64D2
:10917800DD5CBE64DE64DE5CDD64BE64BD64BD646B
:10918800BE64BE64BD64BE64BE64BE5CBE649E64F0
:10919800BE64BE64BE64BE5CBE649D5CBE649D5C11
:1091A800BE5C9E5CBD5C9E5CBD5CBD5C9E5C9E5C6A
:1091B800BE5C9E5C9E5C9D5C9E5C9E5C9E5C7D5CD9
:1091C8009E5C7E549E5C7D5C7E5C9D5C7E547D5C7A
:1091D8007E547D5C7E547D5C7D5C7D5CBD641E6DD3
:1091E800BE8DDE8DFE9D7FBE7FDFFEC69D9D7D957B
:1091F8005EBE5EDFBDF7BDEF9EF7BDF79FE7FDA53D
:10920800BC745D5C1D4C3D543D543D547C649E8D46
:10921800DE9DFDAD7DBEDEC65ED79EE79EEF7EEF8E
:109228007EEF1ED7DFC65D853D5C1D4C1D441D4C81
:109238001D4C1D44FD4BFE4BFD43FD4BDD43FD4BDB
:10924800DD43FD4BDD43DD43FD4BDD43DD43DD43C6
:10925800DD43DD43DD43DD43DD3BDD43DD3BDD4316
:10926800BD3BDE3BBD43DD3BBD43DD3BBD43DD3B9D
:10927800BD3BBD3BBD3B9D3BBD3BBD3BBE3BBD3B45
:10928800BE3BBD3BBE3BBD3BBD43BD3BDD43BD3BE4
:10929800BD43BD3BDD43DD43DD3BBD3BBD3BBD3B8E
:1092A800BD439D43BD3BBD439D43BD3BBD43BC3B0F
:1092B800BD43BC3BDD43BD3BBD43BC43BD43DD4378
:1092C800DD43DD43BD4BDD43DD4BDD43BD43DD43C6
:1092D800DD4BDD43DD43FD4BDD4BFD4BFC531D54A6
:1092E8001D5C1D5C3D5C5D5C7C64BE6CDE74DE7C7C
:1092F800BE6C5D643E5CFD4BDD43BD439D3B7D3BE9
:109308007D337C335D337D335D2B5D335D2B5C2B8F
:109318005D2B5D2B5C2B5D2B5D2B5C2B5D2B5D2B07
:109328005D2B5C2B5D2B5D2B5D2B5C2B5D2B5C2BF8
:109338005D2B3C2B5D2B5C2B5D2B5C2B5D2B5C2B09
:109348005D2B5D2B5C2B5D2B5D2B5C2B5D2B5D2BD7
:109358003C2B5D2B5D2B3C2B5D2B5C2B5D2B5C2B09
:109368005D2B5D2B5D2B5C2B5D2B5C2B5D2B5D2BB7
:109378005D2B5C2B3D2B5C2B5D2B5C2B3D2B5D2BE8
:109388005C2B5D2B5C2B5D2B5D2B5D2B5D2B5D2B97
:109398005D2B5D2B3C2B9D435E5CBE6C3E8D3E8DF4
:1093A8005E8DDF7C7D3B5D337D339C33BD43DE4387
:1093B800DE4B7C3BDE439D435C337D2B7E2B5D3354
:1093C8005C2B5C33BE43FE4B3D541E549D3B9D338A
:1093D8005D339D339D33BC33DD3BBD431D545D5C24
:1093E800FE64FE64DE64DE64DE64FE64DD5CDE640E
:1093F800DD64DD64DD64DD64DE64BD5CDD64BE64A3
:10940800BD64BE5CBE64BE5CBE64BE64BE649D5C7E
:10941800BE5C9D64BE5CBE64BE64BE64BE5CBE646D
:10942800BD5CBE64BE5C9D64BE5C9E64BE5C9E64A6
:10943800BE5C9E5C9E5C7E5C9D5C7E5CBE5C9E5C55
:109448009D5C7E5C9D5C9E5C7E547D5C7E5C9E5CCF
:109458007D5C7E5C7E547D5C7D547D5CBD64BD6CB2
:109468001E7DFB747E8D9FBE1ED75EE75ED7BDCE88
:10947800DED65FEF9EF79DEF7DEF7FF79EEF9FE7CC
:109488005FD7FEA5FE7C9D643C5CDD6C9E8DDD9DFA
:109498001DAE9EBEFFCE1ED73DDF5DE79EEF7EE789
:1094A8003DE71ED7DECE5FAE7D5C1D4C1D4CFD43F7
:1094B8001D4CFD4B1D44FD4BFE4BFD43FE4BFD4338
:1094C800FD43DD4BFD43DD43FD43DD4BDD43DD4324
:1094D800DD43DD43DD43DD3BDD43DD43DD43DD3B94
:1094E800DD43DD3BBD3BDE43DD3BDE43DD3BBD43D2
:1094F800BD3BBD43BD3BBD3BBD3BBE3BBD3BBD3B9B
:10950800BE43BD3BDE43BD3BDD3BBD3BDD43DD3BF9
:10951800DD43DD3BBD3BBD3BBD43DD3BBD43DD3BEB
:10952800BD43BD3BBD43BD43BD43BD43DD43BD431B
:10953800DD43BD43DC43BD43DC43BD43BC43BD43C6
:10954800BD4BDD43DD43DD43DD4BDD43DD4BBD433B
:10955800DD4BFE4BFD4BFD4BFD4BFD4B1D541E548F
:109568003D541D54DC4BDC4BDC4BFD535D5C7C6C8B
:109578007D643D5C1D541D541E54FE43DD439D3BDC
:109588009D337D339C337D337D2B5D2B5D335D2B8C
:109598005D2B5D335D2B5D335D2B5D335D2B5C3364
:1095A8005D2B5D335D2B5C335D2B5D2B5D2B5D2B64
:1095B8005C2B5D2B5D2B5D2B5D2B5D2B5D2B5D2B64
:1095C8003C2B5D2B5C2B3D2B5C2B5D2B3C2B5D2BB7
:1095D8005C2B3D2B5C2B5D2B5D2B3D2B5C2B3D2BA6
:1095E8005C2B3D2B5C2B5D2B5D2B5D2B3C2B5D2B76
:1095F8003C2B5D2B5D2B5D2B5D2B5D2B5C2B5D2B45
:109608005D2B5D2B5D2B5C2B5D335C2B5D2B5D3304
:109618005C2B5C339C433E5C7D64DE7C7F951D8DBA
:109628007D95DD749C435D2B5E2B7C33BC43FC5BDA
:109638001C5CBB4B1D5C5D645D5CDC435C33BC4304
:109648003D541C4CDC4B9D3B7C335D337E337D337A
:109658009C2B7D2B7D337D339C2B9D331E4C1D54C1
:10966800FE64FE64FD64DE64FD64DE64DD64DE6465
:10967800DD64FE64DE64FD64DD64FD64BD64DD6498
:10968800BE64BE64BE64BE64BD64BE64BD64BE64C4
:10969800BD64BE5CBE64BE64BE64BE64BE64BE64BB
:1096A8009E5CBD5CBE64BD5C9E5CBD5C9E5CBE5C3D
:1096B8009E649E5C9E5C9E5C9E5C9E5C9E5C9E5CCA
:1096C8007E5C9D5C7E549E5C9E5C9D5C7E549D5C35
:1096D8009E5C7E547D5C7E5C7D5C9D5C9D64DD64EF
:1096E800BE743D759F8DBE9D7EBE3ED75EDF1DD785
:1096F8003EDF7EE77DE77EE73EDF1ED73EDF5EDFAB
:109708007FDFFECE7EBEBF8D7C5C9E6C5F7D1D7D47
:10971800FD849F9DDDA59EBEFDC61ECFDECE1ED755
:109728003FDF1ED7DEC67FB6BD743C543D4C1C4C93
:109738001D4CFD4B1D4C1D4C1E4CFD43FE4BFD4B63
:10974800FE43FD43FD4BFE43FD4BFE43FD43DD4B16
:10975800FD43DD43FD43DD43FD3BFD43FD43FD4349
:10976800BD43DD43DD43DD43DD43DD43BD3BDD3B41
:10977800BD3BDD3BBD3BDD43DD3BBD43BE3BBE43A7
:10978800BD3BBE3BBD3BBD43BD3BDD3BBD3BBD3BE8
:10979800BD3BBD43DD3BBD3BDD3BBD3BDD3BBD3B99
:1097A800BD43BD43BD43BD3BBD43BD3BBD43DC43A2
:1097B800BD3BDD43DD43DD43DD43BD43BD43BC432A
:1097C800DD43BD43DD4BBC43BD43BD43BD43BC434B
:1097D800DD43DD43FD43DD4BDD43DD4BFD4BFD53F9
:1097E8001D4CFC4BFD4BDD4BBD43BD43DD4BFD53D9
:1097F800FC53DC4BBC43FD4B3E4CFE4BDD439D3BD9
:109808009C3B9D337D337D335D337D2B7D2B5D33D9
:109818007D2B5D2B7D2B5D2B7D335D2B7D2B5D2B78
:109828007D335D2B7D2B5D2B7D335D2B5D335D2B78
:109838005D2B5D2B5C2B5D2B5C2B5D2B5C2B5D2BE3
:109848005D2B3C2B5D2B5C2B3D2B5D2B5C2B3D2B33
:109858005C2B5D2B5D2B5C2B5D2B5C2B5D2B5D2BC3
:109868003C2B5D2B5C2B5D2B5C2B5D2B5C2B5D2BD4
:109878005C2B5D2B5C2B5D2B5C2B5D2B5D2B5C2BA4
:109888005D2B3C2B5D335D2B5D2B7D335D2B7D2B61
:109898005D33DE431D545E643D64BE74DE7CBD747E
:1098A8003E7DDD6CFD4B9C3B5B33DC4B7E8DFF9D31
:1098B800BE9DFC84DB7C3D8D7D957D8DFC849E9DCD
:1098C800BFB67FBE9D9D1D7D9C64DB4B9B3B5C2B87
:1098D8007C2B7D335C339C339D3B9D33DD433D5472
:1098E800FE64FE6CFE64FE64FE64FE64FE64FD6459
:1098F800FE64FD64FD64DD64FD641E6D5E75DD64FB
:10990800BD64DE64BE64DE64BE64DD64BE5CBD64EA
:10991800BE64BD64BE64BE64BE5CBD64BE64BE6439
:10992800BD5CBE5C9E5CBE64BE5CBE64BE5CBE6468
:10993800BE5CBE5C9E5CBE5C9E5C9E5C9E5C9E5CEF
:109948009E5C9E5C9E5C9E5C9E5C9E5C9E5C7E5C5F
:109958009D5C7E5C7E547D5C7E5C7E5C7D5C5D5C3B
:109968009D64FD6CDD6C1D7D3D853DAEBFBEBEBEFC
:109978001ECF3ED7FECEDEC69DBE3DA63EAE7EBE07
:109988005EB61DAE1EA65E8DBE6C5D5C5D5C5C5CED
:109998003D5C5D5C5D5C5E85FF9DFFAD9D95FDA5B5
:1099A800DEC63ED7FED65EB67E8DFE749E5C5E54E5
:1099B8003C4C1D4C1D4C1D441D4CFE4B1D4CFE4B80
:1099C800FD43FE4BFD43FE4BFD4BFE4BDD43FE4B83
:1099D800DE43FD43FD43FD43FD43DD43FD3BDD43E6
:1099E800DD43DD43DD43DD43DD43DD43DD43DD436F
:1099F800DD3BDD43DD43DD3BBD43BE3BBD3BBE3B05
:109A0800BD43BE3BBE43DD3BBD3BBD43DD3BBD432C
:109A1800DD3BBD3BDD43BD3BBD43DD3BBD43BD3B06
:109A2800BD43BD3BBD43BD43BE43DD43BD43DD3BFD
:109A3800BC43DD43DD43DD43BD43BC43BD43BD43C0
:109A4800DD43DD43BD43BD43DD4BDD43BC439D43A7
:109A58009C43DC43DD43DC43DD43DD4BBD43DD4B51
:109A6800DC43DD4BDC43BD43BD43BD4BDD43DD4340
:109A7800BD43BD3B9C3B9C3BBD43DD43BE439D3B3F
:109A88007D337D337D337D2B7D335D2B5D2B7D2BAE
:109A98005C337D2B5D335D2B7C2B5D335D2B7D3300
:109AA8005D2B7D2B5D337D2B5D2B7D335D2B7D33D6
:109AB8005D2B7D335D2B7D335D337D2B5D335D2BDE
:109AC8005D2B5D2B5D2B5D2B5D2B5D2B5D2B5D2B4E
:109AD8005D2B5D2B5C2B5D2B5D2B5D2B5D2B5D2B3F
:109AE8005D2B5D2B5D2B5D2B5D2B5D2B5D2B5D2B2E
:109AF8005D2B5D2B5D2B5C2B5D2B5D2B5C2B5D2B20
:109B08005D335D2B5C2B7D2B5D337D2B5D2B5D33B6
:109B18007D2BBD3B1D4CFD4BDC4B5E5C1D5CDD5362
:109B28001D5C7D647D647D6C9D74DC7CDDA5BFC699
:109B3800BFC69EBE9EBEDFC6DFCEFEC6FEC61FD710
:109B4800FECE1ED73FD73ED71ECF7EB65EA6DB74AD
:109B5800BB4BDC4B7B43FC4BFD4BBD3BFE4B1D54D1
:109B6800FE6CFE64FE6CFE64DE64FD6CFE64FD64E7
:109B7800FD64DD64DD64FE64DD64FD64BF855F75DE
:109B8800BD64DE64DE64BD64BE64DD64BE64DD6441
:109B9800BE64DE64BE64BE64BE64BE5CBE64BE6495
:109BA800BE64BE64BD5CBE64BD5CBE64BE5C9E64D7
:109BB800BE5CBE649E64BE64BE5CBE64BE5C9E64E5
:109BC8009E5C9E5C9E5CBE649E5C9E5C7D5C9E5CB6
:109BD8007E5C9D5C7D549E5C7D547E5C7E5C7E5C80
:109BE8007D5C7D5C7D5C7E64BD6CFE7C9E95FEA587
:109BF8001EA6BE9D7D959D95BE951D751D7D3E85B8
:109C08001E85BD747D6C7D649D647E647D5C5D5441
:109C18005C543D545E545D5C5D647D74DD745E8DA2
:109C28005EBE3FD73ED75EB69E9D5F859D645D5CF8
:109C38003E4C1D4C1D4C3E4C1E4C1D4CFE4B1D4CB1
:109C4800FD4BFD4BFE4BFD43FE4BFD43FD4BFD43E2
:109C5800FD4BFD43FD43FD43FD43DD43FD43FD4314
:109C6800DD43DD43DD43DD43DD43DD43DD43DD43EC
:109C7800DD43DD43BC3BDD43DD43BD3BBE43BD436C
:109C8800DD3BBE43BD3BBD3BDD43BD3BDE3BBD3B9A
:109C9800DD43BD3BBE3BDD3BBD43BD3BDD3BBD3B8B
:109CA800BD43BD43BD3BBD43BD3BBD43BD43BD43BC
:109CB800BD43BC43BD43BD43DD43DD43BD43DD433D
:109CC800DD43DD43DC43DD43DD43DD43BD43BC43CE
:109CD800BD3BBD43BC43DD43BC43BD43BD43BD4366
:109CE800BD43DD43BD43BD43BD43BD439D3BBD3B7C
:109CF8009D3B9D3B9D3B9C339D3B9D3BBD3B9D338D
:109D08007D337D337C337D337D337D335D337D2BF4
:109D18005D335D2B7D335D2B7D335D2B7D2B5D2B83
:109D28005D337D2B5D2B5D337D2B5D2B7C337D2B54
:109D38007D337D337D2B5D337D2B7D337D2B7D33D3
:109D48007D2B5C337D2B7D335C2B7D335D2B5C332E
:109D58007D2B5D2B5D335D2B5C2B5D335C2B5D2B8D
:109D68005D337C2B5D2B5C335D2B5C335D2B5D336E
:109D78005C2B5D335D2B5D335D2B5D335D2B5D2B84
:109D88005C2B5D2B5D2B5D337D2B5D2B5D2B7D2B44
:109D98005D2B7D339D335C339D3BBD439D4B9C4B7D
:109DA8007B43FB533D859E95DEA51EAE9DBEFDD62D
:109DB8003ED75EDF1EDF1ED73EDF3ED73ECF3ECF0B
:109DC8001FCF1ECF5ED75EDF5EE77EE77EE75FD7F9
:109DD8007EC6DEA5FC7CDD6CBF64DD4B9C3BBD3BD9
:109DE800FE6CFD6CFE64FD6CFE64FD6CDE64DD6C77
:109DF800DE64FD6CDE64FD64DD6CDE641E6D1E6D6C
:109E0800FE64DD64DD64DE64DD64DE64DE64DE641D
:109E1800DD64DE64DD64BE64DD5CBE64BD64BD64B7
:109E2800BE5CBE64BE64BE649E5CBE64BE64BE644A
:109E3800BE64BE64BE5CBE64BE649E649E5C9E5C82
:109E48009E64BE5C9E649E5C9E649E5C9E5C7D5C23
:109E58009E5C9E5C9D5C9D5C9D64BD649D647D6410
:109E68007D5C5E5C7D5C7E5C7E5C7E649E64DE7494
:109E7800BE6C9C6C7D6CBD6CDE74BE6CDE6C7D5CF7
:109E88005D5C5D5C5D5C5D545D545D547D545D540A
:109E98005D543D545E545D543E5C5D5C5B643E7D48
:109EA800BEA59EB6FFC67FB61C85FD845E857C6414
:109EB8001E541D4C1D4C3D4CFE4BFD4B1D4CFD4B8B
:109EC8001D4CFD4B1D4C1D4C1D4C1D4CFD43FD4BAD
:109ED800FD43DD43FD4BDD43FD43FD4BDD43FD43CA
:109EE800DD43DD43DD43DD43DD43DD43DD43BD438A
:109EF800DD43DD43BD43DC43DD43BD43DD43BD3BC3
:109F0800BD43BD43BD43DD3BBD3BDD43BD3BBD4321
:109F1800BD3BDD3BBD43DD3BBD3BDD3BBD43DE3BE8
:109F2800BD43BD3BBD439D3BBD43BD43BD43BC3B62
:109F3800BD43DD43BD43DD43FE4BDD43BD43DD4350
:109F4800DD43DD43DD43DD43DD43DD43DD43BD4329
:109F5800DC43BD43BD3BBD43BD3BBD439C3B9D3B3B
:109F6800BD3BBE43BE3BBD3BBE3BBD3BBE3B9D3B3D
:109F78009D3B9D3B9D3B9D3BBE3B9D339D3BBD3BE0
:109F88009D337C337D337D337D337D337D335D334A
:109F98007D335C2B7D337D2B5D337D2B7C337D3393
:109FA8007C2B5D337C2B7D337C337D2B5D335D33A4
:109FB8005C2B5D335D337D335C337D2B5D337C2BD4
:109FC8005D337D2B7D335D2B7D337D2B5C2B7D2B92
:109FD8005D337C2B7D337D2B7D335D2B7D337C2B5B
:109FE8005D2B5D337D2B5D2B7C335D2B7D2B5D2BBA
:109FF8007D2B5D2B7D2B5D2B7D335D2B5D337D2B89
:10A008005D337D2B5D337D2B5D2B7D337D335D3360
:10A018007D2B7D335D337D335D337C3B9C433E5CE0
:10A028007D6C1E859E8D5D8DBDA53EB6DEC61ECFA0
:10A038007EDF7EDF7DDF5DE75EDF3ED7FECEDFC6FB
:10A04800DEC67CBEDDCE3ED79FDF7EE75EE75EE7FD
:10A058009EE71DCFBEBEBE9DFE7C3D5CDC43DD3B66
:10A068001E6DFD64FD6CFE6CFD6CFE64FD6CFE6493
:10A07800FD6CFE64FD6CFE6CDD64FD6CDD64DD640E
:10A08800FE6CDD64FE6CDE64DE64BD64DD64DE648B
:10A09800DE64DD64DE64DE64DD6CDE64DD64DE64A3
:10A0A800BE64DE64BE64BD64BE64BD5CBE64BD5C8B
:10A0B800BE64BE64BD64BE64BE5CBE649E64BE5CB9
:10A0C8009E649E5C9E5C9D649E5C9E649D5C7E5CC2
:10A0D8009D5C7E5C9E649D64BE6CDE6C7F85FD74B9
:10A0E8007E649E5C7D645D5C7D5C7D647D5C7E5C85
:10A0F8005D547D5C5D5C5D547D5C7D5C7D5C5D5428
:10A108005D5C5D543D545D5C5D547E545D545D54AE
:10A118005D545D545D545E543D543D5C3C5C5D64EF
:10A128009E64DD743D7D3D7D1E851D85DF9D1E7D04
:10A138003C5CBE647D5C3D4C1E4C1D4CFD4B1E4C76
:10A148001D4C1D4CFD4B1D4CFD431D4C1D4CFD4332
:10A15800FD4BFD43FD43DD4BFD43DE43FD4BFD431E
:10A16800DD4BDD43DD43DD43DD43DD43DD43DD43DF
:10A17800DD43DD43DD43DD43DD43BE43BD43BD4336
:10A18800BD43BE3BBD43DD43BD3BBD3BDD3BBD3BAE
:10A19800DD43BD3BDD3BBD43DD3BBD43BD3BBD3B7F
:10A1A800BD43BD43BD43BD43BD43DE3BDD43BD436E
:10A1B800DD43DE43FD43DC43BC43BD43BD43DD43D8
:10A1C800DD43DD43DC3BDD43DD43DD43BC43DD43B1
:10A1D800BD3BBD43BD43BD3BBD439D3B9D3B9C3B00
:10A1E800BD3BBD3BBD3B9D3BBD3B9D3B9D3B9D3B27
:10A1F8007D339D3B9D339D3B7D339D3B9D339D33FF
:10A208009D337D337C337D337D337D335D2B7D33CF
:10A218005D2B7D335D2B7C337D2B5D337D2B5D2B5F
:10A228007D337D2B7D335D2B7D2B5D337D2B5D3326
:10A238007D337D2B5C337D2B5D337D2B7D335D2B17
:10A248007D337D2B5C337D2B7D335D2B7D337D33DF
:10A258005D2B7D335D2B7C335D2B7C2B5D2B5D3340
:10A268007C2B5D2B7C335D2B5D2B7C335D2B7D3311
:10A278005D337D2B5D337D2B5C2B7D2B5D2B7D33FF
:10A288005D2B7D2B5D2B7D335D2B5D2B7D2B7D33F6
:10A298005D2B7D337D335D339D33BE3BDD4BFC4B06
:10A2A8007D5C9D645C6C3B6C5E8DBE9DFDAD9EBE11
:10A2B800DECE1ECF3ED75ED73EDF1ED7FEC67EBEA1
:10A2C8001DAEBCA53DAEDEC6FECE5EDF7EDF5DDF29
:10A2D8007EDF5EDFDECEFDA57E955F8D7D643D5C15
:10A2E8001D6D1E6DFD641E6D1D6D1E6DFE64FD6C85
:10A2F800FE6CFE6CFE64FE6CFE64DD64FE6CDD6468
:10A30800DD64FE6CFD64FE6CFE64DE64DE64DD64A8
:10A31800DE64DE6CDD64DD6CDD6CBD64DD64BD6453
:10A32800DE64BD64BE64DE64BE64BE64BD64BE64D7
:10A33800BE64BD5CBE64BE64BD64BE5CBE649D5C40
:10A348009E649D5C9D64BE5CBE649D5C9E649D5CD9
:10A358009E649D5C9D5C9E64BD64FE6C1E751F754D
:10A36800BD649E64BE6C9E649E647D5C7E5C9D5CE8
:10A378007D5C7E547E5C7E547E547D545D547D5459
:10A388007E5C5E545E547E545D545D5C5D545D54E9
:10A398005D545D545D545D545E545D545E543E544A
:10A3A8005E543D543C545D5CBE6C1E7D9E8D5E8D3E
:10A3B800BE749D64FE643C541D4C1D4C1D4C1D4CCC
:10A3C8001E4C1D4C1E4CFD4B1D4CFD4B1D4C1D4C7D
:10A3D800FD43FD4BFD43DD4BFD43FD4BDD43FE4B94
:10A3E800DD43DD43DD43FD4BDD43DD43DD43DD433D
:10A3F800DD43DD43DD43DD43DD43BD43BD3BBD43BD
:10A40800BD43DD43BD43BE3BDD43DD3BBD43DD3BDB
:10A41800BD3BBD43DD3BBD3BBD3BDD3BBD43DD3B04
:10A42800BD43BD3BBD43BE3BBD43DD43DD43FD43B3
:10A43800DE4BFE4BFC531E75DD6CDC4BBC43BD4351
:10A44800DD43DD43DD43DD43BD43DD43DD43BC4345
:10A45800BD43BD43BD3BBD43BD43BD43BD439D3B24
:10A46800BE43BD3BBE3B9D3B9D3BBE3B9D3B9D3B99
:10A478007D339D3B7D339D3B7D339D339D3B9D339C
:10A488009D3B7D339D337D337D337D337D335D331C
:10A498007C335D2B7D337D2B5D337C2B7D337D2B96
:10A4A8005D337C2B5D337D2B7D337C2B5D337D339E
:10A4B8005C2B5D337D335D337D335C2B7D337D2BAE
:10A4C8005C337D2B7D335D2B7C337D2B7D337D2B66
:10A4D8007D337D2B7D335D2B7D337D337D2B7D332C
:10A4E8005D2B7C335D2B7D335C2B7D2B5D335D2BAE
:10A4F8007D2B5D335D2B7D335D2B5D337D2B5D2B9C
:10A508005D337D2B5D335C2B5D335C337D335D3395
:10A518007D2B5D339D3B7D337D33DD43BC43FC4B5D
:10A52800DC4BFD4B3E5C5D64DD7C3C8D9C9D1EAE32
:10A538001EAE5EB67EBE9EBEFFC6DDCE9EBEDDA54D
:10A548007D8D5D8D9D95BD9D3DB6DFC61ED71FD700
:10A558001ECFBDC67DBEFDAD7D9D7E957E95DC7C06
:10A568001E6D1D6D1E6DFD64FD6CFD641E6DFE6C23
:10A57800FD64FE6CFD64FE6CFD6CFE64FE6CFE6C9E
:10A58800FD64FE6CDD64FE6CDE64FE6CDE64FE6CF5
:10A59800DE64DD64FE6C1E6D5E7D1E7DDD6CDE643A
:10A5A800BD64DE64DD64BE64DD64DD64DE64BD64F8
:10A5B800DE64DD64BD64BE5CBD64BE649E5CBD6477
:10A5C800BE5CBE64BE5CBE64BE64BE64BD5C9E64AC
:10A5D800BD5C9E5CBD5C9E64BE5C9D64BE649E6406
:10A5E8009E64BE6CDF6CDE6CBE649D647D64BE6C74
:10A5F8009D647D5C7D5C9D5C7D5C7E5C7D547E5C49
:10A608007E547E5C7E545D547D545D545D545D542F
:10A618005D547E545E547D545E545D545E545E5465
:10A628005D545D545D545E543D4C5C549C64DD74D3
:10A638005F7D7C647C5C5D543D541E541E4C1D54EF
:10A648001D4C1E541D4C1D4C1D4C1E4CFD43FD4BFA
:10A65800FD43FD4BFD4BFE43FD4BFE43FD4BFD43D0
:10A66800FE4BFD43DE43DD43DD43DD43DD43DD4398
:10A67800DD43DD43DD43DD43DD43DE43DD43DE43D0
:10A68800BD43BE3BBD43DD43DE43DE43DD3BDE432E
:10A69800DD3BDE3BBD43DE3BDD43BE3BDD3BDD4317
:10A6A800BE43BD43BD43BD43DE43DE43FE4BDD43F6
:10A6B800DD43FD5B5D647F951FA67E5C1D4CFD53ED
:10A6C800DC43DD4BDD43BD43DD43DD43DD43DD439B
:10A6D800DD43DD43BD43BD43BD3BBD43BD3BBD4342
:10A6E8009D3BBD3B9D3BBE3BBD3BBD3B9D3B9D3329
:10A6F8009D3B9D337D3B7C337D339D3B9D339D331B
:10A708007C339D337C337D337D337D337D335D2BCB
:10A718005D337D335C2B7D337D2B7D335D2B7C332B
:10A728007D337D2B7D337D2B5D337D2B5D335D2B21
:10A738007D335D337D2B5C337D2B7D337D337D33E2
:10A748007D2B7D335D2B7D337D337D337D2B7C33BA
:10A758005D2B7D337D337D337D2B7D337D337D2BA9
:10A768007D335D2B7D339D339E337D337D2B5D2B78
:10A778005D337C2B5D2B7D2B5D337D2B7D337D2BDA
:10A788007D335D2B7D337D335C2B7D337D337C3393
:10A798007D33BD43BE439D3B9D337C3B9C3B1E5458
:10A7A8003E54FE4B1D5CDD7CBE9D7EB6DEC69EBE65
:10A7B8007EBEFDADBC9DFDAD5FB63DAEFEA57E8DFA
:10A7C8001D85DD741D857E957D95FEAD5FB65EB6F3
:10A7D8003EAEFDA5DE9DFDA5BC95BC9D3EA65EAE2C
:10A7E8001E6D1D6D1D6D1D6D1E6D1D6D1E6D1E6D0D
:10A7F800FE6CFD64FE6CFE6CFE64FD6CFE64FD6C1C
:10A80800FE64FD6CFE64FE6CFE64FE6CDE64DD645A
:10A81800FE6CDE643E6D3E7DBF8D9F85DD6CDE6423
:10A82800DD64DE64DE64DD64DE64DE64DE64DE6412
:10A83800DD64DE64BE64DD64BE64BD64BD64BE64A4
:10A84800BD64BD64BD64BD64BE5CBD64BE649D5C26
:10A85800BD64BE64BE5CBD5C9E649D5C7E649D649C
:10A868009D5C9D64BE64DE649D64BE64BD6C3E8573
:10A87800FE745C647D647D5C7D5C7D547D5C7D5490
:10A888007D5C7D5C7D547E5C7D5C7E547D5C5D542E
:10A898005D545E545E545D5C5D545D545E545E541C
:10A8A8005D5C5D545D5C3D545E545D4C5D547C5C08
:10A8B800DD6CBE6C9D645D543D4C3E543D4C1E5455
:10A8C8001D4C1E4C1D541D4C1D4C1D4C1D4CFD4358
:10A8D8001D4C1D4CFE4BFD4BFE4BFD43FD4BFE43FB
:10A8E800FD4BFE4BFD43FD4BFE4BFD43FD4BFD4B2E
:10A8F800DD43FD4BDD43DD43DD43DD43BE43DD4347
:10A90800DE43DD43DD43DE43DD3BDD43DD3BBD436D
:10A91800DD3BBD43DD3BBD43DD3BDD43BD3BDD3BB7
:10A92800BD43BD3BBE43DD43BD43BD43DD43DE43C5
:10A93800BD43DD4B5E645C6C5D645D5CFD535E54E1
:10A948001E54DE43BD43DD43DD43DD43DD43DD43CC
:10A95800DD43DD43DD43DE43BD43DE43BD43BD3B55
:10A96800BD3B9E3BBD3BBD3B9E3BBD3B9D3B9E3B9C
:10A978009D3B7D339D3B9D339D3B9D339D339D3B4F
:10A988007D339D337D339D337E337D337D337D33FE
:10A998007D337D337D337D2B7D337D337D2B7D333F
:10A9A8007D337D337D337D337D337D337D337D331F
:10A9B8007D337D337D337D337D337D337D2B7D3317
:10A9C8007D337D2B7D339D337D2B7D337D337D2BF7
:10A9D8007D337D2B7D339D2B7D337D337D2B7D33E7
:10A9E8007D2B7D339D33BE339D337D335D2B7D338E
:10A9F8007D2B7D337D2B5D337D2B7D335D2B7D332F
:10AA08005D2B7D337D2B5C337D339D3B9D3B7D33BF
:10AA18009D3BFE433D54BC3B9C3B7C339D3BBD432F
:10AA28007C3B9C4B3C5CBE95BEBE3FD75ED73ED7B9
:10AA38003DCFDEC67EBEBDA57C951C85DC7C1E7D1B
:10AA48001F7DFE7CFE7C3E851E851D8D7E9D9E9D08
:10AA58003D8D7E95DD9D1EA65EAE7EB69DBEFEC674
:10AA68001D6D1E6D1D6D1D6D1D6D1D6D1E6D1E6D8B
:10AA7800FE6CFE6CFD6CFE6CFD6CFE6CFE6CFE6C80
:10AA8800FD64DE6CFD6CFE64DE6CFE6CFE64DE6CE8
:10AA9800DE64DD641E6DDC6CFD7C5E859E7D3F6D35
:10AAA800DE64DD64DE64DD64DE64DD64FE64DD6472
:10AAB800DE64DD64DD64DD64DD64BE64BE64BD64E3
:10AAC800BE64BE64BE64BD64BD64BE64BD5CBD647A
:10AAD800BE5C9D64BE649D64BD64BD6C3E75FE74C1
:10AAE8009D649D649D649D649D64BD649D6CFE7CB5
:10AAF800FE7CDE6CBE6C7D5C9E647C5CBD64DE644A
:10AB08009D5C7D5C7E5C7D547E5C7D5C7E547D5C62
:10AB18007E545D5C5E5C5D545D5C5D545D5C5D5463
:10AB28003E543E5C5E545D545D543E545E547D54C8
:10AB38005D5C9D64BE647E645D5C3E541D4C1D542A
:10AB48001E4C1D541E4C1D4C1D4C1D4C1D4C1D4CAB
:10AB5800FD4B1D4C1E441D4CFE4BFD43FD4BFD4360
:10AB6800FE4BFD43FE4BFD43DD4BFE43FD4BFE43D9
:10AB7800FE4BDD43DD43DD4BDD43DE43DD43BD43BB
:10AB8800DD43DE43BD43DD43DE43DD43DE43DD3BE2
:10AB9800BD43DD3BDD43DD3BBD43DE3BDD43BD4324
:10ABA800BE43DD43BD43BD3BDE43DD43DE43DD4302
:10ABB800DD43DD4BFE4BFE4BDD4B1C541D545E5CF0
:10ABC8003E54DD4BDD43DD43DD43DD43DC43DD4304
:10ABD800DD43DD43BE43DD43DE43DD43BD43BD43CB
:10ABE800BD3BBE3B9D3BBD3BBD3B9E3BBD3B9D3BFB
:10ABF8009D339D3B9D3B9D3B9D339D3B9D339D33AD
:10AC08007C339D337C337D3B7D337D337D337D3396
:10AC18007D337D339D337D339D337D339D337D334C
:10AC28009D2B7D337D339D2B9D337D2B7D337D3354
:10AC38007D337D337D337D337D337D337D339D2B74
:10AC48007D339D337D337D2B7D339D337D337D3344
:10AC58009D337D337D337D337D2B7D339D337D3334
:10AC68007D337D2B7D339D337D337D337D2B7D334C
:10AC78007D2B7D337D337D2B7D337D2B5D337D2B8C
:10AC88007D337D2B5D339D339D3B9D337D335C331D
:10AC98009D3BDD431D541D4CBD3B9D3B7C335C3BC4
:10ACA800BC4B3D5C1E8D1DA6DDCE5EDF3ED71ED79C
:10ACB8001ED7FECEBEBE1EAE9E9D3E855C6C9D6CB4
:10ACC800BE74BD749C74FD7C1E85FC843E8D3D8DD8
:10ACD8003E8D5D8DFEA57DAE7DBE9EBEDECE1DD7B2
:10ACE8001E753D751E6D1E751D6D1E6DFD741E6DE8
:10ACF8001E751E6DFE6CFD6C1E6DFE6CFD6CFE6C93
:10AD0800FE6CFE6CFE6CDD6CFE6CDD6CFE6CFD6C2E
:10AD1800FE6CDD6CDD6CFD6CDD6C3E757F7D5E75FB
:10AD2800FE74FE6CDD6CDD6CFE6CFE6CDD6CFD6C27
:10AD38001D75BE7D5E75DD6CBD64BD64DD64BE647D
:10AD4800DD64BD64BD64BE64BD5CBE64BD64BE64D8
:10AD5800BD64BD64BE64BE64BD64BE643F75DE6C24
:10AD68009D5C9E649E64BE649E647D5C7E647E641D
:10AD7800FF6CDE6CDD6CBD6CDD6CFE749F85BF9571
:10AD8800DD749D5C9E547D5C7D5C7D5C7D5C7D544A
:10AD98007D5C5D545E545D5C5D545D5C5D545D5CE2
:10ADA8005E545D5C5D545D5C5D545D5C5D545E54F9
:10ADB8005D5C9D64FE74BE6CDE747D64BE6C5D5C1F
:10ADC8003C543D4C1D4C1D4C1D4C1D4C1D4C1D4CEC
:10ADD8003D4C1D4C1D54FD4B1D4CFD4B1E4CFD4B5D
:10ADE8001D4C1D4CFD4BFD43FD4BFD43FD43DD4B11
:10ADF800FE43FD4BFE43FD43FE4BDD43DD43DD4398
:10AE0800DD43DD43DD43DD43DD43DD43DD43DD433A
:10AE1800DD43DD43BD43BD43DD43DD43DD43DD436A
:10AE2800DD43DD43DD43DD43DD43DD43FD4BFD4BCA
:10AE3800FD4BBD43BD43DE43FF4BFC4B3E549F5C83
:10AE48001D4CDC4BFD4BDE4BBD43FD537E5CFC4B88
:10AE5800BD43DD4BDD43DD43DD43BD43DD43BD3B4A
:10AE6800BD3BBD43BD3BBD3BBD3BBD3B9D3B9D3B52
:10AE78009D3B9D339D3B9D337D3B9D339C339D3B4B
:10AE88009D339D3B9D339D337E337D337D337D33B1
:10AE98007D339E337D339E339D337D337E337D33C7
:10AEA8007D337D337E337D337D337D339D339D33D9
:10AEB8009D337D337D337D3B7C3B9D2B9D337D33A3
:10AEC8009D337E337D339D337D337D337D337D33B9
:10AED8007E3B7D337D2B7D339D337D337D2B7D33D1
:10AEE8009D337D339D337E339D337D337D337E3378
:10AEF8007D335E2B5D337D2B5D337D337D337D2B41
:10AF08007D337D337D2B9D339D337D339D339D3341
:10AF18009D339D33DC3B1D4CDD4B9C439D43DC4303
:10AF28005D645F8D9E95FDADFECE1EDF1ECFDDC636
:10AF38007EB65EB67DB67EBE1EAEBF9D3D8D9F8D34
:10AF48007D85FD7CFE74FE841D8D3D8D9E9D1C853A
:10AF58003D85DEA57EB69FBE7EB6BEBEFDC63ECF93
:10AF68003E751E6D3E751D6D1E751D6D1E751E6D23
:10AF78001D6D1E751E6D1E6DFD74FE6CFE6CFE6CE7
:10AF8800FD6CFE6CFE6CFD6CFE6CFE6CFD6CDE6C8C
:10AF9800FD6CFD6CFD64DD6CDD64FD6CFD6CDE6CD0
:10AFA8003E75FE6CDD64FE6CFE6CFD6CFF6CFE6C29
:10AFB800FD6C5E7D5E7DFE6CDE6CBE64DE6CBD6429
:10AFC800BE6CDE64BD64DE64BD64DE64BD64BE6404
:10AFD800BD64BE64BD64BD64BE6C9D64BE6CBD646E
:10AFE8009E64BE64BD649E649D649E64BE647E5C13
:10AFF800BE649D649D6C1E753F753E851D7D7D9567
:10B00800DF95DC6CBE641F6D7C649D5C7D5C7D5C43
:10B018007D547D5C5D5C5D547E5C5D545D5C7E54FE
:10B028005D5C5D545D5C5E545D5C5D545E545D5476
:10B038005D545D545D649D6C9D6CBE6C1F759E6413
:10B048003D543D543D4C1D4C1D4C1D4C1D543D4C18
:10B058001D541D4C1E4C1D4CFD4B1D4C1D4C1D4CB8
:10B06800FD4B1D4C1D44FD4B1D4CFD4BFD43FE4B44
:10B07800FD43FE4BFD43FE4BFD43DD43FD4BDD43EE
:10B08800FD4BDD43FD4BDD43DD43DC43DD43DD4369
:10B09800DD43DD43DD43DD43BD3BDD43DD43DD43D0
:10B0A800DD43DD43DD43DD43DD43FE4B5E545E5C43
:10B0B8007E649E6C1D54BD43DD43DC43FD4B1D4C3B
:10B0C8001D4CDC43DC43DE43DD4B7D64DD6CFC5B07
:10B0D800DC43FD4BDD4BDD43DD43DD43BD3BDD4361
:10B0E800BD3BBD3BBD3BBD3BBD3BBC3B9D3B9D3BD9
:10B0F8009D3B9D3B9D3B9D3B9D3BBD339D3BBD3358
:10B108009D3BBD339D3B9D339D3B9D337D339E339E
:10B118009D339D339E3B7D339E3B9D339D339D33B5
:10B128009D339D339C337D337D337D339C339D33F9
:10B138007D339D3B9C337E3B7E339D339D339D33D6
:10B148009D339D339D339D339D339D339C339D3378
:10B158007D2B9D337D339D337D339D337D339D33EF
:10B168007D2B7D339D337D337D2B9D337E339D2B0E
:10B178007E337D337D2B7E337D2B7D339D2B7D333D
:10B188007D337D337D339D337C339D339D339D33B8
:10B198009D339D33BD3BBC43FD4B3F5CBC431C54BE
:10B1A8007E6C3E85FE9D3DA6BEC63ED79DBE1DAEAD
:10B1B800DDA5DDA51FAE1FAEBE9D5E957E957E9575
:10B1C8009D8D9E8D5E8D1E8D1E857E95FFA5DEA5AF
:10B1D800BD9D3EB67EBE7EBE7EBE7DC6FDCE3ED742
:10B1E8003E753E751E753E751E753E751E753E751F
:10B1F8001E751E6D1D751E6D1E751E6DFD6C1E75F2
:10B20800FE6C1E75FE6CFD6CFE6CFD6CFE6CFD6CC0
:10B21800FE6CFE6CFD6CFD6CFD6CFE6CFD6CFD6CDB
:10B22800FE6CFE6CDD6C1E6DFE6CDD6C1F75DE6CDD
:10B23800DD6CDD64DD64BD64DE6CDE6CDD64DE6CFB
:10B24800DE64DE6CDE6CBE64DE64BD64DE64DE6417
:10B25800DE64BD64BE64BD64BE64DE6CBD64BE6491
:10B26800BE64BE64BE64BD649E64BD649E5C9D6431
:10B278009E64BD649D649D643F7D1D857D8D7D9527
:10B28800DE9D7E8DDD6C1F75DE6CBE647D5C9D5C15
:10B298007E547D5C7E5C7E5C7D5C7E5C7E5C7D5CE1
:10B2A8005D545D5C5D545D545D5C5D545E545E54FC
:10B2B8005E547E5C5D545D545D5C5D5C7D649E6443
:10B2C8007D5C3D543D4C3D541D543D4C1D4C1D541E
:10B2D8003D4C1D541D4CFD4B1D4CFE4B1D4CFD4B58
:10B2E8001E4CFD4B1D4C1D4C1D441D4CFE4BFD4B77
:10B2F800FE43FD4BFD4BFD43FE4BFD4BFD43FD4B1C
:10B30800FE43FD4BFE43DD43DD43DD43FD43DD43AB
:10B31800DD43DD43DD43DD43DD43DD43DD43DD4325
:10B32800DD43DD43DD43DD43DD43FD431D547E5CEA
:10B338009E649E641D54BC4BDD43DD43DD43DD4309
:10B34800DD4BFD43DD4BFD43FD53FE743E85BD6C77
:10B35800DC4BFD43DD4BDD43DD43DD43BD3BBD3B06
:10B36800DE43DD3BBD43BD3BBD3BBD3BBD3BBD3BC4
:10B37800BD3B9D3BBD3BBD3BBD3B9D33BD3BBD3355
:10B38800BD3B9D33BD3BBD339E3B9D339D3B9D33B4
:10B398009E3B9D339D339D3B9D339D339E3B9D330B
:10B3A8009D339D339D339C339C339D339D339C3B10
:10B3B8009D339D3B9D33BD3B9D339D3B9D3B9D33C5
:10B3C8009D3B9D33BD339D3B7D3B9D3B9D337D33F5
:10B3D8009D339D339D339D339D339D339D339D33E5
:10B3E8007D339E337D339D337E339D339D337D3353
:10B3F8009D339E337D339D337D337D337D337D3364
:10B408007D2B9D337D2B9D337D339C339D339D3325
:10B418009D339D339D339C33BD431E54FD4B1C54BB
:10B428005D64BD745E8DFD9D7EAE9EB61DA6BE9DFF
:10B438009E9D5D959E9DBD9D7E951D851D855E8D00
:10B448007D959E955D8D3E85FD843C855C8DBD9585
:10B458009E9DFEA53EAE7EB67EBEBDBEDDCE3DD770
:10B468001E753D751E6D3E751D753E6D1D751E6DF7
:10B478003D751D751E753D6D1D751E6D1E751D6D09
:10B488001E6D1D6D1E75FD6C1E6DFD6CFE6CFD6CDC
:10B49800FD6CFD6CFE6CFD6CFE6CFD6CFD6CFD6C5A
:10B4A800DE6CFD6CFE6CDD6CDE6CDD6CDE64DE6C0F
:10B4B800FE6CFE6CDE6CDE6CDE64DE6CBE6CDE6C1C
:10B4C800DD6CBE64DD6CDE64BD64BE64BD64BD64F9
:10B4D800BE64BE64BD6CBE64BD64BE64BD649D6470
:10B4E800BD6CBD64BE64BE6CDE6CBE649D64BE5C37
:10B4F800BE649D64BD649D64DD6C9E8DDF9D7E8D04
:10B508001C859F8D1E7DDD6C9D5C7D5C9D5C9D5CBE
:10B518009E5C7E5C7D547E5C7D5C7E5C7D5C5E5466
:10B528007D5C5E5C7E5C5D545D5C5D547E547E54E7
:10B538005E545E545D545E545D5C5D5C5D549E6417
:10B548007E5C3D541D543D4C3E543D4C1D543D4C79
:10B558001D4C1E4C1E541D4C1D4C1D4CFD531D4CAA
:10B568001D4C1D4C1D44FD4B1D4C1D4C1D441D4CBC
:10B578001D4CFE4B1D44FE4B1D4CFE4B1E4CDD432B
:10B58800FD4BFD43FD4BFE4B1D4CFE4BFD4BFD4360
:10B59800FD4BDD43FD4BFD43FD4BDD43DD43DD430B
:10B5A800DD43BD43DD43DD43DD43DD43FD4BFD4B63
:10B5B800FD4BFD4BFD4BFD43DD3BDD43DD43DD43F3
:10B5C800DD43DE43DD43DD431D54BE74BD7CDE74C4
:10B5D8001D54FC43DD4BDD43DD43DD43BD43DD3B13
:10B5E800BD3BBD3BDD3BBD3BBC3BBD3BBD3BBE3B73
:10B5F800BE3BBD3B9E3B9D3BBD3BBE3BBD3BBD3BC0
:10B60800BD3BBD3BBD3B9D339D339D3B9D339D3B2A
:10B618009D339D3B9D339D339D3B9D339D3B9D338A
:10B628007D3B7D339D339D33BE3B9D33BD33BD3B59
:10B638009C3BBD435C3B5C339D3B9E3B9D3B9E3BA3
:10B648009E3B5D335E339D3B9D3BBE3B7D3B9D33C7
:10B658009C3B9C339D339D339D339D337D2B9D3384
:10B668007D339D2B7D339D337D2B7D339D339D33E2
:10B678009D339D339D337D339D2B9E337D339D3389
:10B688007E339D337D339D339D2B7D339D339D3399
:10B698009D339D339D339C339D337D431D549E6460
:10B6A8005D64BD6C1E7D1D859E959D957D953E9521
:10B6B8005F955D95DE9DDEA5DE9D5D851D7D3E85E4
:10B6C800FD7C1D7D3E851E851D85FD7C3D855E8D31
:10B6D8001E7DFC743D855C85BD951EAE7EB67FB62D
:10B6E8003E753E753E753E753E751E753D6D1D7504
:10B6F8003E751D6D3D751E753D751E751D6D1E755E
:10B708001D6D1E751D6D1E751D6D1E751D6DFD6CE7
:10B71800FD6CFE6C1D6DFE6CFD6CFD6CFE6CFD6CB5
:10B72800FE6CFE6CFE6CFE6CFD6CFE6CDE6CFE6CE2
:10B73800DE6CDE6CDE6CDE6CDE6CDE64DE6CDE64C1
:10B74800DE6CDE6CDE6CBD64DE64DE64DE64DE64EA
:10B75800DD64DE64DE6CBE6CDE6CBD64BE6CBE6433
:10B76800BD64BE6CBD64BD64DE6CDE6CBD5CBD6476
:10B77800FE64DE64BD64BE649D64BD745F853E7D09
:10B78800BC6CFD743E7DBE649D649D5C9D5C7E5C6E
:10B798009D5C9E5C7E5C7D5C7E5C7E5C7E5C7D5C94
:10B7A8007E5C7D547E5C5D5C7E545D5C7E5C5E543C
:10B7B8005D5C5E543D545D545E545D547E5C5E54E5
:10B7C8003D543D4C3D543D543E541D4C3D541E4C3F
:10B7D8003D543D4C1E543D4C1E541E4C1D4C1E4C9D
:10B7E8001D4C1E4C1D4C1E4C1D4CFD4B1E4C1D4C27
:10B7F8001D4CFD431D4CFD4B1D44FD4BFE4B1E4C8B
:10B80800FD43FE4BFD43FE4BFD4B1E44FD4BFD43EC
:10B81800DD43FD43DE4BFD43DD43DD43DD43DD43D7
:10B82800DD43DD43DD43DD43DD43DD43DE43FE43EE
:10B83800DD43FD4BFD43FE3BFE43DD43DD43DD437E
:10B84800DD43DD43DE43FD4B1D4C5D649D6C9E6C0A
:10B858009E5C1D4CFE4BFD4BDD43DD43DD43BD3B94
:10B86800DD43DD43BD3BBD3BBD43BD3BBD43BE3BAF
:10B87800BD43BE3BBD3BBD3BBD3BBD3BBE33BD3BFE
:10B88800BE3BBD33BE3BBD3BBD33BD3BBD33BD3B06
:10B89800BD339D3BBD3B9D339D33BD3BBD33BD3B60
:10B8A8009C3B9D3B7D3B9E3B9E3B5C3B9D3B5C3B71
:10B8B800BB53BF955D8DBD749B4B3C339C437B4311
:10B8C8009A435C5C5C64BB435C337D339E3BBD3315
:10B8D800BD339C33BD339D33BD339D339C339D3382
:10B8E8009D337E339D337E339D339E339D339D330D
:10B8F8007D339D339D2B9D339D339D339E339D33E7
:10B908009D337E339D339D339D339C339D33BD33AF
:10B918009D339D339C339D339D337D3BDD43BF6C0D
:10B928001E757D643C649E743E8D5E955C8DBC7C0A
:10B93800DD7C5E8D9D95DD9DDE9DBE8D1E7DBD747D
:10B948009C6C7D6C7E6CDE74FE7CBD6CFE749D6CA4
:10B958005C5C3D5C3D5C9D6CBD6C7C6CFE7CDD7410
:10B968003E753E753E753E753E753E753E753E7537
:10B978003D753E753D753E753D6D3E751E6D1D757B
:10B988001E751E6D3E751D6D1D751D6D1E75FD6C3C
:10B998001D751E6DFD741E6D1D75FD6CFD6CFE6CB8
:10B9A800FE6CFE74FE6CFE6CFE6CFE6CFD6CFE6C38
:10B9B800FE6CFE6CFE6CDD6CFE6CDE6CFE6CDE6C90
:10B9C800DE64DD6CDE64DE64BE64DE64BE64DE6498
:10B9D800BE64DE64BD64DE64BE6CBE64BD64DE6CE1
:10B9E800BD64BE64BD6CBE64BD64DE6CBD64DE64F3
:10B9F800DE64BD64BE64BE649E649E64BE64BD5C59
:10BA0800BD649E649E6CBD64BE649D649E649D5CC2
:10BA1800BE5C9E5C7E5C7E5C7E5C9E5C7E5C7E5CCE
:10BA28007E5C7D5C7E5C7D5C5E5C7D545D5C5D5CAB
:10BA38007E5C7E5C7E5C5D545E545E545D545E54F8
:10BA48003D543D545D545E543D543E4C3D543D542C
:10BA58003D4C3E541D543E541E4C1D541E4C1D540A
:10BA68003E4C1D4C3E4C1D4C1E4C1D4C1D4C1E4C42
:10BA78001D4C1E4C1D4C1E4C1D4CFE4BFD43FD4BDE
:10BA8800FD43DD4BFD431E4CFD4BFE4BFE4BFD4382
:10BA9800DD4BDD43FD43FE4BFD43DD4BDD43DD4325
:10BAA800FD4BDD43FD4BDD43DD43DD4BDE43FE4B0C
:10BAB800DD4BDD43DD43FE43FD43FD43FD43FD43D5
:10BAC800FD43FD43FD43DD43DD4BFD53DC4B1D547E
:10BAD8001D54FD4B1E541E4CDD43DE43DD43DE3B4F
:10BAE800DD43DE3BDD43DD3BBD3BDD3BBE3BBD3BDC
:10BAF800BE3BBD3BBE3BBD3BBE3BBD3BBD3BBD3B7B
:10BB0800DE3BBD3BDD3BBD3BBD3BBD3BBD3BBD3B2C
:10BB1800BD3BBD33BD3B9D3BBD33BD3BBD3BBD3395
:10BB2800BC3B9D339D437D43BC4B9D6CDB53FD84E7
:10BB38001DB61EDFDFF79FEF7DC6DE9D5C951DAE4F
:10BB48009EC65FDF7FE7BEC67C8D5B6CBC4B7C3BD3
:10BB58009D33BD33BD3BBD33BD3B9D339D339D33CD
:10BB68009D339E339D339E339D339E339D339D334A
:10BB78009D339D339D339D339D339E339D339E333B
:10BB88009D339E339D339D339D339D339D339D332C
:10BB98009D33BC3B9C3B9C339D339E337C3B1C4C70
:10BBA8009D645D5C5C643E859F9DBEA5BE9D7E8D4B
:10BBB800FD841E855E8D7E8D3D851D7D9D6C3D5C65
:10BBC8007E643D5C1D541D545D5C5D5C7D5C3D5434
:10BBD8001D543E5CBE6CFF74FE749C645D647D64A1
:10BBE8003E753E753E755E753E753E753E753D7596
:10BBF8003E753E6D3E753D6D1E753E751D751E7517
:10BC08003D751D751E751E6D3E751D6D1D6D1D7571
:10BC18001D6D1D6D1E6DFD6C1E6DFE6C1E6D1D6D0A
:10BC28001E6D1D6D1E6DFD6CFE6CFE6C1E6DFD6C3B
:10BC3800FD6CFD6C1E6D1D65FD6CFD6CDE6CFD6C98
:10BC4800DD6CDD6CDD6CDE6CDE6CDD64DE6CDD64B1
:10BC5800DE6CDE6CDE64DD6CDE64DE6CDE64DE64AD
:10BC6800BE6CDD6CDE64BD6CDE64BD64DE64DD6408
:10BC7800DE64BD64BD64BD64BE64BE64BE649E64AF
:10BC88009D649D64BE649D64BD64BD649D5CBE5C32
:10BC98009D5C9D649E5C9E5C9E5C7D5C9E5C7D5C08
:10BCA8007E5C7D5C7E5C7E5C7D5C7E5C7E5C7E54C6
:10BCB8007E5C9D647C643D5C3D5C5E543E545D549A
:10BCC8005E545D543D543D543E543D543D543E54A1
:10BCD8003D543E543E4C3D543D4C3E543D4C1E5408
:10BCE8001D4C3E4C1D541D4C1E4C1D4C1D4C1D4CDA
:10BCF8001D4C1D4C1E4C1D4C1E4C1E4CFD4BFE433A
:10BD0800FD4BFE4BFD43FE4BFD43FD4BFD43FD4B01
:10BD1800FD43FE4BDD43FD4BDE43FD43DE4BFD4360
:10BD2800DE43FD4BDE43FD43DD4BFD43DE43FE4B6F
:10BD3800DD4BDD4BFD4BFE43FE43DD43FD43DD4361
:10BD4800DD43DD43DD43DD43FE43DD4BDD4BDD43BA
:10BD5800FD43FD4BFD43FD4BDD43DD43DD43DD434B
:10BD6800DD43DD43DD43BD43DD43BD43BD43BD434B
:10BD7800BD43BD3BBD43BD43BD3BBE3BBD3BBD3BE2
:10BD8800BD3BBE3BBD3BBE3BBD3BBE33BD3BBE3BEF
:10BD9800BD3B9D3BBD339D3BBD3BBD3BBD3BBD3B23
:10BDA800BD33BD3B9E3B5B43FD7C3FCFFBB55EE7B0
:10BDB800FFF7BEF79DF7BEF7DEFFDFF77EE7BEF7BA
:10BDC800DFFFBEF7BDFFDEFFDFFF5FE7BFC67D9584
:10BDD800DC537C3B9D339D3B7C33BD33BD3BBC3B3F
:10BDE8009E33BD339D3B9D3BBD3B9D339D3BBD334A
:10BDF8009D33BD339D3BBD339D3BBD339D339D334B
:10BE0800BD339D33BD339D33BD339D3BBD339D3B1A
:10BE1800BD339D339D3BBD339D3B9D33BD3BBD3BFA
:10BE2800BC435D5CDE7C9E95BE9DBD9DDE9DBF9D39
:10BE38003E85DD7CDD7CDE747D6C5D5C1D54DD53F0
:10BE48009F643E54DD43DD43BC3BDD435E547E5C72
:10BE58005E645D647D649D64BD649E649D647D6470
:10BE68005E7D3E755E7D3D753E753D753E753E75E4
:10BE78005E753E753E753E753E751E753E751E7542
:10BE88001E751E753E751D753E6D1E751D6D1D75E5
:10BE98001D751E75FD741D751D6DFF6C1E751E6D5F
:10BEA800FE6CFE741E6D1E751E6DFE74FE6CFE6CBF
:10BEB800FE6C1E6D1E6DFD6CFE64FD6CDD6CFE6C13
:10BEC800DD6CDD6CDD64DE6CDE6CDE6CDE64DE6C2D
:10BED800DE64DD64DE64DE64DD64DE64DD6CDE6445
:10BEE800DE64BE6CDE64BE6CDE64BE6CDE6CBE6C92
:10BEF800DD64BE6CBE64BD6CBE64BD64BD64BD64FF
:10BF0800BE64BD649D64BD649E5C9D5CBD649D5CB7
:10BF18009D649E5C9E5C7E649E5C7E5C7D5C9E5C9B
:10BF28007E5C7E5C7D5C7E5C7E5C9E5C7D5C7E5C1B
:10BF38005E5CDD6C7E85FE7C7E5C5D5C5E545E5C7A
:10BF48005D543E5C5E545D543D545E543D543E54D5
:10BF58003D545D543E543D543E543D4C3D543D4C3F
:10BF68001E541D4C1E4C1D541D4C1E541D4C1E4C65
:10BF78001D4C1E541D4C1D4C1D541E4CFD4BFE4BA0
:10BF8800FD4BFD4BFE4BFD4BFE43FD4BFE43DD439E
:10BF9800FD43DD4BFE43DD43FE4BFD43FD43FE4BBE
:10BFA800FD43FD43FE4BFD43FE4BFD43FD4BDE438E
:10BFB800FD43FE43FE4BFD43FD4BDD43DD43FE43A6
:10BFC800DD43FD43DD43FE4BFD43FD43FE43FE4B96
:10BFD800DD43FE43DD4BFD43FD43DD43DD43DD43F0
:10BFE800DD43DD43DD43DD43BD43DD43DD43BD4389
:10BFF800BD3BBD43BD43BD3BBD43BE3BBD3BBE3B5F
:10C00800BD3BBE3BBD3BBD3BBE3B9D3BBD3B9D3BA6
:10C01800BE3BBD3B9E3B9D3BBE3B9D3BBE3B9D3BD4
:10C02800BD3BBD43FE4B3D647D959FE7BDF79EF745
:10C038007EF79EF7BEF79EF79DF79EF79EF79EEF59
:10C04800BEF7BEF7BEF79EF77EFF7EF7BEF7DFE7C7
:10C058003EA6BE6C9B3B3C5CBD6CBA439C3BBD3B67
:10C06800BD3BBC3B9D339D3B9D3BBD3B9D3BBD3399
:10C07800BD3B9D3BBD33BD3B9D33BD3BBD3BBD3B48
:10C088009D3BBD3BBD3B9D3BBD33BD3BBD339D3B58
:10C09800BD33BD3B9D33BD3BBD339D3BBD33BD3B38
:10C0A800BE3BFD539D743E8D7E8D7D8D5E85FD84EA
:10C0B800DD749D6C9E6C5E5C1D54BC43BC43BD43EB
:10C0C800FD4BFD4BDD43BD3BDD3BDD43FD4BDC4B19
:10C0D8001D547E5C5E547E5C7E5C7E5C3D541D4CD3
:10C0E8005E7D5E755E7D3E755E7D3E7D5E753E75F0
:10C0F8005E753E753E753E753D753E753E753E7581
:10C108005E753E753E753E753D755E753D7D3D7D42
:10C118003D7D3D7D5E855D7D3D7DFD74FD6C1D75C0
:10C128001D6D1E75FE6C1E6DFE741E6DFE74FE7414
:10C13800FE74FE6CFE6CFE6CFE6CFE6CFE6CFD6CA0
:10C14800FE6CFE64FD6CFE6CFE6CDD6CDE6CDD6C02
:10C15800DE6CDD6CFE64DD6CFE64DD64FE64DD6C4B
:10C16800DE64BE6CDE64BE6CDE64BE6CDD64BE6C18
:10C17800DE64BD6CBE64BD64BD64BE64BD649E64A3
:10C18800BD64BE64BD64BE64BD649D5CBD64BD64C5
:10C19800BD5C9E649D5C9E649D5C9E649D5C9E5C93
:10C1A8007D5C7E5C7E5C9E5C7D5C7E5C7E5C7E54A1
:10C1B8007D5CDD6CDF951D7DBE645E5C5D5C7E5CD8
:10C1C8005E5C5D545E5C5D543E5C5D545D5C5E54DB
:10C1D8005D5C5E545E543D543E4C3D543E543D546B
:10C1E8003D4C3E543D543E4C3D543E541D4C1D5414
:10C1F8001D4C1D4C1D543D4C1D4C1E4C1D4C1D4CC6
:10C20800FE4B1D4CFD4B1D4C1D4C1E4CFD4B1D4C3F
:10C21800FD4BFE43FD4BFE4BFD43FE4BFD4BFD43EB
:10C22800FE4BFD4BFE43FD4BFE43FD4BFE43FD4BDA
:10C23800FE4BFD43FD4BDE43FD4BFE43FD4BDD4B0B
:10C24800FD43FE4BFD43DD4BFE43DD4BFD43DD4B24
:10C25800FD43FD4BFE43DD4BFD43DD4BDD43FD431D
:10C26800DD43DD4BDD43DD43DD43DD43DD43DD43BE
:10C27800BD43BD3BBD43DD43BD43BD3BBE3BBD43AD
:10C28800BD3BBD3BBE3BBD43BD3BDE43BD3BBD3BB4
:10C298009D3BBD3BBD3BBD3BBD3BBD3B9D3BBD3B16
:10C2A800BE43BD43BC4BBE74DEAD3EDF9FF7BEF759
:10C2B800BEFFBEF79DFF9EF79EF7BEF7BEF7BDF720
:10C2C800BEF7BEF7BEF7BEF79EF79EF7BDF79DE730
:10C2D8005FCF7EAEBA743EA67FD79EB65B647D3BC9
:10C2E800BE3BBE3B9D3BBD3B9E3B9E3B9E3BBD3B01
:10C2F800BD33BD3BBD3BBD33BE3BBD3BBD33BE3B8C
:10C30800BD33BE3BBD33BD3BBE3BBD3BBD3BBD337B
:10C31800BD3BBD3BBD3BBD3BBD3BBD33BD3BBD3B5D
:10C32800BD3BBD433D5CDE74FE74BE749E641D5C03
:10C33800FD53DD4BFD4BFE4BFE4BDD3BBD3BDD3B7B
:10C34800BD3BBD3BBD3BDD3BDD3BDD3BDD43DC4376
:10C35800FD4B1D4C1D4C1D441D4C1D4CFD431C44E8
:10C368005E7D5E7D5E7D5D7D5E755D753E7D5E7D1F
:10C378003E7D5E753E7D3E753E755E7D3E7D5E759D
:10C388003E7D5E7D5E7D5D7D9E85BE8DDE8DBE8D36
:10C39800BE8D9E8DBE9DFF9DBE955E853D7D3D7D7E
:10C3A8007D857E7D7E853E7D3E7D1E751D75FD7479
:10C3B800FD6C1E75FD741E6DFD6C1E6D1E6DFE6C94
:10C3C800FD6CFE6CFD6CFE6CDD6CFE6CDD6CDD6C7A
:10C3D800DD6CDE6CDD6CFE6CDD6CFE6CDD6CDD64D2
:10C3E800DE6CDD64DE6CDD64BD6CDE64DE6CBD6459
:10C3F800DE6CBD64BE6CDD64BE6CBD64BE6CBD64C9
:10C40800BE6CBD64BE64BD64BD649D5CBD649E5C61
:10C41800BD64BD649E5CBE64BE5C9D5C9E649D5CA8
:10C428009E649E5C9E5C7D5C9E5C7D5C7E5C7E5CAE
:10C438007D5C9D643F7D9D645D547E5C7E5C5D5447
:10C448005E5C7D545E5C5D5C5D545E5C5D543D5C31
:10C458005D545D545E545D545D543D545D543D548B
:10C468003E543D543E4C3D543E4C3D543E4C3D5450
:10C478003E543D4C3E541D4C3E541D541E4C1D4CC8
:10C488001D4C1E4C1D4C1E4C1D4C1D44FD4B1D448B
:10C49800FD4B1D4CFD431E4CFD4B1D44FE4BFD4BFF
:10C4A800FE43FD4BFD4B1E4CFD4BFE4BFD4B1E440E
:10C4B800FD4BFE4BFD43FD4BFD4BFD43FE4BFD434A
:10C4C800FD4BFD43FD4BFD43FD4BFD43DD4BFD4364
:10C4D800DD43DD43DD43FD43DD4BDD43DD43DD432C
:10C4E800FD4BDD43FD43DD43DD43DD43DD43DD43FC
:10C4F800DD43DD43BD43DD43DD43DE43DD3BDD435B
:10C50800DE3BDD43BD3BDD43DD3BBD3BBD3BBD3BD2
:10C51800BD3BBD3BBD43BD3BBD3BBD3BBD3BBD3B4B
:10C528009D43BE43FE4BDE743B95FED69EF7BEFF91
:10C538009EF79EF7BEF7BEF79EF7BEF7BEF79EF7CB
:10C54800BEF7BEF7BEF7BEF79EF79FF7BFF79FEFA0
:10C558003ED7FECE1FD71ECF1DD7DEE73DAEBB4B65
:10C568009C439D3BBE3B9D33BD3B9E3BBD3BBD3B82
:10C57800BE3BBD3BBE3BBD3BBD3BBE3BBD3BBD3BF0
:10C58800BD3BBD3BBE3BBD3BBD33BD3BBE3BBD3BE9
:10C59800BD3BBE3BBD33BE3BBD3BBD3BBE3BBE3BD7
:10C5A800BD3BBD3BDD437F5C3E5CFE4BDD43BE4394
:10C5B800DD3BBD3BBD3BDE3BDE3BDE3BBE3BDE3B0E
:10C5C800BD3BDE3BDE3BDE3BDE3BDD3BBD3BDD3BDF
:10C5D800DD3BDD3BDD3BDD3BDD3BDD3BFD43FD3B4B
:10C5E8007E7D7D7D7E7D5D755D7D5E7D5D7D5E751F
:10C5F8005E7D3E7D5D755E7D5E7D3D755E7D5D7DAE
:10C608005E755E7D5E757D7D7D859D859D85DE8DF6
:10C61800DE95DE959E951E9EDE9D5D8D9E95DE9532
:10C628001D9E1E9EFE9DFE955D8D5E8D5E855E7DCA
:10C638001D751E753E751E6D1E751D6D1D751D6D56
:10C64800FD6C1D6DFD6CFE74FE6CDD74FE6CDE6CA5
:10C65800DD6CDD6CFE6CFD6CFE6CFD6CDE6CDD6C07
:10C66800DE6CDD6CDE6CDD64DE6CDD64BD6CDE64AE
:10C67800BE6CDE64DD6CBE64DE6CBD64BE64BD642D
:10C68800BE64BD6CBE64BD64BE64BE649D5C9D64D6
:10C698009D5C9D5CBE649D5C9D649D5C9E64BE6467
:10C6A800BE5CBE649D5C9E649D5C9E5C9D5C9D5C66
:10C6B8007E5C7E5C9E6C7F5C7E5C7E5C7D5C7E5C72
:10C6C8007D5C5D5C7D545D5C5D545D5C5D545D547A
:10C6D8005D5C5D545E5C5D547E545D545D545D4CA0
:10C6E8003E545D545D543D543D543D543E545D5458
:10C6F8003D4C3D541D543D4C3D541D4C1D541E4C49
:10C708001D541D4C1D541D4C1D4C1D4C1D4CFD4BEA
:10C718001D441D4C1D4CFD4B1E44FD4B1D4C1E4C19
:10C728001D4C1D4C1E441D4C1E4C3E4C1D4C1D4C9E
:10C738001D4C1D4C1E4C1D4C1E44FD4BFD431D4CF9
:10C74800FD4BFD4BFD43FE4BFD431D4CFD43FD4B97
:10C75800FD43FD4BFE4BFD43DD43FD43FD4BDD43F8
:10C76800FE43FD43DE4BFD43DD43DD43DD43DD4357
:10C77800DD43DD43DD43DD43DD43DD3BDD43DE43B8
:10C78800DD3BDD43DD3BBD3BBD43DD3BBD43DD3B29
:10C79800BD43DD3BBD3BDD3BBD43DD43BD3BBC3B5A
:10C7A800DD43DE43DE4B5C64BD9D1ED79EF79EF7DE
:10C7B800BEF7BEFF9EF7BEFFBEF79DF7BEEFBEF702
:10C7C8009EF7BEEF9DF79EEF9EEF9FEF7EEF7EE711
:10C7D8003EDF5EE77EE73EDF1DCF3ED71ECF7FB64A
:10C7E800FE9DFB537C43BE3BBE3BBD3BBD3BBD33C7
:10C7F800BD3BBD33BE3BDD3BBD3BDE33BD3BBE3B3E
:10C80800BD33BD3BBD33BD3BBE3BBD33BD3BBE3B76
:10C81800DD3BBE3BBD3BBD3BBE33DD3BDE3BDD3BD5
:10C82800BD3BDD3BBD3BDD43DE43BE43DD43DE3B7D
:10C83800DD3BDE3BDD3BDD3BBD3BDD3BDE3BDD3B4E
:10C84800DE3BDD43DE3BDD3BDD3BDE3BDD3BDD3B15
:10C85800BD3BDD3BFE43FD3BFE3BFD3BDE3BFE3B84
:10C868007E7D5E7D7E7D5D7D5E7D5D755E7D5E7DB2
:10C878005E7D5E7D3E7D3E7D5E7D5E755E7D5E7528
:10C888003D7D5E753D7D5E7D5D7D3D753D7D5D8556
:10C898007E859E8D9D8DBE8DFE9DBE95DE9D3EA6A0
:10C8A8001DAE3DA63DAE3EAE1DA6FDA5BD959D8D1A
:10C8B8007C855D855D853D7D1D7D3D751D753D7D59
:10C8C8001D751D7D3D751E751E751E75FE741D75C5
:10C8D800FE74FD741E6DFE74FD741E6D1E75FD6C78
:10C8E800FE6CFD6CDE6CDD6CDD6CDE64DE6CDE6CBB
:10C8F800DE6CDE64BE6CDD64BE6CBE64BD6CBE64A2
:10C90800BD64BE64BD6CBE64BD64BD64BD64BD5C15
:10C91800BD64BE64BD5CBD64BD649D5CBD5CBD643E
:10C92800BE64BE64BE649E5C9D5C9D5C7E5C9D5CDA
:10C938009E5C7E645D5C7E5C9E549E5C7D5C9E5CC1
:10C948007D5C7E5C7E5C7D5C7E5C5D547D5C5D5464
:10C958005D5C5D545D547D545D545E545D545D541E
:10C968005D545E545E543D545E545D4C3D545E547B
:10C978003D543D543D4C3D543D543E4C3D543D4C3E
:10C988003D543E4C3D4C3D4C1D4C3D4C1D4C3D4C8E
:10C998001D4C1D4C1E4C1D4C1D4C1E4C1D4C1D444D
:10C9A8001E4C1D4C1D4C1E4C3D4C1D4C1E4C1D4C14
:10C9B800FE431D4C1D4C1D4CFD4B1D4C1D4CFD4399
:10C9C8001D4C1D4C1D4C1D4C1D4CFD4B1D4CFD4B59
:10C9D8001D4C1E4C1E4CFD4BFE43DD4BFD43DD4301
:10C9E800FD4BDD43FD4BDD43DD43DD43DD43DD43EF
:10C9F800DD43DD43DD43DD43DD43DD43DD3BDD4337
:10CA0800DD43DD3BDD43DD43DD3BBD3BDD43DD3B5E
:10CA1800BC3BDD43DD3BBC43DD3BDC3BDD43DD4371
:10CA2800BC3BBD439C3B7C6C3DB61EDF9EEF9EF736
:10CA38009EF7BEF7BEFFBEF7BEF79EF7BEF79DF79F
:10CA48009EEF9DF79EEF9EF79EEF7EE77EE73DD730
:10CA58003DD73DD71DDFFECEFECEDEC6DEC61ECFDD
:10CA68009FDF5EAE9D649D3BBE3BDE3BBD3BBE3B58
:10CA7800DE3BBD3BDE3BDE3BBD3BDE3BDD3BDE3B29
:10CA8800BD3BBE3BBD3BBD33BD3BBD3BDE3BDD3BA4
:10CA9800BE3BDD3BBD33BD3BBD3BDE3BBD3BDE3B73
:10CAA800BD3BBD3BBD3BBE3BBD43BE3BDD3BDD3B74
:10CAB800DD3BDD3BBD3BDE3BBE3BBD3BBD3BBD4344
:10CAC800DE3BBD3BDE3BBD43DD3BDD3BDD3BDD43CC
:10CAD800DD3BDE43DD3BDE43DE3BFE43DD43DE3B49
:10CAE8007D7D7E7D7D7D5E7D7D7D5E7D5D7D5E7DEA
:10CAF8005E7D5D7D5E7D3D7D5E7D5D755E7D5D7D82
:10CB08003E755D7D3E753E753E753E7D3E7D3E7D46
:10CB18003E7D3E7D7E7D9E8DBE8DBE95DE9D5FB643
:10CB28007EB69EBEBEBEBEC6FFC6FECEBDBE9DBE06
:10CB38009DB69EB67DB65DAE3EA6FF9D9D8D5D857C
:10CB48005D855E855D853E7D3E7D3E7D1E7D1E75D7
:10CB58001E751E75FE741D6D1E751E751E75FE7480
:10CB6800DD6CFE6CFE6CDD6CDE6CDD6CDD6CDE6439
:10CB7800DD6CDE6CBD64DE6CBE64BD6CBE64BE6420
:10CB8800BE6CBD64BE64BD64BE64BE5CBD64BE6490
:10CB9800BD649D64BD649E5C9D64BE64BD64BE64EA
:10CBA800BD649D5C9D5C9D649E5C7D649D5C9E6493
:10CBB8009D5C7E5C9D649D5C9D5C7D5C9E5C7D5CFB
:10CBC8007E5C7D5C7D5C7D547D5C7D5C5E5C5D5CDB
:10CBD8005D547E5C5D545D545D5C7D545D5C5D546C
:10CBE8005E545D545E5C5D543D545E545D545E54C9
:10CBF8005D543D545D543D543D543E4C3D543D546C
:10CC08001D543D543D543D543D543D4C1D4C1D4C0C
:10CC18001D4C1D4C1D4C1E4C1D4C1E4C1D4C1D4CC2
:10CC28001D4C1E4C1D4C1E4C1D4C1E4C1D4C1D4CB1
:10CC38001E4C1D4C1E4C1E4C1D4C1E4C1D4CFD4BC1
:10CC48001E4C1D4C1D4CFD4B1E4C1D4CFD431D4CDC
:10CC5800FD43FD4BFD43FD4BFD43FE4BFD43FE4BAA
:10CC6800FD43FE4BDD43FD43DD43DD43DD4BDD434B
:10CC7800DD43DD43DD43DD43DC43DD43DD43DD43AD
:10CC8800DD43FD43DD43DD3BDD43DC43DD3BDD438D
:10CC9800DD43DD43DD43DD43DD43BD3BBC43FC43B6
:10CCA8001D541C5C9C747FAEFECE3EDF7EEFBEF74B
:10CCB800BEF79DF7BEF79EF7BEF7BEF79EF7BEEF2D
:10CCC8009EF79DEF7DEF9EEF7EE75DDF5ED73ED757
:10CCD800FECEDDC6DDC6BDC69EBE9EBE7EB65DBEB0
:10CCE800BECE9EBE3FA69D5C9C3BDE3BBD3BDD3B76
:10CCF800BD3BDE3BDD3BBD3BDE3BBD3BDE3BBE3BE8
:10CD0800DD3BBD3BDE3BBE3BDD3BBE3BDD3BDE3BB7
:10CD1800DE3BBD3BDE3BBE3BDD3BDE3BBE3BDD3BA6
:10CD2800BD3BDD3BDE3BDE3BDD3BBE43DD3BDC4369
:10CD3800DD3BBD3BBE43BD3BBE3BDD43DD3BBD3BB9
:10CD4800DD43DD3BDD43DD3BDC43DD43DD3BDD3BFC
:10CD5800DD3BDD3BFE43FD3BDD43DD3BFE3BDD4391
:10CD68007E7D5E7D7E7D5E7D7E7D7E7D5E7D5E7D63
:10CD78005E7D3E7D5E7D5E7D5E7D3E7D3E7D5E7D33
:10CD88003E7D5E7D3D7D5E7D3E7D3E753E7D3D7595
:10CD98003E753E7D3E7D5E857D85BE95FD951E9EDC
:10CDA8007DAEBEB6DFC6FECE1ED71ED73EDF5EDF27
:10CDB8005EDF7EDF9FDF7EDF5ED71ED7BEC67EB614
:10CDC8003EAEFEA5DE9DBE959E8D7E8D7D857E85C3
:10CDD8007E853D7D5E853E7D3E7D1E7D1E7DFD7C86
:10CDE800FE741E75DD74FE6CFD6CDE6CDD6CFE6C15
:10CDF800DD64DE64DE6CBE64DE6CDE64DE6CBD6445
:10CE0800BE64BE6CBE64BE64BD64BE64BD649E6424
:10CE1800BE64BE649E649D649E649E64BE649E649B
:10CE28009D649E649D649D649D649D649E5C9E5CFF
:10CE38009E5C7E5C9E5C7E5C9E5C7E5C7E5C9E5C9A
:10CE48007D5C7D5C7E5C7E5C7E5C7D5C7D547E5C16
:10CE58007D5C5D545D5C5E545D5C5D545E5C5D5400
:10CE68005E5C5E545E545D545E543D5C5E545D543D
:10CE78005E545E543D543E543D545E5C5E5C3C548E
:10CE88003D5C5D5C9D5C7D5C5E647E647E643D5C57
:10CE98001D541D541D541E4C1E541E4C3D4C3D4CDF
:10CEA8001D541D4C1D4C3D4C3D4C1D541E541D4CD9
:10CEB8001E541D4C1E4C1D541E4C1D4C1E4C1D4C0E
:10CEC8001D4C1E4C1E4C1D4C1D4CFD4BFD4BFD4B73
:10CED8001D4CFD4BFE43FD4BFE43FD4BFD43FD4BFF
:10CEE800FD43FD43FE43FD4BFD43FD43DD43DD4371
:10CEF800DD43DD4BFD43DD4BDD43DD43DD43DD43FA
:10CF0800DD43BD43DD43DD43FD43DD43DD43DC431A
:10CF1800BD43DD43DD43DD43BD431D5C7B6CFE9DAE
:10CF2800FEA51DAEFFCE5EE75EDF5DE73DDF5EE797
:10CF38009EEF9DEF9DEF7EEFBEF7BEF79EEF9EEF53
:10CF48009EEF9EEF7DE77DE75DDF5DD73DCF1DCF8F
:10CF5800FECEDEC6BEC69DBE5EB65EB63DB63DAE74
:10CF68003DB63DAE3EA6BF955C5C9C3BBD3BBE3B23
:10CF7800DE3BBD3BBE3BBD43BD43BD3BBE43BD3BAE
:10CF8800BE3BBE3BBD3BDE3BBD3BDE3BBE3BDD3B74
:10CF9800BE3BDD3BDE3BDE3BDD3BBE3BDD3BDE3B04
:10CFA800BD3BDE3BBD3BDE43DE3BDD3BBD3BDD3B0E
:10CFB800DD3BDD3BDD3BDD3BDD3BDD3BDD3BDE3BA8
:10CFC800DD43DE3BDD43FE3BDD3BFD3BFE3BFD3B06
:10CFD800FE43FD3BDE3BDD43FE3BDD3BDD43FE3BED
:10CFE8007E857E857E857D7D7E7D5D857E7D5E7D83
:10CFF8005E7D5E7D5E7D5E7D5E7D5D7D5E7D5E7D52
:10D008005D7D5E7D5E7D3E755E7D3E7D5E7D5E7D89
:10D018005E7D3D7D5E7D5E857E857E8D9E8D9D8D52
:10D02800DD953DA69EB6FFC61FCF5FD75EDF7EE7C4
:10D038009EE79FEF9EEFBEEF9EE79EE77EDF3EDF17
:10D048001ECFDDC69DBE5EAE1EA6FD9DFD9DDD9D6F
:10D05800BC959D8D7D8D7D8D5D857E8D5E853E7DAE
:10D068001D7D1D75FD6CFD74FD6CFD6CFD6CFE6C0D
:10D07800DD6CDE6CDE64DE6CDE64DE6CDE6CDE6C69
:10D08800BE64DE6CDD64BE6CBD64BE6CBD64BE6433
:10D09800BD64BD649E64BE64BE64BE64BE64BE649A
:10D0A800BD649D649D649D64BD649D649D649E5C37
:10D0B8009E649D649E5C9E649E5C9D5C9D5C7E5CA3
:10D0C8007E5C7D5C7E5C7D5C7E5C7E5C7D5C5D5CAC
:10D0D8007E5C7D5C7E5C5D5C7E5C7D5C5D547E5CC4
:10D0E8005D5C7E5C5D5C5E5C5D545E5C5D547E5444
:10D0F8005D545E545D545E5C5E547E5C9D64BE6CA3
:10D10800BE6C7D5C7D5C9D647D6C9E64BD647E644C
:10D118007D5C7D5C5E5C3D5C1E541D543D541D541D
:10D128001D543E543D4C3D4C1D541D543E541D4C05
:10D138003E541D543D541E4C3D541D541D541E4C0C
:10D148001D541D541D4C1D541E4C1D4C1D4C1D4C76
:10D15800FD4B1D4C1D4CFD4B1D4CFE4B1D4CFE4B01
:10D16800FD43FD4BFD4B1E4CFE4BFD4BDD43DD43AC
:10D17800DD43DD43DD43DD43DD43DD4BDD43DD4B97
:10D18800BD43DD4BDD43DD43FD43DD43DD4BDC4388
:10D198005C5C1D54BD3BBD4B5D64FFA55DBE3EDFC1
:10D1A8007FDF3EDF5EDF7EE77EE75EDF5EDF5EE736
:10D1B8005DDF3DDF5EE75FE75EE79EEF9FEF9EEF97
:10D1C8007EE77FE75DDF3EDF3DD71DCF1ECFFDC683
:10D1D800DEC6BDC69EBE7DB65EB63DAE1EAE1DA603
:10D1E800FEA5FE9DDE9DDE95DE741C543D54BC43B9
:10D1F800DD43DE3BDD3BDD3BDD43BE3BDD43DE3B6C
:10D20800BD43DE43BD3BDE43DD3BDE3BDD3BDE3B7A
:10D21800DD3BDE3BDD3BDE3BDD3BDE3BDD3BDE3B42
:10D22800DD3BDE3BDD3BDD3BDE3BDD3BDE3BDD3B33
:10D23800DD3BDD3BDD3BDD3BDD3BDD43DD3BDD4316
:10D24800FD3BFE3BFD3BDD3BFE3BFD3BDD3BFD3B54
:10D25800DD3BFE3BFD43FE3BFD43FE3BFD43FE4302
:10D268009E859E7D7E857D7D7E857E7D7D7D5E85A0
:10D278007E7D7D857E7D7E7D7E7D5D7D5E7D5D7D29
:10D288005E7D5D7D5E7D5E7D5D7D5E7D5E7D3E7DE0
:10D298005E7D5E7D5D7D5E7D5D7D7E857E857E8538
:10D2A8009E8DDE95FD9D5EAE9EB6BEBE1ECF1DD781
:10D2B8005EDF7EE79EEF9DEF7DF79EEF7EE79EE7C0
:10D2C8005EE73ED7FED6BDC6BEBE9DBE9DB69EBE1F
:10D2D8009EB67EB63EB61EA6DE9DBE95BE957D85E3
:10D2E8003E7D1D7D1E751E75FE74FD6CFE6CFD6C0D
:10D2F800DE6CDD6CDE6CDD6CDE6CDE6CDE6CDE64E0
:10D30800DD6CDE6CBE64BD64BE6CBD64DE6CBD6489
:10D31800BE6CDE64BE6CBD64BE64BD649E64BD64E8
:10D32800BE64BD649D64BE649D64BE649D64BE5C51
:10D338009E64BE5CBD649E5CBD649E649D5C9D6491
:10D348009D5C9E5C9D5C9E5C9E5C7D5C7E5C7E5C68
:10D358007D5C7E5C7D547E5C7D547E5C7D5C7E5C09
:10D368005D5C7E5C5E545D5C5E545E5C7D545E54C8
:10D378007D545E5C5D545D5C3D5C5D5C7C64DD742D
:10D38800DD6CBE6CDE6CBD6CBD6C9D647D647C64C4
:10D398007D5C9D647E645D5C5D5C5D545D545D5444
:10D3A8003D543D541D4C3D4C3E543D4C1D541D5464
:10D3B8003D543E4C1D543D543E541D4C1D541D546B
:10D3C8001D4C1E541D541D4C1D541E541D541D54DB
:10D3D8001E4CFD531D4C1E4CFD4B1D4C1D4C1D4C35
:10D3E800FD4BFD4BFD4BFD4BFD4BFD4BFD43FD4BFD
:10D3F800DD43FD4BFE43FD4BFE4BFE4BFD4BFE4B11
:10D40800FD4BDD43FD4BDD43DD43DD43DD4B5E641A
:10D418001F7D3E85BE7C7C743D8D9EBE1ECF1EDF6B
:10D428007EE75EE73EE73EDF1EDF3ED73FDF3ED7C3
:10D438003EDF5EDF7EE75FE73EDF5DE77EE77DDFBD
:10D448005EDF5EDFFECEDEC69FBE9FBE7EB69EB6A8
:10D458009EC69EBE7EBE7DBE5DB63DAE3EA61EA6E7
:10D468001E9EDD9DBE9D9E951D7D9D6CDF745D5C41
:10D47800BC43DD43DD3BDE43DD3BDD43DD3BDE43DB
:10D48800DD3BDD43DD3BDD43DE3BDD3BDD43DD3BBB
:10D49800DE43DD3BDD43DD3BDD43DD3BDE43DD3BA2
:10D4A800DD43DD3BDE43DD3BDD3BDD43DD3BDD4393
:10D4B800DD3BFD43DD3BDD43FD3BFE43FD3BFE43E2
:10D4C800FD3BDD43FD43DD3BFD43DD3BFD43DE43EB
:10D4D800FD3BFD43FD43FE43FD3BFD43FE3BFD435A
:10D4E8007E857D7D9E857D857E7D7D857E7D7E7D1F
:10D4F8007E7D7E7D5E857D7D7E855E7D7D7D5E7D9E
:10D508007E7D5E7D7D7D5E7D5E7D5E7D5E7D5E7DFC
:10D518005E7D5D7D5D7D7D7D5E855E7D5E855E85F6
:10D528007E8D9E8DBD8DFE9D1D9E3EA65DAE7DB6FB
:10D53800BDC61DD75EE79DEF9EEF7EEF7EEF7EEFC7
:10D548007FE75FE73EDF3ED7FED6DDCEDEC6DEC62E
:10D55800FEC6DECEFEC6DFC6BFBE7EB63EA6DD9DDB
:10D568007E8D3E851D7DFD74FD74FE6CDD74FD6C45
:10D57800FD6CDE74DE6CDE6CDE6CFE6CDE6CDE6C0C
:10D58800DD64DE6CDD6CDE6CDD64DE6CDD64DE6C5F
:10D59800DD64BD6CBE64BD64BE6CBD64BD6CBE6440
:10D5A800BD64BE64BE64BD649D649D64BE5C9D64D0
:10D5B8009D5C9E649D5CBE649D5C9E5C9E64BE5C3E
:10D5C8009D5C9D5C9D5C7E5C7D5C9E5C7E5C9D5CE8
:10D5D8007E5C7D5C7D5C7D5C5D5C7D5C7D5C7D54A2
:10D5E8005E5C7D547E5C7D5C5D5C9E5C9E5C5D5C8F
:10D5F8007E5C5D5C5D5C5E5C3D549D6C7E85BF952C
:10D608003D85FE7CBD6C7D6C9D6C9E6C7D647D64EF
:10D618005E647D645D5C7D5C5D5C5E5C5D5C5E54EF
:10D628007E545D545E543E545E545D547E545E5444
:10D638003D543D545E5C3D543D543D541E543D5450
:10D648003E543D541D4C1D541D541D541D4C1D5419
:10D658001D543D4C1E541D4C1D4C1E4CFD4BFD4B8A
:10D668001D4CFD4B1D4CFD4B1D4CFD4BFD4B1D44F6
:10D67800FD4BFD43FD4BFD43FD43FD4BFD4BFD4B7A
:10D688001E4C1E4C1D4C1D4C1C44DD4BDD533D5C9B
:10D698007D6CBD7C7E9D9E95FFA53EB63DB69EC623
:10D6A8003FDF1FDFFEDEFED6BDCEBEC69EBE9DC6D8
:10D6B800DEC63ED77EDF5EDF3EDF3DD73CD75DD797
:10D6C8005EDF1ECFBDC61EAE7D9D1C85FC845D8DB4
:10D6D8009E951FAE3EB65EB65DB63EAE1DAEFEADC5
:10D6E8001D9EDE9DBD957D8D1E85DD74DE74BE6C30
:10D6F8005E5CFD4BDD3BFD43DD3BDD43DE43DD3B57
:10D70800DE43DD43DE3BDD43DE3BFD43DE3BFD43E5
:10D71800DD3BDE3BDD3BDD3BDE3BDD43DD3BFE430E
:10D72800DD3BDD3BDD3BDD43DE3BDD3BFD43FD3BE0
:10D73800FD43DD3BFD43FD3BDD43FD3BDD43FD3B61
:10D74800DD43FD3BFD3BDD43FD43FD43FD3BFD4329
:10D75800FD43FE43FD3BFD43FD43FD431D44FE43A6
:10D768009E859D859E859E7D9D859E857D857E85E4
:10D778007D857E7D7D857E7D7E857D7D7E857D7DAD
:10D788007D857D7D5E857E7D7E857D7D7E7D7D85BD
:10D798007E7D7E7D7D7D7E859E7D7E857E859E854A
:10D7A8009E8D9E8D9D8DBE95BD95FE9D1EA63EA609
:10D7B8005EB69EBEDECE3ED77FE77EE77EE77EE79B
:10D7C8007EE77EE75DE75EDF3EDF3ED71DD71ED7EB
:10D7D800DDCEDDCEFDCEFECEFECEDEC6BEBE5DB655
:10D7E800DEA59D957D957E8D5E855E7D5E7D1E7533
:10D7F800FE74FD6CFE74FE74DE6CFD6CFE6CFE6CDB
:10D80800DE6CDD6CFE64DD6CDE64DD6CDE6CDD64BC
:10D81800DE6CDD64BE6CBD64BE64BD64BE64BD6C9C
:10D82800BE64BD6CBE649D64BD64BE649D64BD5C25
:10D83800BE64BD5C9D64BD5C9E64BD64BD5C9D644E
:10D848009D5C9D649D5C9E647E5C9E5C7E5C9E5C33
:10D858007E5C9E5C7D5C7D5C9D5C7D5C7D5C7D5CB6
:10D868007D5C7E5C7D5C7E5C7D547E5C7E5C7D5CEC
:10D878007D547E5C9E647E5C9D6C5E851F9E7D8D66
:10D88800DB7C5E851E7D9D6C7D6C7C647D6C9E6CF6
:10D898009E649E6C9D6C7D645D645D5C7E645E5C74
:10D8A8005E5C3E5C3D5C3D5C3D5C7E5C7E647E64B3
:10D8B8007D5C7E5C7D5C5E5C5D5C3E5C5D543E5C7C
:10D8C8003D543E5C3D543D543E543D543E5C3D54B5
:10D8D8003D543E543D541E541D543D541D541D4C3E
:10D8E8001D541D4C1D54FD4B1D4C1D4C1D4CFD4B1A
:10D8F800FD43FD4BFD43FD4BFD43FD4BFD43FD4B00
:10D90800FD4B1D4CFE4B1D4C1D4C1D4C1D541D5CF0
:10D91800FC531C5C5C6CDE7C5E8D5D8D3B8D1EB6A5
:10D928009EC6DEC6DDCEFECE5DB6DDA5FEA53DB645
:10D938005DB6DEC6FECE3ED71ECF1FD7FECE3ED783
:10D948001ECFBEC63DAE9D9DFD8C7C6C5D645C6447
:10D958005D649C747E953FAE3FB63EAEFEADFEA5BF
:10D96800FDA5FD9DBE9D7E951E85FD74BE74BE748D
:10D978005D645E54FD431D4CFD43DD43DD3BDD43EB
:10D98800DD43FD43DD43FD43FD3BFD43FD3BFD43DF
:10D99800FD3BFD43DD3BDD43DD3BFD43FD3BFD43FF
:10D9A800DD3BDD3BFD3BFD43FD43FD3BFD43FD3BD7
:10D9B800FD43FD3BFD43FD3BFD43FD3BFD43FD3B7F
:10D9C800FD43FD3BFD43FD43FD3BFD43FD43FD435F
:10D9D8001E441D44FD43FD43FD3B1E441D441D44A0
:10D9E8009E85BE859D859E859D859E859D7D7E8522
:10D9F8009D7D7E859D857E7D7D857D7D7E7D7D85EC
:10DA08007E7D7D7D7D857E7D7E7D7E857E7D7E8520
:10DA18007E7D7D857D7D9D7D7D859D85BE859E8D5B
:10DA2800BE8DBE95DE95DF95DE95BE95DE95DD9DB6
:10DA3800FE9D1DA65EAE5EB6BEC6FDCE3ED75EDFBF
:10DA48007EDF5EDF5EDF7EE75DDF7EE77EDF7EDF37
:10DA58005EDF3ED73ED73ED71DD71ED71ED71ED76F
:10DA6800DFCE5EB61DAE1EA6FE959D8D7E853E7DE3
:10DA78001E75FE741E75FE74FE74FE6CFE6CFD6CE5
:10DA8800FE6CFD6CFE6CDD6CDE6CDD6CDD64DE6CEA
:10DA9800DD6CDE6CDD64DE6CDD6CDE6CBD64DE646A
:10DAA800BD64BE64BD6CBE64BE64BD64BE64BD645A
:10DAB800BD64BD64BE5CBD64BD64BD5CBE64BD6464
:10DAC8009E5CBD649D5C9E5C9E649D5C9E649E5C49
:10DAD8009E5C9D5C7D5C9E5C9D5C9D5C9E5C9D5C93
:10DAE8007E5C7D5C7D5C7E5C7D5C7E5C7D5C7E5C62
:10DAF8007D5C5D5C9E64BF6C7D64DD749D955B8D13
:10DB08003C853E8DFE7CDD74BD74DD74DD6C9C6CE3
:10DB18009C64DD747D95BE959D8D3C85DD7CBD74D2
:10DB28009C6CBB74FEA5FD9D3C8DBC743C5C7D5C0F
:10DB38007E5C7D647E647D5C5D5C5E5C3D5C5E5CA1
:10DB48005E5C5E5C5D5C3E5C5D5C3E5C5D5C3E5C60
:10DB58005E5C3D5C3E543D543E543E543D541E5420
:10DB68001D543D541E541D4C1D541D4C1D541D4C1C
:10DB7800FD4B1D44FD4B1D4CFD4BFD4BFD4BFD432B
:10DB8800FD4B1D4C1D4C1D54FD4B1E543D543E5425
:10DB98007E5C5E5C3E5C3D543D5C7D641E859E956E
:10DBA800BD9D1EA67EB65EB69D9DDE843D8DDEA51E
:10DBB8003EB67EBE7EB67EBE7EBEDEAD1EB67DB6EF
:10DBC8005EB65DB6FEADBD9D9F95DD745D5C5E5431
:10DBD8005D543D545C641E7D7D8D9D957D959E9D17
:10DBE8009C95BD9DDFA57E955E853E85BC6C7D6C54
:10DBF8005D5CFC4BFC4B1D545E543F4CFD43FD43A8
:10DC0800FD43DE43FD3BFD43FE43FD3BFD43FE4339
:10DC1800FD43FD3BFD43FD3BFD43FD3BFE43FD3B1B
:10DC2800FD43FD43DD43FE3BFD43FE43FD3BFD431A
:10DC3800FD43FD3BFD43FD43FD3BFD43FD43FD3BF4
:10DC4800FD43FD43FD3BFD43DC43FD43FD43FD43F5
:10DC5800FD43FD431D441E443D441D441E441D44D4
:10DC6800BD85DE85BE85BD85BE7D9D859E859E85DF
:10DC78009E859E857E7D9E859E857E857D7D7E8515
:10DC88007E857E7D7E857E857E7D7E857E857E7D8C
:10DC98007E857E7D7E7D7D859E7D7D859E857D853F
:10DCA8009D859D8DBE8DDE95DE9DFF9DFE9DFE9D15
:10DCB800FE9D1EA61DA61EA63DAE7DB6BDC6FECE09
:10DCC8003EDF5EDF5DE75DE77EE77DEF5EE75DE710
:10DCD8007EE75DE77EDF5EDF3DDF3DD71DDF1DD7D9
:10DCE8001ED71ED7BEBE9FAE3EA6BD953C753E75DF
:10DCF8003E751E75FE74FD74FD6CFD6CFD74FE6C46
:10DD0800FD6CFD6CDE6CFD6CDE6CFD6CDE6CFD6C20
:10DD1800DE6CDD6CDE6CDE6CDE6CBD64DE6CBD6CF6
:10DD2800BE64BE64BE64DE64BE64DE6CBD64BE6494
:10DD38009E64BD649E649D649E649D649D649D64B0
:10DD4800BD649D64BD649E649D647E649D647E64C0
:10DD58007E647E649E5C9D5C9D647D5C7D647E5C6F
:10DD68007D5C7E5C7E5C7D5C7E649E5C7E5C7D5CB6
:10DD78005D5C7D649D6CDD7C1D85DC7C1EA6BEBE65
:10DD88003EAE5E8D3D8D5D955C8DBE9DBE9D7D9547
:10DD9800BD951EAEDECE7FDF7EE73FD79DC6DCADEC
:10DDA8001DB6DEC65DDFFFEFBFE79DCE3DAE9D8DA4
:10DDB800BC745D6C3D5C5D5C7D5C5D5C5E5C5D5C0B
:10DDC8007C5C7D645E645E5C5D5C7E5C5D5C5D5C11
:10DDD8005D5C7E645D5C7D645D5C5D645D5C5D5C1A
:10DDE8005E5C3D541D543D541D4C1D4CFD4B1D4C5B
:10DDF800FD4BFD4BFD4BFD4BFD4BFD4BFD4BFD4BDB
:10DE0800FD4BFD4BFD4B1E4C1D4C1C4C1D543D54F5
:10DE18003D54FC531D541D4C1E4C3E5C3D64FE7C21
:10DE28007E8D5D855E85FD7C7D6C3D649E743D7D4B
:10DE38005F8D5D8D9D9DDDA5DEA59E9D3C8D5D95CF
:10DE4800BFA5DEADBEA59E9D7E953E85BD6C3D5CA5
:10DE58003E541D54FD533D5C5C5CBD6CBC6CFD7454
:10DE68001C7D5C8DBE9D7D953D853D85BD747E6424
:10DE78009D643D541D541D4C3E545E5CFD53DD4372
:10DE8800FE431E4CFD43DD43FD43FD43FD43FD437F
:10DE9800FD43FD43FD4BFD43FD43FD43FD4BFD436A
:10DEA800DD43FE43FD43FD43FD43FD43FD4B1D4460
:10DEB800FD431D44FD431D44FD43FC43FD43FC431A
:10DEC800FC431D4C1D441D4C7C5C3D7D9F8D5E8D2F
:10DED8003D7DFC6C3C5C5D541D4C1E441D441D4442
:10DEE800BE85DD85BE85BD85BD85BE85BE859E8515
:10DEF8009E859E859E857E859E7D7D859E857E7D73
:10DF08009D859E857D7D9E857E7D7E859E7D7E858B
:10DF18007E7D9E857D857E7D7E857D7D7E7D7D85E4
:10DF28007D857D857D859D8D9D8DBD8DBD95DE9580
:10DF3800FD9D1E9E1EA63EAE5EAE9EBEDFBEDECE22
:10DF48001DD77EDF9EEF7EEF7EEF7EEF9EEF7EEFAA
:10DF58009EEF7EEF9EE77DE75EDF3EDF3EDF1DD76B
:10DF68001EDFDECE5EAEDD9D9E855D853E753D7510
:10DF78001E751E751E751E751D75FE6CFD6CFE7476
:10DF8800FD6CFE74FD6CFE6CDD6CFE6CDD6CFE6C75
:10DF9800FD6CDE6CDE6CDE6CDE6CDE6CDE6CDE6C0A
:10DFA800DD64DE64BD64DE64DD64DE64BE6CBD64B5
:10DFB8009E6CBD649D649E64BD64BD64BE649D64C6
:10DFC800BE649D64BE649D649E649D5C9D649D6406
:10DFD8009D649D649E649D649D5C9D647E649E6456
:10DFE8007E649E647D647E5C7D647E5C9E649D64CC
:10DFF8007D64DE741E857F8DFFA51EAEBFBEBEC6C6
:10E008001EA6BE9D5EAEBECE7CBEFECE1ED7BEC6D2
:10E01800FDCE3ED75FE79EEFBEE7BEEFBFEF9FEFB7
:10E028009FEFBFEFBEEFBEF7BEF7BFF7BFF73ED714
:10E03800BEC65EB69D9D1D759D5C9E647E649E6495
:10E048009D647D647D647E645D647E645D647E5CE5
:10E058007E647D649E649E6C9D6C9E649D6C9E64D3
:10E068005D5C3D543D543D541D541D4C1D541E4C87
:10E078001D541E54FD4B1D4CFD4B1D4C1D4C1D4C81
:10E088001D4CFD4B1D4CFD4B1C541C4C1D4CFD5395
:10E098003D5CBE6C3D5CFC4B3D4C1D4CDC53FC5365
:10E0A8003C5C3C543C541D543C4C3D4C1C543C542E
:10E0B8001E545D5CBC6CDE7CDD74FD74FD7C9C6C68
:10E0C8001D7D9E957D9D3E8DBD7CFD7CFF745D64B0
:10E0D8003E5C3E545E5C3E541E543D545D547C5C34
:10E0E800DD745D85BE9DFEA5DE9D5E8DDD749E643E
:10E0F8005E5C1D543D4C1D4C5D545D5C5D541D4C77
:10E10800FD433D441D44FD43FD4BFE4BFD43FE4B8B
:10E11800FD43FE4BFD431D4CFD4BFD43FD43FD4BB5
:10E12800FD43FD4BFD43FE4BFD431E4C1E44FE4389
:10E138001D441E4CFD431E44FD431D441D4C1D44FF
:10E148001D543D545D5C3E7D3FA63DAE1EB6FEA50A
:10E158007FAE7EAEDE95BC6C1D541D4C1E443D4CFE
:10E16800BE85BE85BD85BE85BD85BD859E85BE85B2
:10E178009E85BE859E859E859E859E859D859E8560
:10E188007E859D859E857E7D7E857E7D7E857E7D48
:10E198009E857D7D7E859D7D7E857D7D7D857E7D43
:10E1A8007E7D7E857D7D7D857E857D855D857D8584
:10E1B8009D8D9D8DBD95FD9D1EA63EAE9EBEDEC667
:10E1C800FECE5DD79EE79EEF7EE79EEF7EEF9EEF49
:10E1D8007EEF9EE77EE75EDF5DDF3EDF5EDF5EE7C8
:10E1E8003FDFBEC61DA69D8D5D7D3E7D3D7D3D7597
:10E1F8001E7D1E751E751E751D75FE74FD6CFE74E4
:10E20800FD6CFE74FD74FE6CFD74FE6CFE74FD7492
:10E21800FE6CFD74FE6CDE6CFD6CDE6CDD6CDE6C21
:10E22800DE64DE6CDE64DE6CDE64DE64BD6CBE64FF
:10E23800BD6CBE6CBD64BE6CBD6C9E64BD64BD64CB
:10E24800BE64BD64BE64BD64BD649D64BD64BD5CE4
:10E258009C5CBD647E649E649E649E649E649E5CB9
:10E268007E649D5C9E649E649D647E649D5C9D64EA
:10E27800BD6C3F7D1F85FC7C5D951EB6DEA59DA50A
:10E288007F9DFD843EAE7FDF7EE79DE79FE75EDFF3
:10E298001CD77DE79EE77DEF9DEF9EEF9DEF9EEFFC
:10E2A8009EEF9EEF9DF79DEFBEF79EF79DF7BEEFA1
:10E2B800BEEFBEEFFFF7FD9D3C649E647D647E6407
:10E2C8007E647D647D647E647E5C7E647E5C7D6449
:10E2D8007E647D649D649D649D649D647D649D6C85
:10E2E8007E5C3D5C3D543D543D4C3D541D4C1D549D
:10E2F8001D4C1D541D54FD4B1D541D4CFD531D4CF0
:10E308001D541D4C1D54FD4BFD4B1D541D54FD53F8
:10E318007D6C3E855D8D9C645D5C5D5C9E649E6CE1
:10E328007D649D6C3D5C1C4C1C4C3D4C3D4C1E540E
:10E338001F54FD4B1D541D543C541C5CDF6C5D6424
:10E348007D643F851D7D9C6C7C6C9D6C7D6C5D64E3
:10E358003E645E643D541D543E5C1D541E543C5C3A
:10E36800DD743F8DBE951EAE5DAEFFA57E9D3E85DC
:10E378007D6C5E5C1E4CFC4B3D543E4C1D4C1E4C53
:10E388001D4CFD4B1D4C1E44FD43FE43FD43FE4307
:10E39800FD431D441E4C1D441E441D441D441D4484
:10E3A800FE43FE43FD43FE431E4C1E441D4C1D4CC4
:10E3B8001D4C1D441D4C1D4C1D4C1E4C3D4C1C4CF5
:10E3C8007D5C9D6CDE747E953EB67EBE5DBEDCA532
:10E3D8001DA67DB65DAEBE957C64FD4B1D4C1D44EF
:10E3E800BD85BE85BE85BD85BE85BE85BE859E852F
:10E3F800BE859E85BD85BE859D859E859D859E85A0
:10E408009D7D9E859D859E859D859E859D857E8518
:10E418009D857E859E7D7E859D857E7D7D7D7E8597
:10E428007E7D9E7D7E859E7D7D859E857D859E8566
:10E438007E8DBD8D9D8DBD8DBD95DD9D1DA67EB648
:10E44800BDC63DD77DDF7EE77EEF7EE75EE77EE7F0
:10E458005EE77EE75DDF7EE75DDF5EDF3DDF1DD7E0
:10E468001ED7BDC67DB61EA6DE9DDD9D7E8D7D7D3B
:10E478003E7D1E751E751E751D75FE6C1E751D6D07
:10E48800FE741E6D1E75FE6CFE741D6DFE74FD6CB3
:10E49800FE74FE6CDD6CDE6CDD6CDE6CDD6CDD6CE0
:10E4A800DD6CDE64DD6CDD64BE6CDD6CDE64BD6C71
:10E4B800DE6CBD6CBD6CBD64BD64BE64BE6CBD6409
:10E4C800BE64BD6CBE64BD6CBD64BE649E649E5C6F
:10E4D8009E649D647E649E649E649D649E64BD6427
:10E4E8009E649D647E5C7D647D5C7D5C7D649D6CCA
:10E4F800FE74FE7C9D74FD7C9E95BE9D5D8DBEA5C3
:10E508005E8D9C645D8DDDC67FE79EE77FE75EE7F5
:10E518005EE77EE79DEF7EEF9EEFBEF79EEFBEF7CC
:10E528009EEFBEF79EEF9EF79EEF9EEFBEEF9EEF2B
:10E538009DF77DF7DEF7FFCE9D6C7D6C7D6C5D6C85
:10E548005D649E647D647D647E647D645D5C5E6400
:10E558007E5C7D647D647D649D649D6C9D649D642A
:10E568005D5C5D5C3D543D543D541D4C3E541D5412
:10E578001D541D4C1D541D541D4C1D541D4C1D5423
:10E588001D541E543D541D541D4C1C4C3D541C5CC4
:10E59800BC749D95FEA5FB84BD6CDE74BE74BD7411
:10E5A8001D857F8D1E7D5C641D543D541E541D5475
:10E5B800FC531D75FD74FB537B5C1D85DD745D6428
:10E5C8007D6CFE7C1D8DFC7C3D855D853C85FC7CE1
:10E5D800FC7C3D8D1EAE9D9D9A7CDDA53DAE9C9D2F
:10E5E800FB84DC849F9D5FB67EBE5DB6DEA55D8D37
:10E5F800DD7C9F645E5C3E541D543D4C1E4C1E5495
:10E608001E541E541D4C1D4C1D4C1D4C1D4C3D4C88
:10E618001E4C1D4C1D441D4C1E4C1D4C1D4C1D4CB0
:10E628001E441D4C1E441D441D441E4C1D4C1D4CB7
:10E638001E4C1D4C1E4C1D4C1E4C5D4C7E549E6445
:10E648009E6C9D6CDE74FC7CBE9D1EAE3FAE1EB6FD
:10E658003EAE3DB61DAE3FAE7E851B545D5C5C5440
:10E66800BE8DBD8DBE8DBE8DBD85BE8DBD85BE8565
:10E67800BD85BE859E85BE85BE859D85BE859D85DD
:10E68800BE859D859E859E7D9D859E7D9D859E7D65
:10E698009E859D859E859E857E859D857E859D7DA5
:10E6A8009E857E7D9E7D9E859E859E859E857E859A
:10E6B8009E8D9D8D9E8DBD95DE95BD9DFD9D1DAE4E
:10E6C8007CB6FECE5ED75EE75EDF5EE73DDF5EE7E7
:10E6D8005DDF5EDF5DDF5DDF5EDF3EE75EDF3EDF85
:10E6E8001DD7BDC67DBE9EBE5EB65EB61FA6BE8DDC
:10E6F8003D851D751E751E751E751E751E751E754C
:10E70800FD741E6DFD741D751E6DFD74FE6C1D750A
:10E71800FD6CFD74FE6CFD6CFE74FD6CFE6CDE6CB5
:10E72800DD6CDE6CDE6CDD6CDE6CDD6CBD6CDE6CB5
:10E73800DD64DE6CDE6CBD64BD6CBE64BD6CBE6445
:10E74800BD64BE64BD64BD64BD649E649F6C7D642D
:10E75800BD6C7D647D6C9D6C7E649D64BD649D5CB8
:10E768009D649D649D649D5C9E649D649E649D649F
:10E77800FE74BE6C7D6C1E7D5E855E851C7DBE95BF
:10E788009E8D7B6C5D8D7DBE7FD73DD75EDF7FE73D
:10E798009EE77DEF7EF79EF77EEFBFF79EF79EF729
:10E7A800BEEF9EEFBFEF9FEF9EEF9EE79EE79EE7CF
:10E7B8007EE77DEFBDF7BFE7BD9D7C64DFA53D8D9E
:10E7C8003D647E647D645D5C7E5C5D645D5C5D5C17
:10E7D8005D5C7D647D5C9D649E649D647D5C5D5C28
:10E7E8005D5C5D543D543D541E543D4C3D543E5477
:10E7F8001D541D4C1D541D4C1D541D541D541D5499
:10E808001D541D4C1D545D543D543D541D5CBE6C3F
:10E818007F8D9D95DEA53FB61EA63D85BD7C7D6C92
:10E828005C6CBE74BE6C7D647E5C3D543D5CBD74A6
:10E838005D953FCF9EBE7C8D7EAE3ED77EBE7C95DD
:10E848005C95DCAD9EBEDECE1FD75FE79FE73EDF5F
:10E858005FE73FE7DFF7BFF75EE7DFF7DEF7DFF7F2
:10E868005FD77B9D9DA55FB67EB69EBEFEAD1C851F
:10E878009B6C5B643C5C3D545E545D543C5C1C5C2E
:10E888001D5C3E545E5C3E545D543D545D543D54A5
:10E898003D543D543E543D541D543D541D541D4C4F
:10E8A8001D4C1D4C3D4C1D4C1D4C1D4C1D4C1D4CF8
:10E8B8001D4C1D4C3D543D4C3D4C1E4C5D547E5CE6
:10E8C8007D5C5C645C647D64BE6CFE74FD7C3E852E
:10E8D8009E959E95BFA57D8D9F8D1C755F853E7D00
:10E8E800BE8DBE85BE8DBE8DBE8DBE8DBE85BE8DD8
:10E8F800BE85BE8DBD85BE8DBD85BE859D85BE850B
:10E90800BD85BE85BD859E859E859E859E859E8589
:10E918009E859E859E859E859E7D9E859E7D7E8507
:10E928009E859E859E857D859E857D857D8D7E8D3A
:10E938009E8D9D8D9D95DE95FE9D1E9E3EA65DB687
:10E948009EB6DDC63ED75EDF7EE75EE77EE75EDF2A
:10E958003DDF3DDF5DDF5DE75DDF7EE77EE75EDFB4
:10E96800FDD69DBE7DB65EAE3EA61EAEFE9D7D8DDD
:10E978001D7D1E7D1E751E753E6D1E751E751E6DD8
:10E98800FE741E75FE6C1D75FD741D6DFD74FD6CA9
:10E998001E75FD6CFD74FE6CFD6CFD74FD6CFE74E3
:10E9A800DD6CDE6CDD6CDE6CDD6CDE6CDD6CDD6C14
:10E9B800DE6CDD6CBD6CDD6CBD6CDE64DE6CDE6453
:10E9C800BE6CBD64BE64DD64DD64BE6CBD6CDD74AC
:10E9D8005E8D7D8D1D759C6C9C6C9D649D64BD5C7D
:10E9E800BD649E64BD649D649D649D649E649D64D5
:10E9F800DE6C9D649E64BD6CDC6CFD7C1E7D5E954A
:10EA08007E8DFD7CDE9DBFC6FDD63DD75EDF7EE7F1
:10EA18009DEF9DF79FF79EF79EF79EF79EF79EF74F
:10EA28009EFF9EF79EF79EF79EEF7FEF7FEF7EEFAC
:10EA38007DEF7EEF9DEFBEEF1DA67B6C1EAEFFAD9A
:10EA48009C6C7E645E5C5D647D5C5D5C5E5C3D5C74
:10EA58005D5C5E647E5C7D5C5E5C5D5C5E5C5D5C9A
:10EA68003D5C5D5C3D543D543D543E543D543D54E5
:10EA78003D541D543D543D541D541D541D541D54A6
:10EA88001D541D543D5CFD53FC5B7B6CDC7C7B742E
:10EA9800DC741D7D5E959E957E953D851E7DBE74BC
:10EAA8003D5C5E5C3D5C7E5C7D5C5D545C64FEA5AB
:10EAB8009DBE1EDF1DD73EDF7FE77EEFBFEFBFEFB6
:10EAC8005EE75EDF9EEF9FF79EF79DF79EF7DEF706
:10EAD800BEF7BEF79DF79EFF9FFF7EF77EF79DF777
:10EAE800BFF75FDFBEC6DCA53EAE3DB6FEADDEA518
:10EAF8005DB6DEC6FDA57E951D7DFB7C5EAE1DAEBA
:10EB08007C8D1C7D7D649D647E5C7D5C5E5C5D5C53
:10EB18007D5C7E5C5D5C5D5C5D5C5D5C3D5C5D5C04
:10EB28003D543D543D543D545D543D543E543E4C3B
:10EB38003D543E545E545E545E545D545E545D5C78
:10EB48005D5C5D5C5D5C5D5C5D5C7E649D649C643D
:10EB5800DD6CFD7C1E7DFD741D7D1D857E8DDFA514
:10EB6800DE8DBE8DDE8DDD8DBE85DE8DBD8DBE85D7
:10EB7800BD8DBD85BE8DBD85BE8DBE85BD859E8581
:10EB8800BE859D85BE859D85BE859D85BD859E85E9
:10EB9800BD859E859E859E859E859D859E859E8537
:10EBA8009D857E859E859D859E8D9D859E8D9E8558
:10EBB800BE8DBE8DBE95DE95FE9D1E9E1EA65EAECA
:10EBC8007EB69EBEBFC6FECE1EDF5EDF5EDF5EE7A0
:10EBD8003EDF5EE75DDF3EDF3EDF5EDF1EDFFED647
:10EBE800BEC69EBE3EB6FEA5BE957D8D7D8D7D8D35
:10EBF8007D853E855E7D3E7D3E751D751E751D7548
:10EC08001D75FD6C1D75FE6C1D751E751D6DFD74E5
:10EC18001D6DFE74FD6CFE74FD6CFE6CFD74FE6C67
:10EC2800FD6CFE6CFD74DD6CDD6CDD6CDE6CDE6C29
:10EC3800DD6CDE6CDE6CDD6CBE64DE6CDE6CBD6CC7
:10EC4800DE64BE6CBD6CDD64BE64BE6CBD6C5D8D87
:10EC5800BFB6DFBE1EA63D859C6C9E649E64BE64E6
:10EC68009D649E649D649E649D64BD649E64BE6C48
:10EC7800DE6C9E647E647D64FD747E85DC741C8518
:10EC8800BE9DDE9D1EAEBFCEFFCE1ED73DDF5DE72B
:10EC98009EEFBEF7BEF7BDFFBEF79DF79EF79EF746
:10ECA8009EFF9EF7BEFF9EF79EF79FF79EF77EF7A3
:10ECB8009EF77FEF9EEF9EE7BEBE1C7DDDA59FBE43
:10ECC8003D85DE6C7E645E643D5C5D5C5D5C5D5CC8
:10ECD8005D5C5E5C5D645E5C3D5C5D545D5C5E5C81
:10ECE8005D545D5C3D543E543D545E543D543D542A
:10ECF8003D543D543D543D543D543D543D543D5484
:10ED08003E541D543C647D953EB63EDFBFEF1ED792
:10ED1800FCAD7C957E859C741B5C5D6C1E75BD6C22
:10ED28003D5C3D5C3C5C3D5C3D5C3C5CBC749FBEBA
:10ED38001EDF1DDF7EEF7EEF7EE77EF79EEF9EF7FC
:10ED4800DEF79EEF9EF79EEFBEF79EEF7DEF9EEFFC
:10ED58009EF7BEF79DF7BEF79EF79EF79EF79EEFCC
:10ED68009DEF7DDF1ED75DB6FCAD5FB61DAE1CB650
:10ED78001EDFBFF79EEF5FDFBDCE5EDFFEF7BEF79B
:10ED8800DEF75FDF5DB65E8DFF74FE7CFE74FE7499
:10ED9800DE74DE74BE6CDE74DE6CBD6CBE6CBD6C85
:10EDA8009D649D649D6C9E649D647D649D5C7E6491
:10EDB8009E5C7E5C7E647E5C7E647D5C5D5C5D5C8E
:10EDC8007D5C9E5C9E647E647D5C7D5C7D5C7D5C20
:10EDD8007C549D64BD64BD6CBD6CDD743D8DBE9D71
:10EDE800DE8DDD8DBE8DDE8DDD8DDE8DBD8DBD852F
:10EDF800BE8DBD85BE8DBD8DBE85BD8DBE8DBE8DC6
:10EE0800BD8DBE8DBE8DBD85BD8DBE859D8D9D85FF
:10EE18009D85BE859D85BE859E8D9E859E859E858C
:10EE28009E859E859E859E859E859E859E859D85C3
:10EE38009E8D9E859E85BE8D9E8D9E95BE95DD9DE3
:10EE4800FE9D1DA63EAE5DB69EBE1ECF3ED73DDFE3
:10EE58003DDF5DDF3DD73DD71ED71ECFDECEBEC618
:10EE68009FBE5EB63EAEDD9DBD959D95BE95DE9579
:10EE7800DF959E8D9E8D7E853D851E751D751D7544
:10EE8800FD741D751D751D75FE741D6DFE74FD6C7C
:10EE9800FD74FE6C1E751D6DFE74FD6CFD6CFD6CC5
:10EEA800FD74FD6CFE6CFD6CFE6CDD6CFE6CDE6C46
:10EEB800DE6CDE6CDE6CDE6CDE6CDD6CBE64DE6C23
:10EEC800BD6CDE6CDE64BD6CBE6CBE64BD6CFC7C6F
:10EED800DD9D9FBE5EB69E95BD6C9E6CBD6C9D6CA7
:10EEE8009D6C9D649D64BD649E649D649E64BE64C7
:10EEF8009D6C9D647E6C9D6C1F7D3E7D1D7D7D851A
:10EF0800FEA5DEA57C9D3EAEDDA5FDA5BDBE9EE7AA
:10EF1800BEEFBEFFBEF79EF7BEFF9EF7BEFF9EF791
:10EF2800BEF79EF79EEFBEF79EF79EEFBEF79EF7E1
:10EF38009FEF9EF79EE79EDFDEC65C95DE9D5FAE87
:10EF48009C951C7D9E6C1C5C5D645E5C7D5C5E5C5F
:10EF58005E5C5D645D5C7D645E5C5D5C5E5C5D54B6
:10EF68003D5C3D543D5C5D5C5D5C3E5C5D545D5468
:10EF78005D543D543D543D543E543D545C543D5CB9
:10EF88003E543D5C1DB6DFF7DFF7BEFF7DFFDEFFB9
:10EF9800BFF75CBEBC7C1E85DE747D6C9E6C7D5CA0
:10EFA8007D547D649D6C3D5C3D5C7D6CBD7C9C9D11
:10EFB800BECE7EEF9EEF9EEF9EEF7DEF9EF79EEF1B
:10EFC8009EF79EF77EEF9EEF9EEF9EEF9EEF9EEFE1
:10EFD8009EF7BEF7BEF7BEF7BEF7BEF79DEF7DEF13
:10EFE8009EE77DDF5ED71DCFDEC6FECEFEC6FDCE18
:10EFF8005EDF9EEF7EF79EF7DEF7BEFF9DF79DF77B
:10F00800BEF7BEF7DFEF1EAEFD841E853D7D3E7D5B
:10F018003E7D1E7D1D7DFD7C1D751D7DFD741E7D47
:10F02800FD7CFD7CFD74DD74BD74BD6CBD6CBD6C78
:10F03800DD6CDD74DD6CDD74BD6C9D6CBD649D6440
:10F048009E64BE64BD649E5C7D647D5C7D5C7E5414
:10F058007E5C5D549D5C9D5C9D64BD6CFD7C5E8D9D
:10F06800DE8DBD8DDE8DDD8DBE8DDE8DBE8DBD85CB
:10F07800BD8DBE8DDD85BD8DBE8DBE85BE8DBE852B
:10F08800BE85BD85BE8DBE85BE8DBE85BD8DBE854A
:10F09800BE859D8D9E859E8D9E859E859D859E8522
:10F0A8009D859E859D859E859D8D9E859D857E855C
:10F0B8007D859E859D859E859E859D8DBE8DBD95F4
:10F0C800BD95DD95DD9DFD9D3DAE9EBEDDBEDDC6DB
:10F0D800FECEFDC6FDCEDDC6BEBE7EB65DAE3DAE85
:10F0E8001EA61EA61E9EDD9DBE959D95BE959E954F
:10F0F8009D8DBE8D9F8D7E8D3D7D1D753E751D75CB
:10F108001D751D751D751E751E751E751D751E7563
:10F118001D6DFE741D75FE741E75FE6CFE74FE7406
:10F12800FE6CFD74FE74FD6CFD6CFD6CDE6CFE6C9B
:10F13800FE6CFE6CDE6CDE6CDE6CDE6CDD6CDE6C38
:10F14800DE6CDD6CBE6CBD6CBE6CBE6CBE6CBD6C2A
:10F158009C6C3D85DFA5BF95FE7C9D6CBE6CBE6C2E
:10F16800BD64BE6C9E64BD6C9E6CBD649E6C9E64EA
:10F178009D649D6CBE6C9D6CBD6CBE6C1E7D9F9528
:10F188001E9EFEA5DD9D9EB65C8D9C9D7DB67EE790
:10F19800BEEFBEF7BEFFBEF7BEFF9EF79DF79EF718
:10F1A8009EF7BEF79FF79EF7BFF79EF7BEF79EF74D
:10F1B8007FEF9EEF9EEF5EDFDFC63EAE9D9D9D9D7D
:10F1C800BC9DBE9D7E8D9C6C5D647D5C7D5C7D5C24
:10F1D8007E645E5C7D5C7D5C7E5C5D5C5E547E5CBA
:10F1E8005D5C7D5C5D5C5E5C3D545E5C5D5C3C547E
:10F1F8005D5C5D545D5C5D545D5C5D5C5C545D5C58
:10F208003C54BC749FEFBFF79EEF9EF79DFF9EF79F
:10F21800BEEF1FDF1C8DDC7C1D7D9C6C5C645E6416
:10F228007E5CBE74DF745C5C5D64DE745E85BE9576
:10F238005EBE9FE7BEF79EEF9EEF7EEF7EEF9EF7E6
:10F248009EF79EEF9EF79EEF7DE77EEF9DEF9EEF88
:10F258009EF7BEF7BEF7BEF7BEF79EF79DEF7DEFB0
:10F268009DE77DE77DE7BFE79EE73ED73ED75FD7BF
:10F278007EE77EEFBEEF9EF79EF79DF79DF79DFF19
:10F28800BEF7BEEF9FE7DEBE3D8D1E7D1E7DFD7C79
:10F29800FD7C1D7DFE7C1D7D3D851D7DFD7C1E7DCF
:10F2A8001E851E7D1E853E7D1E7D1E7D1E7D1D7D4F
:10F2B8003E7D1D7D3E7D3D7D1E7DFE74FE74DE6CB3
:10F2C800DD6CBD649D649D649D5C9E5C7D5C7D5C25
:10F2D8007E5C5D547D5C7D5C7D5C9C64DD74FD7C46
:10F2E800DE8DDE8DDD85BE8DDE8DDD85BE8DDD8D11
:10F2F800DE8DBD8DBE85BD8DDE85DE8DBD8DDE8D41
:10F30800BD8DBE8DBE85BD8DBE8DBE8DBE859D8DD0
:10F31800BE85BE859E859E85BE859E859E8D9E8565
:10F328009E859E8D9E859E859E859E859E859E85B5
:10F338009E857D857E859E859D859E857E859D8D08
:10F348009E8D9D8D9D8D7D8DBE95DD9DFEA5FDA51A
:10F358001DAE5EB63DAE3EAE3EAEFDA5DD9D9D95B5
:10F36800BD95DD95FE9D1FA6DE9DBD959D95BE8D27
:10F37800BE8D7E8D5E855D7D3E7D3E7D1D751E7DCF
:10F388003D751E751D7D1E751D751E751E751D6DC1
:10F398001E751D75FE6C1E6DFD741E751D6DFE744B
:10F3A8001D751E6D1E75FD6CFE74FD6CFE74DE749D
:10F3B800FE6CFD74DE6CFD6CFE74DD6CDE6CDD6C69
:10F3C800DE6CDD6CDE6CDE6CDE6CDD6CDD64DE6CF0
:10F3D800DD6C9D6CBD743E85FE74BD6CBD649E6C19
:10F3E800BD64BD6CBE64BD6CBD64BD6CBE649D6C0B
:10F3F800BD64BE6CBD6C9D6C9D6C9E64BE6C1E7DB8
:10F40800FC7C1C859D953EA63B8DBE9DDFCE9EE770
:10F418009EF7BEF7BEFF9EF7BEF79EF7BEF79EF7B4
:10F428009EF79EEF9EF7BFEF9EF79EF79EEF9FF722
:10F438009EEF7EEF5EDF1ECFBEC61EAEDDA5FEAD23
:10F448001EAE5EAE3EAEDE957B645D5C7D647C5C2C
:10F458005D645E645E5C5E5C5D5C7D5C7D5C7D5C69
:10F468007D5C9E6C7E5C5D5C5D643D5C5D5C5D5C52
:10F478005D545D5C5D5C5D5C3E545D5C5D545E5CF2
:10F488003D5C3A6CDEDEDFFF9EF79DF79DFF9EF741
:10F498009EF79FEF3EBE9B749D6CBD6CBE6C9E6CD0
:10F4A8007E647D649D6C7D647D64BD745E857E8DA7
:10F4B8001C8DFDB55FE77EEF9EEF9EF79EEF9EF7F2
:10F4C8009EF79EF79EEF9EEF7EE77DEF9EEF9EF7FD
:10F4D8009EEFBFF7BEF7BEF7BEF7BEF7BEF79EF7C3
:10F4E8009EEF7DEF9EEF9EEFBEEF7EE73DDF3DDFB7
:10F4F8005EE77DEF9DEF9DF79EEFBEF79DF7BEF7A8
:10F50800BEF79FEF7EE73ECF7D951D855F851E7D0B
:10F51800FE7C1D7D1D855D855E8D7D8D3D851D85F2
:10F528003D851D851E7D1D7D1E7D1E7D1D7D1D7DD0
:10F538003D853E855E853E853E851D75FD74DD6C89
:10F54800DD6C9D6CBD649D649D647D647E5C7D5CAA
:10F558007E5C7D5C9D5C7D5C7D5C7D5CBD6C3E8580
:10F56800DE8DDE8DDE8DDE8DDE8DDE8DDD8DDE8D3C
:10F57800BE8DDE8DDD8DDE8DBD8DBE8DBE85BE8DD5
:10F58800BE85BD85BE8DBE85BD8DBE85BD859E856E
:10F59800BD8D9E859E8D9E859E8D9D859E859D8516
:10F5A8009E859E859D857E857D859D857E857D85BF
:10F5B8009D857E859D857E859E859E859D859E856E
:10F5C8009D859E8D9D8D9E8D9E8D9E8DBE95FE9D4D
:10F5D8001EA63EAE3DB63DAE3EB63EAE3EAEFEA526
:10F5E800FD9DFE9DDD9DDE9DDE9DBD959E957D85E7
:10F5F8007D8D5E853D7D3E7D3E7D3E7D3D753E75C6
:10F608001D7D3D751D753E751E753E751D751E75F6
:10F618001E751E751E751E751E75FD6C1E75FE6C9D
:10F628001E75FD6CFE74FD6CFE74FD6CFE6CFD6C4D
:10F63800FE6CFE6CFD74FE6CFD6CDE6CDD6CDD6CCE
:10F64800FE6CDD6CFE6CDD6CDD6CBD6CDD6CDD6450
:10F65800DD64DD6C9D6CBD74DE74BD6CBE6CDE64F7
:10F66800BD6CBD64BD6CBD64BD6CBD64BD6C9E6489
:10F67800BE6CBD6CBD6CBD6C9D6C9E649E6C9C64C8
:10F68800DE74BD74DE749E95FEA5DDA5FECE7EEF0C
:10F698009EF79EFFBEF7BEFFBEF79EF79DF7BEF72B
:10F6A8009EF7BFF79EF79EF79EF7BFEFBEF79EEF58
:10F6B8007FEF5EE73EDFDECE7EBE1DAE9EA5BF9D20
:10F6C800FEA55EAE5EB63EA63D85BC74DD74DC74F8
:10F6D800BD6C7D6C9D6CFD7C9C645C645D5C3E6473
:10F6E8009D647E645D645D5C5E645E645D5C7C5CA0
:10F6F8007D645D5C5D5C3D5C5D5C5E5C5E543D6450
:10F70800BC74DB7C5DBEBEF79EF79EF79DF79EF747
:10F718009DF7BEF71ED7FB7C5C649E6CBD6C9D6438
:10F728007D647D649D74DE74BD6CFD7C3D855D8566
:10F738005C95DCA51EDF9EEF9FEF9EF79EF79EEF80
:10F748009FF79EEF9EF79EEF9DEF7EE79EEF9EF759
:10F758009EF7BEF79EF7BEF7BEF79EF7BEF79EF779
:10F768009EF79FEF9EEF7EEF7EEF5DE75DDF5DDF4B
:10F778005DDF5EE77EE79EEFBDF7BEF7BEF7BEF73B
:10F78800BEEF9EEF5ED7FDC63EA61D851E7D3F855A
:10F798005E853D855D857E8D7D8D7E957E8D5E8DBC
:10F7A8005D853E8D5D851D851D7D1D7DFD7C1E85D0
:10F7B8001E853E851E851D85FD7C1E7DDD74DD74E0
:10F7C800FD6CDD6CBD6CBD649D647D647D5C7D5CA1
:10F7D8009D5C7D5C9E5C7E5C7D549D5CBD6CFE6C1E
:10F7E800DE8DDD8DDE8DDD8DDE8DDE8DBE8DDD8DDC
:10F7F800DE85DD8DBE8DDE8DDE8DBE85DE8DBD8D1B
:10F80800BE8DBE8DBE8DBE85BE8DBE8DBD8DBE85A9
:10F81800BD8DBE85BE8DBE85BE8D9E859E8D9E8509
:10F828009E8D9E859E8D9E859E859E859E859E85A8
:10F838009E859E857D859E857D859D859E859D85EC
:10F848009E8D7D857E859D85BD8D9D8DBD95DE9D1D
:10F858001EA65EA65EAE5EAE7EB69EBEBEC6BFBE2F
:10F868007EB63EAEFD9DBD9DBE95BD957D855D85F3
:10F878005D855D7D3E7D3D753E753E7D3E7D5E7D53
:10F888003E753E7D1D751E751E751E751E751D7592
:10F898001E751D751E751E751E751E751E751E75C9
:10F8A8001D75FE741E6D1E751E75FE741D75FE7425
:10F8B800FD74FE6CFD74FE6CFE74FD6CFD6CFE6CDC
:10F8C800FD6CFD74FD6CFE6CDD6CDD6CDD74DD6C57
:10F8D800DC6CDD6CDD6CDD6CBD6CBE6CDE6CDD6C17
:10F8E800DE64BD6CDD6CBD64BD6CBD64BD6CBD64A7
:10F8F8009E64DE6C3E7D1F7DBD6CBE64BD6CFE6C7F
:10F90800FE74BD6C9E6CDD74BE95DD9D9EBE5FDF92
:10F918007EF79EF7BEFF9EF7BEFF9EF79EF79EF707
:10F928009EF79EF7BFEF9EF79EEF9EF79EEF9EEF26
:10F938005EEF5EE7FED6BEC63DAEDDA5BE9D9E9DD2
:10F94800DE9D1EAEFDAD1EAEFFA55E8D3D859E8D76
:10F95800BE9D3D8D9D95BFB6DE9D1C85DC7C9D6C56
:10F968005C645D5C7D645D647D647E5C9D64DE6C6E
:10F97800BE647D645D5C5D5C5D5C5E643D5CBB7CBF
:10F988005FD79FDFFED69DF79DF79EFF9DF79EFFF1
:10F998009DF7BEF7BEE79EBE7D953D859C6CBC6419
:10F9A8007D64BD74BD74FE74DD74FE7CFC84BE9DF4
:10F9B8007EB6FDC67EE77DE79EF79EF7BFF79EF70A
:10F9C800BEF79EF77EEF9EEF9EEF7DEF9EEF9EEFD8
:10F9D8009EF79EEFBEF79EEFBDF79EEFBDF7BEEF19
:10F9E800BEF79EF79EEF9FEF9EE77EE73DDF5DDF68
:10F9F8005ED75EDF9EDF9EEF9EEFBEF7BEF79EF7F7
:10FA08009EEF7EE73DDF1EC75FAE3D8D3D853D7DA8
:10FA18003D855D8D7D959E959D959D957D8D7E956C
:10FA28005D8D5E8D3D853E853D853E7D1E851E7DB9
:10FA38003E851E7D1D7DFD7CFD74FD74FE7CFE747F
:10FA4800DD74BD6CBD6CBE6CBD6CBE6C9D649D648C
:10FA58007E647D5C9D5C9E5C9E5C9E5C7D5C9D6422
:10FA6800DE8DDE8DDE8DDE8DDE8DDD8DDE8DBE8D57
:10FA7800DE8DDE8DDD8DDE8DDD8DBE8DBD85BE8D91
:10FA8800DE85DE8DBE8DDD8DDE8DBE85BE8DBE8DA7
:10FA9800BE8DBE8DBE85BE8DBE8D9E85BE859E8D5E
:10FAA800BE859E8DBE859E859D8D9E859E8D9E85DF
:10FAB8009E8D9E859D857E859D859D859D859D8D3B
:10FAC8007E857D857E8D9D8D9D859E8D7E8D7D8D92
:10FAD8009C8D9D95DE95BD9DDD9D1DA65EB69EBE49
:10FAE8009FBE5EB63EAE1FA61FA6FE9DDE959E8DEE
:10FAF8007E855D7D5E7D3E7D3E7D5D753E7D1D75B1
:10FB08003E7D3D7D3E751D753E751D751E751E6DD0
:10FB18001D751E6D1E751E751D6D1E751E751E7557
:10FB28001E6DFD741E75FD6C1E751E6DFD74FE6CDC
:10FB38001E75FD6C1E75FE74FD6CFE74FD6CFD7407
:10FB4800FE6CDD6CFE74FD6CFD6CDE74BE74BE6C08
:10FB5800DE6CFD6CDD64DD6CBE6CDE6CDE6CDD6461
:10FB6800DD6CDE6CDD6CBD6CBD64BD6CBD64BD6CF4
:10FB78009E6CDD6C3E7DFD74BD6CBD6CDC641E75D9
:10FB8800DD6CBD64DE6CBD6C3D7D5D857D95BECE56
:10FB98007EE77EF7BEF7BEF7BEFF9EF7BDF79EF77E
:10FBA800BEF79EF79EF79EEF9EF77EEF9EEF7EE7ED
:10FBB8003EE73EDFDDCE9EBEFDA5BD9D7E953D8523
:10FBC8005C8DBD9DBDA5BDA5DDA59E9D7D957D9545
:10FBD8009D9D9C9D9C9D3EAEBEBEBEBEBFB6BD9DBE
:10FBE800FD74BE6C9D6C5C5C5D647E64BE6CBE6CBA
:10FBF8007D647D645E5C7D645D5C7D5C9D6C3FB610
:10FC0800DEF7BEF79FFF9EFF9DF79EF7BDF79EF7B5
:10FC18009DFF9DF77EF75DDF1ED7DFC65D8D5D6CAE
:10FC2800BD6CFD741E7DFE7CDE74FE7C3D8DBDA525
:10FC38007EB6FECE1ED75EE79EEFBEEF9EF79EF71E
:10FC48009FEF9EF79EEF9EEF9EEF9EEF7EEF9EEF5B
:10FC58009EEF9EF7BEF79EF7BEF79EF7BEF79EF79C
:10FC6800BDEF9EEF9DEF9EEF9EEF7EE77EE77EDF86
:10FC78005EDF5ED77EDF7EDF9EEF9EEF9EEF9EEF1C
:10FC88009EEF7EE73ED7DDC65EAEDE9D9E8D7E8D05
:10FC98007D8D7D8D7D959E95BD9DDE9D9E9D9E95C0
:10FCA8009E957D8D5D8D5D855D853D855D853E7D02
:10FCB8003D853E7D1D7D1D7D1E7DFE7CFE74DE74B2
:10FCC800DE74DE6CBE6C9D6C9D64BE6CBE649D640F
:10FCD8009D647D5C9D5C7E549E547E547D547D5C09
:10FCE800DD8DDE95BD8DDD8DBE95DD8DDD8DBD8D0A
:10FCF800DD8DBD8DBE8DBD8DBE8DBD8DBE8DBD8D89
:10FD0800BE8DDD8DBE8DBE8DBD85DD8DBD85BD8570
:10FD1800BD85BD8DBE8DBE85BE8DBD859E85BD85CF
:10FD28009E85BD859D8D9D85BE859D85BD859E8D48
:10FD38009D857E859D857E859E859E8D9E857E8DF5
:10FD48009E857E8D9D859E8D9E8D9E8DBE8DBE8D44
:10FD58009E8D9E8D9E959E95BD95DD9D1E9E3EA673
:10FD68001DA6FEA51DA61EA61DA63FAE5FA6DF9D6D
:10FD78009E8D5D855E7D5E7D5E753E7D3D753E7DBD
:10FD88003D753E753D7D1E751E751E753E751E754D
:10FD98001E751E751D751D753E751D751D751D75A8
:10FDA8001E751E751D75FE74FD741D75FE74FD6C43
:10FDB800FE74FE74FD74FE6CFD74FD6CDD74FD6CE8
:10FDC800FD74FD74FD6CDE74DD6CDE6CDD74DE6C60
:10FDD800DE74DD6CFD6CDE74DD6CDD74DD6CDD7491
:10FDE800DE6CBE6CBE6CBE6CBE6CBE6CBE6CBD6C9C
:10FDF800BE6CBE6CBD6CBE6CBE6CBD6CBD6C9D64D7
:10FE0800BD6CBE6CBD6C9D6CDD743D855D857E9D55
:10FE18005DB6BFEF9FF79DF79DF79EF79EF7BEF77C
:10FE2800BEF7BEEF9EF79EEF7DE77DEF5DE71EDF35
:10FE38003ED71ED7DDC67EBEDDA5BD9D9E951C7D29
:10FE4800DC747D959D9D7D95BE9DBE9D9D957E9501
:10FE58009D8D7D955D95BEA51EAEDEBE1FCF5DBE98
:10FE68009C959E955E8D5D8DDC747D645D649D645E
:10FE78007D645D5C3D5C5D5C7D5C7C5C7D6CFDAD4A
:10FE8800BEF79DF79EF79EF79EF79EFF9EF79EF79B
:10FE98009EF79EF7BDEF7EE71DD71ECF5FB6DC7CD1
:10FEA800DD74FE7C3E851E85FD7C1D857E959E95B8
:10FEB8009E9DDDAD9DC6FDCE3EE7BFF79EEF9EF74A
:10FEC800BEEFBEEF9EEF9DEF9EEF7DE79EEF7DEFCD
:10FED8009EEF9EEF7DF79EF79DF7BEF79EF79DF785
:10FEE8009EEFBDF79EF79EF7BFEF9EEF7EDF5EDFCA
:10FEF8003DD73DD75EDF7EDF9EE79DE77EE75DE786
:10FF08005EDF3FD7DECEBEBE5EAEFEA5BE955D8D82
:10FF18005D8DBE95BE9D9E9DBD9DBEA5DEA5BD9D6C
:10FF2800BE9D9E8D3D8D3E857E8D7D855D853E8504
:10FF38003D853E851D7D1E7DFD7CFE74DD74DD6C7A
:10FF4800DE6CBD6C9D649D649D649D64BD6CFE6C9F
:10FF5800FE74FE6CBE5C7D5C9D5C9D5C7E5C9D5C05
:10FF6800DE95DD8DDE95DE8DDE95DE8DDE95DE8D12
:10FF7800BE95DD8DDE95DD8DDE8DBD8DBE8DDD8D75
:10FF8800BE8DDE95BD8DDE8DBD8DBE8DBE8DDD8DAC
:10FF9800BE8DBE85DE8DBD8DBE85BE8DBD8DBE85FB
:10FFA800BD8DBE85BE859D8DBD859E8DBE859E857C
:10FFB8009E859E859D859E857D859E857D8D9E855C
:10FFC8007D8D9E8D7E859E8D9D859D8D9E8DBE8D04
:10FFD800DE95BE95BF95BE95BE95DE9DBD95BD9D32
:10FFE800DD9DDE95FE9DFEA5FE9DFE9DDE9D9D8D03
:08FFF8005D855D855D7D5E7D88
:020000041002E8
:100000005E7D3E7D5E7D3E753E7D3D753E7D3E75F1
:100010003E751E753D751E753E753D7D3E751D7D9B
:100020003E751D7D1E753D751E751D751E751D75F4
:10003000FE741D75FE74FE74FD74FE74FE741E75F0
:10004000FD74FE74FD6CFD74FE74FD74FE74FD6C35
:10005000DE74FD6CDE74DD6CFE74DD74DD6CFD74CD
:10006000DD6CFD6CDD74DE6CDE6CBE6CDE6CBD6C5C
:10007000DE6CBD6CDE6CBE6CDD6CBE6CBE6CBD6CD3
:10008000BE6CBE6CBE6CBE6CBE6CBD6CBE6CBE6C21
:10009000DC74FD743E85FD849D9D7DBE1EE7BFF72B
:1000A000BEF75EEF5EEF9FF79EEF9EF7BFEF7EEF2E
:1000B0007EE73EDF1EDFDED6DECEDECEBEC65EB61D
:1000C000BEA57D9D9F953E85BC6CDD7C5E8D5D955E
:1000D0009D957D9D7D8D5D955D8D5D957D95BE9D8F
:1000E000BDA59EBE3FD7FECE5DB6BEA55D95BEA5A5
:1000F0009F95BD747D647D645D64DD745E85BD74B3
:100100005C645E647C6CBBA59FF77EFF9EF79EF7E8
:10011000BDF79EF7BEF79DF7BEF79EF7BEF77EE7E9
:100120005DDF1ECF7FD75DAE1C7D3E853E853E8D5B
:100130005E8D3D8D7D8D5D8D7D95DCAD1FD75EE740
:100140005EE7BEF79EF7BEEF9EF79EF79DEF7EEF50
:100150007DEF9EEF7EEF9EEF9EEF9EF79DF79EF761
:100160009EF7BEF79EF79DF7BEF79EEF9EF79EEFB8
:10017000BEEF9EEF7EDF5EDF3ED73DD73ED73DDF51
:100180003ED75DDF3ED73ED71ECFFECEBEC69EB663
:100190005EAE1EA6BE9D9E955D8D5E8D9E9DDE9D76
:1001A000DDA51DA61DAEFEA5FEA5BD957D8D5D8DB3
:1001B0007E8D5D8D3D8D3E853E851E7D1E7DFD7C4B
:1001C000FE74DD74BD6CBD6C9C64BD6CBD649E64CE
:1001D0007E647D649E64BE6CBD64BD649D649D64EC
:1001E0007C649D64BD64BE6CDE95DE95FE95DE95F7
:1001F000FE95DD95DE8DDD95DE8DDE95DE8DDE9561
:10020000DD95DE8DDE95BE8DDD95BE8DDE8DDE8DC0
:10021000DE8DDE8DDD8DBE85DD8DBE8DBE85BE8D18
:10022000BE8DBE85BE8DBE8DBE8DBE8DBE8DBE8586
:10023000BD85BE8D9E85BE8D9E859E859E859E8537
:100240009E8D7E859E8D7E8D9E857E8D9D859E8DCF
:100250009D859E8D9D859E8DBE8DBF8D9E95BE95E7
:10026000BE95BE95DE95FE95DE9DDE9DBE95BE9546
:10027000BE95BD955D8D5D8D5D855D855E853D7DA4
:100280005E7D5E7D3E7D3D7D3E7D3E7D3E7D3E755F
:100290003E7D3E7D3E753E7D3E753E7D3E753D7D9F
:1002A0003E7D3D751D753E7D1D751E7D1E751D7542
:1002B0001E751D751E751D751E751E75FD741E75CA
:1002C000FD74FE74FD74FE74FD6CFD74FD74FE6CB3
:1002D000DD74FE74DD6CDE74DD6CFE6CDD74DD6C73
:1002E000DE74DD6CFD6CDD74DD6CDE74DD74DE6C83
:1002F000DE74DD6CDE74DD6CDE6CDD74DE6CDD6C9A
:10030000DE6CBD6CBD6CBD6CDD6CBE6CBD6CDD6C43
:10031000BD6CDD6CDE74DE741E855C95BECEBFE701
:10032000BEEF5DE71DE75EE7BEEF9EE77EE75EDFBF
:100330005FDF3ED73FD71FD7BECE9EBE7EBE1DAE6F
:10034000DDA53D95FD84DE7C9D6C9D6CFF7C5E8D06
:100350005D955D8D5D955D955C8D5C8D7D959E95C6
:10036000DEA51DAEDEC65ED75ED7FFCE3EBEFEADBD
:100370001C857C6C7D6CDE74FD7CFFA57FB63FA682
:10038000BC7C3B649E957FDFBEF79DFF9DF7BDF76C
:100390009EF79EF79EFF9EF79DF79EF79EF77EEFD6
:1003A0005EE73DD73ED71ECFBD9D5C8D1D851E856A
:1003B000FD7C1D855D8D7D8D9D9D5DBE1FD79EF74E
:1003C0009EF79DEFBDF79DF79EF79EEF9EF79EEF80
:1003D0007EEF9EEF7DEF9EF79EEF9EF77DEF9EF7FF
:1003E0009DF7BEF79EF79EF7BDEF9EF79EF79EF72F
:1003F0009EEF9EEF7EDF3ED73ED71DD73ED73ED73E
:10040000FDCEFDCE1ECFDDC6DEC69EBE9DB67EB63F
:100410003DAE1EA6DE9DBE957D959E957E95BD95B5
:10042000FDA51DA63EAE1DAE1EA6DE9D9E9D7E8D2B
:100430003E8D3D8D3E851E7DFE7CFE7CFE7CDD740A
:10044000DD6CBD6CBD6C9D6CDD6CBE6CBD649E6C6A
:100450007E5C7E649D647D647D647D64BE743E7D4F
:100460005E7D1D75DD74FF7CFE95DE8DFE95DE8D57
:10047000DE95FE95DE95FE95DE95DE95DD8DDE95AD
:10048000DE8DDE95DE95DE8DDE8DBD8DBE8DDD8D46
:10049000DE8DDE8DDE8DDD8DDE8DBD8DDE8DBD854F
:1004A000DE8DBD85BE8DBD85BE85BD8DBE85BE8DF7
:1004B000BE8DBD85BE8D9E859E8DBE859E8D9E8585
:1004C0009E859D8D7E859E8D7D859E8D7E857D857F
:1004D0007E8D7D857E857D857E857D857E857D8500
:1004E0007D8D9E8D9D8D9D8D7E8D7E8D7D8D7D8D59
:1004F0007D8D7E8D7D855D855D855E855D7D5D8582
:100500003D7D3E7D3D7D5E7D3D7D3D7D3E7D3D7DF8
:100510003E753D7D3E7D3D753E7D3D7D3E753D7527
:100520001E7D3E753D7D3E753D7D3E753D7D1E7556
:100530001D7D1D751E751D751E751D751E751D7520
:100540001E751D751E751D75FE74FD74FE6CFD74A3
:10055000FE74FD6CFE74FD6CFD74DD6CFE74FD6C50
:10056000FD74DD6CDD74DE6CDD74DE6CDE6CDD7400
:10057000DE6CDD6CDE6CBD6CBD6CDE6CDD74DE6C67
:10058000DD74BD6CDD6CBD6CBD6CDD6CBD6CDD6C9B
:10059000DD6CDC64DD6CBD6C3D85BF95FEAD9DB64C
:1005A000FECE3ED71ED71ED71ECFBDC69DBE7EB681
:1005B0005EB63EB65EB6BEBEBFBE1DAEBC9DDEA57F
:1005C000DEA55E8D1D85BC749D647D6CBD6C1D8536
:1005D0003D853D8D5E8D5D8D5D957D95BD959D9D2A
:1005E000BE9DDDA53DAEDEC63DDF1ED7FECEBEC63E
:1005F0001DAE7D95DC743D855E959D9D3DAE3DB601
:10060000DDA51D85FB849DBEBDF79DF79EF79EF77A
:100610009EFFBEF79DF7BEF79EFF9EF77DEF5EEF54
:100620001FDF1EDFFED61DCFBEC61EAE7E95DD7C53
:10063000BC74FD843D8D7C8DDEA51DB6DECE5EE7EF
:100640007DEFBEEF9DF7BEEFBEF79EF79EFF9EF7D4
:100650009EF79EF79EF7BFF79EF79EF79EF7BEF7B1
:100660009EF79EFF9DF79EF7BEF7BEEF9EF7BEF783
:100670009EEF9EE75EDF5EDF1ED71ECFFECE1ECF53
:10068000FEC6DEC6BEBE9DB67DB67DB65EAE5DAEB6
:100690003EA6FEA5DE9DBD957D95BD95FEA5DD9D85
:1006A000DDA5FDA5FDAD1DA6DD9DDE9DBE955E8D86
:1006B0003E853D7DFE7CDD7CFE7CDD74DE74BD6CA4
:1006C000DE741E7DFE74BD6CDE6CFE749D64BD6CBC
:1006D000BD64BD649D6CBE649D649D6C9D6C1D7508
:1006E0007E859F8DFE7CBE6CDE95FE95DE95FE952B
:1006F000DE8DFE95DE8DDE95FE8DFE95DE95DE8D22
:10070000DE95DE8DFE95DE95DE8DDE95DE95DE8D49
:10071000DE8DDD8DDE8DBE8DDE8DDE8DBE8DDE8DC2
:10072000BE8DBE8DBE85BE8DBE8DDE8DBE8DBD8562
:10073000BE8DBE8DBE85BE8D9E85BE859E8DBE85C1
:100740009E8D9E8D9E857E8D9E8D9E859E8D7E8DA1
:100750007E857E857E8D7E857D8D7E857D857E8573
:100760007E857D857E857D855D855D855D859E8DAE
:10077000DF95BF95BF8D7E8D5D857D855E855D7DB9
:100780005D853D7D3E853D7D3E855D7D3E853D7D36
:100790003E7D3E7D3D7D1E7D1D753D7D1E753D7DF5
:1007A0003E753D7D1E753D7D1E753D7D3E751D7DF5
:1007B0003D753E751D7D1E751D751E751D75FD747F
:1007C0001E751E75FE741E75FD74FD74FE74FD7439
:1007D000FE74FD74FD74FD74FE6CFD74DD74FE6CBE
:1007E000FD74DE6CFD74FD6CDE6CFD74DD6CDD741F
:1007F000DE6CDD74DD6CDD74DD6CDD6CDD74DD6C98
:10080000DE6CDD6CBD6CDD6CBD6CDD6CBD6CDE6CFE
:10081000BD6CDD6CDD6CDC6CDC74FE7CFD7CFC8412
:100820003C859E95BE9D5EB6DFA53D8D3D8D5E8D62
:10083000FD7CDD7CBB7C7D8DBF9D3D85BD7C3E858B
:100840007E955E851D7DFD7CDD6CBE6CBD6C9D6CFA
:10085000BD6CDD7CFD7C1D8D5E8D9E95BE95BE9D27
:10086000DE9DDFA51EAE5EB6DDCEFECE1ED71FD747
:10087000DECEBEBE5DAEFEA53E8DFB8CBC9D3DB604
:10088000BEBEDFBEFB8CDCA5BFEFBEF7BEEFBEF782
:10089000BEFFBEF7BEFFBEF7BEF7BEF79FF75EE72F
:1008A0001EDFFFD6FECE5FDF7FE79EC6BE9DDD7CEE
:1008B0001E853E855D8D5D95BD9DBDA53DB6FFD672
:1008C0005EDF9EE79FEFBEEFBEF7BEF79DF7BEF778
:1008D0009EF7BFF79EF79EF7BEF79EF7BEF79EF70F
:1008E0009DF7BEF79EF7BEF7BEF7BEF79EF79EEFE9
:1008F0009EEF7EE75EE75ED71ED7FDCEDDC6DEC685
:10090000DEBEBEC69EBE7EB67EB69EB69EB65EAE4F
:100910003DAE1EA6DE9DBD959D955EAEFFC63DB665
:10092000BDA53DB67EBE9DC65DBEBCA55C955D8584
:100930001D7D1D751D7DFE7CFD74FE74FE74DE74D0
:10094000FE74DD74FE74FE74DD6CDE6CDE6CDD6CDA
:10095000DD6CBD6CBD64BD64BE6CBD649D6C9D648E
:100960009C64BD6CBD649D64FE95DE8DFE95DD9539
:10097000FE95DE95FE95DE95FD95DE8DDE95FD9569
:10098000DE95DE95DE8DDE95DE95DE8DDE8DDD8DF0
:10099000DE8DDE8DBD8DDE8DDD8DBE85DE8DDE8D49
:1009A000DE8DBE85DE8DDE8DBD85BE8DBE85DE8D88
:1009B000BE85DE8DBE85BE8DBE85BE8DBE85BE8DDF
:1009C0009E859E8D9E8D9E8D9E859E8D9E8D7E8507
:1009D0009E8D9E8D7E857D857E857E859D859E8571
:1009E0007E857E857E7D7E857D857E855D7D7E8521
:1009F0009E8D5D857D855E857E7D7E855D853D8563
:100A00005D853E855D7D5E853D855E7D3D855E7D4A
:100A10005E7D3D7D3E7D3D7D3E7D3E7D3D753E7DE9
:100A20001D753E7D3D753E7D3D751D7D3D753E7D53
:100A30003D753D7D1D751E751D7D1D751D751D75D5
:100A40001D751E751D751E751D751E751D751E7512
:100A50001D751E75FD74FD6CFD74FE74FE74FD74D1
:100A6000FE74FD74FE6CFD74FD74FE74FD6CFE740A
:100A7000FD74FE74FD6CDE74FD6CDD74DE6CDD7483
:100A8000DD6CDD74DD6CDD6CDD74DD6CDD74BD741E
:100A9000DE6CDD6CDD6CBD6C9D6CBD74BD6C9C74DE
:100AA0009E6C9E6C9D6CDD74FD74DD74FD7CFE742B
:100AB000DD74DD6CBD6CDC74BD6C9D6C9E749D6CD6
:100AC000BD74DD6CDE74FE74FE7CDE749D647D643A
:100AD0009D649D6C9C6CDD7CDD7C1E851D855D8D23
:100AE0007D957D9DBDA5DDA55DB69EC6BEC6BDCE70
:100AF0007DBE7DBE3DB61DB69E95FD847D953EB600
:100B0000BEC6BDBEBD95FEAD7EC61FDF9EEF9EEF8D
:100B10007DF7BEF79EF79EF79DFF9EEF7FE75DE7AF
:100B20003EDFFED6DDCE3DDF9DEFFED6BD9DFD7CDA
:100B30003F855E8D5E8D5E959D959D9DBDA53DAE6F
:100B4000BDC63ED75ED75EE79EE79EF7BDF79EF730
:100B50009FF79EF79EF79FF79EF79EF79EF79EFFE3
:100B6000BEF79EF79EF79DF7BEEFBEF79EF79EF786
:100B70009EEF9DE75EE73EDF1ED7FECEDEC6BEBE21
:100B80009DBE7EB65DB67EB67EB6BFBE9FB65EAE7D
:100B90003EAE1DA6DE9DDD9DDD955DB6FECEFECE94
:100BA000DDCE5FDF9EDFBEE79FEF5FE7DECEBDA558
:100BB0003D853D7D1E7D1D7DFE74FD74FE741E759C
:100BC000DD6CDD74FE74DD6CDD6CBE6CDE6CBD64F2
:100BD000BE6CBD649E6CBE649E6C9E64BE5CDE6436
:100BE000BD649D5C9D649D5CDE95FE95DE8DDE950D
:100BF000FE8DDE95FD8DDE95DE95FE95DE8DDE9516
:100C0000DE8DFE95DE8DDE95DD8DDE95DE95DE8D4D
:100C1000DE95DE8DDE8DBE8DDE8DBD8DDE8DDE8DB5
:100C2000BD8DDE8DBD8DBE8DBE8DDE8DBE8DBD8D2F
:100C3000BE8DBD8D9E8DBE8DBE8D9E8DBE8DBE8D9D
:100C4000BE8D9E8D9E8DBE8D9E8D9E8D9E8D9E8D0C
:100C50009E857E8D9E857E8D7D857E8D9E857D8506
:100C60007E857D859E857E857D857E857D857D8550
:100C70007D857E855D857E855D855D855D855D8502
:100C80005D855E7D5D855E855E855E855E855E8556
:100C90003D7D3D7D3E7D3D7D5E7D3D7D3E7D1E7D80
:100CA0001D7D1E7D1D7D1E753D7D3E753D753E7D08
:100CB0003D753E7D3D751D7D1E751D7D1E751D7D21
:100CC0001D75FE7CFE741D75FE74FD74FE74FD744E
:100CD0001D75FD741D75FD74FD74FD741D6DFE7430
:100CE000FD6CFE74FD74DE74DE6CDD74FE74DD6C10
:100CF000DD74DD74DE74DD6CDE74FD6CDD74DD6C62
:100D0000DE74DD6CDE74DD6CDE74DD6CDE6CBD7497
:100D1000BE6CDD74DE6CDD74BE74DD74DD74DD6CA0
:100D2000DD74DE74DE6CBD6CDD74DD74DD74DD7469
:100D30001E7DFE741E7DFD74DD74DE6CDE749E6CA3
:100D4000BD6C9D6C9D6C9D6C9D6C9D6C9D649E6C42
:100D50009D649D649D6C9D6C9D6C9D74FD7CFC7C74
:100D6000DC84DD843D8D9D9DFDAD5DAE7DBE5DB6BB
:100D70001CB69EC6FDCEDECE7EBE5C957D953FAE9A
:100D80007FB61EA67E951E8DDC847D9D5DB65EDFE2
:100D90007EEF7EF79EF79DEF9DEF5EE73EDF5EDF25
:100DA0003ED7FDCEDDCEDDCE1DD71FCFBDA51D8527
:100DB0001D853D8D5D959E9D9D9DBDA5DEA5FEADD0
:100DC0003DAE9DBEDDCEBEE7BEEF9DF79EF7BEF702
:100DD000BEF79FF79EF79EF79EF7BDF79EF7BDF70C
:100DE0009DF7BEF7BEF79EF7BEF79DEFBEEF9EEFF5
:100DF0009EEF7DE75EDF3ED7FECEFEC6FEC6BDB6E9
:100E00007DB65DB63DAE7EB69EBE9EBE7DB65DAE87
:100E10001EA6FDA5DD9DFD9DDE9D3DA6BDBEDDC6DC
:100E20001ECF5ED75EDF3DE79DEFDEF7BFEFBFC6AB
:100E30007D8D3E853D7DFD7C1E7DFE7CDD74FD74DB
:100E4000BE6CDD74DD6CBD6C9E6CBE6CBE649D645E
:100E50009D649D64BE649E64BE649F5C9D649E644C
:100E60009E5C9E649E5C9D64FE95DE95FE95FE955F
:100E7000FE95DE95FE95FE95FE8DDE95DD95FE8D4B
:100E8000DD95DE95DD8DFE95DE95DE8DDD95DE95BD
:100E9000DE8DDE95DE95DE8DDE95DE95DE95FE95AA
:100EA000DD8DBE95DD8DDE95BE8DBE8DBE95BE8D74
:100EB000BE8DBE8DBD8D9D8DBD8DBD8DBD8D9D8D20
:100EC000BD8DBE8D9D85BE8D9D8DBD8DBE8D7D855F
:100ED0009E8D7E857D8D7E857E8D9E859E8D7E8D73
:100EE0007D857E857D8D7E857D857E857D8D5E85FE
:100EF0007D857E857D857E857D857E855D855E851E
:100F00005D855E855E855E855D853E855D7D3D8515
:100F10003E853D853D853E853D853E853E851E7DE4
:100F20001D7D1E7D1E7D1D7D3E7D3D751E7D3D759D
:100F30001E7D3D751E7D1D753E7D1D751D751D75C6
:100F4000FE741D7D1E75FE7CFD74FE74FD741D7D9A
:100F50001D751E7DFD741D751D75FD741D75FD6C63
:100F6000FE74DE74FE74FE74FE74DF74FE74DE7450
:100F7000FD6CFD6CFD74DD74FD74DE74DD74FE7457
:100F8000DD74DE74DD74DE74BD6CDE74DD74DE6C05
:100F9000DD74BD6CDE74DD6CDE74DD6CDD74DD74FF
:100FA000DD6CDD74DD74DD74BD74BD74DE74DE74FF
:100FB000FE7C1E7D1E7D1D75FD74FD74DE74BD748A
:100FC000BD6CDC74BC6CBC6CBD6CBD6CBD6C9D64DC
:100FD000BD6C9D649E649D64BE6CBC6C5E8DBE9D4C
:100FE000DC7CDD847E9DBCA5DDAD7EBE5DB6BEBE77
:100FF0007DBEDDCE9EEF9EE73EDF7DBEFDA5FEA55C
:10100000BD9D9E95FC84DD7CDC7C1D7D5B7D3DB6BD
:10101000DED63EEF9EF79EEF7EE73DDF1ED7FECE8B
:10102000DFC6BEC6BEC6BDCEBEC67EBEFEAD5D952B
:101030007E957D95BE95BEA5FEA5DDA5FDADFEAD5B
:10104000FEAD3CB6BDC67EDFBEF79EF79EF79EF7AF
:101050009EEF9EF79FEF9EF79EF79DF7BEF79EFFD0
:101060009EF79EF7BEEF9EF7BEF7BEEF9EF79EEF90
:101070009EE77EE73DDF1ECFDDCEBEC6BEBE7EBE96
:101080007DB65DB67DB67EBE9EB67DB65EB63EAE24
:10109000FDA5BD9DBD95BD95BE95DEA55EAEDD9D54
:1010A000BC9D3EB6DECE9FE77EE77DE77FE79EBE36
:1010B0009D953D853D7DFC74DD74DD74DD74BD6CF6
:1010C000DD6CBC6CBD64BD649E6C9E649E649D645E
:1010D0009D649D649C64BD649E64BE649D5C9D64CF
:1010E0009D649D5C9D647D5CFE95FE95FE95FE95E0
:1010F000FE95FE95FE95FE95FE95FE95FE95FE9558
:10110000FE95FE95FE95FE95FE95FE95FE95FE8D4F
:10111000DE95DE95DE8DDE95DE8DDE95FE8DDE952F
:10112000DE95DE8DDD95DE8DDE95DE8DDE95BE8D68
:10113000BE8DBE8DBE8DBD8DBE8DBE8DBD8DBE8D59
:10114000BD8D9E8DBE8D9D8DBE8D9E8D9E8D9E8DE9
:101150009D8DBE8D9D859E8D9D859E8D7E857D8D73
:101160007E857D857E857D8D7E857D8D7E857D855B
:101170007E855D857E855D857E855D857D855D85DC
:101180005E855E855E855D855E7D5E855E853D7D79
:101190005E853E7D5D7D3D855E7D3E7D3E7D3E8501
:1011A0003E7D3D7D3E7D1E7D3E7D3E7D3E7D3E7590
:1011B0003D7D3E753E7D1D7D3E7D1D7D1E7D1D7DE3
:1011C0001E7D1D751E7D1D751E7D1D75FE7C1D758C
:1011D0001D751D751D7DFD741E7D1D75FD74FD7CC9
:1011E000FE74DE7CDE74DD7CBD74FE74DE74FE7421
:1011F000FE741D6DFD6CDE74DD6CDD74FD6CDD74E4
:10120000DD6CDE74DD74DE74DD74DD6CDD74BD7484
:10121000DE6CDD74DD74BD6CDD74DE6CDD74DD6C84
:10122000DE74DD6CDD74DE6CBD6CDD74DD74DD746C
:10123000DD74DD74DD74FD7CDD7CDD74DD74DD74F6
:10124000DD7CDC74DD74DD7CDD74BD74BD74BD6C6F
:10125000BD6CBD6CBD6CBD6CBD6CBD745D8DDFA522
:10126000DEA57D95BD9D5EB63DB69EC69EBEBFC643
:10127000BECEBDCEFDD65EE75EDF1DCFBDC65EB67F
:10128000BC9D5D855D8D3E85DD74DC7CDC74FC84FD
:101290001DB65EE7BFEF3EDF1ED71ED77EBEDCADBC
:1012A000DDA51EAE3EB67DBE7EBE3DB69D9D9E9D1D
:1012B0007E955D957D95BE9D1EAE5EB6FDA5FDAD90
:1012C000FDAD5EB65DB65CBE1EDFBEF79EF7BDF738
:1012D0009DF79EEF9EF79EEF9EEF9EEF7EEF9EEFB7
:1012E0009FF79EF79EF79FF79EF79EF79EEF7EEF84
:1012F0007EEF9EEF5EDFFDCEBEC6BEC69EBE9EBE2C
:101300007DB67DB67EB65EB63DB63EAE1EAE1EAEB8
:10131000FEA5BD9D9D955D8D7D8D9E95DEA59E95C1
:101320001D8DFC84FCA57FDF7FDF1DD71ED77EB619
:10133000BD9D5E851C7DFD7CDD74BD6CBD64BD6C9A
:10134000BD64BE64BE5CBE5C9D647D647E5C9D6469
:101350009D649C64BD64DE64BE649E5C9D64BE5CF2
:101360009D5C9E5C9D5C9D5C1E96FE951E96FD950B
:101370001E961E96FE951E96FE951E96FE95FD9552
:10138000FE95FE8DFD95FE95FD95FE95FD95DE95F0
:10139000FE8DFE95FE95DE95FD95DE8DDE95DD8D4F
:1013A000DE95DD8DDE95DD8DBE95DE8DBE95DD8D08
:1013B000BE95DD8DBE95DE8DBD8DBE8DDD8DBE8D68
:1013C000BE8DBD8D9E8DBE8D9D8DBE8DBD859E8D30
:1013D0009D859E8D9D8D9D8D9E859D8D7E8D9E85F1
:1013E0007E8D7E857D8D7E857E857D857E857D85D8
:1013F0005E857D8D7E857D857E8D5D855E857D8529
:101400005D857E855E853D7D5E853D855E853D8510
:101410005E7D3D853E853D7D3D855D853E7D3D8591
:101420003E7D3E853D853E7D3D7D3D7D3E7D3D7DD8
:101430001D7D1D7D3E7D3D753E7D1E753D7D1D7571
:101440003E7D1E751D7D1E7D1D751E7D1D751E7DBF
:10145000FD741D7D1E751D7D1D75FD7CFD74FE7C5E
:10146000FD7C1E851C855D85BD9D1D85DD7CDE7436
:10147000FE741D75FD74FD74DD74FD74DD74FD7402
:10148000FD74DE74FD6CDD74DE6CDD74DE6CDD74A9
:10149000DD74DE6CDD74DE74DD6CBD74DD74DD6CFA
:1014A000DD74DD74DD6CDD74DD74DD6CDD74DE74C3
:1014B000DD74DE74FD74FD7CFD7CFD7CFD7CFD7CBB
:1014C000FD7CFE7C1D7DFD84FD84DD7CDE84BD74A1
:1014D000DE74BD74BD749D74BD6CBD7C3D8D7E8D10
:1014E0009D957E955D8DFEA55FB6DDADBDA59D9DEF
:1014F000DEADBEC6DECE7EBE9DC6BEC67DB65DB6C8
:101500003EAE3D853C853D851D7DFE74BE741D7DD2
:101510003FAE1ECFFECE5CB67DBEBEC61DAE5C8DA0
:101520001D8D3D8D7C9D1EAE3EB6FEA59D9D7E957E
:101530005D953D8D7E955D957C951EAE1EAE9C9D08
:10154000DCA51EAE3EB61CB67CBE7FE7DEEF9EEF8E
:101550009DEF7DEF9EEF9DEF9EEF9EEF7EEF7EEF86
:101560009EF79EF79EFF9DF79DEF9EEF7DEF7DE737
:101570009EE7BEEF9FE73EDFBDCE9DC67DBE7EB639
:101580009EBE7DB63DB61DAEFDA5DDA5DEA5DEA5E4
:10159000DE9D9E959D955D8D3D8D5D8D7E8DBD9570
:1015A0007E953E8D7C959EB6FFCE1FCFDEC63DB6A6
:1015B0009D959E8D5E8D1D7DBD749E649D647D6434
:1015C0009D6C7D645D5C9C5CFD747E85FD749D649A
:1015D0009D649D64DD64DE64BE649E5C9E649D5C6F
:1015E0009E64BE64BE64BE64FE951D96FE951E9606
:1015F000FD95FE95FD95FE95FD95FD95FE95FD9558
:10160000FE95FD95FE95FD95FD8DFD95FE8DFD9557
:10161000FE95FD95DD8DFE95DD8DFE95DE95FE95A5
:10162000DE8DDE95DE8DDE95DE8DDD95DE8DBD8D6C
:10163000DE8DBE8DDD8DBE8DDD8DBE95BD8DBD8DEE
:10164000BE8DBE8DBE8DBE8D9E8D9D8DBE8D9D8DA4
:10165000BE8DBD8D9E8D9D859D8D9E8D9E859E8D05
:101660009E8D9E859E8D7E8D7D857E8D7E8D7D85DC
:101670007D857E855D857E857D857E855D857E8596
:101680005D855E855E855E855D855E855E7D5E854C
:101690005D855E855D855E853E7D3D853E7D3D85C6
:1016A0003E7D3D853E7D5D853D7D3D7D3D7D3D7D38
:1016B0003D7D1D753D7D3E7D1D7D3E7D1E753D7DC7
:1016C0001E7D3D7D3E7D3E7D1D7D1D751D751D7DF7
:1016D0001D751D75FD741D751D7DFE74FD7CDD7C05
:1016E000FD745D85BE955FAEBFBE9D951C85FD8476
:1016F0001E7D1D85FD74FD74FD74DD74FD74FD7427
:10170000DD74FD74DD74FD74DD74FD74DD74FE74D0
:10171000DD74FD74DD74DD6CDD74DD6CDE74DD7430
:10172000DD6CDE74DD74DD6CFE74FD74FE74FD6CC6
:10173000DD6CFD74DD74DD74FD7C1D7D1E7D3E85DC
:101740003E855E8D5D8D9D959D9D7D9D3D951E8DFE
:101750003D8D1E85FD841D85FD84FD841D853D8D8B
:101760001C851D85DC7C1D859E9DBE9D5D8DFD8C33
:101770003D95DEA51EB61DAEFDA5DEA5BD9D9D95C4
:10178000DE9D9E957E851D85DD74DD74BE74DE74E0
:10179000FD7C5D8D1C85FC84BFA5FEADDE9D3D8D71
:1017A000FD84DD7C3D8D7E95BE9D7E953D8D3E8D7F
:1017B0001D855E8D1D853E8D9D95DEA5DDA5DDA576
:1017C000FDA51DAE1EAEFEAD1DB69DC67FDF5EE75C
:1017D0007EE77EEF9EEF9EEF7EEF7DE75DE77DE7A4
:1017E000BEEFBEF7BEF7BEF79EEF9EEF5DDF5DDF9B
:1017F0005EDF3DDF3ED71ED7DEC67EBE5DB65DB680
:101800005DAEFDADFDA5DDA5BDA5BD9D9D9D9D9DCF
:101810009D957D957D955E8D5D8D5E8D5E8D7D95B5
:101820009D955E953D855D8DBC9D5EB69EB61EAE5A
:101830007D8D9D95BE957E953D85DD74DC747D8D99
:101840001EA6FEA53C85FC7CFE9DBFB67D8D9C6CD6
:10185000DD6CDD6CBC64DD649D5C9D64BE649E6C6F
:10186000BD647D649E64BE6C1E961E9E1D961E9E6B
:101870001E961E9E1E961D961E961E961D961E96C2
:101880001D96FE95FD95FE95FE95FD95FE95FD95A3
:10189000FE95FE95FE95FD95FE95FE95DE8DFE95D9
:1018A000DE95FE95DE95FE95DE8DDE95DE95DD8D71
:1018B000DE95DD95BE8DDE95DE8DDE8DBE8DDE8DF9
:1018C000BE8DBE8DBE8DBE8DBE8DBE8DBE8DBE8DC0
:1018D000BD8DBE8DBD8D9E8DBD8D9E8D9E8D7D855C
:1018E0009E8D7E8D9E859E8D9E859E8D7E857D8D19
:1018F0007E857D8D7E857E8D7E857E8D7D855E85DA
:101900007D855E855E855D855E855E855E855D85A2
:101910005E855E853E7D5E855D855E853D7D5E8501
:101920005D7D3E853D7D3E853D7D3E7D3D7D3E7DB3
:101930003D7D1D7D3E7D3E7D1E753D7D3E7D3E7D1A
:101940003E7D3D751E7D3D7D3E7D3E7D1D7D1E7532
:101950001D7D1E751D7D1E7D1D751D7D1E75FE7CEC
:10196000FE7CFD7C5D859D8D9D8D5D855E855E8D9E
:10197000FD7C3E7D1D7DFD74FD74FD74FD74FD7464
:10198000FD74FE74FD74FE74FD74FE74FD74FD74CC
:10199000FD74FD74DD74DD74DD74FD74DD74FE743E
:1019A000DD74DD6CDD74DD74FD6CDD6CDD6CFE748E
:1019B000DD6CFE74DD74BE74DD74DD74DD74FD7485
:1019C0001D7D7E95BEA55EAE5EB65EBE3EB63EB6E3
:1019D0001EAEDDA5BDA5BC9DBDA59DA59C9DBD9DC7
:1019E0009C9D7D955D8D3E8D9E9DFEA59D955C95F6
:1019F0003D959DA5DCA5BCA59D9D9D9D9D9D3D9571
:101A00003C8D1C851C85FD7CBC7CDD74BD74BE7466
:101A1000BD6CBD74BD74DD6CDD74FD7CFC84FD7C2F
:101A2000FE7CBD743E851E8DFD74FD7CDD74FD74F1
:101A3000FD7C1E85FE84FD845E95DE9DDDA5FEA5F4
:101A4000DEA5DDA5FEA5FDA51EB63DB69DBEDECE7E
:101A5000FED63DDF7EE79EF77EEF5EEF3DDF3DDFAA
:101A60005EE77EE77EDF5EDF5EDF1EDF1ED7FED62F
:101A7000DDCE9DC69DC67EBE1DB6DDA5DEA5DD9D67
:101A8000BD9D9C9DBDA5BD9D9D9D9DA59D9D9D9D17
:101A90009C957D959D959E957D8D3E8D5F855D95F3
:101AA000BE9DBF9D5D8D5D855D8DBD953EAEFDA5E9
:101AB0007C95DE9DFFA5DDA51EA6BE9D9D9DFFCE4E
:101AC0003FE75FDF9EB6DE95BD95FE9D9E953D8509
:101AD0007F8DBF957E8D1D7DDC74DD741E7D3E7D0A
:101AE0005F85DD74DD74BC6C1E9E1E961E9E1E9E60
:101AF0001E961D9E1E961E9E1D961E96FE951D9E52
:101B0000FE95FD951E96FD951D96FE951D96FE95DE
:101B1000FE951E96FD95FE95FD95FE95FD95FE950F
:101B2000FE95FE95FE95FE95FD95DE95FD95DE955F
:101B3000DD8DDE95DD95DE8DDE95DD95BE8DDD9549
:101B4000DE95DE8DBE95DE8DBE8DBE8DBE8DBD8DCE
:101B5000BE8DBE8DBD8DBD8DBE8D9D8D9E8D9E8D90
:101B60009E859E8D9E8D9E8D7E8D9D859E8D7E8576
:101B70007E8D7E857E8D7D857E8D7E857E857D8D2F
:101B80007E855E855E855E855E855E855E855E851D
:101B90005E855E855E855D855E855E853D855E854F
:101BA0003D855D7D3E855D7D3E853D853E853D85F2
:101BB0003E7D3D853D7D3E7D3D7D1E7D3E7D3D7D69
:101BC0003E7D3D7D3D7D3D7D3D7D1D7D3D751E7D8B
:101BD0001D7D1E7D1D751E7D1D7D1E751D7D1E7549
:101BE000FE7C1E7DFD7CFD7CFE741D751D7D1E75BD
:101BF0001D7D1E7D1E7D1D75FD74FD741D751E757C
:101C0000FD74FD74FD74FD74FD74FD74FE74FD744B
:101C1000FE74FE74FD74FD74DE74FD6CFE74DD6C88
:101C2000FE74FE74FE74FE74DD6CDD74FD6CDD7498
:101C3000FD6CDD6CDE74DE6CDE74DD6CBD74DD7439
:101C4000DD74FD841D859C9DFEA51EB63EB65EBE60
:101C50007EBE9EBE7EBE7EC6BFC6DEC6BEC67EC67B
:101C60007DBE3EBEFEB5BEADDDAD3EAE3EB61EAEE9
:101C7000DDADFEB5FDADFEB5BCA5DDADBDA5BCA51C
:101C8000BDA59E9D7D955D951D8D1D85FD84FD7C6D
:101C9000DD7CDD7CFD74DD6CBC6CBC74BC74FD7CD7
:101CA000DD74BD74DD74DD7CDE6CDD74DE74FD74AA
:101CB000DE74FE74DE7CFE841D853D8D9D95BDA584
:101CC000DD9DDEA5DD9DFDA5FDA5FDA5FDAD5DB6FA
:101CD000BEC6FED65EE77EEF7EF79EF73EDFFDD600
:101CE000DDCEBDCEBDC69DC65EBE7EBE7DBE7EBE09
:101CF0005DB61DAE1DAE1EA6DEA57D957D957E95BD
:101D00009E959D9D9D9DDEADFEA5BDA5DDA5BD9DC0
:101D1000DD9D9D9DBD95DE9D9E955D8D3D8D7D9549
:101D20001EA65EAE1DA6BD955D8D7C95BC9DBD9D20
:101D30009D95DE9DDEA5FDA5DEA59D955C9D5DBE08
:101D40007DCEFFCE9D9D1D7D1D853D85BF959E9DB4
:101D50007D959D9DDE9DDEA5BF9D5E8D5D855E852D
:101D60007E8D7D853D855D851E9E1E9E1E961D9EDB
:101D70001E9E1E961E9EFD9D1E9EFE9D1E9E1E96D6
:101D80001E9EFE95FE9DFE95FE95DD9DFE95FE95A3
:101D9000FD9DDE95FE95DD95FE95DD95DD95DD9548
:101DA000DD95FD95FD95FD95DE95DD95FE95DD9521
:101DB000DD95DE95DE95DD95DE95BE95DD95BE8DD6
:101DC000BD95BE95DE95BE95BE95BD8DBE95BE9565
:101DD000BE8DBD95BE8D9E8DBD8D9E8D9D8D9E8D26
:101DE0009D8D9E8D9D8DBE8D7E8D9E8D7E8D9E8DBD
:101DF0007D8D7E8D7D857E8D7D857D8D5E857E8DC7
:101E00007D855E8D7D855E857D8D5E855D855E8D46
:101E10007E855E8D5E853E855E853D853E853D7D0C
:101E20003E853D853E853D853E7D5E853E7D3E7D94
:101E30003E853E7D3E853E7D3E853D7D3E7D1D7DD4
:101E40001E7D3E7D1E7D1E7D1E7D3D7D1E7D1D7D7C
:101E50001E7D1D7D1E7D1D7D1D7DFD7C1D7D1D7DD1
:101E60001D7D1D7D1E7D1E7D3D7D1E7D1D7D1D7D7F
:101E70001D7D1D7DFE741E751E7DFE74FD74FD743A
:101E8000FE74FE74FE74FE74FD74FE74FD74FE74C4
:101E9000FE74FD74FE74FE74FE74FE74FE74FE74B3
:101EA000FD6CFD74DD6CFD6CDE74DE74DD74DE745F
:101EB000DE74DD74DD6CDD74DD74DE74DD6CDD74A8
:101EC000DD6CBC74DD74DC7CFD7CFD7C1E7D1D8DB9
:101ED0003D8D7D9D9E9DBD9DDD9DFDA53DAE7EBE46
:101EE000BFC6BFC6BECE9EC69EC69DC69EC69EBE71
:101EF0003DB65DB63DBE5EBE5EBE3DBE3DB65DBEA0
:101F00007DBE5EBE5EBE5FBE1EAEDEADBD9D7E9D75
:101F10005D8D5E8D5E8D1D7DFD7CFD74DD7CDD74D3
:101F2000FD74DD74BD74BD6CDD6CFD6CDD6CFE7428
:101F3000FD74DD7CFD741E7D1E7D3D857D8DBD9D0A
:101F4000DD9DDD9DDEA5DD9DDEA5DEA5DEA51EAE4B
:101F50003DB65DBEDECE7EE79EE79FE75FDFDDCE6E
:101F60009DBE9EBE5EB63EAEFDAD3DAE5DB65DB6FF
:101F70001CAEFDA5BD9DDE9DDE9DBE9D7D955D9546
:101F8000DFA5FEA5DC9D3EB67EB61DAEDDA59C9D03
:101F9000BC9DBC9D9C9DBD9DBD9D9D9D9D959D9DFC
:101FA000FEA55EB65EB61CAEFEA5DDA5DEA59D9DBA
:101FB0007D95BF9DDD9DDD9DBD9D7E95BE9DDEA574
:101FC0005C8D9D953D85DC7CDD7C1C853D8D3C8D4F
:101FD0003C8D1C8D5D8D7E957E957E8D3E8D5E8DBE
:101FE0007E959E8D5D8D7D8D1E9E3E9E1E9E1E9EAF
:101FF0001E961E9E1E9E1E961E9E1E961D9EFE9543
:102000001D9EFE95FE9DFE9DFE95FE95FE9DFE95F8
:10201000FE95FD9DFE95FE9DFE95FE95FD95FE951A
:10202000FD95FE95FD95FE95FD95FE95DD95FE953C
:10203000DD95FD95DE95DE95DE95DE95DD95DE95EB
:10204000DE95DE95DE8DBE95BE95BE95BE8DBD95A9
:10205000BE95BE95BE8DBD95BE95BE8DBD95BE8D02
:10206000BE95BD8D9E8DBD8D9E8D9E8D9E8D7E8DD2
:102070009E8D9E8D7E8D7D8D7E8D7E8D7D8D7E8DCA
:102080007E8D7E857E8D5E857E8D7D857E8D5E8559
:102090005E8D5E855D855E855D855E853D855E8543
:1020A0003D855D853E855D855E855E855E853E857B
:1020B0005D7D3E853E7D3D853E7D3E853E7D3E850A
:1020C0003D7D3E853D7D3D853E7D1D7D3E7D1D7D6D
:1020D0001E7D3E7D1D7D1E7D1E7D1E7D1D7D1E7D0A
:1020E0001D7D1E7D3D7D1D7D1E7D1D7D1E7D1D7DFD
:1020F000FD7C1D7D1D7D1E7DFD741E7D1D75FE7C80
:102100001D751D7DFD741E7DFD74FD74FD74FE74D2
:10211000FD74FE74FE74FD74FE74FD74FD74FE7433
:10212000FE74FE6CFE74FD74FE74FD74FE74FD742A
:10213000FE74FE74FD74DE74DD6CDD74FE74DD749B
:10214000DE74DD74BD74DD74BD74DD74BD74BD6C8E
:10215000BE74BD6CBD6CBC74BC6CBC74BC74FB7CCC
:102160005C8D7C95FDA55EB65EBE9FC6BFCEDECE05
:10217000DECEDECEDECEDFD6FECEDECEBDCEBDCE18
:102180009DC63DBE3DBE7DBE5EBE5EB63DB6FDA5F6
:10219000FEADDEA5BD9D3D851D851D7D1D7DDD7CC6
:1021A000DE74DE74DD74DE6CFE74DE74FE6CDD7471
:1021B000DD6CFD6CDD74FD74FD7C3E855D8DBD9533
:1021C000BD9DBD9DBD9DBE9DBD9DBD9DDD9DDE9DFD
:1021D000DDA5DDA51DAE7EBEBECEBEC69DC67DBE46
:1021E0005EBE5EB65EB63EB61EAE1DAE7DB69EBE91
:1021F0007EB6FDADBDA59D9D9C9DBDA5FEA5BCA5C6
:102200009C9DFDAD1DAE3DB65EBE5DBE3DB63DB610
:102210003DB63DB6DDA5FDADDDADDDA5DDA5DDA59C
:102220001DAE3EAE3EB61DAEFDA5FDA5DE9D9D9D3F
:102230005C8D9E95FFA5BE9D7D8D7D959E951FA66F
:10224000BE9D1C85FC84DD84FC84DC7CDC74DC7C31
:10225000DD7CDD7CDD7CFD84FD84FD84FD7C1D85D5
:102260001D7D1D857E8D7E8D3E9E3E9E3E9E1E9ECC
:102270001D9E1E9E1E9E1D9E1E9E1D9E1E961D9E8A
:10228000FE9D1E9E1E961E9E1D9EFE95FD9DFE950C
:10229000FE9D1E96FE9DFD951E9EFE9DFD95FE9D3E
:1022A000FD95FE95FD9DFE95FE9DFE95FE9DDD95A1
:1022B000DE95DD95FE95DE95FD95FE95DE95DD9529
:1022C000DE95DE95DE95DE95DD8DDE95DD95DE8D88
:1022D000DE95DD95BE95BD8DDE95BD8D9E8DBE9541
:1022E0009D8DBE95BE8D9E95BE8D9D95BE8D9D8D01
:1022F0009D8D9E8D9D8D9E8D9D859D8D9E8D9D8D93
:102300009D8D7E8D7D857D8D7E8D7E8D7E8D7E8568
:102310005E857E8D5E855D8D5E855E855D855E8577
:102320005D855E855D855E855E855E855E853D7DC0
:102330005E853D855E855D7D3E855D853D7D3D851A
:102340005E853D7D3E853D7D3D7D3D853D7D3E857A
:102350003D7D1E853D7D1E7D3D7D1E7D3D7D3E7D01
:102360001D7D1E7D1D7D1E7D3D7D1E7D1D7D1D7D7A
:102370001E751D7DFE7C1D7D1E7D1E7DFD7C1E7DD2
:10238000FD7C1E75FD7C1D7DFD74FE7CDD7CFE7C70
:10239000DD7CFE74DD7CFE7CDD74FE74FD74FD74FA
:1023A000FD74FD74FD74FE74FD74FE74FD74FE74A2
:1023B000FD74FD74FE74FD74DD74FD74DD6CFD74DC
:1023C000FD74DE74DD74DD6CDD6CDD74DD6CBE749B
:1023D000DE74BD74DD74DD74DC74DD74DD6CDE749C
:1023E000DD6CDD74DC74DD7CFC841C8D7D95BD9D15
:1023F000DD9DDD9D3EAE1EBE1EB61DB63EBE3EB68A
:102400001DBE1DB65DBE7EBE5DBE5DBE7DBE5DBE3B
:102410007EBE1DB6BCA5BCA5FDA5BEA55D951D8D4A
:102420003D8D1D855E8DFD7CDD7CFD7CFD7CDD7440
:10243000DE74FE74DD74FE7CFE7C3E855E8D7D95D3
:102440009E95BD9DBE9DBD959D959D959D9D9E9581
:102450009D9DDE9DDEA5BDA5DEA5FDAD1EB61EAE15
:102460001EAE1DB63EB63DAE1EB63DB63DB63DB641
:102470005DB61EB6FEADDDA5DDA51DAE5EBE5DB6CC
:102480003DBE5DB69EC67DC6BDC6BFCE7ECEBDC6B8
:10249000FFCEBECE3CBEDFCE9FC69EC63DB63DAE95
:1024A0003DB65EB63EAE1DAEFEA5BEA5BD9D7D95FC
:1024B0007D8D5D8D9E957E955E8D5D8D3C8D9D9512
:1024C000FFA53EB6BEA51C8DFD84FC7CDD7CDD7CBD
:1024D000DD7CFD84FD7CFD84FD7CDC7CFC7CFD7C66
:1024E000DE7CDE7CFD847E8D1E9E1D9E1E9E3E9E9D
:1024F0001E9E3E9E1E9E3E9E1E9E1E9E1D9E1E96C5
:102500001D9E1E9E1E9E1E961D9E1E961D9E1E9EFE
:102510001D96FD9D1E96FD95FD95FE951D9EFE95B5
:102520001D9EFE95FD95FE9DFD95FE95FE95FE95E5
:10253000FE95FE95DD95DD95DE95DD95DD95FE95A7
:10254000DD95DE95FD95DE95DD95DE95DD95DE95D7
:10255000DD95DE8DDD95BD95DD95BE95BD8DBE9578
:10256000BE8DBD95BE8DBD959E8DBE8D9E8D9E8D65
:102570009D8D9E8D9D8D9E8D9D8D9E8D9D8D7E8D27
:102580009D857E8D7D8D7E8D7D857E8D7D8D7D85F0
:102590007E8D5D857E8D5E855D8D5D855E8D5D8DBF
:1025A0005E855D8D5E855D855E855D855E855E850E
:1025B0005D855E7D3E855E855D853E855E7D3D8576
:1025C0003D7D3E855D7D3E853D7D3E853D7D3D85F8
:1025D0003E7D3D7D3E851D7D3D7D1D7D1E7D1D7DA0
:1025E0003E7D3D7D3E7D1D851E7D3D7D3E851D7D67
:1025F0001E7D1D7D1D7D1E7DFD7C1D75FD7C1D755B
:10260000FE7C1D7DFD7CFE74FD7CFD7CFD74FD74F7
:10261000FD7CFD74FD7CFD74FD7CFD74FD74FD741A
:10262000FD74FD74FD74FD74FD74FD74FD74FD7422
:10263000FD74FD74FD74FD74FD74FE74FD74FD7411
:10264000FD74DE74DD6CDE74DD74DE74DD74DD74E7
:10265000DC74DD7CFD7CFD7CFC7CDD74DD74DD7474
:10266000DD74BE74DE74BE74BE74DE6CDD74DE7444
:10267000DD74DD74DC7CFC84FD843D8D3D8D7D95B9
:102680007E959DA5BDA5FEB5FDAD1EB63DB61DBE94
:102690003DBE5EBE5EBE7EC69FC69ECE9EC69ECE22
:1026A0009FCEBFCE7EBE9BA57D9D7C9D7C9DBD9D0E
:1026B0009E9D3D8D1D85FC74FD841E853D855E8D32
:1026C0007D8D7D959D959E957D957D959D959D9501
:1026D0009D8D7D959D959D95BE9DBE9DDFA5DEA59D
:1026E000DDA5FEAD1EAE1DAE1EAE3EB61DAE1DAED0
:1026F0001DB61EAEFEADDDA5FEAD3DB67EBE7DBEF9
:102700009DC67DC69DC6BDCEDECEDED6BDCE7ECEFE
:102710007DC67DC65CC6FED6FED6FED6DEC69DC68E
:102720009EBE5DBE3DAEFDADDEA5BD9D7D955D95BC
:102730003D8D3D8D5D8D7E957D955C8D5C8D7D8D1A
:102740009C953DB6BFBE1DA67D953D8D1D851D8505
:102750001D851D855E8D5E8D5D8D3C855D8D5E85E7
:102760001E8DFD841C8DDE9D3E9E3D9E3E9E3D9EAB
:102770003D9E3D9E1D9E3D9E3D9E3D9E1E9E1D9EE0
:102780003E9E1D961D9E1E9E1D9E1E9E1E961D9E5D
:102790001E9E1E9E1D9EFE9D1D96FD9D1E96FE95D7
:1027A000FE9DFD95FE9DFD95FE95FE9DFD95FE9D74
:1027B000FE9DFE95FD95FE95FD95FD95FE95DD959D
:1027C000FD95DE95DD95DE95DD95DE95DE95DD9555
:1027D000DE95DD95DE95DE8DBD95DE95BD8DDE95B4
:1027E000BD8DDE95BD95DE8DBD959E8DBD95BD8D56
:1027F0009E8DBD8D9E8DBD959E8D9D8D9D8D9D8D3E
:102800009D8D7E8D9E8D7D8D9E8D9D8D7E8D7E8DF3
:102810007D8D7E8D7D857E8D7D857E8D7D857E8D7C
:102820007D855D855D8D5E855D857E855D855E854D
:102830005D855D855D855E855D855D855D855E7D8E
:102840005D855D855D855D853D7D5D853D7D3E85E7
:102850003D853E7D3D853D7D3D853E7D3D851E7DA5
:102860003D7D1E851D7D3E7D1D7D3E7D3E7D1D7D0C
:102870003E7D3D7D1E7D1D7D1D7D1E7D1D7D1E853C
:102880001D7DFD7CFD7CFD7CFD7C1D7DFD7CFD7C3E
:10289000FE7CFD7CDE7CFD7CFE7CFD7CFE7CFD7494
:1028A000FE7CFD74DD7CFD74FD74FD74FD74FD74AF
:1028B000FD74FD74FD74FD74FD74FD74FD74DD74B0
:1028C000FD74DD74DD74DE74DD74DD74DE74FC743F
:1028D000DD74FD741D75FD741D75FE7CDE74DD7484
:1028E000DE74DD74DD74DD74DD74DE74DD74DE745D
:1028F000DD74DE74DD74DD74DD7CDD74DC74FD7C20
:102900001D7D1D853D8D3C8D5D959E9D7D9D9D9D77
:10291000DEADFEAD1EB6FDADFDADFDAD3EBE3EBEB7
:102920005EBE7EC69ECEBFCEBFC69EBE9DBEFFCE45
:102930009EBEDDAD5C8D1C851D7DFD7C1D853D7DB8
:102940003D855C8D5D8D5D8D7D8D7D8D7D8D7D95D8
:102950007D957D957D959D959E959E959D959E9D3C
:10296000BD9DDD9DDDA5FDA5DDA5DDA5FEADFEA51D
:10297000FEAD1EAE1EAEFEA5DDA51DAE3DB67EBEF5
:102980009EC6BEC6BECEDDCEFDD6FED6FED6DED6F9
:102990009ECE9CC6BDCEFDD6FDD61DD7FDD6DECEC5
:1029A000DECE9EBE7EB61DAEFDADDDA59DA59C9D79
:1029B0007C955D957D95BD9DDDA5FEA5FEA5FEAD35
:1029C000DDA5FCA55DB65EB6FDA5BD9D7D957E959C
:1029D0005E957D95BE9DDE9DDDA5DE9DBD959E9D92
:1029E0009D959D9D5EB69FBE3D9E3E9E3D9E3E9E9C
:1029F0003E9E3E9E3D9E3E9E1D9E3E9E3D9E3D9E1B
:102A00001E9E1D9E1E961D9E1E9E1D9E1E9E1E9EF1
:102A10001D9E1E961D9E1E961D9E1E9E1E9E1E9EE9
:102A20001E96FD9D1E96FE95FE9DFE95FE9DFE95B5
:102A3000FD95FE9DFE95FD9DFE95FD9DFD95FE95EA
:102A4000FD95DE95FD95DE95FD95DE95FD95DE9572
:102A5000FD95DE95DD95DD95DE95DD95DE95DD95C3
:102A6000DE95BD95DE8DBD95BE95BE95BE8DBE95A0
:102A7000BD95BE8DBD95BE8DBD95BE8D9E8DBD8D0A
:102A80009E8D9D8D9E8D9D8D9E8D9D8D9E8D9D8DF2
:102A90007E859E8D7E8D7E8D7D855E8D7D857E8DF8
:102AA0007E8D7D857E8D7D857E8D7D857E857D85FA
:102AB0005E857E857D857D855E857E855D855D8582
:102AC0005D855E855D855D855D855D855D853D7D1D
:102AD0005E855D853E7D3D853E7D3D853E7D3E7DC1
:102AE0003E851D7D3E7D1D7D3E7D1D853E7D3E8559
:102AF0003D7D1E851D7D1E851D7D1D851E7D1D7DCB
:102B00001E851D7D1E7DFD7C1D7DFE7C1D7DFD7C4D
:102B1000FD7CFD7CFD7CFD7CFD7CFD7C1D7DFE7CCB
:102B20001D7DFD74FD7CFD74FD741D75FD74FD74CB
:102B30001D75FD74FD74FD74FD74FD74FD74FD74EC
:102B4000FD74FD7CFD7CDD7CFD7CFD7CDD74FD7415
:102B5000FD74FD74FD74DD74DD74FD74FE7CFD7424
:102B6000DD74FD74DE74FD74DE74DD74BD74DD74BB
:102B7000FD7CDD74DD74DE7CDD74DE74DD7CFD7473
:102B8000FD7CFC7C1D7D1D7DFD7C3D851D853D8581
:102B90005E8D5D8D3E8D5D8D1D8D3D853D853C8DB4
:102BA0007D959D9D1FB6FEADDEA51EAE3DAE5DB60C
:102BB0007DBE5EB6FEA57D8D3C851D853D853D8532
:102BC0003D853C855D8D5D8D7E959E957E8D7D954B
:102BD0009E959E957E8D7E957D8D9E959D95BE95AF
:102BE0009D9DDD9D3EB6FEADDD9DDD9DBD9DDD9DCA
:102BF000DD9DDE9DDDA5BEA5FEA5DDADFDAD3DAE39
:102C00005DBE9DBEBDCEDDCEFDCEDDD6FED6FED6F2
:102C1000FED6FED6FDD6FED6FDD6FDD6DDD6DDCE61
:102C2000BDCE9DC69DBE9EBE9EBE5DBE5DB63EB681
:102C30001DAEFDADFDAD3EB65EB67EB65EB61EAE59
:102C4000DEA59EA5BDA51EAE1DAE1EAEFDAD7E9D34
:102C50003D957D959DA5DEA51EAEFEA5DD9DFDA540
:102C60007EB6DEC63FD71ED73EA63E9E3EA63D9E02
:102C70003EA63D9E1E9E3E9E3E9E1E9E3E9E1E9ECD
:102C80003E9E1D9E1E9E1E9E1D9E1E9E1D9E1E964F
:102C90001E9E1E9EFE9DFE9D1E9EFE9D1E9E1E9EB7
:102CA000FE9D1E9EFD9D1E9EFD95FD9DFE95FD9D1E
:102CB000FE9DFD95FE9DDD9DFE9DDE95FD9DDE9DAF
:102CC000FE9DFD95FE95FE95FE95FD95FE95DD9587
:102CD000DE95DD95DE95FD95DE95DD95DE95DE953F
:102CE000DE95DE95DE95DE95BE95BE95BE95BD8DD5
:102CF0009E95BE95BD8DBE8DBE8DBD95BE8DBD8D87
:102D0000BE959E8D9D8D9E8D9E8D9E8D9D8D9E8D45
:102D10009D8D9D8D9E8D9D8D7D8D9D8D7E8D7D85C9
:102D20009D8D7E8D7D857D8D7D857E857D857E8558
:102D30007D857E857D857E857D857D855D855E85C0
:102D40005D857D855D855E8D5D853E853E853E85A7
:102D50003D853E853E853E853D853D7D1E851D85A7
:102D60003E7D1E7D1D851E851D7D1E7D1D851E7D56
:102D70001D7D1E851D7D1D851D7D1D851D7D1D8562
:102D80001D7D1D7D1D851D7D1D7D1D851D7D1D7D63
:102D90001D7D1D7D1D7D1D7D1D7D1D7DFD7CFD74AD
:102DA000FD7CFD7CFD741D7DFD7C1D75FD7C1D7510
:102DB000FD7CFD741D7DFE7CDD74FD7CFD7CDD7481
:102DC000FD7CFD74FD74FD74FD74FD74DD74FD7493
:102DD000FD7CFD7CFD7CFE7CDE7CDD74FD7CFD7479
:102DE000FD74DD74DD74DD74FD74FD74FD74FD74BB
:102DF000FD74FC74FD74DE74FD74FD74FE74DD748A
:102E0000FD74FD74FD74FD7CFD74FD7CFD7CFD7C1A
:102E1000FD74FD7C1D7DFE7CFD74FD7C3D851D8566
:102E20001D853D8D7E8D3D8D3D853D8D5D8D7D95D9
:102E3000BEA5FEADFEA5DDA5DE9D9E9D3D8D3E8D14
:102E40001D8D3D855D8D5E8D5D8D7E8D7E957E9526
:102E50009E95BE959E959D959E957E957E8D7D9524
:102E60007D95BD9D3EAE5FAEFEA57D959D957E9503
:102E70005D957E957E95BD95BE9DBD95BD9DDE9D66
:102E8000DD9DFDAD3EAE7EBE9EC6BECEBECEDECECE
:102E9000FDCEFED6DED6DED6DED6DED6DED6BDCE84
:102EA000BDCE9EC69DBE9EC69EC69EBE7EBE7EBE3C
:102EB0003DAE3DAE3EB61EAEFDA5DDA5BD957D95F4
:102EC0007E953D8D5D959E9DDE9DFEAD1EA69E95DB
:102ED0005C8D7D8D9D959D95BE95BE9DBD9DFDA5F1
:102EE000BEC61ED7FECEDECE5EA63EA65EA63D9E2A
:102EF0003EA63E9E3EA63EA63E9E3EA61D9E3E9EF3
:102F00001EA61E9E1D9E1E9E1E9E1E9E1D9EFE9DFC
:102F1000FE9DFE9D1D9EFE9D1E9EFD9D1E9EFE9D78
:102F20001D9E1E9EFE9D1E9EFE9DFE9DFD9DFE9570
:102F3000FE9DFD9DFE9DDE9DDD9DDE9DDE9DDE9D5B
:102F4000FE9DFE95FE9DFD95FE9DFE95FE95DD9DEB
:102F5000FE95FD9DDE9DFD95DE9DFE95DE95DE9D3B
:102F6000DE95DD95DE95DD95BE95DE95BE95BE952B
:102F7000BE95BE95BE95BE95BE8DBD959E8DBE95EA
:102F80009D8DBE8DBE8DBD8D9E8DBD8DBE8D9E8D4C
:102F90009E8D9D8D9E8D9E8D9E8D7E8D9E8D7E8D1A
:102FA0007E8D7E8D7E8D9E8D7E8D7E8D7E8D7E85B1
:102FB0005E8D5E855E857E855E855E855E857D85B2
:102FC0005D857D859D857D855D855D855D855D8571
:102FD0003D853D853D853D853D855E853E853E85BE
:102FE0003E851D851E7D3E851E7D3D851E7D1E8583
:102FF0003E851D7D3E851D7D3D7D1D851D7D1D7D87
:103000001D7D1D851D7D1D853D7D1D851D7D1D85B0
:103010001D7D1E851D7D1D851E7D1D7D1E7D1D7DCD
:103020001E7D1D7DFE7CFD74FD7C1D75FE741D7571
:103030001D7DFE74FD7CFE7CFE7CDE7CFE7CDE7CE9
:10304000FE74FD74FE74FE74FD74FE74FD74FD74F4
:10305000FD74FD74FD74FD74FD74FE7CDD74FE7CF6
:10306000DE7CFE74FE7CFD74FE7CFD74DD74FE74FB
:10307000DD7CDE7CFE74FD74FE74FD74FD74FE74F4
:10308000FD74DD74FD7CDC74FD7CDD74FD74DD7429
:10309000FD7CFD74DD74FD7CFD74FD7CFD7CFD7CA0
:1030A000FD7C1D7D1D7D1D851E7D3D853D851D8D08
:1030B0003D8D7D9DBD9DDDA5FEA5BE9D9D9D9E95E5
:1030C0007E955D8D3D8D5D8D3D8D5D8D5D8D5D85CF
:1030D0005D8D5D8D7E8D5D8D5D8D7E8D5E857E8D44
:1030E0005D8D5C8D5C8DDEA5FE9DBE9D7D8D3D8DD7
:1030F0003E8D3E8D5D8D5D8D5D8D7D8D7D8D7D8D5E
:103100007D957C959D9DDCA51DAE3EBE7EC6BDC653
:10311000BDCEBECEDECEDECEDED6DED6DED6BECE98
:103120009DC67EBE7DC67EBE5DBE5EBE5EB63DB643
:10313000FDAD1DAEDDA5BD9D9D9D5D8D5D855E8555
:103140005E853D851D855D8D3D8D5D853D8D1D8536
:103150001D7D1C7DFD7C3D853D855D859E9DDD9DA8
:103160003DAE7EBE5DBE3DB65EA65D9E3EA63EA663
:103170003D9E3EA63D9E3EA63E9E3EA63E9E3DA652
:103180003E9E3D9E1E9E3D9E1E9E3D9E1E9E3E9EC2
:103190001D9E1E9E1E9E1E9E1E9E1E9E1D9E1E9E51
:1031A000FE9D1E9E1E9E1E9E1D9EFE951E9E1D9E8B
:1031B0001E9EFE9DFD9DFE9DFE9DFE9DFD9DFE9D18
:1031C000FD9DFE95FD9DFE95FE9DFE9DFE95FE9D41
:1031D000DD95FE9DFE95FE9DFD95FE9DDE9DFE9579
:1031E000DE9DDE95DE9DDE95DE95DE95DE95DE9537
:1031F000BD95DE95BD95DE95BE95BE95BD8DBE9502
:10320000BE959D8D9E95BE8D9D95BE8D9E959D8DE9
:103210009D8D9E8DBD8D9E8D9D8D9D8D9D8D7D8D5C
:103220009E8D9D8D9D957E8D7E8D7E8D9D8D7D8DC2
:103230007D8D7D8D7D8D5E8D7D8D7D8D7D8D7D8D5D
:103240007D857E8D5D855E8D5D855E855D855D851B
:103250005D857D855D855D855E853D853E853D859C
:103260003E853E7D3D853D853E853D853E853D7D5A
:103270003E853D851D7D1D851D7D1D853D7D1D85F5
:103280003D851D7D3D853D7D1D853D7D3D851E7DAD
:103290001D7D1E7D1D7D1E7D1D7D1E7D1D7DFD7C7C
:1032A0001E7D1D7D1D7D1D7D1E7DFD741D7DFD749E
:1032B000FD7C1E7DFD7CFE7CFD7CFD7CFD7C1D7D02
:1032C000FE7CFD74FD7CFD74FD7CFD74FE7CFE7C4B
:1032D000DE74FD74FE74FD741D751D75FD74FD7442
:1032E000FD74FE7CFD741D75FD7CFD7CDD74FE7C33
:1032F000FE7CFE74FD7CFD7CFD74FE7CFD74FD7C1B
:10330000FD74FD7CDD74FD74FD7CFD74FD7CFD7C35
:10331000FD74FD7CDC74DD74FD7CFD74DD74FD7476
:10332000FD74FD74DD74FD74FE7C1D751D7D1D85B1
:103330003D857E8D7D959D959D957D8D9E959E95DA
:103340009E955D8D3D855D857D8D7E8D7D8D7E8D92
:103350005E8D1D853D853E853D853E853D7D3D855A
:103360003D7D1D853D855D855D8D5D855D853E85EC
:103370005E853E853E853E855E8D5E8D5E8D7D8D56
:103380007E8D7D957D957D95BDA5FDA5FEAD5EBE31
:103390007EBE7EBE9EC6BDCEBEC6BDCEBDC69DC6D1
:1033A0007EC67EBE3EBE1DB61CAEDDAD1EAE7EBE72
:1033B0003DAEBC9D9D9D9E957D8D5D8D5E853E85C2
:1033C0005E853D853D851E7DFE7CFE7CDE74FD7C3C
:1033D0001D7D3E853E855E853E853D7D5D851D85E9
:1033E0001C859D95DD9DFDA55EA65EA65DA65EA6DF
:1033F0005DA65EA65EA63E9E5EA63DA63EA63E9E3F
:103400003EA63D9E3EA63EA63D9E1EA63D9E1E9EFF
:103410003E9E1E9E3E9E1D9E1E9E1E9E1E9E1D9E8E
:103420001E9E1D9E1D9E1E9E1D9E1E9E1D9EFE9DE1
:103430001D9E1D9EFE9DFE9DFD9DFE9DFE9DFE9D75
:10344000FE9DFD9DFE9DFD9DFD95FD9DFD9DFE95B9
:10345000FD9DFD95DD9DFD95FE9DFD95FE9DDE95F9
:10346000FE9DFD95DE9DFD95DE9DDE95DD95DE954F
:10347000DE95DD95DE95BD95DD95DE95BD95BD9519
:10348000BE95BE95BE95BE95BE959D95BE959D8DEE
:103490009E959D959E959D959D8D9D8D9E8DBD8D99
:1034A000BD8D9D8D9D8DBD8D9D8D9D8D9D859D859C
:1034B0009D8D9C859D8D7D8D9D8D9E8D7D857E8533
:1034C0007D8D5D8D5D8D7E8D7E8D5D857E8D5E8538
:1034D0005E855E855D855D855D855E853E855E85F7
:1034E0003D853D853E853D7D3E853D7D3D853D85DA
:1034F0003D853E7D3D853D853D7D1E853D7D1D8512
:103500001D7D3D851D7D1D851D7D1D851D7D3E7D92
:103510003D7D3E7D3E7D1D7D3D7D1D7D1E7D1D7D58
:103520001D7D1D7D1E851D7D1D7D1D7D1D7D1E7DC1
:103530001D7DFE7CFD7CFD7CFE7CFD7CFE7CFD7C9F
:10354000FD7CFD7CFD7CFD74FE7CFD7CFD74FE7CC1
:10355000FE7CFE7CFD7CFE74FD74FE74DD74DD7CFF
:10356000FD7CDC7CFD74FE7CFE7CFE7CFD7CFD74C1
:103570001D75FD74FD74FD7CFD74FD7CFD7CFD7C82
:10358000FE7CFD74FD7CFD74DD7CFD74FD74FD7CB2
:10359000FD74FD7CFD74FD74DD7CFD74FD74FE74B2
:1035A000DD74FE74FE7CFD74FE74DD74FE74FD74C7
:1035B0001D7DFE7CFD7C1D7D1D853D853D851C7D25
:1035C0001D853D7D1D7D3D853E853D855E853E8518
:1035D0003E853E7D1E851D7D1E851D7D1D7D1D7DBF
:1035E0001D7D1D751D7D1E7D1D7D1D7D1D7D1E7D11
:1035F0001D7D1E7D1E7D1E7D1E7D1D7D3E855E8585
:103600005E855E8D5E8D5E95BF9DBE9D9E9DBEA5B9
:10361000FEAD1EAE1DB65DB67EC6BEC69DBE7DBEEF
:103620003DB61DB63EB65EB61DB6BDA5BEA55EB620
:103630007FB6BD9D7E957D8D5D8D3D851E853D85CD
:103640001E7D3D7D3E7D1E7D3E7D1E7D1E7D1D7D44
:103650003D855D855D855D855E857E8D3D853D7D98
:10366000FD7C1D7D9E951F9E5DA65EA65EA65D9E51
:103670005EA65D9E5EA65DA65EA65E9E3DA65E9E65
:103680003DA65EA63E9E3DA63E9E3DA63E9E3DA616
:103690003EA63EA61D9E3EA63D9E1E9E3D9E1E9E95
:1036A0003E9E1D9E1E9E1D9E1E9E1D9E1D9E1D9E1F
:1036B0001E9EFD951D9EFE9DFD9DFEA5FD9DFD9DF5
:1036C000FE9DFD9DFD9DFD9DFE9DFD9DFE9DFD9D27
:1036D0001D9EFE9DFD95FD9DFD95FD9DDE95FD9D2F
:1036E000FE95DD9DFE95FE9DDD95DE95DE9DDE95CC
:1036F000DE9DDE95DE95DE95DD95BE95DD95DE954C
:10370000BD95BD95BD95BD959E95BD95BE95BD9547
:103710009D95BD8D9D95BD95BE959E959E8DBE8DAD
:103720009E8D9E8DBE8D9E8D9E8D9D8D9E8D7D8D43
:103730007E8D9E8D9E8D9E8D9E857E8D5D8D7E8DDA
:103740005E8D7E8D7E8D7E855D855D853D853D852D
:103750003D8D5E8D5E853E855D855D853D855D85A6
:103760005E853D853D855E853D853D853E853D7D0E
:103770003D851D853E7D3D853E853D851D7D3D8587
:103780001D7D3D851E7D3D853D7D1E853D7D1D85C7
:103790001D7D1D851D7D3D851D7D1D851D851D8511
:1037A0001D851D851D853E851D853E7D1D7D1D7DDF
:1037B0001E7D1D7D1E7D1D7D1D7DFD7CFD7CFD7C9A
:1037C000FD7CFD7C1E7DFD7CFD7C1D7DFD7C1D7DCD
:1037D000FE7CFD7CFD7CDD7CFD84FD7C1D853C8DBF
:1037E0005FB69D9D1C85DC7CDD7CDD7CFE74FD7CF4
:1037F0001D751D75FD74FD7CFD7CFD74FD7CFD74E7
:103800001D7DFD7CFD74FD7CFD74FD7CFD7CFD74E7
:10381000FD7CFD7CFD7CFD7CFD74FD7CFE74FD74F7
:10382000FD74FD74FE74FD74FD74DD74FD74FD742F
:10383000DE74FD74FE7CFE7CFD74FD74DD7CFD7425
:10384000DD74FD7CFE74FD7C1E75FE7C1E75FD7CAA
:103850001D7D1E7D1D7D1D7D1D75FE7C1D7DFD74E8
:103860001E7D1E751E751E75FD741D75FD741D7DF6
:103870001D75FD7CFE74FE7CFD7C1E7D1D7D1E7D08
:103880001D7D1E853E853E855D855E855D857E8DC3
:103890007E95DE9DBD9DFD9D3EAE5EB65EB63DAEA7
:1038A000FDAD1DAE1EB67FBE5EB6BDA59D9DDDA560
:1038B000FDA5BE9D9D957E8D7E8D5D8D3D853D8555
:1038C0003D851E7D3D853D7D1D853E7D3D853D853E
:1038D0003E853D853E853D853D853D855D851D85D6
:1038E0003E853E853D855D8D7EA67DA67EA65DA638
:1038F0005EA65DA65EA65EA65EA65EA65EA65EA6A9
:103900005E9E5DA65EA65EA65D9E3EA65DA63E9EF2
:103910003EA63D9E3EA63E9E3D9E3EA63D9E3DA6AB
:103920003E9E1D9E3D9E1D9E3D9E1E9E3D9E1D9E3D
:103930001D9E1D9E1E9E1EA61E9E1DA61E9E1EA692
:103940001D9EFE9DFD9DFE9DFD9DFE9DFD9D1E9E61
:103950001D9E1E9EFD9DFE9DFD9D1E9EFD9DFE9538
:10396000FD9DFE9DFD9DFE95FE9DFD95DE9DFD95BB
:10397000FE95DD9DDD9DDE9DDD9DDE9DBD9DBE95A3
:10398000DD9DBE95BE95DE9DBE95BD95BE959D9572
:10399000BE95BD959E959D959D8DBD95DE9D9D95F4
:1039A0009D957D957D8D9C959C959B959C95BD9DAC
:1039B0007D955E957E8D7E8D7E8D5D8D9D9DBDA55B
:1039C0005C955D855D8D7D95DDA51DB65DBE1DAEED
:1039D0009C9D3D8D3E8D5D857D855C857E8D5D8567
:1039E0005D855E855D855D855D855D855D853D85E6
:1039F0005D853D853D853E853D853E853D853E7D9C
:103A00003D853E853D851D7D3D853D853D853D85CD
:103A10003D853D8D5D855E8D1D851D851D7D1D85CD
:103A20001D7D1E853D853D855E8D5D8D3E851D859B
:103A30001D851E7DFD841E7D1D851E7D1D7DFE7CDC
:103A4000FD7C1D7D1D7DFD7C1D7DFD7C1E7DFE7430
:103A5000FD7CFC7C5D8DBD9D9C9D1DAE7DB6FECE2E
:103A60001FD7FED6BEC61DA6BD9D5D955D8D1C856E
:103A7000DD7C1D7DFD7CFD7CFD7CFD7C1E7DFD7C5B
:103A8000FD7CFD74FD7CFD7CFD74FD7CFD74FD7C86
:103A9000FD7CFD74FD7CFD741D7DFD74FD74FD7C5D
:103AA000FE74FD74FD74FD74FD7CFD7CFE74FD7C74
:103AB000FD74FD74FD74FD74FE74FD74FE74FE747B
:103AC0001D75FD74FD74FD741D75FD741D75FD740B
:103AD0001D75FD741D75FD741D751D7DFE7CFE7CC0
:103AE0001D7DFE7C1D751D7D1E7D1D7DFD7C1D7556
:103AF0001D7D1D751D7D1E751E75FD741D751D7D3D
:103B00001E751D7D1D7D1D7D1D7D1D7D1D7D1D7DEC
:103B10001D7D3E855E855D8D7D8DDD9DFDA51EAE89
:103B20001DAE1DAE1DAE1DB6DEA5BDA59E9D9D9D07
:103B3000BD9D9E9D9D95BD959D95BE95BE9D9E9559
:103B40009E959E957E957D957D8D9D959D959E9549
:103B50007D959E957D959E957D959D957D8D7D957B
:103B60007E8D7E955D8D7E8D7EA65DAE7EA65DAEE4
:103B70007EA65DAE7EA65DA65EA65DA65DA63DA602
:103B80005EA63EA65DA63EA65DA63EA63EA65DA698
:103B90003EA65EA63DA63EA63DA63EA61EA63EA607
:103BA0003DA61EA63EA61EA63D9E3EA61EA61D9E88
:103BB0001E9E1D9E1DA61E9E1DA61E9EFDA51D9E33
:103BC0001DA61E9E1E9E1D9E1E9E1D9E1D9EFD9D33
:103BD0001E9EFD9D1E961D9EFD9DFE95FD9DFE9DBE
:103BE0001D96FE9DFD95FE9DFE9DFE95FE9DFE9DF6
:103BF000DE9DFE95FE9DDD9DDE95DD9DDD95DD9DC9
:103C0000DE9DDE9DDE9DDD9DDD95DD9DFE9DFD9DA8
:103C1000DEA5BD9DBC95DD9D1DA65EB6DEBE1ECF9C
:103C2000FEC69DBE5CBEFFCE5EDF1ECF5FDF5FDFE8
:103C30007EBEBBADDDA51EA61CAE9DC67FE77FE7A1
:103C40001EDF7DBEDECE3EDF9FF7BFF7BEFFDFEF9C
:103C50001ED7BB9D9D9D7D8D5C857E8D5D855E8D1A
:103C60005E8D5D855D855D853E8D3D855E8D3D8589
:103C70003D855D853E855E853E853E851D853E850F
:103C80003D853D853D853E853D853E853D851E8541
:103C90003E8D5D8DBE9DBE9DDE9DBE9D9E957D959E
:103CA0007E955D8D7E957D957D957E955D8D3E8520
:103CB0001D851D851D7D1D851E7D1D7D1D7D3C85F4
:103CC0005D8D1D853D85FD7C1D851D7D1C851D85AE
:103CD0007E8D3C8D1B8D9EC63FD7DDCE3DB63CBE56
:103CE0009EC69CC6BDC6DECEDECE5CBEDEC6BFC6F0
:103CF0009C9D1B8D3D8D1C851D853C851D855E8D88
:103D00001D85FE7C1D7DFD841D853C851C85FC7C00
:103D10001D7D1D7D1E7DFE7C1E7DFD7CFD7CFD7C54
:103D2000FD7CFD7CFE7CFD7CFD7CFD7CFD7CFD74D2
:103D3000FD7C1D75FE741D7DFD74FD7CFD74FD7C98
:103D40001E7D1D751D7D1D75FD741D7DFD741D7D04
:103D5000FD741D7DFD7C1E7DFD7CFD7CFE7CFD7C5F
:103D6000FD7C1D7D1D7D1D751D7D1D7D1D7D1E7DAB
:103D70001D7D1D7D1D7DFE7C1E7D1D7D1D7D3D757A
:103D80001E7D1D7D1E7D3E7D1E7D3E7D1D7DFE7446
:103D90001E7D1D751D7D1D751C7D3D7D5C8D9D955C
:103DA000BD9DDDAD1EAEDCADBD9DBDA59D9D7D95D2
:103DB0007D8D7D959D95BE95BD9DBD959D9DBD9D22
:103DC000BD9DBD9DDD9DDD9DFEA5DD9DDD9DDE9D39
:103DD000DD9DDD9DBD9DBD9D9D959D9DBE9DBD9D1A
:103DE000BE9DBE9DDE9DDE9D5DAE7EAE5DAE5EAED9
:103DF0007DAE5EAE5DAE5EAE5DAE5EAE5EA65DAE4F
:103E00003EA65EAE3EA65EAE3EA63EA63DA63EA643
:103E10003EAE3EA63EA63EA63EA63EA63DA61EA69B
:103E20003EA61DA61EA61DA61EA63DA61EA63D9E1E
:103E30001DA61EA61E9E1EA61D9E1EA61D9E1D9E86
:103E40001D9EFE9D1E9E1D9E1D9E1E9E1D9EFE9DD8
:103E5000FE9DFE9DFD9DFE9DFE9DFD9DFE9DFD9595
:103E6000FE9DFD9DFE9DFD9DFD9DDD9DFD9DDD9DC0
:103E7000FD9DDD9DDE9DFE95DD9DFE9DDE95DD9D1E
:103E8000DE95DE9DDE9DDE9DDD9DFD9D1EA61EAEAA
:103E90003EAE3EB65DB67EB6DFC6FEC65ED77FE7F7
:103EA0009FE79EEF9EEFBEF7BEF7BDF79EF7BEF70A
:103EB0009FF77FEF5EE79FEF9EEFBEF7BFF79EFF96
:103EC000BFFF9EF7BEF7DEF79DEF9DF79DEFBDF7B5
:103ED000BFEF1EDF1ECFDFC6DD9D5C8D5D955D8D66
:103EE0003D855E8D5E8D3E8D5D855D853D855D8DFF
:103EF0005E855D8D5D855D855E855D855E855D8D9F
:103F00003E853D855D7D5D7D3C855D8D7D953D95E9
:103F10003D8D7C9DFDA5DCA5FCADDCA5FDADFEAD1C
:103F2000FEA5DEA5BD9DBE9DBD9D9D9D7D8D3D8D4E
:103F30003D853E853D851D851E7D3D7D3D855C8D98
:103F4000DE9DBE9D5D8D3D8D7D8D9E9D5D959C9D77
:103F50005EB69FBE1EBEBECE7EEF1ED7FDADBCA51B
:103F60001DAEDDCE1ED73EDF1EDFFDD6FDD61ED731
:103F7000DECE9EC6DFCE1CAEBEC6DFC6FDAD3C9516
:103F80005D955D8D5D95BDAD7DBEFFD61ECFBDC679
:103F90007EBE9D9DFC84FD7C1E85FD7CFE7C1D7D82
:103FA0001D7DFD7CFD7C1D7DDC7CFD7CFD7C1E7D06
:103FB0001D751D751D7DFE741D7D1D75FD74FD74C3
:103FC000FD7C1D75FD7CFD7CFD7CFC74FD7C1D7500
:103FD0001D75FE7CFD7CFD7CFD7CFD7CFD7CFD7CFF
:103FE000FE7CFE7CFE7CFD841E7D1D7D3D7D1D7D59
:103FF0001D7D3D7D1D7DFD7C1D7D1D7D3D7D3D75BA
:104000003D7D1E7D3D7D3E751D751D751D7D1D759E
:104010001E75FE7C1D751D7D1D751D7D1E7D1E85FD
:104020003D855D8D9D957D959E9DBE957D955D8D16
:104030005D8D5D8D7D8D9D95BE95BD9DBE9DDD9DEE
:10404000DD9DBD9DDD9DDD9DDDA5DDA5DEA5DDA59F
:10405000FCA5DDA5FEA5DDA5BD9DBD9DDE9DDE9D6E
:10406000DDA5DD9DFEA51EA67EAE5DAE7EAE5DAE7F
:104070005DAE7EAE5DAE5EAE7EAE5EAE5DAE5EA6AB
:104080005DAE5EAE5EAE5EA63DAE3EAE5EAE3EA642
:104090005DAE3EA65DAE3EAE5DAE3EA63EAE3EA67B
:1040A0003EA63EA63EA63EA63DA63EA63EA63DA6F2
:1040B0003E9E1DA63EA61EA63EA61EA61EA61EA689
:1040C0001EA61EA61DA61EA61EA6FEA51EA61EA6F2
:1040D000FDA51DA6FEA5FDA51DA6FEA5FE9DFEA592
:1040E000FE9DFE9DFE9DFE9DFE9DFDA5FE9DFD9DF2
:1040F000FD9DFD9DFE9DFE9DDE9DFE95DE9DFE953A
:10410000DD9DDE95FD9DFD95FD9DFD95DC95BD9D9F
:10411000BE9DDD9DFEA5FD9D1DA63DAE5DBEBEC640
:10412000FFD63FDF3EDF1EDF3DDF5EE77EE77EE757
:104130007DEF9EE77EEF7EE77DEF7DEF9EF77EF7DA
:104140007EF79EEF7DE79EEFBEF7BEEFBFEF7EEFFF
:104150003DDF1EDFBDCEDEC65DBEBDA5FFA5FEA553
:104160009C957C955D8D5E8D5E8D7E8D5D8D5D8D6E
:104170003D853D8D5E855D855C855C853D853E85A7
:104180003E853D855E855D8D5C8DDDA57EBE7EBEFA
:104190009EC61FCF1ECFDECEDDCEBEC61DB6DCA5B1
:1041A0009CA5DDA5DDA5DDADDEA5DDA59E957D95F6
:1041B0005D8D5D8D3D851D853D851D851E851D851E
:1041C0003D8D5D955D8D5E8D5E8D7E8D7D955EAE4A
:1041D000BCBEDDC6DFCEDECE3EDFBDCE1CAE1DAE2C
:1041E0005CB65FDF9EEF5EEF7EE77EE75EDF3EDF81
:1041F000DDD6DECE1ED7FDD61ED71ED7DECE3DB60F
:10420000DCADDDA53DB69ECEFED61DD73CDF9DE7DD
:10421000BFEFBEBE1B8D1D7DFD7CFD7C1D7D1E8503
:104220001D855E8D1C85FC849C953C85FD7C1E7DDA
:104230001E753D751D751D7D1D7D1D7D1C7D1D75AE
:104240001C7DFD7C1D7D1D7DFC7CFD7CFD7CFD7C45
:104250001D7D1D7D1D7D1D7D1E7D1D7D1D7D1E7D8C
:10426000FD7C1E7D1E7D1E7D1E7D1E7D1E853E7D70
:104270003D7D1E851D7D1D7D1E7D1D7D3D7D3D7D04
:104280001C7DFE7C1D7D1D753D753D751D751D7567
:104290001D7D3D753D751C753C751D7D1E751E7D16
:1042A0001E751E7D1D7D3E7D3D855E8D5D8D5D8D0A
:1042B0005E8D5D8D7D8D7D959D959E95DE9DBEA5CA
:1042C000DEA5DEA5DEA5DEA5BDA5DEA5FDA5FDA5B9
:1042D000FDA5FDA5FDADFEA5DEA5DEA5FEADFEADF1
:1042E0001EA6FDADFDA51EAE7EAE7EAE7DAE7EAE43
:1042F0005DAE7EAE7EAE7EAE5EAE5EAE5DA65EAE08
:104300005EAE5DAE5EAE5DAE5EA65DAE5DAE5EAE59
:104310005DA65EAE5DAE5EA65DAE3EA63EAE3DA6C1
:104320003EAE3DA63EAE3DA63EA63EA63DA61EA680
:104330003DA63DA63DA63DA61DA61DA61D9E1DA6ED
:104340001D9E3DA61E9E1EA61E9E1EA61E9E1DA650
:10435000FD9DFDA5FD9D1DA6FD9DFD9DFDA5FD9D54
:10436000FD9DFDA5FD9DFD9DFD9D1E9EFD9DFD9D53
:10437000FE9DFD95FD9DDD9DFD9DFD9DFD9DDD9DB4
:10438000FD9DFE9DFE95DE9DFE95FD9DDE9DFE9DA7
:10439000DE9DBE9DDD9DDE9DBD9DDD9DBE9DDE9DA8
:1043A000FD9D1EAE1DA61DAE1DAE3EAE7DB65EAE23
:1043B0007DB65DB65DB6BECEFECE5FDF7EE77EE744
:1043C0005EE75FE73EE75EE75EEF5EE73DE71DD74E
:1043D000DECE9EC69DBE7DC67DBEFDADDDA55DAEBD
:1043E000BFBE1DA6DD9D9D955D955D8D5D957D9501
:1043F0007D959C959C9D9C9D3DAEBEBEFCADBDAD8E
:10440000BDA57C8D9D959E959D95DDA57EBEFED618
:10441000FECE1ED71DD7FDDEFDD61ED71ECF7DC614
:104420005FBE3EB61EB61DAEFEADBD9D9D9D9D956B
:104430009D957C959D955C955C8D3D8D1C851E851F
:104440001D853D8D3C853D853C853D855D955EB6F4
:10445000BEC63CB6BDAD5DBE3FDF7DC69DC65DB68A
:104460007DBE9DC6FDD63EE73DE77DEF9EEFBFEFEB
:104470005EE7FED6BED69ECEDED69DC67CC61FD7D4
:10448000DFCEBECE9ECE9DCE1EDF7EEF3DE75EE749
:10449000FDDEBDC6FDADDD9DBD95BE955C8D3C8D43
:1044A0007C95BFC65DBEFCAD1ED71ECF5EB6FB843D
:1044B000FD7C1E7D1E7D3C751D7D1D751E7DFD7C5C
:1044C0001D7D1E7D1D85FD7C1D7D1D7D1E7D1D7D33
:1044D0001E7D1D7D1D7DFE7CFD7C1E7DFE84FE847B
:1044E000FD7C3D851D851D855E7D3E7D1D85FB8496
:1044F0001C851C8D1D7D1D7D3D7D3D7D1D7D1D7D96
:104500001E7DFD7C1D7D1D7D3D7D1D751D753E75D2
:104510001D7D1D753D7D1D751D7D1E751E7DFD7CE2
:10452000FE7CFD7C1D7D1E7D1D855E853D855E8D31
:104530005D8D5E957D957E959E959D9D9E9DBD9D77
:10454000BD9DDDA5DDA5FDA5FDA5FDA51EA6FDADB9
:10455000FDAD1EAEFDA5FEAD1EAE1DAEFEAD1DAE8B
:104560001EB63EB63EB63EB67DAE5EAE7DAE5EAE2D
:104570007DAE5EAE5DAE5EAE7DA65EAE7EAE5EAE86
:104580007EAE5DA65EAE5DA65EAE5EA65DAE5EA6CE
:104590005DAE5EAE3DA65DAE5EA65DAE3EA65EAE17
:1045A0003EA63DAE3EA63EAE3DAE3DA63EAE3DA6CF
:1045B0003DA61DA61DA61DA63DA61DA63DA61DA683
:1045C0001DA63EA63E9E1EA63E9E5EA63EA63EA6FC
:1045D0001FA61EA63FA63FA63FA63FAE3FA61FA60C
:1045E0001EA63FA63FAE1FA61EA63EA61EA61E9E48
:1045F0003EA61EA61EA6FEA5FDA51EA6FDA5FEA501
:10460000FD9DFC9DDB9DDC9DDC9DBB95DC9DBB9DEC
:10461000BC9DBB9DBB9DBB9DBB9DBA95BA95BA95F4
:10462000BA95BB959B95BB959C95BC95DD9DBD9D15
:10463000DE9DDE9DBD9DDE9D1EAE3EAE5FB63FAEF5
:104640001EAE1DB63EBE7EBEBEC6BEC69DC6BDBEAD
:104650009DBE9EBEBEC67DB63CAEDDA57D9D9D9D2C
:104660001DA61DA69D957D957E9D7E9DDEA57FBE8A
:104670007FB65EB65EBEDFCE3FD75EE77FE77FE701
:104680005FDFBEBEDCA59D957D957C8DBD9D9EBEEC
:10469000DDCE9EC69EC6BECEDECEDECEDDC6BEC69C
:1046A0005DB61DB65DB6FEADBDA59D9D9D9D9D9D56
:1046B000BD9DBCA5DDA51DA61DAE1FA6BD9D3D854E
:1046C0003D855D8D3D8D3D7D1D851D855D8DFEA5E9
:1046D0005DBE1CAE1EB65EC6FED65CC6DED61FDF55
:1046E0003CB6FCB57DBEFED63EE75DE77EEF9EEFB5
:1046F0007EE71EDFDED6DECEDECE7CBE3CB65EBE04
:104700009EC65DBE5DBE9EC6DED63FDF1DDFFDDE02
:10471000DDD6DECE5DBE5CB63DB69EC69FC63DBE56
:104720005DBE1DD77FE73EE7FDD65EE75EDF5DB687
:104730003EAE1D8DFC7C1C7DFD7C1E7D1E7D1E7D88
:104740001E7DFD7C1D7D1D7D1C7DFD7C1E7DFD7CFB
:104750001D7DFD7CFE7CFD7CFC84FC7CFD7CFE7C68
:104760001E851D7DFD7C1E7D3F85FD7C1C8D3CB620
:104770003EDFFED6BCA57D8DFC841E85FE7C1E7DA5
:104780001D7D3E853D7D3C7D3D7D3D7D3E7D3E7D6F
:104790003D7D1D7D1E7D3E7D1E7D3D851E851E7DD4
:1047A0003D853E7D3D855E853D7D3D855D8D7D8D77
:1047B0007D957D957D959D959E95BD9DBD9DBD9D50
:1047C000BDA5DD9DFDA51EAEFEA5DEA5FDA5FEA534
:1047D000FDADFDAD3DAE3DB63DAE3EB61EAE1EB628
:1047E0001DAE1DB63EB65DB67EAE7EB67EAE7DAE6D
:1047F0007EAE7DAE7EAE7EAE7EAE5EAE7EAE7EAE7A
:104800005DAE5EAE5DAE7EAE5DAE5DAE5EAE5DAE2D
:104810005EAE7DAE5EAE5DAE5DAE5DAE5EAE5DA625
:104820005EAE5DAE5EA65DAE5EAE5EAE5DAE3EAE53
:104830003EAE3EAE3EAE5FAE3EAE5EAE5EAE5DAE98
:104840003DA63DAE1CA61CA6FAA5FA9DD99DD895FD
:10485000D69D979596959695758D9595748D538D56
:10486000538D1385127DF184F17CF07CD074AF748C
:10487000AF748F6C8E746D6C4D6C4C6C2C642C64AE
:104880000B64E963EA5BEA5BC95BAA53A9538A53E9
:10489000895369538A5369536A53895389536953B6
:1048A000495369536A536A538A538A53AB5BAB5378
:1048B0008C5BCD5B0F64506C726C9374B47CF7842A
:1048C00019853A8D5B957B95BD9DDDA5DDA5FCA584
:1048D0003DA63EAE3FA6FEA59E959F959F9D9E95AB
:1048E0007E959D957E8D7D8D5D959D9DBE9DDDA565
:1048F000DD9DDD9DDEA5DDAD1DAE3DB69EBEBEC619
:104900007EBEFEADDDA5DE9D9E959E957D95BC9DF2
:10491000DDA5DDA59C9DBCA51DAE1DB61DAE3DB69D
:104920003DB69DC61DAEBDA57C957D959C9DBD9D4E
:10493000BDA5DD9DBCA5BCA5BCA5FDADFEA55D8D41
:104940003D855D8D3D853E853D7D3D859E959DA545
:104950007DBE9DC69EC69DC69DC6DED61EDFFED60A
:10496000BDCE1CB61CB69DCE3EE75EE73EE75EDFE1
:104970001EDFFED61DD71ED79CC6DDCEBEC63DBEF1
:104980001EAE9D9D5C957D95DDA51CB69DC6BDCEDC
:104990009DCE9DC67DBE3DB6DCB51DB65DBE7DC659
:1049A0009DCE9CCEFDD69EEF3EE73EE77FE77FE7BC
:1049B0003FD77EC69C955C8DFD84FE84FE841D855C
:1049C0001D851D855D8D7C8D9D955D8D1C851D7D59
:1049D0001E7D1D851D8DDDA59FBE7EB6FE9D5D8D58
:1049E000FC843B855C8D1D851C8DBCA5FED6BFFF60
:1049F000BFF7FEF77FDF1FCF9C9DDC841E853D85C2
:104A00003D7D3E7D1D7D1B855C8D3C851C851B7D14
:104A10001C7D1D851E851E851C7D1D7D3D7D3D8566
:104A20001D7D1C855D853C857C959D9DBE9DBD9DA8
:104A3000BE9DBD9DBE9DBE9DDDA5BE9DDEA5DEA528
:104A4000FEAD1DA6FDA5FDA5DCAD3EB6FDB5FCADDC
:104A5000FCA5DCAD1DAE1DAE3DB61EAEFEADFDAD82
:104A6000FEADFDAD1DAE3EB67EAE9DAE7EB67EAE5B
:104A70005EAE7EAE7EAE5EAE7EAE7EB67EAE7EAE0E
:104A80007EAE7DAE7EAE5DAE7EAE7EAE7DAE7EAEE9
:104A90007DAE5DAE5DA65DAE5DA65EAE5DA65EAEB4
:104AA0005EAE7EAE7EAE7FAE7EB67EAE7DB67DAEB7
:104AB0003CAE3BA61BA6F99DD79DB48D718D4F7D55
:104AC0002D7D0D85EC7CCA74A974A974876C876CE4
:104AD000676C666C466405642564E55BE563E55BCD
:104AE000E55BC45BC45BC55BC45BC463C45BC45BA4
:104AF000E463C45BE45BC45BE45BE55BE45BC45B15
:104B0000E55BE55BE463E55BA45B8453645364535A
:104B1000444B244B244B244B244B254B044B054B3B
:104B2000044B044B244B0443244BE3420443044B07
:104B30000443E442E442E342E442E442E53AE6422A
:104B4000E742C6420843094B4A53AC5BAE63EE638F
:104B5000F063F163326C9574F77C1985398D5A8D49
:104B60005B8D9B8D9D95BD95BD95BD959D959E95A8
:104B70009E959E959E959F8D7E855D8D5D857D8D97
:104B80007D8D3D8D5D8D7D8D7D8D7D955C957D8D46
:104B90005D8D5D8D9E959D95BD9D9D9D9D9D9B9DD6
:104BA0003DAE5EB6BD9D7D957D959C9D9D9DBDA5B3
:104BB000FDA5FDA5DDA5DDA5DDADBCA57D955D8DC6
:104BC0003D855D8D3D855E853D855D855D8D9D9DCC
:104BD0007DBE9DC65DBE9DC69CBEDECEDDD67BC6BF
:104BE000FECEDED69DCEDDD61FDF1EDFDDD6DDD6C6
:104BF000FDD6DDCEDDCEDDCEBCCEDDCEBEC63DBE2D
:104C00001DAEBD9D5C8D3C853C8DBC9D9FBEFED682
:104C10001ED7DDC6DDCEFECEBEC6FDBDBCAD3DBEE3
:104C20009EC69EC67DBEFECE5EE7FDD6FDD61ED7D5
:104C3000DECE7DBE5DB6FD9D7D951C855E959E9507
:104C40005C95DEA53EB61DAEFDA51EAE9D9D1D85E7
:104C50001D7DFD841B8D5DB65DDF7EDFDECE1DB666
:104C60009DC63ED79FE77CC69CC6BFF7BEFF9DFF93
:104C70009EF7BEF79EE71EDF5DBE1EAE9D9DDC7CEF
:104C8000FC7C7B959DB67DBE7EE71ED7FED6DEBE44
:104C9000DC9D3C8DFD841C85BD9D9C9D5C8D7C9523
:104CA0003EB65EB6BECEDCADDCA51DAE1EAEFDAD25
:104CB000FEA5FEA5FDA5DD9DBDA5DCA5FDA5DCAD84
:104CC000DCA5DCA55DBEDECEFDD69FF75EEFFDCE9A
:104CD000DEC69DBEFCADDDA5FEADFEADFEADFEADFE
:104CE000FDA5FDAD1EAE3EAE9DB69DAE9DAE7EB6A3
:104CF0007DAE5EB67EB65EB65EAE5EB65EAE5EB6ED
:104D00007DAE7EAE7DAE7DAE7DAE7DAE5DAE5EAE89
:104D10005EAE5EAE7EAE7FB67FAE7FB69EAE7DAE41
:104D20007BAE5AA6189EF69DB395518D2F8D2D857D
:104D30000A7DC974A674C674C5748574A46CA57400
:104D4000A474A4748474A574646C646C646C8474BA
:104D5000846C636C636C846C646C846C456C456CB3
:104D6000656C456C656C456C456C2564246C2564EC
:104D7000046C0464E45B055CE55BE45BC55BC55BFC
:104D8000C45BC553A4538553A553A65B8553855374
:104D90008553A55365538553454B4553655365531B
:104DA000454B454B444B2553454B4553454B45538C
:104DB0004553655345534453454B244B454B254B75
:104DC000044B044BE342E342E442E442C442A43ACB
:104DD000A43A843A843A853A853AC642C642E742C2
:104DE000E74A094B4B536C5BAE5BD063126C547457
:104DF000957CD784F9841A855B8D7C8D7D959D95F6
:104E00009E9DBE959E959E8D9E957E8D7E8D5E8D82
:104E10005D8D3D855D8D5D8D3D853C8D5D8D5D8DB3
:104E20005C8D5C8D5C8D7C955C955D957C959C9591
:104E30009D9DBD9DBDA59D9DBD9DFFADFEA57D8D8F
:104E40003D8D3C853D853D853D853E851E853C8D62
:104E50009D9DDEA5FDA51DAE9DBEFFCE1FD79DC6A7
:104E60009DCEFFD61FD7FED6DDCE7EC65EBE7EC6E9
:104E70007CBE9DC69DCE9EC6BEC69EC67EBE1EB6CE
:104E8000BDA5BD9D9D955D8D1D857C95FDA59DC692
:104E9000DECE9EC6BDCE3FDF3EDFDED65DBE9EC609
:104EA0009EBE5DBE3DB67DB69EBE7DBE7EBE5DBE77
:104EB0003DB61CB63DBEDDA5DDA57D95BE9DDEA53E
:104EC000FDB55EB69EBEBFC61CB6DCA5FDADBD9DE4
:104ED000DDA5FDA5BDAD9EC6FED6FDD67EBEFCB54C
:104EE0003CC69EEFDEF7BEF79EFFBEF79DF7BEF70E
:104EF000BDF7BEF77DE7FED6DDD67FE75EDF1CB6E9
:104F00007BA59DC6FFF7DEFFBDF7BEFF9EF7DEF770
:104F10009FEF9FC6BCA59DCEBFEFBFF75EEF5EEFD4
:104F2000BFF7DEF7DFF77DE7BDCE3CB69DC61FD7E6
:104F30007CB6DCA5FCAD7DBEFED65EE75EE73EDF5F
:104F4000DED6DDDE9FF7BEF7BFFF9EF79EF79EF72A
:104F5000BEE75FDF3DAEDDA5FEA5FDA5DDA5FDA598
:104F60001EAEFEA5FDA5DDA57DAE7DB67DB67EB6E9
:104F70005EB67EB65EB67DAE7EB67DAE7DB67DAEED
:104F80007DB67EAE7EAE5DAE7EAE7EB69EAE7FB6AA
:104F90007FB67DB65BAE59AE36A6D395B1954F8D33
:104FA0002B7D097D0675E574E574C474E474E474BE
:104FB000247D247D247D047D0585E47CC474C37C2C
:104FC000C474C474E47CE47CE47CC57CC574C57C96
:104FD000C5748574A47485748474846C656C646C05
:104FE000646C6574646C446C456C2464046425646E
:104FF0000464046425642564056425640564E55B34
:10500000E55BE45BE55BE55BC55BC453A55BC55352
:10501000A55BC553A5538553855384538453855B42
:10502000A45B855BA55BA453A55B8453855B84531C
:1050300064538453645364534453655365534553D5
:10504000244B444B244B254B2553254B254B044BDC
:10505000044B044B0443C442C442A442C43AA44295
:10506000A43AA542A43A843A843A83326332643241
:10507000653AA63AA63AC842E8420A4B2B536D530A
:105080008E5BF06332645374967CD8841A8D5C8D89
:105090009D8D9E959E959E8D7F957E8D7E8D5D8D41
:1050A0005E8D3D853E8D3E855D855D853D8D5D8555
:1050B0003C855C853C8D1D8D1D8D5E8D3E8D3E8DB0
:1050C0003D853D8D3D853D8D3E853E8D3E851E8DCC
:1050D0001D853D8D3C8D3C8DBDA5FEAD1DAE1DAE2F
:1050E000FDA5DCA5DCA5FDAD9EB6FEA57D9D9D9D27
:1050F000DDA5DDA51EAE1DAE1DAEFCADDCADDCAD8F
:105100009CA59C95BD9D9C9DBC9D9D9D5B959C9DDE
:105110009D9D9DA51EAE3EB61DB61EB61EAEBDA57E
:105120009C9D9C9DBC95BD9D9C9DBDA5DDA5FDAD9B
:105130001DB63DB65EBEFCAD9D9D7D957D95DEADFB
:105140003EBE5CB63DB61DB63DB61DB6FDAD5EBEFF
:105150007EBE7EC65DBE9ECEFEDE3EDFFED6DED6C7
:10516000BDCE3EE79EF77DEF7EEF9EF79FF79FF760
:105170009FEF5EE73DDF1ED71ED75EDF9EE77EE72F
:105180003FDF5EDF3EDF9EEF9EF79EEF9EF77EEFF6
:105190005EE7FED6DDCEBFEF9EEFBDFF9EF79EF72A
:1051A000BEF79EF79EF77EEF3EDFBDCE1FDF7EE7A8
:1051B0007FE79DBE1ED7FFF7BEF7BEF79DF7BFFF87
:1051C000BFF7BFF79EF79EF79EF7BEF77EF79DF7F6
:1051D0009DEF1DD71DB6DD9DFFA5FEA53EAE1EAE03
:1051E000FDA5FDA5FDA5FDA5BEB69EB6BEB69EBE9F
:1051F0009EB67DBE7EB67EAE7EB67EB69EB67EB6D0
:105200009EB69FB67EBE9DB67BAE59AE37A6F39DC9
:10521000B09D8D8D6A85277D257D047DE27CE374BC
:10522000037D237D248544854485647D447D247DE0
:10523000047D0475C47CC474C47C047D047DE47C5A
:10524000057D0585E4748474A474A474846CC574A9
:10525000A4748574A4748574846C84746474A47454
:10526000646C636C646C846C656C246C446C656CFD
:10527000446C446C656C44644464456444642564D3
:105280002464035C2464246424642564045C045C56
:1052900024640464045CE45B045CE563E463E45B51
:1052A0000564E45B056405640564E5630464E55B2B
:1052B000C45BC45BA55BC55BA453855B845385530A
:1052C00085536453645364536453444B4453454B74
:1052D000254B254B044B254B254B054B064B064BCD
:1052E0000543044BE442E442C54AC54AC54AC54A9F
:1052F000C5428442A4428442833A643A843A633A7F
:10530000643A6332643A653A663AA83AA842EA4295
:105310004C4B8E5BD15B136C5574967C197D3B8D29
:105320007C8D7E959E957F959E8D9E8D7E8D9E8D8E
:105330007D8D5E853D853D8D3D853C853D855D85CD
:105340003D853D8D3E8D3D8D3D8D3D8D3D8D3D851C
:105350005D8D3D853D8D3D8D3D853C8D3D853C85FF
:105360003D8D5D8D3D857D8D7D8D7D8D3D853D8D1D
:105370001C8D5C95FDA5DBAD3CB6BDC6DDCEFED675
:10538000FED6FEDE5EDF7EE7BEE71EDF7CC6BD9D8D
:105390003D8D1D951D8D9D9D7C9D5B955C9D7C9D92
:1053A0007C9D5C8D3C8D5D8D5D955D957D95BDA5F0
:1053B000FEA5DDA5DDAD1FAE5D955D959E9D1DAE87
:1053C000BEC6FECEBEC63EB6FDB51DB63CB6BDC61B
:1053D0001ED73EDFFDD69DCEFDDE5DE77EEF5EEFA4
:1053E0009FEF5DE73DDF1DDFDCD63DE77EE71EDF9B
:1053F000FDD6DED69DCE7DC63EBE5CBE7CC69DCEB5
:105400009DC69CC67BC69CCE1EDF5EEF7EE73EE758
:105410003ED7DDCE1DD77FEF9DF79DF79DF7BEF7F9
:105420009EF79EEF7FEF7EEF3EDFBDCE7DCEFDD6B9
:105430005EDFFED61DD7BFEFBEF79DF77EFF7EF77E
:105440009EF79EF79EF79DEF7DEF7EEF7EEFBFF715
:105450009EF75EDF9EC6DDA59D9DBD9D3EAEFDA572
:10546000FDA5FDA5FEA5FDA55D8DBD9DBD957C950C
:105470001EA69FB67FB67FB69EBE9DB67AAE79AEAB
:1054800037A613A6B095AD8D8A8D477D2575257DF0
:10549000047DE47C047D037D237D4485447D248557
:1054A000447D237D247D237DE374E37C047DC474EB
:1054B000E474057D057DE47CE57CE47CC574C47CF6
:1054C000C47CE57C8474A46CC574C574C57CE57C1F
:1054D000C57CC474C474A474A474A474E474C47C3B
:1054E000C474A374C47CC474E47CC474C474C47CE5
:1054F000C474C474A374E474057DC474C474C574A2
:10550000C574C574C574C574C574C574C574C574D3
:10551000A474C474C574A474A56CA574856C646CFF
:10552000656C6574446C23640464246404640364DB
:105530000464036404640564E563E45BE563C45BDD
:10554000A45B855B845385534453444B6553445358
:10555000454B244B454B2553054BE4420543E44A58
:10556000C442C442E442C442A442A542C542A54248
:10557000A442C442A442A442A5428442A542854218
:10558000853A8542853A843A853A843A853A843A1E
:10559000633A4332443A653A44326632A73AC83AEB
:1055A000EB422D4B8F5BD263356CB774F8841A8550
:1055B0005C8D7D959D9D7E959D957E957E955E8D60
:1055C0003D8D5D855C853D853D855D853D853E8D5B
:1055D0003E855E8D5D8D5D8D5D855D8D5E8D5D8DA8
:1055E0005E855D8D5E8D5E8D3C8D5D8D5C959C9D3B
:1055F000FDAD9FC63FD75EDF7EE79DEF9EEF7DF757
:105600007EF79EF79EF7BDF79DF79EEF3EE7FED62D
:105610007EC63DBE1CB6FED63EDF3CC6BDCEFFD626
:105620005DB6DDAD7D955D957E955D8D5C957E9DD0
:105630007D953D955D955C955B8D3C857D95BC9D8F
:105640007DB61ED7FFD6FDADDDAD9EC6BECEBDCEAE
:105650001CDF3DDF3EDF5EE77FE75DE77EEF3CE797
:105660001DDFFDDE1ED75EDF7EE75EE73EDFDDD6B7
:10567000DDD6DECEDDCE7DC63DBE5EC67DC6DECECF
:10568000DECEFDCEFECEDECE7DC6BDCEFDD6FDCEBF
:105690001ED7FED6FED69EEFBEF7BDF7BDF7BEF70E
:1056A0009EEF7EEF5EE73EDFDECE7EBE5DBE7DBE60
:1056B0007DB67DBEFDAD7DC69FEFBFF79FF77EF740
:1056C0009EF79DF7BEEF9EF75DE7FCD61EDF3DE738
:1056D000BEF79FEF9DC61EAEDD9D9D959C957C956A
:1056E000BE9DDEA5BD9DBD9DF84A174B975BB45B83
:1056F0001264358D738DF29DD09DCD95AA8D8785D1
:1057000066856585447D247D647D237D6385448530
:10571000648D858D858DA595859545856585447DAB
:105720004385447D6385437D64854485247D44852C
:10573000247DE47CE474E47CC474E47CE47CE47C58
:105740000475047D247D048524850585057D2585D6
:105750000585257D05852585258525854485458502
:10576000448545856585658D658D4485448544857D
:1057700045854485247D247D247D247D047DE47439
:10578000047DE474C474C474C474C574846CA36C60
:10579000C474C474C474A474A474A4748574847428
:1057A000A574846C646C8474646C6574646C6574D6
:1057B000856C656C646C65748674656C456C456C51
:1057C00025640564E563E563E55BC55BC55BA55BD7
:1057D0006453855B85536553244B044B444B244BE6
:1057E000E342E442E542C442C53AE442E542E442CF
:1057F000C43AC442A43AA43AA43AC53AC442C43A08
:10580000C442C43AA43AA43A843AA43A843A843AC0
:105810008432A43A8532A53A853A843A633A6332AF
:10582000633A44322432232A443245324632A83A7B
:10583000CA422B536F5BD1633474767CB87CFA8494
:105840003C8D7C8D7D959E959E955E955E8D5E953D
:105850005E8D5D8D3D853D855D853D8D3D853D8DB7
:105860003D8D5D8D3D8D5D8D3C8DBCA57EBE3DB677
:10587000BECE1DD73EE75EEF5DEF5DEF7EF77EF7B4
:105880007EF77DF79DF79EEFBEEF7EE71DDFDCD64E
:105890001DDF3EE7BEEF9DF79EF79EEFBEF77EE76A
:1058A0001DDFBEC6DDA59E9D9D959D9D9D955D952B
:1058B0007D9D5C9D7C9D3DB6DEC63CAE9C9DDCA581
:1058C0001CAE5BBE5DBEDDA5BCA55EB6DECEFFDE5A
:1058D0001EDF1DD7FDD6DDD61EDF1EDF5EE73EE7ED
:1058E0001DD7FDD6DDCEFED6DDD6FDD6FDCEDDCE76
:1058F000DEC6BDC6BDCEBCC67DC69DC69EC67DBE2F
:105900009DC6BECE9EC67EBE5EBE7DBE9EC69DC6EA
:105910009DC67DBE7DC6BECE1EDF5EE75EE73EDF76
:10592000FDD6FDCEDDCEDECE9DC61DAEFDA5FDA510
:10593000DD9DDDA5DEA5BCA5BDC6DEEFBDEFBDF7D7
:10594000BEF79EEF9EF79DE73DDFDDCEBECEDDCEFE
:105950003EDF3ED73DB6FDADDD9DDE9DDFA57D95ED
:105960005D8DDE9D7D957D95AF74EF7C4D85AB8D16
:10597000888D8785858D4385447D447D4485447D20
:10598000438564856485848D848D8585A48D848D0F
:10599000838D6385648D658D248524854485448548
:1059A00064854485638543852485037D047DE37C8C
:1059B0002485458544856485448D858D858D658DDB
:1059C000648D848DA58D858DA58D858DA68D858D08
:1059D000858D658D658D65856585458D6485448579
:1059E00044854485448544852385247D23854485D9
:1059F000237D0385247D037DE474C374C36CA36C91
:105A0000C474E474E474E474C474A46CA474C474BE
:105A1000A36CA46C636C84646464636C846C846C39
:105A2000636C636C836C646C646C446C446C436442
:105A3000236C446C446C646C446C656C6574456C9C
:105A4000456C646C456C446C456C456C0464056441
:105A5000E563E463C45BA45BA453A45B8453645315
:105A6000444B65534453244B254BE44A054B044BAC
:105A7000E442E542E542C542C442C542E442C43A7A
:105A8000A43AA43AA43AA43AA53AC542C53AA43ADB
:105A9000843AA43A853A853A853A853A843AA53AD1
:105AA000643A843AA43AA53A843A843A843A643A05
:105AB000643A443224322432253226324732883A3C
:105AC000A9420C4B6E53D063136C7574D784FA8C57
:105AD0003B8D7C959E959E959F959E8D9D959D8DCC
:105AE0007D957D8D7D8D7D959D9D1DAE9EBE9DC6BA
:105AF000BDD61EDF5EEF7EF77EEF9EF79DF79DF72A
:105B00009EF77EF79DF7BDF79DEF5DE7DDCEBDCE3D
:105B1000BECE3EDF7EE71CD7BCD63EE77DF79DEFCD
:105B20007EDFBDC6DCAD9D9D7C9D7C95DDA5DDA5A4
:105B3000FDAD1EAE3DB63EDF9EE73DDFDED6FFD6B5
:105B40009DCE9EC61DAEFDA5DDA5FCAD3DBE9FCE86
:105B5000DED6DED6DDD6BDCEBDCEDECEBECEFDD609
:105B60001DD7DECEDECE9DC69DC67EC69EC69EC617
:105B70009DC67DBE7CBE7DBE7DBE7DBE3DB63DBEAE
:105B80005DBE3DBE1CB61DAE1DAE3DB61DB61DB6FE
:105B90001EB63DB61CB61CAE1DAE3DB61DB6FDB55F
:105BA000FCB5FDB51CB67EBE7DBEFDA5BD9D9D951B
:105BB0009D9D5E957D9DBDA5DCADFEDEBEF7BDF76E
:105BC0009DF79EEF9EEF5EE73EDFFFD67EC65EB698
:105BD0003DB61CAEDDADDEA59E9DBE95BD95DE9DA0
:105BE0007C95FEA5FE9D7D95E595E595E595C58D94
:105BF000A48DC49584856385A595848D858DA58D9B
:105C0000868DA48D84858485848DA48DA58D648DD9
:105C1000858D4485848D8485848D6485848D858D72
:105C20006485648D6585648D848D858DC595A69507
:105C3000A58DA695A58DA58DC58DA58DA58DA58DAB
:105C4000848D858D648D658D6485658D648D4585B8
:105C50004585458544854485658D44854485448DC9
:105C600024852485E47CE37C0585E47CE47CE47C79
:105C7000E47CE47CC474A474A374A474836C836C07
:105C8000A374836C636CA46C836C846CC474636C49
:105C9000025C646C6364846C646C846C646C646CBF
:105CA000636C2464646C4464236423642464446CDF
:105CB0002464046404642464246404642464036425
:105CC0002464646C246424642464456C2464046443
:105CD00024640564256405640464E563C55BA45B12
:105CE000C55BA55BA45B645365536553044B244BB0
:105CF000054B044BE54AE542E542C542C542E54253
:105D0000E54AE542E54AE542C542C542A542A4420C
:105D1000C542A542A442A542A542A53AA53A853A64
:105D2000A43A853A843A843A653A653A653A653ADE
:105D3000853A653A843A853A643A843A643A643AF0
:105D400044324432442A242A053226324632693209
:105D5000AA420C4B4D538F53F063336C7674977C8F
:105D6000F9843B8D7C95DE9D3EB67EC67DC6DFD632
:105D70001FDF3FDF5EE75EEF5DE77DEF9DF7BDEF85
:105D80009DF79DF79EFFBEF77EEF3DDFDDD69ECEF1
:105D9000BDCE1EDF9EEF5DE71DDFFDDE5EE77EE729
:105DA0001DD79DC6DCA5DDA5FDA5FDAD7DBEBEC68E
:105DB0007DC65CBE7DCEDCD63CE73CDF3EE71EDF29
:105DC000FED6DECE5EB61DAE1DA6FDADFCB53DC653
:105DD0005DC67DBE9DC67EBEBDC69EC67DBE7DC661
:105DE0007DC69EC6FFCE9DC67EBE3DB65DB69EC636
:105DF0005DB63DB65DB65DBE5DBE5DBE3DB63DB653
:105E00001DAEFDB5FCADFCAD1DAEFDADBDADDDAD5A
:105E10003EB61EBE3DB6FCADBDA59DA5BCA59DA5CF
:105E20009C9D9C9D7B9D9C9DDCA59CA59D9D9D9D79
:105E30005E957D9D7D957D9DDDA51DBE1ED77EE772
:105E40003DE73DDFFDDEFDD6FED6BEC65DBE1EAE25
:105E5000DEA5DDA5DEAD9E9D7D957D95FEA53FAEC3
:105E60009D955C8D5D8D5C8DA58DA48DA485A48D87
:105E7000C48DE48DC495C495C495A48DA48D648D02
:105E8000848DA48D8485A48DA485A58DC58DA48DB8
:105E9000A48D848DC48DC595C495C595C595C595AE
:105EA000E595C595C595C58DE495C495A48D848D5E
:105EB000A48D858D6485A48D8485638584856385A3
:105EC000848544854485448523854485448523858C
:105ED000237D44852485247D44852485238524854C
:105EE000E47CC37CC47C8474C47CC57CA474C47C02
:105EF0008374C47CA4748474C474C4748374A474DC
:105F0000A474836C846C636C836C436443646364C7
:105F1000A46C836C646C846C646C646443644364DC
:105F200064642464045CE35BE463E35BE45BC45BA0
:105F300005640564E45BC45BE4630464045C0464BA
:105F40002464035CE35BC45BC353035C4464256467
:105F5000E463E45BE463A35BC353C45BE45BE463BB
:105F6000E563C45BE563C45BC45BA45B8553845396
:105F70006453244B244B044BE442E442C442A43A0D
:105F8000A33A833AA33AA442A43AA442A43AC4420C
:105F9000E342A342A43AC442833AA442843A833AF5
:105FA000843AA442A43AA542843A643A8432843AB8
:105FB000843A843A653A4432653A4432653A653205
:105FC000653A4432643A453244324432243224320F
:105FD000032A032A042AC329032A042A052A262A73
:105FE0006732893AAA42EB4A2D5BF173D38C569DF6
:105FF000D8B59BCE1DDF5EE77EEFBFF7BFEF7FEF2B
:106000007EEF7EEF7EEF5EE73EDFFED6BDC67DCE45
:10601000BED63EE77EEF7EEF9EF7FDDEDDD63EDFAD
:10602000FED67EBE1DAE1CAE7DC6FECE3ED77EE742
:106030007FEF1DE75EEF5DEF7EE77EEF1DDFDDD6D4
:10604000DDD67DC65EBE3EAEFEAD7EC6DED63EE78A
:10605000DDD65CBE5CB63DB61CB61CB65DC6FCB5F6
:10606000DDB55DBE7ECE9EC65DBE3DB61CB69EC68F
:106070005DBE5DB63DBE5DBE7EBE7DB65EB61DAE8E
:10608000FDA5FDADDDA5FDAD1DAE3EB6BDA5FCADCE
:106090009EC63DBE9DC6BEC63CBEFDADFDA5DDADEA
:1060A000BDA5DCA5FDADDDA59D9DBC9DBCA59D9DB3
:1060B0007D9D9D9D9D9D9D9D9D9DBCA5DBB5DCCE43
:1060C0001EDFBDCE7DC67DC67EBE3DBEFDB5BDA577
:1060D000BDA5BDA5BE9D9D9D7D955C957C9DDEA5C8
:1060E0009E955D8D5D955E8DA48D63858385A38D65
:1060F000A38D838DA38DA48DA38D838D848DA48D7D
:10610000C495C48DC48DC48DE595E48DE495C49586
:10611000E495059EE595069EC595C595E595E5959D
:10612000A48DA48DA495A48DC495A48D848D848DF7
:10613000848D848D438543854385237D23856385B5
:10614000237D248544854485248544854485448570
:1061500045852485448524852485047D04852585FD
:10616000058505850685E57CA47CC47CE57CC47C2E
:1061700084748374C474C474A474A474C574C47C17
:10618000E57CA46CA474C474A474836CA474836C40
:106190008374846C4364636C646C636C646C846C43
:1061A000446C856C446C4464646C6474436CE36359
:1061B000035C0364E3632464E45BE35BE463E46340
:1061C00025642364035C245C04642464235CC35B53
:1061D000E56305640464E563E45BC463E45BE46372
:1061E000E45BE35BE45BE463C45BC55BA45BC55B4E
:1061F000A45B855BA55365534453444B244B044B2C
:10620000044B244B254B044B0543E442E542E34257
:10621000C442C442E442E44AE442E542E442A442C5
:10622000A33AA43AA33AA33AA43AA43AA442843A99
:10623000843A843A843A853A643A44324432433266
:10624000643244324432643A443245326532443234
:10625000643A6432443A44322432243243322332A0
:10626000033204320332043204320332E4310532A1
:10627000473AA8420A538C63EE737184D38C159D00
:10628000B7AD3BBE9CCEBDCEBEC6BFC6BEC6BECEA3
:10629000DED61ED71EDFFED6FED6FEDEDECEDDCE7D
:1062A0009CC63DB6FDAD1DB65EBEBEC6BDCE9CC68F
:1062B0003EDF5EE71DDF5EE75DE73DE73DDFDDD604
:1062C000BDCE9DC65DBEDEADDDADBECE7EEFDEF7E2
:1062D0009EEF1DD7FECEBEC63CBE7DC65EE71EDF6E
:1062E0009CD63FE75FE7FDDE9CC69DBE3CB63CB654
:1062F0003DB63DBE1DB63CAE3DB63DB61DAEBDA5E0
:106300007C9D7C959C9D9D9DDEA5BD9DDDA5DCA510
:106310001DB63CB6BDC63EDFDDCEBDCE1DB6FEAD64
:10632000BDA59DA5DDA5DEADDDA5DCA5BC9D9D9D26
:106330007C9D9D9D9D9D9D9DBDA5DDAD1DB69DC674
:10634000FFD6BEC65DBE1CB61DB6FDAD9C9D9D9D17
:10635000BD9D9D9D7D9D5D955C8D9D959D957C8D47
:106360003C8D5D8D5E8D5D8DA38DC395E495049E02
:106370000496E495049E449E259EE495E495059E2E
:10638000259E0596259E2596059E0496E5950496E0
:10639000C495E495C595A58DA595C68D858DA695C5
:1063A000868D858D868D448545854485858D45857D
:1063B0004485858D4585658D868D45854585858D8D
:1063C0004585057D2585468546852585057D26856A
:1063D0002585057D057DE47CC474E47CC47CE57C76
:1063E000C47C84748474A57CE57CA47C84748474EB
:1063F0008474A57C8574A574646C8574A574246408
:10640000446C446C446C646C856C446C646C646C6B
:10641000A474646C646C2364236423640364246440
:10642000236C03642364236C4464446C656C446C87
:106430002464246C4564446C2464256C0564056400
:10644000E463246425640564245C2564E35BE45B05
:10645000E563E45BA45BC45BC45BA35BC45BE45B1C
:10646000C45BE463E5630564C45BE463C45BC45B71
:10647000A45BA353845BA453A45B6453645364532D
:10648000244B0343044B0343E44AE342C442E44243
:10649000C342C43AC442C442C43AC542C442C442DC
:1064A000E442C442E542E542C442C442C442C4425A
:1064B000E442C442A442A53AA43AA53A843AA54289
:1064C000843A843A843A643A6432443A44324432F4
:1064D000633244326432453265322532253A263AF7
:1064E0002532253A2532043224322432443A2432E9
:1064F00023322332022AE329E329E329C429E529A7
:106500002632683AA94A2B536D5B3074B27C1695DB
:1065100098A53AB67CC6DDD6FED6BECE9ECE7EBE51
:106520003DBE1DAEBDADBDA59C9DDBA53CB67CBEF4
:106530009CBEFFD6BDCEDDD6FECEDECE9EC67DBED7
:106540007EC69ECE3EBEFEB5DBAD7CC69EEF5DE751
:106550009EEF5EE71DD7FDD6FDD69EE7BEF7BEF7E0
:10656000DEFFBEF7BDF79DEF3FDF3EDFFECE5CC630
:106570005DBE5DBE1DB61CBE5CBE3CB63CBE3DBE37
:106580003DB63DB6DDAD7C9D7C9D9DA5BDA5DDAD3B
:10659000FDB53DBE9DC61FD71ED7BEC63CAEBD9D38
:1065A0007E9D7D9D7D9D9D9DBDA5BE9DDDA5DDA5A1
:1065B000BD9D9D9D9C9D9D9DBDA5DDAD3EB63EBEF8
:1065C0007DC69DBE3CB61CAE1DAEFDA5FDADBEA5F7
:1065D0009E9D9E9D9D957E955D8D5D959C957D95E1
:1065E0005C8D5D853D853D85249E249E249E03967D
:1065F000259E049E2496259E45A6249EE495259ED0
:10660000E595E48DC595C48DA485A48DC48DA48D18
:10661000A48DA48DA58D8595858D668D678D878DBF
:10662000468D4685468D057D46852685468525858C
:10663000258525852685268526850685478D067D23
:10664000E57C8474E67C067D057DE67CE57C8474CF
:10665000646CA4748474A474C574A4748374C47CBA
:10666000C57CC47CA474E584E67CA5746474A67CB3
:1066700065746574C77CA5748574A77CA774466C23
:106680000564256C2564456C256C256C256C646C53
:10669000656C85748574656C657424640464246C0D
:1066A000246423642464E25BC45BE463C45BA45B92
:1066B000C45BA45BE45BE46304640464E45BA35B29
:1066C000624BC453C45BA3538453C353E45BE4637E
:1066D000E55BA45B6353C45BC45BC45B845BA55B89
:1066E000C563C55BA45BA45BA45BC453E463E463C0
:1066F0000464E45BC35BC55BC45BA45BC55BC55B57
:10670000A45B855BA553855B444B244B234B044B17
:10671000E442E442C442C442C442A442A43A843A99
:10672000843A843AA43A8442A43AA43AC442C43A89
:10673000E542E442A442A43AA442A442843AA43AE0
:10674000843A833A843A843A843A843A643A6432A2
:10675000443A4432243223322432242A042A243272
:10676000242A24322432243224322532453A243257
:106770002332243A4432443A2432443244322432DA
:10678000243224320332E3290432E329E429052A9E
:1067900026328842CA4A6C632F7C92849484958402
:1067A000F9AD1ED77DC67EC61FD7DED61FD71EDF2A
:1067B000BDCE9DCE7DBE3CB61CB6BCADBBA5FCA57A
:1067C000BCADFDB55EC67ECE9DCE7CCEFDDE5DEF62
:1067D0009EEF1DDFDCCE9CC6FDD67EE79EF79EF7C2
:1067E0009EEF9EF77DEF3DE71DD7DDD6BDCE9DC662
:1067F000DED6FFD6BED6DDD65EE75EE75DE7BEEF4E
:10680000BFF79EEF3EE7DED63CBE9EC67DC63FDFAD
:10681000FDD6BCCE7CC63CBE3CB61CB6DC9D7C9D89
:106820005C955C955B957C9D9D9D7C9D7B9DBCA5B1
:10683000DCADBDA5BDA5FDADDDADDEADDDADFDB510
:10684000FDB5FCAD1DAEFDADBDA5BDA5DEA5BE9DD6
:106850009E9D5D955D955D8D3D8D3D85FC841D8581
:10686000FD84FD7CFD7CDD7C049EE49DC495059E3D
:10687000E59DC59DE595C595E595C595C595A58D00
:10688000858DA58DC58D858DA48DA58D8485858DE2
:1068900044858595658D648524854585E57CC47C26
:1068A000E57C057DE57C478D2785E6844685E57C8E
:1068B000E57C4685E57C8474C57CA474A47CC57C99
:1068C0008474A474E57CC57CE57CE57CE67CE47C92
:1068D000E57CC474E57CA474E57C05850585E584C8
:1068E000058505850585E57CA374A47CC57C857438
:1068F0008574A67C84742364446C85742464246C3D
:10690000E463E463256C256C456C0464256C457474
:10691000456C0464056C0464C4630564E463256C1D
:10692000256C446C657445746474856C446C656C4A
:10693000456C656C256C04642564256C24642464B2
:1069400024640464E45BA453A453C45BC35BC55BCD
:10695000A45B8353A453C45B8453434B6353C45B12
:10696000E45B835383538453A45B8353C45BC45B52
:10697000E463E45B256C0564E563C45BC45BA45B12
:10698000A453A45B83538453845B8453A55B8553D6
:1069900065534453454B044BE4420443C442C44250
:1069A000A33AC442A33A833AA43AA33A843A833A34
:1069B000A442A43AC442C542A43AA43AC442A4425E
:1069C000A43AA442A43AA43A843AA53A843A843A2E
:1069D000843A843A843A653A643A643A6432443296
:1069E000643244322332242A2432243A24320432B8
:1069F00024320432243205320432053205320532A3
:106A000004320432042A043225320532253224327B
:106A10002432042AC429C329A229C329E329E43141
:106A2000663A08534A5BAD6B928C75ADF7BD9ACE52
:106A3000FDDE1EDF3FDFDECEBECE9EBE7EC6DFCEDB
:106A40009EBE5DCEBECEFDDE7EE77EEF5EE79EEFB4
:106A50007EEFDDD6BCCE9CBE5CC69DCEBDD6FDDE37
:106A60003DE73EE7FEDEDEDEDDD61ED7FDDEDDCE17
:106A7000BDD61EDFDDCEDCD63EDF9EEF7EEF7EEFA5
:106A80007EEF1CE73CE7BEEF5EE79CC69CC6FDD6EA
:106A90007EE75EE7DCCE7DC69EC6BFCE5DBEFDADA9
:106AA0007FBEBEC67EBE1DB65EBE3EBE7DC6FECEEF
:106AB0001ED79EC6FDADDDADBDA5DDAD3EB61DB696
:106AC000FCB5DCAD9CA59CA53C953C953C95DC8437
:106AD0001C8DFC841D85FC84FC7CFC841C8DFC844A
:106AE000DC84DC7CBC7CBD7CA595C595C695C69533
:106AF000658D648D858D858D858D858D658D2485D0
:106B00006585A58D858D6585858D658545856585BD
:106B1000868D45856585668D2485458525852585F4
:106B20004585E57CE47C047DE57C057DC474047DBD
:106B30002585047D057D2685468D06850685268569
:106B4000C57C2585057D057DE47CE57C2585668500
:106B50000585047D2585047D047DE47CA474A474EE
:106B6000E57CC47CA474C47CC37C04850585C47C9A
:106B7000C57CC57CE57C057D846CA574A674857494
:106B8000456C446CE463246C0464046446740464DB
:106B9000256C056C256CE563E563266C056CA45BD0
:106BA000046426740464E4630464446C8674656C51
:106BB000656C046425642564246C4564246C456C10
:106BC000456C045C25644564046445640364E45BCB
:106BD0006353A45BC45B0664E563C45B0464A45BA9
:106BE000A353E463C45BC45BC45BC55BA45BA45BED
:106BF000C35BA353456CC45B6353C45BC55BC55B9C
:106C0000C55BA45BC45BC45B8453845384536353EC
:106C100064538453A55B64536453244B244B044B4B
:106C20000443E44AE442C342A442C442C442C542CB
:106C3000C542C442A43AA43AC342C442C43AC4427C
:106C4000C442E442E442C442C542C542A442C442F2
:106C5000C442A33AA43AA43AC442A53AA442844204
:106C60008442643A643A643A433A443223322332E7
:106C700024324432243A243224322432043225325B
:106C800024322432242A243225322432243224325B
:106C9000253A2532253A453A443A443A443A453A67
:106CA000233203320332C431C229C3290332663A84
:106CB000E84A2B5B0F7CB28C76A53ABE7BC6DDCE54
:106CC000FDD6FDD63DDF5EE79EEFBEEF9EEF5DEFAA
:106CD0001DD7BCCE9DC6BDC6BDC6DED6DDCEFDD69B
:106CE000FDD6DCCEBCCEDDCEDED6DDD6FED6BDD624
:106CF000BDCEFDD6BDCE9CC69CC6FDD6DCD69CCEF8
:106D00009CD6DDDE5FE75FE75EE7BECE3DBEFDAD54
:106D10005DBEFECEBECE7EC67ECE7DC65CBE1CB641
:106D20007DC67DC6BEC65DBE1DBE1CB67DC61ED759
:106D30003ED7BECE3DBEBDA5DDA5BCAD1DB69EC633
:106D40009EC67DC65DBE3DB6FDB5FDADFEAD9D9D4D
:106D50007D955D953C8D5D8D7D959D9DDDA53EAEC2
:106D60001FAE7D9D5D957D95C595C495E595C495B2
:106D7000C495A48DC595848DC495648D8485A48D9A
:106D8000C595A595848D6485648544854485658D08
:106D900065854485858D658D858DA58D648D8585FD
:106DA000648D247D44856585658D858D458D4585FE
:106DB0004485658D458D247D0585047D2685268544
:106DC0006785057DE57C057DA474C47CE57C8474C1
:106DD000636CA474E57CC47CC374E57CC57CA4743A
:106DE0008474846CA474A474A57C8374C47CA47C13
:106DF000E57CC47CA474C57C436C236CA474A5742A
:106E0000846C8574646C656C6674456C266C656C0A
:106E1000867C8674667466746674256C466C05643C
:106E2000266C466CE45BC45B64536453056C266C4F
:106E3000C463C563256C2564256C0564C45BE56388
:106E4000C45BE46305640464256C44640464046402
:106E5000E45B0564E463A353E463E463C35BC45B82
:106E6000C35BE45BE4630464C45BA45BC45BC45BBA
:106E7000E55BE563C45BA45BA353845B6453845309
:106E8000845B63538453A45BA45BA45BA45BA55B9A
:106E90008453635364536453644B64538553855BD9
:106EA00084536453244B244B244B244B0443044B02
:106EB000E442E442E442E442E442E442E442E442A2
:106EC000C442C442C442C442E442E442E542044BE8
:106ED0000443044B044BE442E442C442C442C43A77
:106EE000A43AC43AA43AA43AA43A843A843A43323B
:106EF000843A643A6432643A643A643A643A4432B2
:106F000044322432243224322432243204322432D1
:106F10002432243A243224322432043224322432D9
:106F2000453A243A4532443A453A453A453A0432DC
:106F30000432C329C329C321E4290532483AEA525D
:106F40004C5BCE6BF294D6AD38BEBACE3CDF5DDF83
:106F50007EE71EDFDED6BECEBED61ED7DDD6DDD6A0
:106F6000BDCEBDCEBDCEBCCEBDCEBDCE7CC69CCE34
:106F70009DCEBDCEDDD6BCCEBCCEFEDE1ED7FDDEA8
:106F8000DDCEBDCEDDCEDDD6FDD6BECE3DBE1EAE47
:106F9000DDA5FDB59FCE7DCE7DBE7CBE5CB63CAE94
:106FA000FCAD1DAE5EB61DB61EAEBDADDCAD3DBECC
:106FB0009ECE9EC63DB6DEADBDA51DB65CBE7DC6F1
:106FC000DECEDEDEFEDEFDD67CBE5DB61DB61DA6C7
:106FD000FDA51DAE1EB65EBEBDCE7DC61CB6FCB503
:106FE0001EB61EAEBEA5BDA5E495059EE595C4954D
:106FF000C495E595059E0596E595C495E595A495FA
:10700000E595C395E495C495C495C495A48DA48DC8
:10701000848D848D24856385648D8485648D838DC2
:1070200044854385648D64852585047D4485248558
:10703000047D247D2585047D2485057D047DC47C17
:10704000A474C474E47C0585E47CA474047DE57CAC
:10705000C474C47442644264E47CC574A574646CF2
:10706000C57CC57CC574A574C57C636CE57CA474C3
:10707000A474A57C8474E5748474846CA574A5746C
:107080008574C574C57C846C8574856C456C857409
:107090006574246C6574657466746674456C656C9F
:1070A000656C446C8674456CE663A563E563056CAA
:1070B0000564056CA55B855BC55BC55B266C2664BA
:1070C000E563E563E6630564266C2564466C6674D7
:1070D000656C246C45642464446C2464E35B046440
:1070E00004642464C35BC35BC35BA35BA353A35B64
:1070F000A353A35B0464E563C45BA353A45BA45BD9
:10710000C45BA55BC55BC55BA45B6453C55BC45B2B
:10711000A45B645364536453234B44538353845399
:107120008453645384536553444B45534553454BF3
:10713000244B044B054BE442C442C442E442E44ABB
:10714000E442C442C43AC442C442C442A43AC34220
:10715000C342C342C33AC442C442E542E542E54A9F
:10716000C442C442C442C442C442A33AA442A43A60
:10717000A53A843AA53A643A843A853A6432643A44
:107180006432443A243A2432243A243203322432F8
:1071900003322432243203320432E3290332E3314E
:1071A00004320432033204324532453A2432453A3D
:1071B000453A453A643A653A443A253A2532E5314A
:1071C000C429C429C429C42905324742A84A4B5BB3
:1071D0000F74B38C369DB9AD1ABE7CC6DED6FED612
:1071E000DED6DDD6BECE9DCE5DC69EC67DC65DBE5C
:1071F0007CBEBEC6BDD6DEDE1CC61DBE5EC69DCE36
:107200007DC67DBE3CBE3CB61DB65DBE5EBE3EB616
:10721000FDA5BCA5FDB53DB63DB65DB65DBE7EBE69
:10722000FECEFED67DC6DCB5DDA5DDADFCADDCADAC
:107230009EBEFFD65DB6DCA5BCAD1DB6FFCEBECEF4
:107240003DBE1CBE9EC6FED61FD79DC67DBE9DC63A
:107250007EBE7CA5BDAD5EC6BECEBDCE5DBEFDB55F
:10726000BDA5BEA5BD9D9C9DA48D838D8485848D6B
:107270008385A48DA38DA395C38DA38DA38DA38D8D
:10728000A38D838D8385838D838563854385448525
:107290002385237D237D037D237D2485037DE37466
:1072A000237D047D037DE47C037D047D2485E47CD3
:1072B000E37C047D2485037DC374C374C374047D9F
:1072C000047DE47CE47C0585C374A374E474458583
:1072D000E37CE47CC47CE47CC5748374A474A474EF
:1072E000C474A574E57CC57C846CA474C67CA57448
:1072F000E57CA574A4748474A474A474846C8574EB
:10730000C574C47CA47484748574846C6574646C62
:10731000446CE363246C0364046C0464C35BA25B8D
:107320000464456C86742564E463446C446C647442
:107330006574446C0564C45BE5632564046404649B
:10734000C35B8453C45BA45B0564C55BC45BC45B63
:10735000A45BC45BC45BC45BC563256465742464BF
:10736000456C0364E35BE35B046424640464456C80
:107370000364A353C35BE35B82538353C45BA35394
:10738000A45BA4536353434B434BA45BA45BA45340
:10739000C45BE563A45BA55BC55BC55BA45BA45B49
:1073A000A45BC55B8453434B4453645364534453BD
:1073B000454B445366532553254B2553054BE44217
:1073C000C442C442C442C442C442E542E442E44A24
:1073D00004430543E54AE442C442E542C442C44290
:1073E000C442C442E442C442E442E442E442E54AC4
:1073F000A442A43AA442A53AA53A843A853A843AEA
:10740000643A443A643A653A643A443A443A443213
:10741000443A643A243A2432233224322432233246
:10742000033224322432033204322432043224322E
:10743000243245320432243224322432443A443A4B
:10744000643A653A443A443A243204320432E32935
:10745000A221C329C429E631473AAA4A0D53B06B89
:107460007384589D99ADBAAD1DB61EB61EB6FEB555
:10747000DEB5BEADBDAD5DBE1EB6BCADDCADFDAD19
:10748000BCA5BDA5BDA59C9D9C9D7C9D7B9D9D9DFA
:107490007C9D9D9D7C9D5C9D3C955C957DA5DDAD19
:1074A0007DBE9DC63CBEBDB5BD9DDDA5DDA57C9D5B
:1074B000DCA51EB61DAEFEADDDA57C9D1995987CA4
:1074C0007563F54A56531453787CBDA53EB6DFCE9E
:1074D0009EC6DDAD9DA59DA5DEA51EB61DB6DDAD86
:1074E000DDA5DEA5DDA53EAEE495E495E495E49D3D
:1074F000E495E495C395E495E49DC495C395A38D67
:10750000C3950496A38DA38DA495838DC48DA49556
:10751000848DA48DA595A48D43856385438544857D
:10752000648D448524854485858DC695848D4485E8
:107530008485648D6585658D65854485858D448DDF
:107540004485247D4485247D658D658D4485248511
:10755000237D4485057DE47CE57CC47CC474C474CF
:10756000C47CC474E47CA374436C4364436C2264A1
:107570008574A474C574057DE67CE67CC57CA57421
:10758000C57CC67CC574856C8574646C446C446C25
:107590006474A57CA5746574446C446C856C246427
:1075A0002464446C656C446C246C64748474A57CA1
:1075B000646C65748574646C8474656C446C456C2F
:1075C000045C246C25640464456CE463E463256412
:1075D000E463E563C45B8353A45B05642564E563EE
:1075E000E45BE463E56304640464036404642464A6
:1075F0002464246C44640464246404640464E45BCC
:10760000C45BA45BA35BA453A45BE463A453835B4C
:10761000E45BC45BA45BC45BC55BC45BC45BC45B71
:10762000E55BC45BA45BA45BA45B8453644B4353E2
:10763000444B444B244B444B254B444B4553454B07
:10764000244B244B0443E442044BE342E442E4422F
:10765000C442C342C442A43AA442A43AC442C4426B
:10766000C43AA43AA43AA43AA342A33AA33AA33A06
:10767000A33A833A843A843A643A633A843A843A3D
:10768000843A643A643A8442853A643A643A643AA1
:107690008442643A4432633A643A443A443A443263
:1076A000443A4432443A443224322432243224329A
:1076B000043203320432E43103320432043204323D
:1076C00023320332243244324532443A4532443A7A
:1076D000453A443A443204320432E329E329C429C6
:1076E000C429E53107328942ED4A4F5BD26B357CC4
:1076F000B7843A9D7B9D9C9D1DB63EB6BBADD89C84
:107700005AA5BDA59DA59D9D7D95BDA5FDAD9DA53C
:10771000DDADDDA5DCA5BDA59DA5BDA59C9DBDA53B
:107720003EB67DBE1DAEDDADBDA59D9D9D957D9DED
:10773000FC8C9B84797C186C975B3553F442B34284
:10774000D53AD53AB53A74323432943A1653186C65
:107750003C95DEA55C959D9D9D9DBDA5BDAD9CA563
:10776000DDAD7B9D1B8D5C95838D838D838DA38D7E
:10777000A38D838DA38D838DA38D6285838D427DA3
:10778000828DC28DA28DA28DC28DA28DC395C38D17
:10779000E495C395C38DC395C38DA38D838DA38DB0
:1077A000A38D6385838D848D638563852285237D89
:1077B0006385638D448544852385648D4385237D5E
:1077C00023852385E37C037D6485247D2385237DB8
:1077D000037D2485047DC374E47CC474047D057D2D
:1077E000C47CE474A374A474846C846C636CE574CA
:1077F000E57CC474636CA474236CE57C8474446C71
:10780000646C846C446C646C846C6474646C8474A8
:107810008474847464746474446C446CC57CA4740F
:10782000846C636C846CC57C446C64746574236480
:10783000246C256C246C656C446C2464456C666C0B
:10784000456C646CA574A5748574856C656C456C19
:10785000856C656C246C646C656C246C25640464B4
:10786000E463E45BE56304642564456C446C246470
:107870000464456C646C8574446C23642464446CB7
:10788000246C05640464E463E45BC35BA35BE45BB6
:10789000C35BC45BC45BC45BA45BC45BE463E55BC8
:1078A000C463C5630664266CA45BC45BC55BA45B50
:1078B00084538453855B84534453444B4353234B39
:1078C000444B444B4453244B03430343034BE34295
:1078D000E442C342E442C442C442C442C442C43A41
:1078E000C442C442C442E442C442E442E442C44208
:1078F000C442833AA43A843A833AA43AA43AA43AD2
:10790000A542A5428442A5428442843A843A8442F4
:10791000A542843A84428442643A643A643A643ABE
:10792000443A443A443A443A443A443A243A443A87
:10793000443A443A24322532243224322432243246
:10794000243244322432233224322432242A05328F
:1079500025322532243224322532253A2432443A43
:10796000243204320332C329E329C321C321C529A8
:10797000C62948328A42EB4A8F63928C8E73E95A49
:107980002B63F47BFA8C597C755B95637AADBCB53F
:10799000BBB55DBEDECEFFCE9EC6FDB5DDAD5B9553
:1079A000787C797CF86B376CF7639663B663F86B19
:1079B000565B15531553D54AD54AD54AD442D542BC
:1079C000B43A7432D542F642D54AD44A154BD44A19
:1079D000B44214539563587CFA8C1B9D7884988C20
:1079E000D88CB88496633553428562856285A38DB1
:1079F000A38DC495A38D8385A48DA38D6285838D6E
:107A0000A38D828D828D838D6285838D6385A38D09
:107A1000A38D838DA38DA48DA395A38DA38DC495D4
:107A2000838D838D638563856285838D42856285C1
:107A3000638562854385237D237D44856385638DCE
:107A4000848D84854485438524852385237D648DA9
:107A5000237D2485037D2485E474E47C04852585C9
:107A6000C374C374E47C047D057DE4742685267D9F
:107A7000E474C474A474A474C5748474A574A574E3
:107A8000A574A474A474C47CC474E47CC474C47C5D
:107A9000A474A574C57C436C446C8474846C847435
:107AA0008474636C8474846C6474446C636C446C20
:107AB000246C256C456C0464E35B446C456C646C1D
:107AC000646C8474646C646C456C456C246C2464D4
:107AD000246C23642464246C24640464246C45644E
:107AE000246404640464E35B04642564E45B256C3F
:107AF0002464256C446C2364036423648574456C9E
:107B0000446404640464446C866C246424640464E3
:107B100004642564046405640564C45BA45BA45B1D
:107B2000634B234B634B8553C45BC45BC45BC55B36
:107B3000A45BE563C55BC563C55BC55BC55BC55B36
:107B4000A45BA55BA55B8453845B84534453444B83
:107B5000244B044BE442E342E442C442C43A833A35
:107B6000A43AA43A833AA43AA33AA342A43A833A61
:107B7000A43AA442A43AA43AA542A542A43AA542F2
:107B8000A43AA442A43AA442A442A442A442A442D5
:107B9000843A8442843A633A833A843A643A443A6F
:107BA000443A4432643A4432443A443A64322432E5
:107BB0004432443A443A4432443A443A643A453AC4
:107BC000443A6432643244326432443224322532DC
:107BD000243A2432243A2432053205322432243A1B
:107BE000453224322432443A443A2432453A04326B
:107BF0000532E429E429E429C321C429C329243A0C
:107C0000043AE631293A2A320B324B42CB524C6BC2
:107C10002D6BF15A556BB573B173926BF15A516379
:107C2000B14A513A533A523A513A923A9242513AFF
:107C3000B24AB24A924A7242934AD34AD34A134B47
:107C4000B34A9242934AD44A14537563D66B9563F0
:107C5000F773D773B66BD573D67B16841584B4735C
:107C6000956B956BF4527342838DA48D838D638DD8
:107C70008385638563854385438563852285638525
:107C8000638542856385227D848D64852385437D5C
:107C90004385237D0275237D237D43852385437D95
:107CA0002385448523854485638D8385838543852A
:107CB0006285638543854385648D43854485247D42
:107CC000E27C43854485848D6485237D238564859A
:107CD000858D2485037D047DE37CE37C057DE47C48
:107CE000A374057DC37CC474A374C474E47CA474BD
:107CF000846C8474636C8474846C636C646C846C56
:107D0000636C8474C474A474E57CA474A374836CDD
:107D1000C57CC47C8374846C636CA374A474A474E5
:107D2000C4748474636C636C646C8474646C8474F5
:107D3000847485748474446C646C646C646C646C6A
:107D4000646C646CA574646C446C4364446C856CB2
:107D50000364456C456C2464256424642364436493
:107D6000446C646C2464035CE46324640464256CE4
:107D70000464C35BE45BE35B04640464256C056436
:107D8000A3530464055C0564A353C45B0464466C9C
:107D9000456C456C666C24644464456C04642564DD
:107DA000256C2564E463C35BE463C45B6253A45B3A
:107DB000C55BA45B8453645385538553855B6553CE
:107DC0008553A55BA45BC55BC663C55BA55B855B93
:107DD000845384536453434B6353234BE342C44A59
:107DE000E442C4428342A442A43AA43AA43AA4423C
:107DF000C542E542C442C442C442C43AA442C44259
:107E0000E442C442E442A442C43AC342A43AC44253
:107E1000C442A43AC442C442A442C442C542C44279
:107E2000A43A843AA43A8442A43A6432843A843A22
:107E3000843A843A643A643A643A6432643A643A1A
:107E400064324432643A4432643A6432443A4432EA
:107E5000443244324432453A453244324432243288
:107E6000043224324432253224320532242A253287
:107E7000253245322432243245324432243204320F
:107E8000242A24320432252A252A25322532253A6D
:107E9000473AC831A829E9312B530742EB628C736A
:107EA000AB526F4A0F3A9142724251425142B24A2A
:107EB0009463335BEF3972427242313A303A313A6D
:107EC000724272429142D34A7242924A7142714264
:107ED000345B9463F67374639463946BD252503A38
:107EE000103AD031F031323A8385848D848D838588
:107EF000638D838D6485648D848D848D63856385B6
:107F0000638D638542856385848D2385237D237DF1
:107F1000037D237D0375C274037D0375E27C037DBD
:107F2000237D2385237DC274438543856385228514
:107F3000228563854285227D227DC274E274E37CC2
:107F4000C274E37CC174E27C237D2385237D22857A
:107F50004385247D037DE37C037D037DE374E37C23
:107F60002585C374A274E47CA374E47CC474A374F4
:107F7000C474C574C474C474C47CC474A374C47C51
:107F8000C474A474C47CC474C47C047D8374E3741A
:107F9000047D047D047D45850485247D4485047D20
:107FA000E37C047D047D2585057DC47CC474A474B4
:107FB000C474C474057DC474E57CC474C47CA474A6
:107FC000A3748374A4748374A374A474C474C47CED
:107FD0002264C474A374636C8374C474C374A36C88
:107FE000836C836C846C646C656C6574446C656CC8
:107FF00024644464446C04640464E45B2464E463C3
:1080000004642564256405642664E45B2564245CBB
:10801000045C045C045CE35B656C2564E5632564D7
:108020000564246C446C656C4464046424640564D5
:108030000564A55BC55BC55BA563A55B6453444B49
:10804000034B645365534453654B65536553655304
:108050008453845344536453444B64534553244BD7
:108060000453E34AE442C342A43AC442C442E44251
:10807000E542C442A43AA43AC442C342A43AA33A51
:10808000A33AA33AA33AC342A43AC442A33AA33AB6
:10809000C442A33AA33AC442C43AA342C43AA44253
:1080A000A43AA442A33A833A843AA43A833A843A5B
:1080B000A43A843A843A843A6432633A643243326A
:1080C0006432433A433264324432433244322432DB
:1080D000243224322432232A243224322532242A00
:1080E0002432253224322532242A042A2432042A36
:1080F00024322432242A24322332042A2332032A2B
:108100000332242A04320432243224322432242A30
:108110002532052A263225322432053205426442B0
:108120006542493A8C422F536E42D152125B125B28
:10813000546333631353D352D34A303A7242924A50
:10814000B34A323A8F29313A9242D2529142B14ADD
:10815000B142B24A71426D218E212F3A2F3AB1526B
:10816000335BD24AD14AF66B237DE27CC274E37C56
:1081700043852485027D237D227D227D22854385C2
:108180008385638D4385838D848DA48D648D438524
:108190006485237D2385247D248564854385227D14
:1081A000227D43854385427D6385638D6385438559
:1081B000A48D6385838D828DA38D63856385848D76
:1081C000638544854385237D44854385237D027DE6
:1081D000227D438544852485438564852485047DEB
:1081E00044852485047D037D047D247D047D0485F0
:1081F00025852585E47CE37CE47C047D047D248561
:108200002585E47C257DE47C047D047DE47C448537
:108210004385037D2385237D237D238543854485F5
:10822000438544852485037D2485E47CE37CE47CCC
:10823000047DE37C047DE37C0485E47CE374E37CDF
:10824000C374E47C047DE47CE374E37CC374057D47
:10825000C47C836CC374A374C474037DC374E3745B
:10826000C374C36CA26C826C0264235C0264446CB1
:108270008474646C2364646C436C446C656C856CBE
:10828000446C446445642564256424646564246402
:10829000656C656C456C2564E45BE45B8353C35B90
:1082A000456C656C446C446C446C446C656C246433
:1082B0002464E363E463256405640564C45B845358
:1082C000E55BA45B645364536453855B444B444B4C
:1082D000244B254B244B244B454B4453445344538C
:1082E0006453655365532453244B044B044B044B94
:1082F000E442E342C442A33AA442C43AC442C44260
:10830000C442C442A442C43AC442C342C442E44246
:10831000C442C442A442E442C442C43AC442C44235
:10832000C442A43AA43AA33AA442A43A843AA43A4E
:108330008442833A843AA43AA43AA43AA442843ABE
:10834000843A843A853A843A643A64324332443215
:10835000443244324532443A443244324532443263
:1083600024322432242A2432243224322432243265
:108370002432242A0432242A24322432443224325D
:10838000242A2432242A2432242A042A2432232A86
:10839000243224320532242A233224320432032A9E
:1083A000233204320532052A0732483A483A6A3AFB
:1083B0008B428C4AAE426F424F429142B24AD352F4
:1083C000D34AB24A924A924A9142B34A7142924285
:1083D000B24AAF29EE31D14AD36B9584958492632A
:1083E0001153D14A90421253C374A274816C816CB0
:1083F000C374247D027D6385638D848D8385838D25
:108400008285838D6285A38DC48D8385828D6285EF
:10841000A38D848D838D848D4385237D63854385E2
:108420004285838D227D017D43854285227D438562
:108430006385A48D838D6285828D62854285638D7F
:1084400062854385427D4385228583854385638597
:10845000638D4385037D027D437D648D658D648DD1
:10846000237D23856485037D648544854485E37C81
:10847000247D248545854485448544856585658DB1
:108480004585658D458525854485658D858D658505
:10849000858D24854485248524854485247D4485D3
:1084A000458D247D458525852585047D247D047D98
:1084B0000485047D047DE47CC374A374826CA3747E
:1084C000E47CA374047DE47CC3748374C374C47CAF
:1084D000A374C3742585037D037DE374E374E3749F
:1084E000E374037D047DE374057DA4748374836C5D
:1084F0004364426C8474846C646C646C446C8674F5
:10850000656C6464646C4464045C0364646C646CF3
:10851000656C65644564456445648674656C246473
:10852000456C446C45642464456C656C246C446CF7
:10853000436C846C446C456C24640464046404647B
:1085400004640564C35BE55B266C0564A45B244B93
:10855000244B4453444B244B244B244B434B444B1C
:108560006453434B6453644B45536553444B454BF1
:108570004453244BE442E442E442C342C442A33A9B
:10858000C43AC442C442C442C442C442A43AC442EB
:10859000C442C43AA33AA33AA43AA442A43AC44275
:1085A000A43AC442C442C442C442C442C442A442E3
:1085B000A43AA43AA43A643A843A843A843A843A8B
:1085C0006332843A843A843A643A643A843A64324C
:1085D000443A443243324432443244322432243224
:1085E0002432242A24322432242A24324432242AD3
:1085F000443244322432443244324432243224322B
:10860000243244324432243244322432443223323B
:108610002432242A24322432242A242A242A242AD2
:10862000042A032A242A0432032A032A042A0432AD
:108630000532052A0532062A072AE829E9292A32BD
:108640006D426C3A6D428F426F426F42B252914A14
:1086500070425042125B9463125390429042703ABF
:108660001032503A913A703A027D43856485A58D67
:108670002385227D438543856485A38D838DC495A1
:10868000A48DC38DA48DC495E495A28DA38DA495CE
:10869000838DC495A48DA38DA48DA495838D4285CF
:1086A0006385438542854385838D4385227D42854D
:1086B0006385638D638563854385638542856385B3
:1086C0004385838D848D227DA48DA4956385428509
:1086D0004385437D24852485448564856485037DA5
:1086E000247D4485248544854385448DA58D6585F9
:1086F00024854485247DE37C047D44852485037D95
:10870000E37CE47C047D458504856585248524859A
:108710002485658DE374E37C047DC374E37CE47C91
:10872000E47CC374C474836CC474C474C47CA474C3
:10873000A474A474A474A374A474A374836CA474A4
:10874000836C836CA374836C636C426C836C636C0A
:10875000636CE47CC474636CA374426C8364C37400
:10876000836CC374E374C36C426C836C8474626CFA
:10877000836C636C22642364646C23642464E36309
:1087800003642364446444642464235C6464436435
:1087900044644364446C23642464E35BE4630464DE
:1087A000C35BA45B8453A45BC45BC45B2564646C3F
:1087B000446464740364446C8574656C0464046488
:1087C000C45BA45BA45BC55BA45BC55BE663C55BE4
:1087D000C55BA55BC55BA55BA55B84536453444B3C
:1087E000A5536453644B6453444B4453444B244B50
:1087F000244B4453444B244B244B444B244B044BB9
:10880000E342E442E442E442C442C442C342E4429A
:10881000C442C442E442C442C442A342833AA43A9A
:10882000C442C442A43AA43AC442C442C43AC44270
:10883000E442C442C442C442A43AA43AA43AA43A88
:10884000843AA43A843A6432A43A833A6332643A6A
:108850006432443244324432443244324432443248
:1088600044324432443244324432243224322332B9
:10887000243244324432443224322432232A042A19
:1088800024322432243244322432232A0432242A49
:1088900024322432242A243224322432432A4432F9
:1088A000443244324432243224322432042A2432E0
:1088B00044322532242A4332232A24322432242AE1
:1088C000042A052A25322632062A693AEB4AEB4A5F
:1088D0004D530D53AD420D3ACE31EF31503A513A2E
:1088E000313231325232713AE37CE374E27C237DDF
:1088F000658DE37CE374C37C626C826C037DC2741F
:10890000E37CC374A374816CA274816CE274E37C15
:10891000A274027DC27C2285017D227D027D638559
:108920004385227D4285227D83856385227D438523
:108930004285027D027D037DE27C237D4385227D8D
:108940002385237D027D2385438543856485438577
:108950004385037DE37CE3742385E37C037DE37C33
:10896000037DE37C247D2385037D24856585248523
:10897000E37C047D2585E47C047DE47CA374C474DD
:10898000E47CC474E47C047DA374C374C374047D68
:108990002485037DE37C247D2485037D2485047D5B
:1089A000E47CC374C47CC47C047DC47CE47CE47C2F
:1089B000047DA374A474C474E47CC474057DE47C55
:1089C000E47CE47CA474A374A374C474836C836C8B
:1089D000636C2264636C646C4364E25B2264836C4A
:1089E00042648364836CA3744264636C626C02644B
:1089F000015C636C426C836C6374636C8474636C41
:108A000023644364035C035C046444644364646CF3
:108A10002364646C6364436463644364446C4464CB
:108A2000E363E35BC35BC35B83538353A45BA35BDD
:108A30008353A35B04644564456C04640464E45B91
:108A4000E563E463C45BC45B8453C55B84534453F4
:108A5000445344534453444B44536453454B444B55
:108A6000444B6453644B845345538653855B655331
:108A7000444B254B645364536453445364536453CD
:108A8000444B244B2553244B044304430443E44AFE
:108A9000C442C43AC442C442C442C43AE542C44295
:108AA000E442C442C442C442C442C43AC442C4427E
:108AB000C442C442C442A43AA442C442A442A33A17
:108AC000A442A43A843A843A833A843A6332643AB8
:108AD0004432443243324432433224322332243249
:108AE00023322432243223322432232A232A032A13
:108AF000032A032A24322432232A042A233224324A
:108B0000232A2332232A2332243224324432443289
:108B1000443244324432453244324432443A44329C
:108B2000243224322332243224322432242A24329E
:108B3000042A2432042A2332242A042A242A24320E
:108B40002432232A2432242A24320432E429E32939
:108B5000032A05322632063207322832493A0A32CF
:108B60002B322B324D3A8D3AA374836C8374626C32
:108B7000A4744264A474057DC47CA36C436C4264F9
:108B8000836C636CA474A474C474047DE37CC374A8
:108B9000C37CA374E37C037DE37C037DE37CE27C04
:108BA000E27C037DC374E27CC274C274027DE27C09
:108BB000C274237D037D027DC274037D037DE37C4B
:108BC000E274247DE37CE374C374C274E374E37CD5
:108BD000C274C374C374247D4485037DC474047D4E
:108BE000047D047DC374C374E374037DC274C374D1
:108BF000C374C374A274E374C374E47C047DE3742B
:108C0000E47C047DE47CE47C047DC37C047D2485D9
:108C1000E374247D037D037D2485037D2485E37433
:108C2000247DE37CE374E37C247DE47CE474E47CD5
:108C3000E47C047D2585E37CC474047D048525855E
:108C40004585248524854485458524854585658D10
:108C50002585047D047D458505852585057DE47490
:108C6000E57CC374C374E474C47C836C047DE47CCD
:108C70008374C374047DA3744264A374836C84748A
:108C8000836C646C2364656C44642464446C646425
:108C9000636C846C846C836C836C836C836C636C9A
:108CA000836C836C846C646C446C24640464E35B48
:108CB000256424640464446C25640464E463E4630C
:108CC0002464656C446C656C446C0464246C0564B9
:108CD000634BA453A45B8453634B644B644B645356
:108CE000434B644B634B434B644B65530343034318
:108CF000244B044B234B434B44536453644B645306
:108D0000434B244B234B244B034B244B244BE44237
:108D10000443E442C342A33AC342C442A33AA43A3E
:108D2000833A833A8332843AA33AA442A33A833AF9
:108D3000A33AA33A833AA33AA43AA33AA43A833A89
:108D4000A43AA442843A843A843A843A843A643A0B
:108D5000643A843A843A633A843A843A843A64328C
:108D6000843A6432843A64326432643A643A653AEA
:108D7000643A4432243224322332243224324432BC
:108D8000243224322432232A44322332232A243226
:108D90002432243223322432243224320432243244
:108DA0000432042A2432242A242A04322532242A92
:108DB0000532052A2432032A243203322432253292
:108DC000042A2432032A042A0432242A042A042AE4
:108DD000032A042AE429E429042AE429E429E431C1
:108DE000E429E429E429E4292264426CC374A374CD
:108DF000626C836C2264436C4364636C8374426C66
:108E0000436C636C2264226484748274826CA274E6
:108E1000E47C626CA36C8274E37CA274C274E2741E
:108E2000E274C374C374E274C274037DE37CA36C04
:108E3000626CC374037D037DA274E47CA374A2748A
:108E4000E37C447D037D047DE374C274237D02755D
:108E50000375C374E474E474037DE374A46CC47494
:108E6000C474E474A274E374E474C474C374E474E6
:108E7000E374E474E47CE374E37CE37C047DC37416
:108E8000E47CE37C047DE374047DA274C374C37446
:108E9000A27424852485037D4485037D448524852F
:108EA000E47C4685658D2485458544852485257D1E
:108EB000047DE47C057DE47C247DC37CE47CE47C4F
:108EC000C374E37464852385E47CC374248544857A
:108ED000047D45850485247D047D047DE37CC37485
:108EE000E47CC474E47CE47CE47C047DC47C836C1A
:108EF000E374C47CC374C47C826CC474A374A36C18
:108F0000A474636C0364646C03640364656C646CD4
:108F1000646443644464856C846C646CA46C836C8A
:108F2000846C846C846C646CA46CA4746364646CE2
:108F3000846C856C8574A5748574856C8474856C6B
:108F40006574646C856C456C656C456C4564666CD9
:108F5000666C4564666C656C656CE45B0464045C1B
:108F60000564E45BC45BA453C45BE55B8453845336
:108F70008453834B64536453444B434B234B234BE5
:108F8000434B4353234B6453244B44536553645323
:108F900065534453234B244B234B244B044BE44253
:108FA000044BE442C442A442A33AA33AC442C3429B
:108FB000C33AC342C342E442E442C542A442A43A93
:108FC000E54AC442C442E542C442A43AA4428332C0
:108FD000843A833AA43A833A833AA33A843A843A65
:108FE000843A833A843A833A643A6432843A8432E3
:108FF000633A8332643A64326432443244324432F3
:10900000232A24322332243224324432243223329B
:109010004432443244322432443224324432243200
:1090200024322432242A04322432242A0432043200
:10903000242A2432042A0332042A242A2432242A09
:1090400024320432042A0432042A0432242A243228
:1090500004322432042A043224320432042A042A38
:109060002432042A0432242A846CC474A374826CCB
:10907000A374826C8474846C646C436C4364846CED
:10908000836C636C436C226422644364636CA374DA
:10909000A26CC374C2744385237D027D017D838DE0
:1090A0006385037D03852385227D4385638D438509
:1090B00043854485E27CE174E274047D037D037D95
:1090C0004385E274C26C037D0375247D237D237D7B
:1090D0004485247DE374047D037DE374E274E374CA
:1090E0000375037DE374E374E474A374E474057D91
:1090F000057D257D047DE47C047DE47CC474C4741A
:10910000057DE47CC3740585047DE47C2585248588
:109110002485037DC374E374E37C247DE47CC37401
:10912000C474C47CC374C374C374C47CE47CC4744A
:10913000C47CC474C47CE57CC574A474836CA474BE
:10914000836CA374E47CA36C8374846CC474C47453
:10915000C37C047DA374A374A374047DE37CE37CCB
:10916000E37CA36CA374C374A474C4748474837404
:10917000A474A474C474C474A374E47CC374A3748A
:10918000E37CA374A374A474A474846CA474236493
:10919000446C24646364446C44644364646C43645A
:1091A00044644464646C44642364235CE35B23642C
:1091B0002464245C4364446C226403642364236455
:1091C0004364456C446C2464256CE45BC35B045CC1
:1091D000E35B0464245C045CE35B045CE45BE45BED
:1091E000045C055CE55BE55BC45BC453E45BC453B2
:1091F000C35B045CE55BA45B835363538353845B71
:109200006353634B634B224B434B634B234B234BC7
:10921000234B234B234B234B234B6453444B44534B
:109220004553244B244B044B254BE442044BE4426E
:10923000E442E442E542E442E44AE442A442A43A7D
:10924000A43AA43AA33A833AA33A833A8332833ABC
:10925000843A833A843A843A6432633A843A833A69
:10926000843A633263326332833A633A6332833AD5
:10927000643A833A843A843A643A633A8432643A88
:109280006332443244324432443243324432242A38
:10929000243224322432242A2432242A2432232A37
:1092A000032A2432232A2432242A2432242A243250
:1092B0002432042A2432042A042A0432032A0432DF
:1092C000042A042A0432042A242A0432042A0432F6
:1092D000042A042A042A242A042A032A042A0332F8
:1092E000242A2432242A2432436C436C626CE374B3
:1092F000037DE37CC4748374436C636C436C0264CD
:10930000636CA26CC37CC474E57CC374C374827444
:10931000826CC274C27423854385037D027D63859C
:109320004485C374C374E3742285227D227DE17475
:10933000027D4385027D4485047D8274A36CC37CD9
:109340000475037DC374C36C826CA26CE374E27415
:109350000375E274237D0275227D02750375E27444
:10936000E374C274C36CE47C247D037DE374E37412
:10937000A26CE274E37424854485037DC374E37CAA
:10938000E47CC474A374C374426CC374A374C374C4
:10939000E374E37CC474A374A374A374C374C3742C
:1093A000A374C374047DE47CE47CA374836C837431
:1093B000A36C636C636C836CA374A474A474C47492
:1093C000A474A474A3748374846C84748474C47C3F
:1093D000C474A474836C636C636CC3742585458505
:1093E000E37C047DE47CC474A474E47CA474C4743D
:1093F000A474C574C47CC4740585C474E47C037D02
:10940000C374E47C2485448545854485248504759E
:109410000475E47CE474C374C374A46CA474836C96
:10942000846C646C43644464846C636CA56CC57424
:10943000656C646C646C646C646C8474636CA5743B
:10944000A474A474636C8474A474A5746474446474
:10945000235C43644464E25BE25B2464C45B834B4F
:1094600063538453A453845384538453A453C55BDC
:10947000E55BE55BC35BE463256C0564E45B046466
:10948000A353A35BE463C45BA45B8353A45B8453D7
:10949000A45383538453634B424B434B63536353F3
:1094A000434B434B234B234B234B244B0343044B52
:1094B000044B044B044B234B0443E342E442E3429A
:1094C000E342E442E442C442C342A442A33AA33A80
:1094D000C442A43A833AA43AA53A643A853A64323B
:1094E000643A643A653A643A643A843A843A643A4B
:1094F0006332443243326332433243326332633243
:109500004332433223324332232A24322332443239
:109510002432232A24324432443244322332243245
:109520002432232A24322432243224322432242A9C
:1095300024322432242A24322432242A2432242A93
:1095400024322432242A25322432242A243224327A
:10955000443244324432443224322432443244329B
:10956000443245324432443A846C836CA274A2740F
:10957000E374A274C374A374626CC374A374836C25
:10958000836C626C43640164A474A374836C816C07
:10959000626C416C826CA374C374C374E37CE27C20
:1095A000037D826C8274E27C027D227DE1740385FE
:1095B000227DE274037DE37CC374C374E47CC374D2
:1095C000A26CA36CA36CA474A46CE474C374E37461
:1095D000E274E274037D0275E274247D037DC2743B
:1095E000047DC374A36CC3740375E374247D247D6C
:1095F000037DC374E374037DC374A274A274E47422
:10960000E37CA274A36C8274A374E474E37CC274DC
:10961000C274A274E274E37CC374A374C37404853B
:10962000C274047DE37CA274E37CC274037DC374C2
:10963000C374E47CC374E47C45854585458D658DA4
:109640004585057DE57CE57C2585057DE57CC57446
:10965000E57C067DA474C474C57CA474C474047DC4
:109660004585047D2585E67CC374057DC47CC47472
:10967000E57CE57CC57CC474836CA374A474C47459
:10968000A474A474A474C474A474057D047D057DBD
:10969000257D247D257D257D0475047DE574C474B8
:1096A000A474C474A56CA474A46CC474C574846CD0
:1096B000C574A56CA574A574446C646C8574A5749C
:1096C000A5748474C474E57CE67CC574A574A47424
:1096D000A574A474846CC574846CA56C456C245CFE
:1096E000656C4464C353C35BE45BE353E45BE45BDA
:1096F000A353A453C45BA35BA353E35BA35BC35B10
:10970000C35BC45BE463E45BE45BC45BA45BC45B1A
:10971000A45BA35BA3538353845BA353A3538353DF
:109720006353C45BA45B645383536353434B234B26
:10973000234B034303430443E342044B044B044BD6
:10974000C442044B044B054B244B0443044B044BD1
:10975000E442E442A442A43A833A6432443264329A
:1097600024324432232A2432232A232A2332433226
:109770004432433244324432433244324432443A33
:10978000643A843A4432433264324432643264325A
:1097900064324432443243324432643244324432DA
:1097A00064324432233244322332032A042A2332DD
:1097B000242A233224324432443224324432443282
:1097C00024324432443244324432443A653A843A90
:1097D000853A643A853A843A643A853A843A653AF5
:1097E000843A643A643A853A8374C374A374A26C6D
:1097F0008274A374A374636CA36CC474826CC37C02
:10980000A26CA374A3744364436C636C836CA374F1
:10981000A474C474626CA374836C826CE37C017561
:10982000E174027D4385227D227D027D017D237DC1
:10983000E27CE274027DE274C274826CE37CE37CBD
:10984000E37CE274E374C374A36C4164A26CC374DC
:10985000C274C36C816C836C4264C374A16CC26CAF
:10986000037DC26CE274C2748264626CE374E3745C
:10987000826CC36C047DE37CE374E37C826C626C79
:10988000C3748274C274247D047D037DE37C037DF4
:10989000237D2385648D6485648D848D43856485F3
:1098A000838D848D6485237D64854385237D238515
:1098B000237D648D2485037DC37CE37C047D826CE1
:1098C000C274C37CE57CC474C47CC474646C436C93
:1098D000A574C57C2364646CA574C57C846CC47C4D
:1098E000E37483748474856C436CA474E57CC67CD7
:1098F000446C86748574A574A57485748474C4746A
:10990000A4748574856C64748574446C856C436C34
:109910004464846C846C646CA574836C836CC474C0
:10992000C474846CC574646C836C6364025C43644B
:10993000436443648574246C236424642464036452
:10994000C25BA253A25304640464C463E45BC35BBC
:10995000035C656C656C24642464656C43642364F7
:1099600024642464245C045C2364035C035C035C63
:10997000E45BE35BE45BA353C35BE463A45BE45B92
:10998000C45BC35BE45BA35BA45BA45BA45BA45B61
:10999000C45BC45B845B835383536353825383539D
:1099A000A45BA3538453A45BA453A35BA453C45BE1
:1099B000C45B83536353244B234B234BE342E34267
:1099C000E3420443E342E3420443C342E342E4424A
:1099D000E342C342C342C342A23AC442C442A43A8D
:1099E000A43AA442A43AA442A43A843AA43AA43A97
:1099F000843AA43A633A843A643A4332633A63322B
:109A0000643A433243326432643A43324332643A12
:109A1000443A43326432443A443243324432433269
:109A2000643A44326432443244324432443244323E
:109A30002432243244324332433243324332643A92
:109A4000843A843AA43AA442A43AA43AA43AA53A5D
:109A5000843AA53AA542843AA53A843A843A853AAA
:109A6000A542A53AA53A843A626C826C826CC274B3
:109A7000826CC374636C626C836C8374A474426480
:109A8000636CC274626C636C436C226402644364F2
:109A9000426C836CA36CC3748274C274A26CA17494
:109AA000E2742385427D828D83854285638543856B
:109AB000227D43852285638543854385648563854F
:109AC000638563856585858D447D448563850375E0
:109AD000027D63856385A3858485237DE274027599
:109AE000648563858385848544856485247D448578
:109AF000037D237D64856385648D648D4385237D2B
:109B00004485237D248524854485037D037DE47C71
:109B1000A3744264A374826CA374037D227D628566
:109B20006185828D6285838D62854285427D228535
:109B3000227DE174A274C374C274047DA274C374E0
:109B4000047DC474A474646C836C2264646C646C5F
:109B5000446C856CC57CC67C85748574A574E57C75
:109B6000E57CC4748574236485748574446CE35BFC
:109B7000A353A353C35BC35B246C846C846CA37436
:109B8000C47CE374C47CC574646C446CE35B236480
:109B9000856C446C24642364656C4464846C6464E4
:109BA000A46C43642364235C23644464646C446451
:109BB0002464446424644464246C2464E36324645F
:109BC00004640564E463C45BE45B8353E45BE55BCA
:109BD000A353A353C4538353834BA353E35BA353B4
:109BE000834BA353C45BE45BC453E45B0464045C35
:109BF000456C035C0464A353A35BA3538253E35BF0
:109C0000C45BE45BC35B8353624B424B835363533C
:109C1000634B6353634BA35BA453A35BC35BC45B02
:109C2000C35B83538353A35BC35BA353C35BE35BFC
:109C3000E35BE35BE3630464E45BE45BC45BA35B5F
:109C40008353044B044B0343244B244B244B044BBE
:109C5000E442044B2343244B444B244B244BE34228
:109C6000044B04430343E44AE442E342C442E44273
:109C7000E342C342A43AA33A833A833A8332833A13
:109C8000843A4332433243326332433263324432A2
:109C90006432643A433243326432643A4332443287
:109CA0006432443A6332643A4432643A653A853AFB
:109CB000643A853AA43A843AA43AA43AA442C43A0B
:109CC000A442E442A43AA442E442C442C442C5428B
:109CD000C542A542A43A843AA442C542A542A43A48
:109CE000A43AA442A542A43A636C626C426C426CF2
:109CF0004264636C626C826C826C826CE37C616C2B
:109D0000A374C374A274E374E37CC374C274C47494
:109D1000026442648374C374C374E37CE27CC274DF
:109D2000C374A274826C8274E274037DE274C274A0
:109D3000C374E374E374C27CE37C037DC274E27C8D
:109D4000E37CE374E27CC374C274037D247DE27C13
:109D5000037DE374C174C274037D037D2485037D98
:109D6000E274C274E2744485037DE37CC274E374DC
:109D7000247DC274037D037DE274C26CC274E274FC
:109D8000037DE47CE47C826CA274A374C37443649A
:109D90008474C374636C22644264626C836C626416
:109DA000E374E274227D427D227D4285227D4285DC
:109DB000027D227DC274826CC374A274826CC374EF
:109DC000636C846CC474A36CA474A36CA46C646C86
:109DD0008474A574C57CC574C474A574057DC57CE4
:109DE000E57CC57CC574646CC4748474846CA5748F
:109DF0008474C474E57C846C8374A474A474C47483
:109E0000E57CA474A474836C836CA474C57CE57C29
:109E1000E57CE67CA474856C646CC574636C4364F7
:109E2000646C846CA56C8474E574A474A46C846CF8
:109E3000646C636CA56CA474A56C846C636CA46C7A
:109E4000A46CA474C474846C846C636C646C43648C
:109E5000646C4464856C45640464E45B2464446419
:109E6000656C246445644464646C646C656C64640F
:109E7000A574856C646CA46CC5744364646C4364A1
:109E8000646C4364446C646C035C035C035C035C5F
:109E9000035CC25BC353E35BE45BE35BE45BE35BF8
:109EA000E3530464E35BC353C353C35BE45BC35B2F
:109EB000C45BC453C45BC3538353E45BC45BC553EB
:109EC000C55BA5538453444B644B444B244B044320
:109ED000234B244BE342244B034B0343E342C34253
:109EE000E342C442C442E342C342E342C342C342E8
:109EF000C342C442E442823AE442C33A833AC4428F
:109F0000C442C442C442A43A833A833AA43AA33A2C
:109F1000833AA33A8432843A8432843A843A43328C
:109F20004332643223324332443244322332643285
:109F3000843AA442C442A43AA442A43AC542C442C8
:109F4000A43AC442C442A33AC442E442C442C44212
:109F5000C442C442C542C442C542A43AA33AA44240
:109F6000C43AA442C43AC4428374636C636C836C85
:109F7000636C636C636CA4748374626C636C836CD9
:109F8000636C636C636C84744264626CA3748474E9
:109F90004364436CE15B2264C15B836CC274C37431
:109FA000626C226403642364416482642164215CE2
:109FB000826C626442644264636C836C826C626C27
:109FC000626C826C836CA374826CC374A374C4745B
:109FD000C474A474A474C47C836C626CA26CC374D7
:109FE000E47CC374A374C37C836C836C836C6374E0
:109FF000836C636CA374A36CE474626C6264A3747A
:10A00000A46C426C2264A474A474836C8474436C46
:10A010004364836C646C6574646C646CE35BE253EE
:10A0200022644264426462648374826C826CA274AF
:10A03000037DC274E37CC274037DE274E37CA37489
:10A04000836CA374E474E474E374A474A36CC474A4
:10A05000E47CC474A374A374057D8374646C846C01
:10A06000636C8474E57C068545854585047D25857E
:10A0700045852485047D2585257DE47CE47C248537
:10A08000E47C247D658D45854485658D65852585C4
:10A09000258546852585057D0585057DE57CC57479
:10A0A000A46CA474E574A474E474C374A36CE47421
:10A0B000E57CC474C574E57CE574E57C067DE574D7
:10A0C000057DE474E474047D047DE474E374C47475
:10A0D000C474C474E574A474846C836C4364646451
:10A0E000646C6364436C43642364035C235C236497
:10A0F0004464646CA474A46C636C646443644464DA
:10A10000A574656C65644564456C055CE463256411
:10A110000464045C2464E45BC353045CC353035CC5
:10A120000464E353E35BE35B035CE35BE35BC35324
:10A13000A353A353A3538353834B434B434B434BEF
:10A140004243634B634B6453644B444B234303438D
:10A15000C342C33AE342044B244B244B4453444B85
:10A16000034B244B244B244B0343244B244B0443E9
:10A17000C342E442044BE3420443E442E442E44287
:10A18000C442E342E442034B0443E44A0343E4424F
:10A19000C43AC43AE442A43AA43AA43A843AA43A67
:10A1A000843AA442A53A843AA43AA43AC442E44286
:10A1B000E442E442E442C442C442E442054B054B5B
:10A1C000054BE442E542E442C442054BE542054BFF
:10A1D000E542E542054BE442C442C442C342E44284
:10A1E000044B0443E442A342025C015C2264646CBD
:10A1F0004364436C2264636C22642264636C636C0A
:10A2000043642364436C42644264436C636C626CD9
:10A21000A374626422648374436C2264636C836CF1
:10A22000636CA374A374626CA36C4264215C836C42
:10A2300062646364626CA374826CC27CA26C816C85
:10A24000C2748374826C826C21642164426C4364A6
:10A25000236C025C236402640264636C8374A374E1
:10A26000426C836C836C42640264E15B026422642E
:10A270002364436C846C63644364836C6364636CC5
:10A28000025C0264025C025C636C025C2264646CCB
:10A29000436C426C0264436422646264636C836C4A
:10A2A000836C846CA46C836CA474636CC474836CC2
:10A2B000E37CE374E37C037D237D0385037DC2742B
:10A2C000E47CC26C247DA274A26CA46C846CA37424
:10A2D000A474E47CC474C47CA374E47C4485448585
:10A2E0002585247D247D2485237D2485047D047D8E
:10A2F00024852485E37C047D047DE47CC374E47CB4
:10A30000826CA374047DC374E37CE47CA274037D3B
:10A31000E47CE37CE47C836C836CA474E574057D4D
:10A32000E474E57CC474A46CC474A574846C636C1C
:10A330006464846C846CC474C474A46C636C63645F
:10A34000636C836CA474A46CA46C836C836C836C4A
:10A35000A36CA36C836C636C6364836CA46C626C8D
:10A36000A36CC474836C836C65644464446C236420
:10A37000235C246443642364235C446C2364035C93
:10A38000446426642564A453C45BA453A453835338
:10A39000E45BC453C35BA353E35BE35BC35BE35B7B
:10A3A000E35BE35BE35BE35BE35B035C045C046450
:10A3B000E35BE35BC45BE45BA453A353A453835309
:10A3C000A453835383538453A453634B8453855BB7
:10A3D00064534453644B244B234B434B434B6353D1
:10A3E0008453A45384536453444B234B244B044B56
:10A3F000244B03430443234BE34A0443044BE44A02
:10A4000004430343034B0343E3420343E34A04434C
:10A41000E442C33AC442E43AE442C442A43AC442E5
:10A42000A442A43AC442C442C342E442044B03439C
:10A43000244B244B0443044B454B044B0443244B13
:10A44000054B044B054B044BE442E442054BE4420C
:10A45000054BE442C442A43AA43AC342E442E44273
:10A46000044B044B044B244B0264036423642264B6
:10A470002264426C026443640264035C23642364C8
:10A48000636C2264426C636CE47CA374826C4264EF
:10A49000636C436C236443640364E35BC25BE25B11
:10A4A000E15B826CC274C274A26C6264826C636C85
:10A4B000426462642264416C62648274C374C274D4
:10A4C000A374C274A274826CA274E37CA274836CC1
:10A4D000626C836C626C836C836C84746364636C85
:10A4E00043648374436C636C636C636C8374A474A3
:10A4F000826CE15B42646264A474C474A46C63649F
:10A50000A374A36C826C8274A374836CA374E37CC5
:10A51000E274E37C037D037DE274C374E474A36C92
:10A52000C474A36CA36CA374636C626C8374626C5C
:10A53000626CC274047DE27C237D027D4385458587
:10A540002485447D44850375257DA474C474836C7F
:10A55000E47CC47CE57CA474846CA474047DC47C19
:10A56000836CA374A374836CE37CC374C47C836C1A
:10A570008474E474A474A474C47C257DC47CC47401
:10A58000C47CA374C474A474C47CE474C57CE474F3
:10A59000E47CC474C474836C8374836CA374C46CCF
:10A5A000C474836CA36CC474C474257DE474C574D2
:10A5B000C474C574E57C057DC574A46C636C836C40
:10A5C000A474C574C474A46CC474C574A46CA36C62
:10A5D000C474C474C474A36CC474C474A474A46C2C
:10A5E000846C836C846CA46C646C2364656C64649C
:10A5F000446C44644464846C646C64644464456C7A
:10A600004464446424642464045CE45B0464E55BA3
:10A61000C45BC45BE4530464255CE35BE35B035C01
:10A62000045C0464245C24642464E25B2364235C8F
:10A630002364245C2364035C2364045C035C04647F
:10A64000045C045CE45B045C0564C453C45BE45BCD
:10A65000E45BA45BA35BE45BE463835363538353D6
:10A6600064536453845B6453645364538453444B12
:10A670006453445364536453444B234B244B444B23
:10A68000044BC342E442E342E442E44A0443044349
:10A690000343E442E33AE442C43AE442C442E542BA
:10A6A000E442C442C442E442E442E342E342C442DC
:10A6B000E342C342C342C342E342E442E34AE442C8
:10A6C00004430443044B054B0443E442C442E442C4
:10A6D000C442A33AC442A342C43AC442E342244B14
:10A6E000254B244B254B044B0464C45BA35B625392
:10A6F0006353634B8353A353424B414B424B6253CF
:10A70000A35BC15B2264636C43648374636C436CBE
:10A710004364636C236422642364636C2264846CEA
:10A72000436C226423640364826CA36CC474A36CC2
:10A73000836C836C626CA36C626CA374C374C3740B
:10A74000A26CA274C374A274E374A274A26CA27407
:10A75000C374A274626C616C416442642264837449
:10A7600042648474A374836C826C616CA26CE37C1D
:10A77000E374A374A26CA374A26C826C826C826476
:10A78000C374C27C037DE37C247DE37C037D237D55
:10A79000027D027D227D027D43854385037D027516
:10A7A000E274E374C274A26C037D4485237DA374B8
:10A7B000E374A374C374E27C037D037D037DE37CB7
:10A7C000057D047DE474E374047DC474A474E47CA6
:10A7D000037DE374A374426C4264636CA5742364C8
:10A7E000636C847423648474E47CE47CE57CC574C9
:10A7F000646C8474C474A474A474A474436CC4742A
:10A80000E57CC474E47CA374A374C474057D057DE5
:10A81000A474C47CC57CA4748574C574C474A46C0D
:10A82000836CC474836CA46CE474E57CC474A474F9
:10A83000C574E574C574C474A46CC474C574A46C84
:10A84000C574C574C574A574E674C57CA574A57477
:10A85000846C646C836CA46C836CA46C846C846C5A
:10A86000646C646C846C646C225C43646364236415
:10A87000436423644364646C846C23644464E25BD7
:10A88000035C846C846C436423642364235C4564AC
:10A89000055C0464045C045C0464E45BE35B045CEA
:10A8A00044642464046444644564446424644464E7
:10A8B0004464646C646C6464636C23644464246402
:10A8C000035C446424644564456C2464045C246C27
:10A8D000036404640364E35BE35BE463C45BC45B41
:10A8E000A353845363536353634BA45BA45B6353CD
:10A8F000444B64536453635364536353444B435313
:10A90000444B034B244B0443034B244B244B034342
:10A91000244B0443E342E442E33A0443244B044B14
:10A920000443044BE342E442E342C342E442044BA7
:10A93000E442E54A0443044B044BE442E442C3428C
:10A94000C342C342C33AC342C342A33AC342E442EE
:10A95000054B254B054BE442E44A0443044B044BAE
:10A96000054B0443044BE442A2538253A353C35BFD
:10A97000A353A253A35BA35BA45BE45BA35BA45BB5
:10A98000045CC45BC45BC35BA25382538253025C0E
:10A9900002644364436C0264636C636C626C626C5B
:10A9A000636C836C226442644264225C015C436495
:10A9B00043644364846C436C436C636C4264626CB8
:10A9C000426CA374A274C374A374E47CC374A274B1
:10A9D000037DE37C037D037D037D4485047DC37C8F
:10A9E000047DE47CE374A374237D037DE37CE37442
:10A9F000A274A274037DE374E374C374C26CA27482
:10AA0000E374E37CE374A274E274E37C037D037D6E
:10AA1000A374C374A274C274E37CA36CE374E37480
:10AA2000037DC274E274E274E274E27CE274C37483
:10AA3000C374A374A374C274A274C274826C826C53
:10AA4000636C6364636C6264C374C46CC474E474E4
:10AA5000E47CA4748474646C8574C574C47C426C96
:10AA6000846CC4748374057DE37CE4748474436CE7
:10AA7000A574A574C47CC374E47CC474A374E47C1E
:10AA8000E47CE57CC57CC474636CA474A474A37476
:10AA9000836CE57C057D8474A46CE57CA474646C93
:10AAA000836C646C225C646CC474A474A46CC47401
:10AAB000E674846C646C636C846CA474846CA4749D
:10AAC000267D846C856C846C646CC574C574C57497
:10AAD000846CA56C846CE57CC474C474C574A46C6B
:10AAE000A46CA46CC474846CA46CC574C574C57463
:10AAF000E574A474C474C574A46C846C4364856CDC
:10AB0000A474C474A4746364636C846C856C646C96
:10AB100044644464046425642464045C246404641C
:10AB200024642464C253E45BE35B0564E35B045C7C
:10AB3000646C4464436443644464446444644464AF
:10AB400024642364035C035C035C045CE35B035CDC
:10AB5000E363035CE35B03640364236403640464EE
:10AB6000E463E35BE463E45BC45BA45BC45BA45B9E
:10AB70008453A45BC45BA45BA453A45BA55B845314
:10AB80006453645364534453644B6453234B444BA6
:10AB9000644B2443244B24430443454B244B244B14
:10ABA000244B044B044B234BE342244B034BE44222
:10ABB000E342C442C342E442E442C33AC342C34212
:10ABC000E442E442E342E4420443044B044BE442E3
:10ABD000E442044B0543E442E442054B054BC442C6
:10ABE000C43AC342A43AE442A25303640364236414
:10ABF000436C2264E35BA35382536253824BA153A1
:10AC00006153624B8253A253A25B0464035C246CC5
:10AC10002364436C646C636C8474C474A374836C29
:10AC2000A374826C8274E47CA36C436C646C025CDD
:10AC3000E35B0364035CE25B446423642364436C6E
:10AC4000E25B225C636C836C626C836C626C626C32
:10AC5000A274A374E374A374A274E47CC374A37495
:10AC6000826CC274616CA274C374A374A374A37461
:10AC7000826CA274A36C626C826CA36CA374A36CD0
:10AC8000C374A274626C6164626CA374C374A36CB9
:10AC9000826C836CC474A26CC474A374C374C474D3
:10ACA000A46C62646364826C6264047DA3746164F6
:10ACB000626C826CA374E374037DA36CA36CE47C6C
:10ACC000A36CA474836CC36CE47C626C836CA36C13
:10ACD000836C636C836CA46C8374E574636CA47480
:10ACE000C47CA474C474C474E57CA474636C856C63
:10ACF000436C8574846C646C636CA4748474C474D5
:10AD0000A474A474836CA374A474C474C47CC47445
:10AD1000C47C047DE57CA374C4748474A46CA574A1
:10AD2000A474A574E57CE574846CA46CA474C574E7
:10AD3000C574E57C257DE574257D257D057D04753F
:10AD4000057DE57CE574C474C474C474C474E5748E
:10AD5000836C836CA36CC474E474C474E474E47C86
:10AD6000E57CE474A474A36C8374C474C474A47484
:10AD7000A46C846CA46CC474846CE57CE574C474A9
:10AD8000A474846CA46CA474A56CC474846C4464B2
:10AD9000646C2364035C4464035C0464035C446487
:10ADA0002464035C035C446C65642364235C236457
:10ADB00024642364035C44644464646C646C656C64
:10ADC000856C846CA474646C646C646C64644464AA
:10ADD000446C4464446C4464246424642464446483
:10ADE000036424642464E45BE463E45BC45BA35312
:10ADF000C45BA353C453C45BC45BA453A453A45BFC
:10AE00008453A453A453A453434B63538453444BDC
:10AE1000444B434B444B234B244B444B444B444BFC
:10AE2000444B444B6453244B444B444B444B244BC2
:10AE3000244B244B04432443244B03430443244B1B
:10AE400004430443244B244BE3420443E342C33A08
:10AE5000E342E442C342C342C342C33AE442E4424F
:10AE6000E442E442E442E44282538253A253A253B6
:10AE7000E36324640364246404640464E363C35BE1
:10AE800003642464446C446C846C01644264646CA8
:10AE9000436C23644364436C626C2364E35B23640C
:10AEA000C25BE25BE25BE25B036403642464E36332
:10AEB000C35BA353615362538253046423640364EA
:10AEC000236402640364025CE25B0364436C836C8E
:10AED000C374426441644264626C636C636C8374E7
:10AEE000A474A474A374C474636C436C836C4264D0
:10AEF000436C836C4264636C636C626C0264626C6E
:10AF0000A474A474836C236C025C23642364626C59
:10AF1000A36CA36CA36C826C826C826462646264B6
:10AF2000025C836C4264826CA36CC474826C626445
:10AF3000E374C3748264826CA36CA26CC374C37424
:10AF4000E474A36C836CC474836C4264C474E57C45
:10AF50006364A36C826CC474A26C636C436402640B
:10AF6000646C636C646C436C2364A4742364646CCD
:10AF7000646CA574C574646C646CA474C574A67C9C
:10AF8000C574C574C47CC574A474A474C474E57C0D
:10AF9000C47CC474C47C057DE47CE57CC474846C8E
:10AFA000A474A474E57C8474846CA46C856C436480
:10AFB000836CC474846C836C047D047D057DE474AF
:10AFC000C574846C626C836CA36CA36CC36CC47416
:10AFD000E574C474C474C474E574A474057DC46C4D
:10AFE000A46CA474C474C574C46C836C636C846CEA
:10AFF000A4746364846C846CC574A474A46CC474F9
:10B00000C474C474E574E574A474A474836CC574C6
:10B01000A56CA574A574846C846C846C836CC474F6
:10B02000A46C846C846C836C636C646C846C43640B
:10B030002364646C4464646C656C646CE35B4364BB
:10B04000656C846C6464A574846C646C846C656CDD
:10B05000646C44642364246444644364246424640A
:10B06000245CC353E45BE45BC353045CE35BE45BD9
:10B07000045C0464045CA353614B8353834BE45B23
:10B08000C453E45BC45383538353A453A4538453E2
:10B09000A4538453644B634B634B8453444B434BE3
:10B0A000434B444B434B4343244B2343244B2343C5
:10B0B0002443444B434B434B444B644B454B444B21
:10B0C000454B444B0443244B244303432443034B49
:10B0D000044B244B0343044B244B244B2543E342B2
:10B0E000044324430443044BE45BA35BC45B42532B
:10B0F000634B845B045C0364A153C25B8253624B69
:10B10000424B6253A353C35B0364225C426CE25B19
:10B1100043642364026402642264E25B0364E35BCD
:10B12000E363656C0464C35B036423640364035CCE
:10B13000246C03640464E45BC45BA25BC25BE35BFA
:10B140002464236423640364A25BA153C35BE25BB6
:10B15000426402642264426C436C2264436423644C
:10B1600042640264226442640264236402644364AD
:10B17000436C23642264436C4364436C22644364E1
:10B18000E15B22642264436C4364436C0264025CAE
:10B1900043642264236443646464436C23644364AF
:10B1A0002364836C636C836C4364025C4364636CF0
:10B1B0006364826C226462646264A26CA36C6164E6
:10B1C000826C4364636C4364235C43644364836CB8
:10B1D0004264836CC474E4740475A374C57CA47461
:10B1E000C574A4748474636CA4748374636CA47451
:10B1F000636C84748474636CA474A57C846C4364F1
:10B20000436C436C856CE57C8474646CA574C57C6C
:10B21000A474C574A474846CC57C836C636CA474BE
:10B22000636CA474C574636C856C646CA46CA47446
:10B23000C574C5746364646CE67CC474646C6464D3
:10B24000C574C474E574C474E474047DE474A374B4
:10B25000A36CE47CA36CA36CC374A36CA474C474CB
:10B26000E47CC46CE474E47CC474047DE574C4744C
:10B27000267DE57C067DE57CE574C474836CE4740E
:10B28000C474E474E474C374A36CE474E474C474A8
:10B29000846CE474A474C474A46CA474C474C4747E
:10B2A000A46CC474E57CE574C574C574C574E57498
:10B2B000C474A46C6364646C856C646423646464A7
:10B2C000646C2364246444642364035CE35B035C74
:10B2D000035C2464035C44644464045C035CE35BDB
:10B2E000E45BC353C35B2464E35BE25B035C236402
:10B2F0002464446424642464E45B2464E45BE45BC9
:10B30000055CE45BA453634B834BA4538453A45365
:10B31000A453C45BA453A45384538453844B6453F5
:10B32000A553A4538553644B644B644B6453444B03
:10B33000434B444B644B644B434B2343234B2343CA
:10B340000343034303430343244B2443444B244B11
:10B35000244B234B444B044B0343444B244B444B5F
:10B36000444B444B654B23438253A353C45B8353E9
:10B37000A45B634B42538253C35BE35BE363E45BD5
:10B38000A35B634B82538253C35BE35B8253614B8A
:10B39000246CE25B03642364E25B02644364E25B6B
:10B3A000E35BA35BA03A424B424B424B424B63539D
:10B3B000424B624BA253C25BA353C25BE25B23646A
:10B3C000C35B2264E2632264646C02642364446CA1
:10B3D0002364E25B23644464436C646C646C846C3B
:10B3E00084744364436C636C436C4264636C847424
:10B3F000846CA474A4748474426C836C836C436CFA
:10B40000426C636C025C2264E25B025C2364236432
:10B410004464035C2364E25B025C235CE25B025CE9
:10B4200043642364235CE25BC253C253235C4364E2
:10B43000E25BE253636C6264826CA3746264826C4C
:10B440006264636CA46C836C836C636C6364836CF4
:10B45000A36C836CA36CE47CC374E474E47CE47438
:10B46000626CA374C474C474A274C374C474E47CA2
:10B47000A474836CC574456C446C446CA574A57449
:10B48000A474636CA474A574E57C846C8374A57443
:10B49000A574A574A474E67C067D0685067DC57C2E
:10B4A000E57CE57CC57C636C2364646C846C836C94
:10B4B00063644364646CA56C646C63642364025CC1
:10B4C00024644264636C836CA46CC574A474C474F7
:10B4D000C474E574E47CC474E57CE474E474E374DB
:10B4E000C474C374047DE474C36CA374C474C3745F
:10B4F000E474C574E474E574057D0475257D047DEC
:10B50000047D257D2585658545854585868D257D3B
:10B51000257D057DE474E474057D057DC574E574C1
:10B52000E57CA46CE474A474846CA46CC574C474C9
:10B53000A36CE57CA46CA574856C846C646C43641A
:10B540006464646C646C436444644364436424646E
:10B550002464656C4464456C4464656C446C446468
:10B5600024642564045C25644464045C035C045C1A
:10B570002464E35B035C045CE35BE45BE35BC35375
:10B58000A35BC453A35BA453A453A45BC553C45B84
:10B59000C353C453E45BE45BE45BC45BC55BC4536B
:10B5A0008453A453A453A453A45BA4538453844B43
:10B5B0008353A4538453634B6453644B444B85536C
:10B5C000644B444B444B2343234B444B434B234B4F
:10B5D000444B855344536453444B444B644B234383
:10B5E000244B234B2343244BA35BC45B8353A45BB7
:10B5F000A453635384536353624B6253C35BA3539B
:10B60000A35BA353A35B63536353224B224BA3530C
:10B610008253C35BE35BE35B8153C25BC25BA253B8
:10B62000C35B8253624BA35BC45BC35BA35BE35B03
:10B63000E35BE3630464E463E56325640364036438
:10B64000E463E35BA253C35BC35BE25B0364236419
:10B65000E25BE35BC25BA253A253A2538153E25B62
:10B660000364E25B0264025C636C4264636C636C5F
:10B67000626C436C836C826C836C8374A374C4743B
:10B68000836C436C646C646C436C0364E25B2364A2
:10B69000236464644364035CE25B2364225C43646C
:10B6A000436424646464035C025C636CE25B226454
:10B6B00063642264416463644264225C2264636460
:10B6C00043646264826C836C415C4164836CA36CF0
:10B6D000A36C836CA36CA3748264A374826CC37424
:10B6E000E37CE47CC37CE37CC374E47CC374047DAE
:10B6F000C47CA374E57CA474A474C474067DC47C67
:10B70000A5748474C57C646C636C6474646C846CB0
:10B71000646C436C2364646C436C2364E15B02647B
:10B72000636C4364C474846C646CA56C057D836C29
:10B73000836CA46CA574856CA46CC574C574846C8E
:10B74000846CC574A574A46C646C2364025C43644B
:10B750004264A46CA46C846C846CC4740475E57C31
:10B76000C474C474E474057D247D247D4585257DE1
:10B77000E474257D2585E474E47C047DE474E3743D
:10B78000047D247D247D4585257DE474047D257D0F
:10B79000257D047DA374E474E474E474E574E57CAD
:10B7A000C574A46C846CA46CA574C574846C836C1F
:10B7B000A474C474A474A46C846C846C6364646C9A
:10B7C000646C846C63646364C574846C4364646C8B
:10B7D0004464646C44642364246464644464236443
:10B7E000246423642464045C0464E45B0464045CF3
:10B7F0000464045C045C0364045C045C2564E45B32
:10B80000C453E45BE55BE45BC55BC45B8453834B7F
:10B81000E45BA353C45BC453A353A353C453A453C3
:10B820008353634B634B8453834B634BA353A453A6
:10B83000C453C45BA453A4538353844B6353644BDA
:10B8400064538453A5536353844BA553A553845326
:10B85000A55B6453444B234B234B234B244B244382
:10B86000244B03432443444B0343234B224B434B7E
:10B87000234B024B634B234B0243E242434B424B6D
:10B88000224B0243424B224B434B434B44536353A3
:10B89000434B424B434BA35B6353A353E35BE363D1
:10B8A000E35B03640364E35BA35B634B414B625361
:10B8B0006253614BA2538253624BA25BC25BC25B79
:10B8C000C35B82538353C35B8253624B8253E35BFC
:10B8D00003642464236C03640364E25BC25B03645B
:10B8E0002364236C646C22644364436C4264436C41
:10B8F0004364E15B22648374636C836C836C626C6D
:10B9000042648374826C8374A474A474C474846C5D
:10B910006364846C226422648364846C456C646414
:10B920000264435C44640464E35B235CE25B235C89
:10B93000646C025C63642364E25BC153025C046474
:10B940002364215C42644264626C4264215CE15B7A
:10B95000E15B4264826CC474C36C826C626C8374FD
:10B96000A474836C836CA374C374E37CC474C374C5
:10B97000A474A374A474A374626C636C8374636C06
:10B98000846C8474636C646CA474846C636CA47441
:10B99000A4748474846C8474A474A474C57CC47406
:10B9A000C5748474C47C846C035C446CA46C836C28
:10B9B0004264035CE25B6264836CC474C374A46C11
:10B9C000636CA36C836CC474C474A46CA46CC574E1
:10B9D000E57C057DE574C474E574057D247D247DD6
:10B9E000447D047D247D047D447D2485247D047D67
:10B9F0000475E47C047DE4740475E374247D45855A
:10BA0000247D257D057D257D247DE474047D047DD4
:10BA1000257D45850475057DC374C474E574A474DF
:10BA2000A46CA474A46CA474E574C574A46CA5740B
:10BA3000C574C574846C846C846C846CA574A46CAB
:10BA40006364636423644364A47443642364846C04
:10BA50006364646C64646364636C4364636C846493
:10BA60004364846C856C646C6464656C856C656C23
:10BA70004464656C446425640464E45B055CC45BF5
:10BA8000C453A35BC453C45BA453844B834B635321
:10BA9000C45BE45BA4538353A353C453C45BA45358
:10BAA000A453C453E463E45BC45BC35BE45BC45B67
:10BAB000C353C35BE45BC453A453C45BA453A453F8
:10BAC000A4538453C55BA453A453A453C45BA45B85
:10BAD000A45B6353634B63538453634B434B645383
:10BAE000A453444B434B234B4453244B034B03433A
:10BAF00064534353A55B4353444BA23AE342244B64
:10BB0000034B234B034B234B6453434B6353434B34
:10BB1000234B4353224B22434353424B414B424B13
:10BB20006253214B624BA35BA353C35BA253E35B02
:10BB30000364036423642364E3632364436443640E
:10BB400023644464036404642464C35BA353A25B5E
:10BB500082538253C2538253E35BE35BC45BA35BB8
:10BB6000624B614B8253A253E363E25B0364035C69
:10BB700003640364636C436C025C436C2364436C36
:10BB8000636C636C4264015C02644364436C636C89
:10BB9000626C826C6264836C626C2364E25B4364FB
:10BBA000636C636C2264025C2464E45BC353E35BF8
:10BBB000035C2464045C035C035CE35B44644364F3
:10BBC000436463640264436444646364A46C636CAC
:10BBD0008264836C8364626C6364426C646C636CC7
:10BBE000015C015CE15B225C2164A36C626C836C90
:10BBF000626C836C636C646C846C836CA574836C02
:10BC0000A474E574636CC474A374636CC4748474A6
:10BC1000646C846C636C8474846C846C636C8474F6
:10BC2000836CA474A474846C4464846CC474E474DD
:10BC3000057DC574C574E57C257D2585057D057D5F
:10BC4000057D447D237D247D257D257DC374C374BE
:10BC5000257D057D047DE474C474C374057DE4749E
:10BC6000C474047D257DC374E3740475E474047D99
:10BC7000047DC474E474257D047DE37CE374047D59
:10BC8000C374C474A36CE47CA474A36CA36CA47488
:10BC9000A36CC474C474E474057D4685E47C057D9E
:10BCA000257D057DE47CC474A474846C8474636411
:10BCB0008574846C44648474A474A574A46C8474C2
:10BCC000646C646CA56C856CA56C856CA574836CC8
:10BCD0002364E574C4744364846C836C2264A46C30
:10BCE000A5744364636C646C446444644464446455
:10BCF000446403642564E45BE45BE55BA353A45301
:10BD0000C453C45BC45BC453C45BA453A45BC4539B
:10BD10008453A453A453C453A55BC45BC45BC353F3
:10BD20000564A453C453E45BE45BE453E45B045C48
:10BD3000E45BE45BC45BE45BE45B055CC45BE55B28
:10BD4000A453A353A453C55BA453A453644B84537B
:10BD5000A55B84538453A45B64538453834B634B2C
:10BD60008453634BA453A453244B234B244B24539D
:10BD7000034BE342813AA23AE44AA242C342C3429D
:10BD8000244BE242A242E242034B034B244B645356
:10BD900043536353024B024B234B42536253A3530F
:10BDA000A45BA453C35B0364E35B246CC35BC35B0E
:10BDB000E35BE35BC35BE35BE35BE25BE25BC25BD6
:10BDC000E25BC35BC35BC35BE45BC45BC45BA45B60
:10BDD0006353634B4353424BC35BA35BC35B24641A
:10BDE000446CE25BC35BC35BC35BA3538353845B61
:10BDF000A353C35BC35BC253E36303640364236461
:10BE000003642364436C2364436C436C4364436462
:10BE100023644364646C4364236442640264636423
:10BE2000436C836C636C226443642264235C2264ED
:10BE3000235C43640364235CC25B035C235CE25BBE
:10BE4000035CC35BA34BE45BC25343644264626420
:10BE5000836C836C43642364E25B446442644264A5
:10BE6000A46C836C836C836CA36CA374836CC374A9
:10BE7000836C836CC46C836CA46CA36C636CA46CC7
:10BE80006264846C2264436443646364A474636482
:10BE90004364846CA474A46CC474846CA574C46C72
:10BEA000047D05758474A46CC574C474E57CE57464
:10BEB000057DC574A46C836CC574C474A36CC37411
:10BEC000457D0475047D2575247DE4740475047531
:10BED000E4742575257DE574C46CA474E474A474BD
:10BEE000E474E57CA36C846CA46C836C846CA46C9B
:10BEF000836C846CA3748374426C846CA474C47467
:10BF0000A374E47CE47CE47CE57CC47CC574C47CE0
:10BF1000E47CE57CA374A374C474C374A37CE47C44
:10BF20000485C47CE47CE47C0585E47C058504858B
:10BF3000047D258DE47C0585057D2685C47CA47C57
:10BF4000C57CC474C474C474E57CA474C574A46C46
:10BF5000E474C574E57CA46C836CC574A56C846CB6
:10BF6000846C236464644364E2530364E35BE35BD3
:10BF7000C353E35BC353E45B045CE45B04640464A9
:10BF80002464456424642464E45BC353C45BE45BBD
:10BF9000E45BE45BE55BE45BA353A353C3538353CC
:10BFA000444BA132E13AA353C45BC45BA353C45BCB
:10BFB000C453A353C453E55BA453C45B8353E55BF1
:10BFC000E55BC55BC453A453A55BC55B8453845335
:10BFD000A453A453A453C55BC55BA4538453A45377
:10BFE000634BA55384538453C342C24A034BE34279
:10BFF000E34AE342E34A034B034B044B234B034B1B
:10C00000E34AE44A4553044BC342E34A25532353CE
:10C01000234B645B234B424B42536353234B234BD1
:10C020000343024B8453A3538353624B8353414BCB
:10C0300062538353624BA35BC35BA35BA35BA25BB3
:10C04000A2538253A35BC35BA35B825382536353AC
:10C050008353A353C45B624B6253424B224BC35B7B
:10C06000E45BE363E35BC35BC35BC45B8353845305
:10C070006353A353A35BA45BE45BC45BC45BC35B7C
:10C08000A35BC253A253C25BA253E35BE35BC25BFD
:10C09000C25BA25BE35BC25BE363E35B436C436451
:10C0A0002364236402642364436423642364436439
:10C0B0002364225C0364E45BC353C35BE35B045C03
:10C0C0000464E35B045C0464035C236443644364CE
:10C0D00042644364636C44646464646C6364436496
:10C0E0004264215C2264626C836C836C836442646E
:10C0F000015C42644264025C4364436C4364846C4C
:10C10000846CA36CA36CC474E474E57C047DC47477
:10C11000C474C474A36CA474A36C6364A574846CA9
:10C12000846C846C225C24642264236443642364EE
:10C130002264846C836CC374A36CC374A46CC474D5
:10C14000E57CC474A46C6364846C836CA474846C98
:10C15000846C646C646C035C035CE25B2364436426
:10C16000035C6464646C43642264636CA474A46CB4
:10C170006364846CC5748574C5748474636C836CE7
:10C18000A474A374836C836C836CC474A374826C76
:10C19000047D047DC374047D0485047D2485458568
:10C1A00024852485458D4585E484E47CE47C458DA7
:10C1B0004585458D2485E37CE47C458D0585C474E7
:10C1C000057DE474057DC574C574C574C574C574F6
:10C1D000A574846C846C846C646C436423642264F2
:10C1E00044644364636C646C2364646C656C2364B2
:10C1F0004564856C456424642464035C245C045CAD
:10C2000044642364035CE35BE35BE35B045C045C26
:10C21000045CE35B045C0464045C2464E35BE55B52
:10C22000224323438453C35BE45BE45B055CE45B30
:10C230000564E45BE55BC45BA453C55BE45BE55B61
:10C24000C45BC45BA453C45BA453A453C55BE55B4C
:10C25000E55BE55BE55BC453A45383538453634BB5
:10C26000634BC45B055CE55B234B2453445324536D
:10C270004453034B44534453245364532453034BB8
:10C28000034B823A044BC342A242C342A242C2427F
:10C29000E3424353024B4353224B8453E242C24294
:10C2A0000243034B6353234B224B024B6353434BD9
:10C2B000434B435363538353224B634B634B0243C0
:10C2C000224B434B424B6353624BA35B614B224B6C
:10C2D000434B635363536353835364530443C242D6
:10C2E000C23AC1420243434B224B224B0243024B10
:10C2F00001436353634B634B6253424B414BA35324
:10C30000624B8253C35B8353A35BE35BA35B036416
:10C3100022640264846C436C4364436C436C026427
:10C32000E25BC15BC15B025CC253C253C253C253E6
:10C330000364035CE35BE35BE35BC353C35BA35353
:10C34000C353E45BE45BC353E35B035CE25BE25B2C
:10C35000C353E35BE25B035C225C2364235C4364C2
:10C36000E25B4364226463644264225C436C636402
:10C370004364636C836C6364426C43646364836C86
:10C38000836C636CA474C474836C836C836CA46CC2
:10C39000836CA4746364836C636C846C846C636C62
:10C3A000846C636CA574846C846C646C6364846C4E
:10C3B000646C6464636CA46C636C856C636C646CA7
:10C3C000446424644464E25B23644464235C236423
:10C3D00044644464856C4464856C656CC574E57C18
:10C3E000C574C474A574846C6364836CA46C636C3E
:10C3F000636C836C43642364436C6364A374E47C64
:10C40000A374A474E47CE47C048545852485047DC0
:10C41000037D2485248524854585E47CA374E47C00
:10C42000057DC374E47CC47CE3740485E474A37464
:10C43000A474C474C57484748374A574846C6474A3
:10C44000646CA474A46C846C646C6464446444641C
:10C4500023642364235C446423642364436464642A
:10C46000846C646C6464646C6464846C846C646404
:10C470002364446443642364446444644464646C97
:10C48000446C4464436444644464446424642464A5
:10C490004464246424644464035C245C035CE45BBF
:10C4A000E45BE55BC35BE45BE45BA353A353A3538F
:10C4B000E45BE45B2564E36304640464E45BE35BE2
:10C4C0000464045CE45B055CC55BC45BC453A453B7
:10C4D0008353A4538353A453C45BA453A45305644C
:10C4E0002664055C05640564034B024B0343234B40
:10C4F000234B234BE24A234B234B234B034BE24278
:10C50000024BE34A645323534453244B034B244BC1
:10C51000E342E24A034B234B2353234B444B434B0D
:10C52000845363532243224B034B03430343034B84
:10C530000343E24202432243224B234B034B044B6F
:10C54000E342E342034B244B234B0243034B03439D
:10C55000E3420343E342E242234BC23AC342C242B4
:10C56000E24222434453244B0243434B44538453FB
:10C57000434B645364534353634B63536353A45B10
:10C58000A35BA45BC45B424B424B835B8353A353CB
:10C59000C35BC35B825361538253A253A353825341
:10C5A0008253824BA253C35B814B8253E35B035C98
:10C5B000C353E35BC353E35B035C035C4464035C0E
:10C5C000C253C353A253C2530464035CE45BE35BF2
:10C5D000045C0464E35BE35B235CE25BE35B035CBE
:10C5E000E25B2364235C2364235C4364025C236476
:10C5F000646C435C4364025C436442644364636C04
:10C60000636C836CA36C826C8364636C836CA36CBB
:10C61000626CC36CA374A36CC36CA474A46CE57447
:10C62000636C6364636C836C6364846CA46C636C20
:10C63000846C836C846C646C6364646CE253E35B51
:10C640006464846C646C235C846C646C646C4364AC
:10C65000846C646C236444640364235C4364846C6E
:10C6600043644364846CA474E574A574C474E57471
:10C67000C574067DC57CC574E57C25852585458505
:10C680002485257DE47C257D868D658D247DE47C57
:10C69000057D2585E57C4585047DC474A574C47C31
:10C6A000067DA474C57CE57CC474E47CA374646CCE
:10C6B000436C446C8474446C4464436C24644464EC
:10C6C000236443644364A574646C856C656C646C1A
:10C6D0004464656C646C4464656C846C4364446C51
:10C6E0006364646C846C6364636C6364636C846CA7
:10C6F000646C446443642464646C446C43646464A4
:10C70000035C426443642364446444644464E35BC0
:10C71000C353E35B045C0464E35B24640364E35B92
:10C72000E45BE35BE45B245CE45BC45B824B8253CD
:10C73000A353C35B24642464446C446C446C246C35
:10C740000464045C0564C353A353A453E45BC4535F
:10C75000C45B045C056425642564045CC353045C09
:10C76000E45B0464055CE45BE342E34A034B034B94
:10C7700024534453034B244B034B044B034B24538C
:10C78000034B234B4453034B234BE34A234B034BB1
:10C790002453E342044BC342823AA23AE34A034B96
:10C7A0006453234B0343034BE342A23A813AA23A38
:10C7B000C23AE3420343234B034BE23AA23AE34239
:10C7C000E342A23AC33AA23AA23A823AC33AC342F5
:10C7D000A33AC342044B0443044B034B434B8353E0
:10C7E00084538453234B0343E34A234B0243444B78
:10C7F0004453234B0343E342E342C23AC242E24280
:10C8000002432243424B4353424B224363538353DD
:10C810008353A3538253C45BA353A35BE35BE35BE8
:10C82000E3632464E3630464046444642464035C95
:10C83000E25BC2538153C253824BA253E35B035C5E
:10C84000E35BE45B0464035C035CC353624B634BD4
:10C85000C45BC453045C2464035CE35B446404640D
:10C86000035C035C2364436424642364E35B025C31
:10C87000035CC25BC253C35B045CC353E45B045CF4
:10C88000E353025C035CE25B235C035C236423648C
:10C89000035CE35B235C036444642364225C2464E0
:10C8A000E35B24646464646C64644364646C646423
:10C8B000646C646C43646364636C846C846C846CCB
:10C8C000C574847443648474646C436C025C236434
:10C8D000636C2364236443640364646CA46CA47475
:10C8E000A46CA46C846C636CC474A46C636C846C62
:10C8F0004264836C846C426C846C8374C474C474AE
:10C9000083748474C474A47CC4748374426C846C13
:10C9100084748474846C646C84744464446C45646E
:10C92000456C4464045CE35B24642464235C4464D9
:10C9300003646364646C43644464656C23642464CA
:10C9400004642464035C035C2364446423642364FC
:10C95000236464642364235C446C235C2364646404
:10C96000646C646C646C6464646C4364846C446480
:10C9700023644464446C64644464646C2464236489
:10C98000446444642364235C0364E25BC25BA2539B
:10C99000E35BE35B035C2464C3530364435CE25BDB
:10C9A000035C24644564446C245C456445644564CC
:10C9B000045C045CE45B63538353835BC45BC45BD0
:10C9C000E463045C246445642564E45BE45BE45B49
:10C9D000E45B045CE45B2464E45B0464045C256461
:10C9E0002564256425642464C342C342833A823AA1
:10C9F000A342A33AE44AC342823A813AC342E34A99
:10CA0000823AA242E3422453E342A242C342E34AAF
:10CA1000E342A342A342633A433A643A833AA33AD5
:10CA2000C23AA23AC33AC342E33AE342A23AE342E9
:10CA3000C242C342C342244BE3420343234B43530A
:10CA4000434B244B034B044BE342C33AA23A823A92
:10CA5000E342E342044BC23AE242444BC242034344
:10CA6000E342C342C342843AA33AA23AE242234B8E
:10CA70000343C342244B4353234B6353A45B84536C
:10CA80008453C45BA45B83536353424B8353E4637B
:10CA9000C35BA35B8353A353A35BA353A35BA253C7
:10CAA0008353A35B8253E35BE35BE2532364E25B68
:10CAB000C253C253A253C353E45B8253824BA3536A
:10CAC000A3538253E35BC353A253C45BE45B83531E
:10CAD000834BA353C35B834BA353C45BE45BE35B14
:10CAE000A353E35BC353C25BE353E25BC253045CF7
:10CAF000E35B035C045CE45BA353A253C35B045C91
:10CB0000C35BE35BC353E35BE45BE35B824BE35BED
:10CB10002564C3532464E35BA353A253E35BC35371
:10CB2000C45BE45BC353A253A253A353E45B04640A
:10CB3000C353E45B045C0464045C4464035C2364EA
:10CB40004364446C035C246C4464646C656CA4743E
:10CB50008574846C8574446C856C8574646C6464C1
:10CB6000646C646C2364235C636C846C6364836CAA
:10CB7000A46C846CA574646C446C646C656C446CCB
:10CB8000646C646C646C0464035C0464E35B246440
:10CB9000446C045CC25B04640364035C045CE35B9C
:10CBA000E35B04640364245C45640464045CE35B49
:10CBB0002464035CC353E45B824B824B8353A453D2
:10CBC000834BA353C353C35B035C225C025C43648B
:10CBD0004464235C436423646464636C646CA46C89
:10CBE000436443644364646C426444644364236404
:10CBF00024642464035C035CE35BC253C253C253EA
:10CC000023642364E25B2464235C246445644464F9
:10CC1000636C43644464646C63644464646C846CF7
:10CC2000846C4464446424642464045CE35BE45BD7
:10CC3000246425640464E56BE4638253835BC45B12
:10CC4000E463035C0464045C0464045C256424649D
:10CC5000045C246425646564456C4564456C456CDE
:10CC60002564446445642564633A8442633A433AE4
:10CC7000A442633A833AC342633A623A633AA342B4
:10CC8000823A823AC342C342E44AC342C342034B9C
:10CC9000C242C342C342E442E44AA342633A833AF3
:10CCA000833AC442E44AC442E34AE442A342C34250
:10CCB000A342A33A823A633A823A833AE44A044B63
:10CCC000C342C342823A833A833A833A633A823A0E
:10CCD000E44A234B4453635342536353234B044B63
:10CCE000C342A342244B444B445364534353434BEA
:10CCF000435363536453234B64536453434B435331
:10CD00006453845B845B434B4353224B224BE2428C
:10CD1000034B034B224B43536353234B4453234B4B
:10CD2000434B4353644B6353A3536253A353624B2C
:10CD30008353A25383538353845383538353835323
:10CD40008353434B434B8353424B83536453424B74
:10CD50006353C55B835363536353624B6353434BCA
:10CD600084538353434B624B83538453A45B624B82
:10CD7000A253A35BE45BA35383538353C45BC45BA1
:10CD8000A353C45B8353C35BE463A3536253634BFA
:10CD9000A453835383538353624BA35BC45B83537A
:10CDA000A453A35BA253E35BC55BE45BA353E45BC7
:10CDB000C45B045CE45BC353E45B456C0364235CC9
:10CDC000656C035C2364646444642464656C64641B
:10CDD0002364446C235C4464446C2464235C2464B6
:10CDE0000364235C0364856C6464636C44646364FF
:10CDF000446C4364236423642364E35BC35BE353B5
:10CE00000364035C035CE35BE35B0364245C046432
:10CE1000256424640464E45BE45B046404642464C3
:10CE20002464E35BE45BE35BC45BE45BA453A35374
:10CE3000C453A45BA353A353C353C35B045C0464F4
:10CE4000E45BE45B046424642464656C4464656CA2
:10CE500044640364035C2364656C2464035C44647D
:10CE600003644464035C246423640364E35B036439
:10CE7000E25B035C236403642364446C646C646C51
:10CE8000446C4364446444642364235C0364236407
:10CE9000235C44644364646C6464646C636C846C9D
:10CEA0006464646C4364646C646C6464446C646463
:10CEB000646C646C64644464446464642464235CEB
:10CEC0002464E45BA35BC35BE45BE4630564256407
:10CED000246425644564656C4564256404642464A5
:10CEE0000464046424642464433A4232633A423260
:10CEF000833A8342833AC342C342A342C342C342FA
:10CF0000A342A342C342C44A044BE44A044B044B29
:10CF1000E44AC342E34AE342E34A833A833A623A49
:10CF2000633A42322132633A623A833A8342C442DC
:10CF3000A342833A623A833A8342833A833A633A1A
:10CF4000833AC342E342A342823A8342833AA342F2
:10CF5000E342E34A6453635BA45B4253434B235372
:10CF6000C342034B24534253234B034B2353845B51
:10CF7000A45B845B645B65532453034BE34AC24266
:10CF8000C242A342C342E44A044BE34A044BE34A8D
:10CF9000E342A23A823A813AE34AC242C23AC242E8
:10CFA0000343444B234B234B034B0243034B0243AA
:10CFB000E24203434353434B424B224B434B224BEE
:10CFC000024B424B234B434B024B0243424B244BFD
:10CFD000C23A034B0343024B234B634B63536353EC
:10CFE000234B034B424B43538453434B424B6353BA
:10CFF000635383536353434B4353434B8453434BD8
:10D0000043536353635383538453A45B83536453E5
:10D01000635383538453A35BE45BE35BC45BA35B15
:10D020008353A45BC35BC35BA253824BE35B246467
:10D03000E35B035CE35BE35BE35BE35B035C035C9D
:10D040002364035C235CE253035C035CE35B035CEB
:10D05000045C44642464C35B035C235C0364235C5E
:10D06000035C035C035C2364035CE35BE35BE35B03
:10D07000035CE35B4464235C035CE35B045C246467
:10D0800044642464E35B035C035CE35BC253E45BE2
:10D09000E35BE45BA253C353E35BA253E35B04642F
:10D0A000046404640464C35B035C03642464246454
:10D0B000035C035C035CE35B035CE35B045C035CB9
:10D0C0000464035C25644464045C2564045C0364B8
:10D0D000035CE35BE35BE353A253035C035CE35B4E
:10D0E000035C23642464236423642364036444642E
:10D0F000646C446C646C846C636C636C436C646CD3
:10D10000636C6464636C846CA574846C846C436429
:10D110004464436423642364036443644464436455
:10D12000446C6364646C6464646C6364446C436402
:10D130002364436444646464646C64644464646C41
:10D14000446425640464E563C35BA3538253A3531F
:10D15000035C04644464446423642364446444645A
:10D16000656C256424642464423222324232633A7C
:10D170004232633A833A423A623A623A6232623AFD
:10D180004232423242322132423242320232012AA9
:10D19000012A01324232633A833A823AA342A342DD
:10D1A000C442633A633A8442833A833AA342A33A3D
:10D1B000A342C442C442A342A342C442A342823A0D
:10D1C000A342C342A242A342A33AA3428342A33A48
:10D1D0008442C342044B034B034B234BE34AC342F9
:10D1E000A442833A823AC242C342C342E34AE34280
:10D1F000E34AE342E342A242C242034B034BE3420F
:10D20000E34AE342E342C342C242E342234B645354
:10D21000645B44532353034B234B044BE342034BC4
:10D22000034B03434353234BE342E342E342034BA9
:10D23000244B034B234B234B02430243234B224BF0
:10D24000234B634B63536353634B224B434B244B3E
:10D250000343044B03430343034B234B434BE2423F
:10D260000343E2422343434B0143024BE242434B1D
:10D27000234B234B444B234B244B234B244B034B3B
:10D280000343E3420343244B244BC242E342E242C2
:10D290000343234B424B625383536253634B6453A8
:10D2A0006353C45BC45BC35B0464E35BE35BA25393
:10D2B000A253A35B824BC45B624B624B8353834B91
:10D2C000624BE35BE35BE35BC353824B824BC35B29
:10D2D000E35BE35B045CE35B2464C35BC353045C18
:10D2E000E45B0464045CE45B0564C353045CE45BDA
:10D2F000E45B045C2464E35B025CC45B8353624BC9
:10D30000A253824BC25B045C4464C353E35BE35BA4
:10D310002364035CE35B235C446404640364E363AD
:10D32000035C04640364E3630364035C035C2464DC
:10D33000036424642464246425640364E35B046458
:10D34000E35B0464E45BA353A35BC35BA353E35BB2
:10D350002364035CE25B03642464446C846C847423
:10D36000646C646C63644364236443642264436C4C
:10D37000436C636C646C636C646C84748574A474B7
:10D38000A574A474A474846CA574C474A574846C0A
:10D39000A474A574A574846C846CA574A474646C62
:10D3A000846C646C436C4364446C646C636C446470
:10D3B000436C646C4464446424644364446444641F
:10D3C0004464456C4464246424640464E35BC35B88
:10D3D000A45BC45B256424642564446C4464446495
:10D3E000646C2364245C05644232023222322232AD
:10D3F000223222322232022A022AE129E229023290
:10D40000022A413A623A833A833A823A823A834222
:10D41000833AA43AA3428442833AA442A442A33A60
:10D42000A442A342A33A8342833A423201322232D7
:10D43000833A833A623AC442C342E44AC342A342B3
:10D44000823A633A4232823A633A633A633A433207
:10D450004232433A4232623AC342823A833A643AAF
:10D46000433A633A833A43328342A33A623A833A75
:10D47000C342A242C342E34AC342C342C342C3427D
:10D48000833AA342A442A33A8242A23AC342C2428E
:10D49000C242C242A242A342C342C3420443244BFB
:10D4A000244B234B244B02430243224B434B434B1D
:10D4B0006353434B444B434B244B234B244B234B51
:10D4C000444B02430243444B6353434B434BE342BD
:10D4D000234B234B234B6453434B6353444B034332
:10D4E000244B444B445364538353634B224B234B91
:10D4F0000343E342E342823A823AE342C342A23A1E
:10D50000C33AE342E44AE3426232823A8232833AE5
:10D51000C342044B03430243E242224B0243234BE8
:10D52000434B034BC13A424B6353E1420243E24255
:10D53000E3420343244B0243E23A2343234B434B4E
:10D54000834BE35BA353624B624B424B834B0564BB
:10D55000C353E45BE45B2564045CC353A353C45B23
:10D56000A353A353A3538353634BE13A434B624BFF
:10D5700022438353A353A253C253824B8353A34BDF
:10D580000364A3538253E45BA353A35BE35BE353C2
:10D59000035CC253E25B0364035CE35BC25B036452
:10D5A0004464446CE35B24644564C45BA35BE46350
:10D5B000A353A35B624BA25BA253C35BA253A25BC8
:10D5C000E45BE45BA35BE45B0464056404642464DF
:10D5D0000364446C036444642364236C846C636C50
:10D5E000636C847484748474A474A47CA474A47C14
:10D5F000A474C47C84746474236C23642264446CB7
:10D600008474846C8474836C8474A474836C847454
:10D61000636C646C83748474A474646C846C6474CC
:10D62000646C8474856C646C846C646C2364646C5A
:10D63000436C646C436423642364646C856C646C25
:10D64000446C446C446C446CA57464744464256CF0
:10D6500005648353424B224B6453E55B0564446489
:10D6600044642464446445642232423242322232A9
:10D67000433A633A4232623A623A833AA342623AA6
:10D68000623AA33A833A823A823A82426232623AF8
:10D69000433A2232423A4232623A43324232433AC7
:10D6A0004232623A42324132433A223222324232EA
:10D6B00022324232423A4232423A633A42322232D1
:10D6C0002232012AE1292232E229022AE229023207
:10D6D00002322232623A6232633A8342823AA3428F
:10D6E000623A833A833A623A4232633A623A623A3F
:10D6F000833AA342823AA342823A623A623A623A57
:10D70000623A833A623A833A823AA342C342A242DD
:10D71000A242A23A823AA342823AA342C33AA24226
:10D72000C33AA23AC23AC242C23AC23AA23AA23A70
:10D73000A13AA23AA23AA23A823AC23AE342E34278
:10D74000034BC342E342C242E342E342044B034B76
:10D750000343234B234B434B234B434B034B034B81
:10D76000E342A342E23AE242234B234B234B034BD7
:10D77000E342E242E3420343E342044B244B044BC3
:10D78000244B4353434B234B434B635384536453C6
:10D790006453644B235384536453434B6453034394
:10D7A000034B244B2343224B8453E242C142234B7D
:10D7B000E3424353244B23430243834B624BC35303
:10D7C000A3536353624B8353A45BA5538453835386
:10D7D000A353A3534143A353835342436353A353DC
:10D7E000A353E55B824B8353A353A353E45BC45B16
:10D7F000A353834B8253045CE45B8353634BA45376
:10D80000A253834B824B8353624BC453A353A25303
:10D81000E35BE35BC2532464035CE35BE35BC25BF7
:10D82000C35BE25BA253C25BA25BC35BC35BE35B14
:10D83000A35BE35BE363E35BE463E363C35B046415
:10D84000C35B0464E3630464046424640464446C9C
:10D8500002642464446C446C8474446C846C64740A
:10D86000846C8474646C8474647484746474637489
:10D870008474847485748474A57C8474857CC57C6C
:10D88000C57CC57C8474846CA474646C436C84749F
:10D89000436C646C636C646C646C636C446C646C4B
:10D8A000646C646C64748474647484748474646C70
:10D8B00085748474656C856C4464446C646C656CBC
:10D8C0006464646C8474846C646C436C646C846C99
:10D8D000236C0464C35BC563A45B434B234BC45BF1
:10D8E0002564656C446C646C4232433A02322232E5
:10D8F0002232223222324232223221324332223248
:10D900002132423A623A223221322232012A623AEA
:10D9100062324232423221324232623A4232423A38
:10D92000633A4232423A423222324232633A42321D
:10D93000223222320232022A43324332633A4332E3
:10D94000423A833A8342633A633A433A433A633210
:10D95000633A833A833A8342833AA342A342A33A87
:10D96000823AE34AC342C442A342A442A442A3422D
:10D97000C342A342A33AA342833AC342C442E4420D
:10D98000044B2553E3420353044B034BE34AE34A5E
:10D99000E342A242034BE242E242C242C33AC342E2
:10D9A000C342C23AE242E342C342E442E342C342D8
:10D9B000E442E342E342E442C342A33AC342E342C5
:10D9C000C33AA33AC342A33A833AA23AE442E342B7
:10D9D000C342E3420343034B034BC242E342244BA3
:10D9E0000443E442034B244B044B244B244B034B92
:10D9F0002343034B034BE242234B234B234B234351
:10DA0000024B234B224B424B434B6353434B02434A
:10DA1000034B234B0343C242C33AA23AC24262328F
:10DA2000823A0343234B4353034BC2426453445350
:10DA3000234B63536353634B634BA45B834BA353ED
:10DA4000835301432243234B0243234B024322438C
:10DA5000C353A4538353A353C45B8353A353A3530C
:10DA6000A353C45BC353C353C353C353A353824B86
:10DA7000A253824BA353A353A253634B434B424342
:10DA8000A353C45B834BA353A353624B8353A2534F
:10DA9000A253A253A253C353A253A253A353C35B93
:10DAA000A253E463C35BC35BE363E3630364E363C5
:10DAB000236C246C0364E46BE363C35BA35BA25B32
:10DAC000C35BE363C25BE363036C246C0364236C9A
:10DAD000246C436C446C6474646C64746474646C2F
:10DAE000236C64746474446C436C847484748474B0
:10DAF000847464748474847C8474A57C8474647475
:10DB00006474646C647485748574647464748574FA
:10DB1000657484746574446C64746574647464744A
:10DB20008574436C236C2364446C64746574646C06
:10DB3000646C446C647485748574856C656C646C09
:10DB4000246C2364446C446C436C4464646C85743E
:10DB5000647465746574666C256CC5634453435383
:10DB60006453C463256C246C02324232423A42321E
:10DB7000022A2132633A633A433A4332633A223209
:10DB8000022A0332433223324232433A43322232B0
:10DB9000223242320132022A2232423A633A42327D
:10DBA00042324232633A633223322332633A0232E0
:10DBB0002332223243322232433A022A22322232A2
:10DBC000222A423A633222326232012A022A423A3D
:10DBD0004232223242324232633A633A6232423A4B
:10DBE0002232222AE129022A0232212A012A423241
:10DBF00022326232423A4232423A633A423222326C
:10DC000042322232012A2232212A41326132633ADF
:10DC1000623A62328342C342623A823AA342623239
:10DC20006132A342823A6232813AA23A823A613246
:10DC3000823A823AA23AA342823A823AA23AC34252
:10DC4000C342C342833AC342A33AA33AC442C34243
:10DC5000C23AA23AE342C242E33AC23AE242823ACA
:10DC60006132823AC342A23AA23AC342E342A23AA2
:10DC7000A23AE242C242E2420343E2420343034B7E
:10DC80000343244BC33A034B044B0343E342A23AFE
:10DC9000C23AC342C33AE442E44A044B0343A33AC0
:10DCA000C3420443244BE442044BA23A244BE342D4
:10DCB000E242234B434B634B424B634B8353434BF7
:10DCC000A353A45B8353434B83534353E242024326
:10DCD00083536253634B224B634B624B834B83539F
:10DCE000634B624B835383538253A253C35BC35B27
:10DCF000E45BA35B8353634B424B634B845384537A
:10DD000083538353C45BA4536353A453A453E45B6E
:10DD1000C45BA3538353A353634B82538253E46383
:10DD2000C35BE45BE463E35BE35BE363C25B046408
:10DD300004640364E3630464E46304640464046CDF
:10DD4000456C446C446C4574656C8574446C446CDF
:10DD5000436C446C647464746474646C436C647485
:10DD6000446C64748474647464744474236C246CAC
:10DD700064746474647444746574446C447484742A
:10DD800064746574646C246C6474446C446C246CBA
:10DD9000246C246C446C457465746474646C6474A1
:10DDA0006474446C6474446C446C4474436C236CBD
:10DDB000036C0364E263E35BE25B03640364236478
:10DDC000446C636C646C646C656C6474656C6474E2
:10DDD0006574446CE463C363246C0464E563056C9C
:10DDE000A463024B2353E563E129E129E129E129F9
:10DDF000012A023202322232C1290132E229223AB8
:10DE0000E129E229E231C129C229C229C229E22934
:10DE1000E229233223322332433A2332E229012AF0
:10DE200042322132423243322232233264322232AF
:10DE30004332022A633A623222322232633A633A2E
:10DE4000633A833A6232633A423222324232633A6E
:10DE500042324232423222324232623A62324232FA
:10DE60002232022AE2292332633A633A633A633A5E
:10DE7000833A833A833A833A633A633A2232833A63
:10DE8000633A633A63324232833A4232A33A623AA5
:10DE9000623A833A823A623A633A833A833A8342F5
:10DEA00062328342A342A342E44AC442C342A34231
:10DEB0006232823A833A823A623A823A8342A34297
:10DEC000C342823A823A823AA342623AA33AC342B6
:10DED000C23AC242E342E342034BE242A242A242BE
:10DEE000C342E242E34AC242A23AA242E44AE34ABD
:10DEF000A342C342C33AC23AA23AA23AC342A23AA6
:10DF000081326232823AA33AC342C242A23A823A90
:10DF1000823AC342A23AE342E2422443E242C3428B
:10DF2000E342823AA33AA33AE33AA23AA232034343
:10DF30000343444B634B634B634B634B424B023B8A
:10DF4000424B434B434B424B4453234B444B424B7A
:10DF5000434B434B6453234B244B234B234B84535E
:10DF6000434B224B434B4353634B6353224B434B33
:10DF7000234B0243234B0343034B224B63538353F3
:10DF80008353835383538353A45B8353A35B835390
:10DF90006353634BA45BC45BA35BC45BC35BC35BA6
:10DFA000E45BC35BC35BC35BE463035CA35BE35BF6
:10DFB0000364E463E45B0464E45B0464E45BC35B08
:10DFC000C35BE363E35BE363E3630464E36303640E
:10DFD000446C446C446C446C446C246C2364236C2B
:10DFE000446C446C446C446C446C246C036C246C32
:10DFF000236C046C03640364236C036C0364036C80
:10E00000246C246C246C246C246C446C246C246C70
:10E01000246C446C446C446C246C446C436C446CC1
:10E02000636C647464746474446C64746474647461
:10E030006474446C446C6474446C446C446C6474E8
:10E04000857484748574646C446C446C456C646C35
:10E050008474857485746474436C647464748474A7
:10E06000456C466C645B8353022A22322232223290
:10E07000022AE129012AC121E1292332423A23322D
:10E08000E129023223320232022A433A433A02326F
:10E09000433A433A4332223243322332223221324C
:10E0A00021324232423A223202324332633A433A16
:10E0B000623A4232623A2232633A42324232213288
:10E0C00022324232423A433A2232633A423A022AF6
:10E0D0002232433A22322232223243324232423A0E
:10E0E00043324232433A633A43322232012A2232E5
:10E0F0004232413A423222320132012A012A0132AD
:10E1000022324232012A222A212A423262326232E9
:10E11000A442623A4332623A833A823A623AA34272
:10E1200042324232623222324232423A22320232A7
:10E13000633A633A023243322232022A022A2232FC
:10E140002232423A833A833AA342A342A342E442B0
:10E15000A242A33AC33A823AC33AA342A342E34259
:10E16000E44AA342A342A342833AA342A33A833A96
:10E17000A242833AC342C342A33AE3420343044365
:10E18000C342C342C3420343244B044BE242044311
:10E19000E442E342C23AC242C3420343E34AE34297
:10E1A000E242E342234B0343E342E342244B234B4B
:10E1B0002343034B434B234B434B434B434B0343BF
:10E1C0000343434B034BE242A13A0243234BE24257
:10E1D000A13AE242E342E242E3420343424B024BB2
:10E1E00083538453635364536253634B8353835306
:10E1F000A35B835383536353835384538353635386
:10E20000624B625362538353A35BA353A353A35B39
:10E21000C35B6253C35BC35BA35BC35BA35BA353DF
:10E22000A35B62536253E45B04640464E35BE363F3
:10E230000464046424642464E3632464446CE46339
:10E240002464246C246C046C03640364E363046C32
:10E2500003640464E363E4630464246C046C036493
:10E26000036C046C236C046C246C046C2464246CB8
:10E27000046C256C246C236C4474446C446C64748E
:10E28000656C446C4474446C246C246C246C23646E
:10E29000246C246C046C246C2364246C236C446C08
:10E2A0004474446C446C246C236C446C446C24644F
:10E2B000246C436C446C446C447464744474246CE7
:10E2C000046404640464E45B0464E35B24646474D1
:10E2D000446C246CE463E463E463E463236C236CC4
:10E2E0004474456C256C256C022A0232433202329A
:10E2F000022A022A233202322232433A4332E231E4
:10E30000E129E22922322232023202322232022A68
:10E310002232022A012A0232022AC129E129012AD3
:10E32000E129223202320332233222320232E1293F
:10E33000423A0132022A02322232223A0232223296
:10E34000023243320232012A0232012A02320232FE
:10E35000033203320332E2292332C229A121E231FE
:10E36000C22902322332023202320232012A01323F
:10E370002132223201322232012A012A2232423251
:10E38000423243324232423241326232623A4232A5
:10E39000633A4232423A62324232423A633A623A33
:10E3A00042322232623A2132223222324232423226
:10E3B000623A223222322232433222322232223254
:10E3C000022A23324332423A633AA43A8342423227
:10E3D000423241324232623A633A6232423242322D
:10E3E000633A42324232633A42324232423A633A0A
:10E3F000633A633A823AC33AC342A33AA342C3425E
:10E40000C342A33AA33AC442C342A23AC33AC34264
:10E41000A23AC342C342C33A0343034BE442E3423A
:10E42000244B03430343024B244B244B244B034311
:10E43000234B2343444B234B234B434B0243434B3C
:10E440004353234B234B84536353A45BA35B8353FA
:10E450006353A35B835383538353845BA45B6353F2
:10E46000A45B845BA45B835364538353A35BA35B70
:10E47000C35BC35BC463C45BC35B0564E463C46325
:10E48000C35BC35BC35BC35BE45BE363E463E46301
:10E490000464E45B0464E463E45BE463C45BE4633A
:10E4A000C45BC35BC45B0464E46304640464046429
:10E4B0002564246C04640464E36304642464246CAD
:10E4C0002464246C036C246C446C4574246C036CCD
:10E4D000246C2474246C246C4474246C2474036CA5
:10E4E000046C236C046C036C0464046C046C046C96
:10E4F00003640464246C0364046C0364E363046CC9
:10E50000246C246C246C0464246C246C246C456C92
:10E51000046C246C2464246C046C0464E46304645C
:10E52000C363E463C35BA25BC453C45BA453A35340
:10E53000A453A45BA35BE363446C246CE363E363D5
:10E54000E363C45BC45BE46304640464246C446CF0
:10E55000246CE463E463E563C463C35BE563E56380
:10E56000C45BC463C463E463A02181218019A0213A
:10E57000E229E129C129C129C129E2292232C1297F
:10E58000A121A021E231C129C121A121C129E22972
:10E59000022AC129C129022AE229E129E2310232F3
:10E5A000433A23320332243A03322332233A2332CA
:10E5B000233A233222320332433A233203322332C4
:10E5C000233A23320332E231233A03320332033255
:10E5D00003322432243A2432C229A2298121812102
:10E5E0008121E22903320232033202320232233A1B
:10E5F0004332423A22324332433A4332433A22329E
:10E600002332423A22320232012A0132423242326B
:10E61000423AE129423222322232423A42324232F4
:10E62000423A633A42324232833A623A833A423A57
:10E63000623A413242324232423A2232012A223294
:10E64000633A2332433A4332433A623A4232013226
:10E6500022322232022A423222322232C129E129D6
:10E66000012A023221322232E1292232012A012AF0
:10E670004232633A833AC342A23A823A6232613208
:10E6800062324232022A422A6232423241324132FC
:10E69000823A823AC23AC242E242A33A82324232D9
:10E6A000A33A823A813AC23AC342823AC23AE34238
:10E6B000C242E342C242C33AA23A823AC342E4426D
:10E6C000E44AC242234B2453024B43534353635304
:10E6D000835B8353635B835B6253A35B845B4353C2
:10E6E00083534353434B024B6253635BA45BA35B73
:10E6F000C363C35BC363C45BA35BC363835B835BB1
:10E70000C45BA35BC463A35BE463C463E463E463CB
:10E71000E463C363E463C363E463C463C45BC4636B
:10E72000835BA35BA35BA45BC3638253635BA35B59
:10E73000A35BE463E463E463E463C363A35BC36375
:10E74000C363C363C25BE363C363E363E363036CF9
:10E75000E363E263036C236C236C246C4474246CC9
:10E76000236C046C036C036C0364036C0364036C20
:10E77000E363E363E36BE463C363E363C363C363C0
:10E78000C363E463C45BA35BC463C45BC463C3636C
:10E79000C35BC45BC363A35BA35BC45BC463835BF6
:10E7A00083536353835B63538453434B6453435397
:10E7B00084538453C45BE463256CC463E463E463FF
:10E7C000E463C463E463E463046C256C246C046454
:10E7D000246CE563C463C4630464C463A45BA55B85
:10E7E000A463C45BC463A45BE229C129A121C2293B
:10E7F000C1218121C229A121C229E229E229A1291D
:10E80000E229E229C2298221A1218121E331E229E1
:10E810000332032AE2290332E229C229E331E22941
:10E82000C231A229A329C531C431C429C331A329C6
:10E83000822182218229A229A22982218229822160
:10E84000A229A229C329E331C3298229A229C329E4
:10E85000C331C329A22962216121A229A229A129A8
:10E86000C229A229E3310432E331E3310332233AEE
:10E87000233A0332E231032A23320232C221E2294F
:10E880000332233223322232433A4332223A423293
:10E89000223242322232423A22324332423A233246
:10E8A0004232423222324232423A833A423A42328F
:10E8B000633A4232423A833A623A21324132423A30
:10E8C00042324232423AA44263322232223242324D
:10E8D00022322232633A6342433A4232633A633A23
:10E8E000833A833A633A22324232833A833A633A32
:10E8F000833AA342823A6232833AC33A6132833A1C
:10E90000823A422A6232823A823AA33AA33A823265
:10E91000A23AC33AC33AC342E242A33AC342A23A3A
:10E92000C342A23AE442C342E342E342C342A242A8
:10E93000813AC242823AA3424232623AA442A23AA5
:10E94000A33AC342A242C342E34AC342E34AC34298
:10E95000E24AA242024B234B2253224B224B635BDF
:10E960006353635B835BA45BA463845B835B4353FC
:10E970006353835B835B825B635B42536353635389
:10E980008463A35BC463C463835B835BC35BC46353
:10E99000C463A45BA35BA45BA35B835B635B425325
:10E9A0006353635B4253845BC463A35BA35BA46355
:10E9B000A35BA35BA463A35B835B835BA35BA45B9D
:10E9C000835BA35BA363A363835BA363C463E46B05
:10E9D000036CE463E363046C246C036CE463E3633F
:10E9E000E363E4630464E363C463E463E463E463F0
:10E9F000E463E463E563E563E563C563C463E5631A
:10EA0000C463C45BA463A45BC45BA463A45BA45B96
:10EA1000A45BA463A45BA45B845B835BA45B845B57
:10EA20008353845B835B845BA45B835B8353845BE2
:10EA3000A45B835B6453845B6453845B8453845B17
:10EA4000845B6453845BC563E563845BA563A55BFA
:10EA50004453E24A244B6453C45B835B845B845B12
:10EA6000A45BA45B83536353C121E229C2298019AB
:10EA7000C229C229C129C229C121A229A1218121DA
:10EA8000A221A2298121A2218221A229C221C22957
:10EA90008221A221A2298119612182218229812139
:10EAA00082218329C43184298429A4298429A32982
:10EAB00063216229C429A329E431C431C329C331A4
:10EAC000C431E431E431C331C3310432E431E431DF
:10EAD000A329A331E431A329C431E331E231E23186
:10EAE000E3310432E431C431E431E331E431E33180
:10EAF0000332243A443A243203320432032A243AB9
:10EB0000032A0332E331E229023222322332223253
:10EB1000433A4332433A6332633A833A833A423266
:10EB20000232223202324332E229023222324332AC
:10EB300002324332423A4232212A012A42322132FF
:10EB40004232823A623A6232213202324232023236
:10EB5000213201322132012A22324132623A012A23
:10EB6000012A423A42326232423A823AA342834214
:10EB7000833A833A823AA33A823A833A833AA33A6F
:10EB8000044BC3420343E342034B0243234BE342A0
:10EB9000C342E342C3420343034B0343234B234B90
:10EBA000E342E342E3420443E44AE34AE34A244BB8
:10EBB000034B024B2453234BE34A4453234B034B55
:10EBC00023532353E24A024B2353244B0353044B56
:10EBD000034B2453234B4453645B845B835B835B11
:10EBE000845BA35BA45BA463A35B845B835B6353D1
:10EBF000645B855B835BA35B835BA45B845BA45BDF
:10EC0000845B845B845B835B845B835B845BA45BEE
:10EC1000845B835BA45BA463845BA45BC45B835B56
:10EC2000845BA45BA45BC463C463C463A35BA35B96
:10EC3000A45BA35BA45BA463A45BA35BA463C463A6
:10EC4000C463A463C463835BA463835BC463A4637E
:10EC5000C463A363835B8463A45BA45B835B845B07
:10EC6000845BA35B845B6353645B63534353435391
:10EC7000635B6353435B4353435343534353435394
:10EC8000445344534353445363534453645364536E
:10EC9000845B64536453645B6453645363534453AD
:10ECA000435364534453234B645B6453855B435326
:10ECB000235344534353234B234B23534453445331
:10ECC000445324532453E34AE44AC342C342E54A2B
:10ECD000A442A342E44A4553445323534453255387
:10ECE000244B455324530553A221822161196119F4
:10ECF00061196119821983298321622141196119DE
:10ED000061216119811981218221A221A3218221FE
:10ED1000A2216121812161218221C229C329C42923
:10ED2000C431E331E531C531E531053A053AC53144
:10ED3000E431C431C431C531C431E531E439E431A1
:10ED4000E431E431C331C329E431E431A329C431CE
:10ED50008329E431E331E431043203320332E33115
:10ED6000A229C331E331C331C331C329E431A3291B
:10ED7000E331233A2332E43103322332243A253A71
:10ED8000453A243A0432433A223A2232E1310332FC
:10ED90002332233A223222322332023222324232C8
:10EDA00062324232623A833A433A032A233243328E
:10EDB000223223324232633A633A833A633A62320E
:10EDC000833A823A6232623AA23A833AA23A4232B1
:10EDD000823AC342833A823AC342C442A33AA23A35
:10EDE000C342C342C342A33AA23AA23AA33A823AE6
:10EDF000A23A823AC342A23A823AA242C342C442EF
:10EE0000C3420243034B234B2343234B0243E342BE
:10EE1000A242A23A034BE34A034B044B034BC242C8
:10EE2000823AC242A242C242E24AE342E24A034B6F
:10EE3000E34AC242E34A034BE2422453A242C242A3
:10EE4000E34A024B024B234B2353234B034B2353E5
:10EE5000235344536453435343534353845364539E
:10EE600063534353434B434B4353434B244B445310
:10EE7000434B435343534453445343534353845B9F
:10EE8000845B635B635364536453645B64534353B5
:10EE90004453235304534453845B6453645B845B43
:10EEA00084538353A45B845B835343534353835BF7
:10EEB000635B845BC463E463C46BA463835BA35B35
:10EEC000A363A35BA45B635B835B845B845B63532F
:10EED00064536453435364536453445344534353FC
:10EEE00044534353445364534353645B645B23531D
:10EEF0002453034B03534353445B2553235323535E
:10EF00002353234B434B64534353434B6453235387
:10EF1000244BE342E44A0443234B2453034B034B67
:10EF200024532453044B045324532453655B034B51
:10EF3000E44AE44AE44A04530553E44A0353044BC5
:10EF4000C34AA442633AE231233A633A84426442B8
:10EF5000443A6442443A6442A44283426342643A7B
:10EF6000A54A854A6442654282218219622162195A
:10EF7000822182218321A429A321A329C329C32972
:10EF8000E329E329E329E329C329A2210432C4297F
:10EF9000A329A329A221C329A4298321C329C429E0
:10EFA000C429C331C431A4318429A43184298429DA
:10EFB000A531A4298429A431C429C431C431C43160
:10EFC000C429A4298329C431E431C431C431A4291A
:10EFD0006321C431C429043AE431E331E331E3313C
:10EFE000E331E431E431043AC329C431A429C43102
:10EFF000E331E3310332033203322332033204328A
:10F00000E4310532243A2332233A433A0332443A74
:10F0100044322332433243322332223222322232EA
:10F0200002324232233222324332623A423A623A66
:10F03000833A823A833A833A8342633AA342A442B0
:10F04000A4428342A342A442A342833A833A623A4F
:10F05000A442633A833AA442A342A33AA33A633A4E
:10F06000A33AA43AA33AA33A823AC342A23A823AD2
:10F07000823A823AC342E342C342823A833A623AD4
:10F08000623AA33A833AE342A33AC442A33AC34A58
:10F09000C242C2422453044B034B034B034B235342
:10F0A0000353234B2353445323532453234B2353BE
:10F0B000234B234B23534353445B43534453235326
:10F0C00043534453435323532353234B2253235338
:10F0D000434B435343534353234B4353645363536F
:10F0E0004353234B43534353424B235344534353C0
:10F0F000234B645343534453224B23534353835B67
:10F1000063536353635B835B645B6353845B43530D
:10F11000435364534453845B635343538353645353
:10F12000835B6353645B8353645B6453645BA55B81
:10F13000A55B845BA45BA45BA45BC55BA45BA45BD5
:10F14000A55BA463A45B645B84534453435344535F
:10F150004453645B655B855B2453034B445B034B07
:10F16000245324532453035323532453034BE34A7C
:10F17000E34AE44AE34A244BE44A054B044B235355
:10F18000244B24532553244BE44A044B4453044B4F
:10F190000553054BE54A0553054BE34AC44AE44A87
:10F1A000C54AC54A8442643A443A4342844283424F
:10F1B0008342A44284428442844285428442A44AD7
:10F1C000633A4442443A85426542854A6442644215
:10F1D0008542844285426442C54A8442643A63421D
:10F1E000844284426442433AA329832162218321D9
:10F1F000A329C429A329A429A321C3298321422106
:10F200006221A221A229C329A229A321C329A429B9
:10F21000A3290532C329C429A429C329E431A42977
:10F22000C431C431A431A531A531C531A531A529D9
:10F23000A431A531A529C531C431A429A429C431DB
:10F24000C429A429A431C329C431E431C531A42976
:10F250008329E431043AC331C331E431E431E43980
:10F26000C4318329C431E531E431A329C431E43107
:10F27000E331043AE431C229C22903320432E331D2
:10F28000C429043204320332E3290232E32924324E
:10F2900043324332423A42324332433A43322332D8
:10F2A000433A633A433A4332223242326332633A58
:10F2B000823A633A623A413242322132623A42320F
:10F2C000623A623A633A633A4232423A633A623AA3
:10F2D000623A613A4132623A823A623A633A42327F
:10F2E0006232C442833A833AA33A833AA43A833AD5
:10F2F00062324232833A8242623A623A623A63321C
:10F30000A342C33A0343E342C242C342A23AE242A7
:10F31000C242024B034BE242E242024B22534353AE
:10F320006353225363534353224B43532353024BA0
:10F33000024B4353645B84534353635363534353BC
:10F34000435344532353C242234B445344536453C3
:10F35000445B845B44534453645B845B835BA45B86
:10F36000A45BA45BC463A45BA45BA55B845B855BBB
:10F37000A55BA463845B845B845B645B6353A45B75
:10F38000845B835BA45B835B845BA55BA563C463D5
:10F39000845B4453645B645B845B845B845B855BFC
:10F3A000855B845B6453645B645B6453645B645B34
:10F3B000845B445343536453845B635364534353A8
:10F3C000434B2353234B245323532453044B435382
:10F3D00023532353645B2453034B0353E352E24A06
:10F3E000235B0353245B23532453E34A0353E34A2D
:10F3F000C342C342A342E34A8242233A0332E22990
:10F40000A229C329E3310332033A0332C331622113
:10F4100063216321642942192221422102194421D6
:10F42000432143214321222144298331243A434269
:10F43000633A634243428342423A0332C331C229B0
:10F440008229C331E331E33904320332E3318329C2
:10F450008321A329A42983216221A3298329A32904
:10F46000A329A329A32983298329A421A329A42982
:10F47000A32963218321A3298321C329C3298221AD
:10F48000A221C33182218221C329A329A329C43106
:10F49000C431C331E431043AE431C4310532E539D1
:10F4A000A531E539A531A531C431C431A429A43130
:10F4B000C431C4318329C531C429C431C429C431FC
:10F4C000C331A329A329C329E331A329A429A2294C
:10F4D000A229C331E329E331C229C331E331E43145
:10F4E000C3298329C429C431E3318129C229043ABB
:10F4F000E33103320432043A0332243A033A053248
:10F50000253A243A453A233A6442443A243A643A42
:10F51000633A4232633A82324332633A633A623A3E
:10F52000633A633A633A633AA33A633AA33AA33A33
:10F53000833A823A823A8242A342823A8242A24289
:10F54000C342C342C242E34A034B044B24532353F6
:10F55000E24A234B035343530353034B234B034BC5
:10F56000E342C242C242C242E342E2422353445314
:10F57000234B234B435364534353645343534353E9
:10F58000024B435363532253635383534353635395
:10F590006353845B84534353645B845B845B435356
:10F5A00043534353234B4353845B845B4353224B6A
:10F5B000024B845B845B4353445344532353235390
:10F5C00044532453244BE34A245324534553245394
:10F5D00064538663855B645B855BA663C563C663B2
:10F5E000A563A563645B44538563855B845B645B4F
:10F5F000855B645B6553655B855BA55BA563A45B0D
:10F60000845B655B855B865B655B2453044B044BC5
:10F61000E34AE44A2553044B4553034B4453445BAC
:10F62000E34AC34AE44AC44AE34AE34AE342C342E0
:10F63000E34A044B0553E44AC34A455B655B465BBA
:10F64000245324536453235344532453234B245BA4
:10F65000445B455B2453E44AA34AC34AC34AA352CA
:10F66000C34AA34AA34AC34AC352E452E44A4242A9
:10F670002242023AE131255B6342E118E11842215E
:10F68000822982298229253A8642E331A329A429A5
:10F6900084298529E631A531C529C531E431253ACA
:10F6A000043A053A453A453A65426442854A433A46
:10F6B0004342023AE131255B63420119E1186229B4
:10F6C000A3298229A229453A864AE331A329C429DC
:10F6D0008429A529E639A531C531C431E431253A5B
:10F6E000053A053A453A253AA429A429A4298429AA
:10F6F000842183218421A329A429A329C429822127
:10F70000A3290332C329C429C431C429C431C43153
:10F71000E431C329043AE431E431C431C531A531BF
:10F720008531C531642964318429A3296329A3293A
:10F73000A43163218329A429A429A4298329C431BC
:10F7400062216329C329C331C3318229A329A32993
:10F75000A329A229C331233AC229A229233AE3319A
:10F76000E331E331E331E331C3318221E331243A40
:10F77000043AE431043A443A4342433A443A244294
:10F78000243AE5390442043A45420442053A243A0F
:10F790000332233A633A643A433A0332423A433AF1
:10F7A000233A2232423A433A8342623A623A8242EE
:10F7B000623A613A823A623A8342413A4232623A6A
:10F7C000413A423AA342A342423A413AA342A242B8
:10F7D0008242C342A242823AC34AA242C242C342C6
:10F7E000034BE34A034B044B034BE34A044BC34232
:10F7F000C242C34AC342A23AC242E34AE342034B73
:10F80000E242E34AE34AE342C342E34AC342813A63
:10F81000A342C342A242823AA242813A623A823A67
:10F82000C342C34AC34A2453034BE34AE34A034B4C
:10F830000353E34AE342E44AC44AA342C342C342F5
:10F84000833A8342A342A442E44AC4428342C3426D
:10F850000553C342044BE44AE44AA34283422132A3
:10F860008342A342A442C44AC34A0353034BE34A1C
:10F87000E34AA2426242823AC3420453044BC34A5F
:10F88000C34AE442E44A423AC0210132633A834225
:10F890008442A4424332E129A442A342A34AA342A0
:10F8A000E54AA442633A6442032A033284420332A3
:10F8B0008121C229A129822922326342E231A12970
:10F8C000E33101324232633A42322232433A223247
:10F8D0000232A442433A023203320332233AC129AC
:10F8E000033A633AA129233AE231C231033A033A97
:10F8F000443A4442243A844A844A4542854AA54AC5
:10F90000C552633A643A83428442433A6342C442F2
:10F91000C44AA5428442A54AC44A4653C44AA442A2
:10F92000A442A442A54A8442A442843A6342233AB0
:10F93000443A4442243A844A644A4542854AA54AA4
:10F94000C54A633A643A633A8442433A6342C44ADA
:10F95000C44AA5428442A542C442465BC442C44252
:10F96000A442A442A542A4428429A429A529A431E1
:10F9700084298429A429C429E429C329A329A321EA
:10F98000C329E431A32982298329C4298429A429EC
:10F99000A43184298329C431842984298431852987
:10F9A00064298431643145298429632143218429D0
:10F9B000C4318429A429C531A3298429A329A329D1
:10F9C000A3298321A331E431A329A32983298329EE
:10F9D000C431A429C329C331A329A329C32982215E
:10F9E00083296221832983296321A329243A0532AB
:10F9F000E531C531C5310432C331A329E431A43125
:10FA0000C531843984318331A539A539A539A5316A
:10FA1000A429A331C431C331C431C331E331E3314B
:10FA2000E3318121A229C331E231C331C231233A0A
:10FA30000332023A233A233A0232233A0332A1290B
:10FA4000A129E331033AA229E231C229243A033A37
:10FA5000243A443A033AC33103320332433A02327E
:10FA60002332433A23320232A229A12161212019F3
:10FA70008121E3298121A121E2292332012A0232B5
:10FA8000423A23322232C129A121E129E129A121CF
:10FA9000A121A12160198121A121A121A021A121C0
:10FAA000C129A121C129C129A121C129E129A1215E
:10FAB000C129E229C229812181216019A229A22913
:10FAC000802161196019A1292332E229C12922323A
:10FAD000623A22322232633A2232E029E12942425A
:10FAE000A121213A83426242423AA342C34AA24A36
:10FAF00062422232E229A2298121A121E229433A4C
:10FB000022320132A3420232433202322332633ABA
:10FB10000232C12981218121433A0132E231A021FF
:10FB2000E23182294119622161190232E229C22996
:10FB3000022AE229022AE229E44A823A41322332A5
:10FB4000433A833AA442A4426442433A8442833A09
:10FB5000833A833A833AA442C44284428342833A3A
:10FB6000A4422653A442A44AE44AA342C442C54A3A
:10FB7000A442C442C54AA342843A8542C442A34235
:10FB8000643A843AA442833A843A833AA542833A57
:10FB9000833A833A833A833AA342044BC43AE44219
:10FBA0006332843A6432643A653A443A643AA4422D
:10FBB000A442C442C44AA442843A8542C442A342F5
:10FBC000633A843AA442843A833A843AA442833A18
:10FBD000833A833A833A633AC342E44AC442E442F2
:10FBE0004332843A643A643A44216429642964299A
:10FBF000231923214321632164296321221922210E
:10FC00008429632142214321632923216429642912
:10FC1000642943294321432923216429642965292F
:10FC20006531652945290421453124294429853137
:10FC3000A631642923296429232143294329432107
:10FC400043292321853185292321E32025210319F7
:10FC50004429442944296529242944212429E318D5
:10FC60000421E318E418C318C3182429453164316A
:10FC7000863145294531453125290429042925297D
:10FC8000463104290429663986392531E428252995
:10FC9000C420A210E320C318E3204429642943218F
:10FCA00064296429A53184294429852944296529A1
:10FCB000032185298429842983218329A329C33108
:10FCC000E431E431A429A429C431A429E431E4298C
:10FCD000E329E431253204320432043203320332A0
:10FCE00023320332E22924322332E331E329032A87
:10FCF000233A2332C229233223320232433A423298
:10FD00006332433A633A2232423A433A4232433A06
:10FD100023322232E22922322332022AC129E12966
:10FD20002232E229012AE229022A23322332E2295D
:10FD3000012A2132C121E229E129423A63324232C9
:10FD400022328342A342833AA442423A22322232EE
:10FD50008342C242A342A242623AA242E34AE76B12
:10FD6000A242823AC34AA342433A833AC34AE44A8C
:10FD7000833A8342633A4232623A4232623A833A87
:10FD8000A342A33AC342A342A342833A8242A33A84
:10FD90008442633A4332A542E44A833A8342A4420E
:10FDA000844284428542C54A244BE44AC342C44A41
:10FDB000E44AC54AE44AE44AE44AE342C342C3424D
:10FDC000C4424553C44AC44AE44AC342C442C3423B
:10FDD000C342C342C342833A833AA342E4428342CA
:10FDE000A342A3428242E442034B833AA23A623ADC
:10FDF000833AC442823A633A633A633A843A833A32
:10FE0000643A633A4432843A643A643A643A633A0C
:10FE1000443A433A643A643A64324332843A843A24
:10FE20002232643A4432453264424432633A623A9E
:10FE3000633AE442833A633A633A633A843A833AF0
:10FE4000643A643A433A843A643A643A643A643AC3
:10FE5000433A4432643A643A643A4332843A843AE4
:10FE60004232643A44324432242924214429242150
:10FE700004212421242124212321E31824214421A5
:10FE800064294421642944294529452945312529E6
:10FE90002421252924290421242925290529062965
:10FEA000E520E520E520C520C520A4208420C5202C
:10FEB000C420A318E420E420E420E420A318E420D4
:10FEC000E420E420E420A420C420C418C520A320FA
:10FED000C420C420E5288418A520C520C520A4205E
:10FEE000C520C528C520C520C528E628E628263116
:10FEF0000631E528C420A520C420C528A4208420DC
:10FF00000629E428C42005294631A4204210C42033
:10FF1000A4186310C4188318A318242184316429F9
:10FF20008431A431843164296221A431A429C431EB
:10FF3000E431053A46424542454265426442443A0C
:10FF4000634284428442A44A84428442A44A834253
:10FF5000A342C442E34AC342C442C342C442C44A65
:10FF6000E44AC44AA342A442C44AC44AC442A44A7A
:10FF7000E44AE44AC442E44AC342C442C442E44AB2
:10FF8000A3428342C442A442C442E34AC442A342BD
:10FF9000C442A342C442C442E44AC44AC442C44222
:10FFA000A342C442A342C442C44AA342A342E44A75
:10FFB000C342A55BE34AE44AE3424453C242A3423C
:10FFC000A442A342C342C342C342C342044BE44AD5
:10FFD000C342C242A342A342034B44534553823A15
:10FFE0008342623A833A8342833AA342833A833A12
:10FFF000C442A342823AC342A342C442A342A33AA8
:020000041003E7
:10000000E44AC342A442843A633A833AA342A442F4
:10001000833A843AA3428442633A833A833AA342BE
:10002000623A633A833AA442034B823AC342833A28
:10003000833AA442633A833A633A633A833A833A0F
:100040008442C442853AA442833A8442633A633A82
:10005000833A8442623A633A4232833A8342833A31
:10006000833A833A833A8342433A843AA342623AD8
:10007000243AC34A823A2332433A2232643A243A37
:10008000653A6442643A643A643A02322332443A4A
:10009000032AE32903322432243A643A0232233217
:1000A000633A0332C229C329022A2332423A8442E4
:1000B0002332C34A813A2332433A2232643A243A01
:1000C000653A8442443A843A443A02324332443AEA
:1000D000032AE331033224322432643A03322232D7
:1000E000433A0332C329C329E318C3180421E32088
:1000F000E318C320E318E318E318E318C218E31861
:10010000E318032124210421E42005294529E628B8
:10011000E520E520E62826290629C520E520C5207A
:10012000A4206418A420A420A4208420A42084183F
:100130008418A520A418C420C52084184310A4182E
:10014000C520A52044106410C520C520A420A518F2
:100150008518C620C5204310A4208318641883186E
:1001600005290529E520E528C4180521262925218A
:1001700025290521032124214429642964292421D6
:10018000A43184318331C431E539E439E539C431EE
:10019000E431A329E439243A243A243A433A443A4C
:1001A0006442433A233A6442A33AA342A342C44A74
:1001B000C44AE44AA442A442A442A342823A8242EC
:1001C000A342C34AC34AC342A34A8242A342823AD9
:1001D000C242823AA23AA342A242823A8242833A7D
:1001E0008342C342A342A342823AA342A242A33A19
:1001F00083428342A342A342A33A8342833AA34267
:100200006232843A833A633A833A623A623A623AB1
:10021000623A633AA3424232213241324232623A76
:10022000833A8342623A823AA342A33A823A833AB9
:10023000A242024BA242823AC342823A833AA3428A
:10024000833A833A633A633A833A833A833A623A27
:10025000623AA242833A833A633A423A823A623A33
:100260004232433A8442833A8442833A633A633A5D
:10027000833A633A633A433A4232633A84424232BF
:10028000633A633A4232433A643A643A833AC54A3B
:10029000833A833A8442C442633A833A833A633A64
:1002A000833AA442833AA442823AC342A342C4425C
:1002B0008442843AA44243324332633A633A643A12
:1002C00042322332443A643A843A633A2332233244
:1002D00043324332423A42322132833A433222326B
:1002E000643A433A433AA542843A623AA563455395
:1002F0000132E46343530332243202322332433A5D
:1003000025322432643A8442022A633AE54A44326E
:100310000432E331243224320332243223322332B2
:10032000433A23320332C22103322332C44A044BFC
:100330002232E4634353E3314432E2314332433AFD
:1003400025322432643A8442022A643AE54A24324D
:100350000432E3292432243A033224322332233272
:10036000633223322332A221C318A318C318C4183E
:10037000E418A318A210E320A210C318A318C318EE
:10038000C3180521E420C418C420C420E520E528B2
:10039000C520A520E5280629E628E628C520C52889
:1003A000C520A420C520C420E528C428E528A42011
:1003B000A520E5208418C520E520E520C520E420FF
:1003C000C520C620C520E62006290629C520E41838
:1003D000A218E318032124216429442184318429AB
:1003E0008431A431A4318429C331E429E331E331D8
:1003F00003320332443A223A2332233A433A433A0D
:10040000433A633A6342633A423A6342833A423A36
:100410004232633A823A8342823A833A823A834250
:10042000A33A623A833A833A833A833A623A833A06
:100430008232833A833A433A633A83426342833A4D
:100440008342623A833A623A8342833A8342A342C6
:10045000843A423A633A833A8442633A833A833A2B
:10046000633A833A633A833A623A8342A33A6242F6
:10047000633A6232633A823A623A823A823A623A42
:10048000A342833A423A623A623A4132A342823A02
:10049000833AC342A342823AA342833A8242044B44
:1004A000A342823A833A823AA342833A833A83420E
:1004B000A23A623A813AC242E342823A423A433A2B
:1004C0004332633A633A423A633A633A633A823A6E
:1004D000E34A413A833A623A0132633A843A433A10
:1004E000633A6332423202324232643A633AA4429D
:1004F000633A633A843AA442833A633AA342633A42
:10050000A342833A423AA442A342C442A342A44231
:10051000A442A442C442E54AA442A342A342C44224
:10052000C4428442833A443AA342A442A342633A77
:10053000633A843A433A643A443A022A0332233211
:1005400002320232E2298121A442633AA221E32944
:10055000C2292332A442633A833AA442433A443A3A
:10056000233223324332643A8442833AA342C34261
:100570004232A1424232E3312432433A2553E12947
:10058000C229C3290332443202324332C442233ADD
:10059000032A443A443A443A2432443A643A433AC5
:1005A00043322332643A8542A442443A633AA34236
:1005B0004232A142423203322432433A2453E129E7
:1005C000C229C3290332443202324232C442433A7E
:1005D000032A433A443A44322432433A643A433A8F
:1005E00043322332643A8442A418C418C318A310B7
:1005F000A31883108310E420A310A318C318E418D1
:1006000005210521E520C520E520C4200529E6288F
:10061000E5280629062906290529E628C5200621F8
:100620000629052125290529042925292529E4202C
:10063000E520052105212421042124210421242948
:1006400044298429642963298331C431C431C329ED
:10065000E229E329032A0332433222322232423290
:100660004332223243324232633A633A423A63328D
:10067000423A4232623A6232623A623A623A833AC9
:10068000623A623A823A623A823A623A623A433A69
:10069000433A433A633A633A833A633A623A623A94
:1006A000633A623A623A623A833A833A833A833AE5
:1006B000833A833A633A8242633A633A833AA34283
:1006C000823AA242623A623A823A623A823A623AA2
:1006D000833A833A833A833AA342823A623AE44ABB
:1006E0008342623A82428342823A823A823A824228
:1006F000A242823A8242833A833AA3428342833AB5
:10070000833A8342823A623AA33AC342044BA33A01
:100710008342A342833A833A633A623A6232A44202
:10072000833A423A623A633A833A633A4332633AEB
:10073000843A623AE442E342623A833A433A843A80
:10074000633A433A833A843A633A843A633AC24218
:10075000655B623AE34A2453623A833A843A833AC5
:10076000843A833A833A843A833A833A843A844295
:10077000833A8442A342833AA342A342833A823A11
:100780008342643A633A633A833AC442643A833AAE
:10079000633A833A8342843A633A633A633A633A08
:1007A000633A4332233223324332633A23322232D2
:1007B000633A844223324432433A022A433A233290
:1007C0002332633A24324432633A4332433A233287
:1007D0000332243223324232833A84422332022AC1
:1007E000023223322332022AE129443A233AA34235
:1007F0002232033203322432443A4232E24A855BE7
:10080000623A4432443A8542633A433A833A833AFD
:10081000433A833AA5426332A442843A8442443242
:10082000643A643A2232633A433A4332243A833A8E
:100830002232033203322432243A4232E34A855BC5
:10084000623A2432643A8542643A423A833A843ABC
:10085000433A643AA442633AA442843AA542433AF2
:10086000643A443A4232433AC418C418A418A4184B
:10087000C418E520E420E520C420C418C4200529BC
:1008800005210629062905290529E5282531E42021
:100890000521052925290529C418C418E418C318F9
:1008A0002421042123214329A429A5316321A4293A
:1008B000E4310532043A2232233A233A0232443AEE
:1008C000433A633A423A633A633A433A633A423AC2
:1008D00062324232623A6232623A633262324232A7
:1008E0006232623242324332633A433A4232623ACD
:1008F000633A623A633A633A633A643A633A633A10
:10090000843A833A833A833A83424332623A833A5F
:10091000A442833AA33A823A823A82426342633AD9
:100920008342633A633A8342A33A823A823A823AF2
:10093000823A613A823A62324132823A823A623A89
:10094000623A833A823A833A823A823A623A633A24
:10095000833A633A633A833A423A633A633A834268
:10096000623A623A623A833A633A633A623A455388
:10097000C142034B823A4332633A633A633A843A60
:1009800042324332433A633AA342A3424232633A89
:10099000223222324332633A223222324332633AE3
:1009A000433A4332833A833A423A623A633A643A88
:1009B000A442833AC34283428442A442843A833AA3
:1009C000623A833A833A8442833AA442C442A342BD
:1009D000A442A442C342C342A342833A843A833A24
:1009E000A43AC442C33AC442E44A833AA342A3426B
:1009F000833A833AA342833AA442833A633A633AFE
:100A0000633A843AA342633A4232633A2232633A07
:100A1000633A633A633A833A633A4232A442A44265
:100A2000633A433A23324332643A643A633A643A6B
:100A3000643A633A4332433A433A643A643A03329B
:100A4000633A843A433A843A2232A342033223324D
:100A500003320332E22903320332633A443A433227
:100A60002332643A433202322232633A633AA44276
:100A7000844285422432443A643A83426132C44A11
:100A800084424432643A843A8442A43A8442443AE6
:100A9000643A2332633A643A633A433A633A23321C
:100AA000233A23322232413201322332243A633A4A
:100AB0008442653A243A443A643A83426132C44AF1
:100AC00084424432643A643A8442A53A8442433AC6
:100AD000633A2332643A633A643A4332433A233204
:100AE0002432223222324232E520E5200521E51867
:100AF000C520462125212429252105210421252938
:100B000004212529252104212529242944292321BB
:100B1000422142216329A329A431A331E431E431E4
:100B2000033A233A233A433A644263426342833AA4
:100B3000833A833A012A433A833A833A633A833ABF
:100B4000823A623A423A633A633A633A443A823AC0
:100B5000013221324232433A4332423A633A633AF3
:100B6000633A633A6342633A633A4232423A623AE0
:100B7000823A623A6232643A633A633A633A633A77
:100B80008442A3428342A342823A623A833A823A3F
:100B9000823AC342823A623A623A633A633A623ACA
:100BA0006342823A423A423A833A623A623A623A5B
:100BB000833AA342623A833A823A833AA342833A1F
:100BC000833AC442633AC442A442633A6332623A0B
:100BD000833A633A633A4232A442A442433A633AC4
:100BE000643A433A4332433A2332433A633A433A0C
:100BF000623A044B634223324332643A22328442E3
:100C0000643A243A23320332032A2332433A23320A
:100C10006332433A4232633A433222322332433A16
:100C2000833A643A643AA442823A823A833AA342CB
:100C3000A3428342623A833A633AC442C442823A4C
:100C4000A342633A833A833A8342A342C442C44AEA
:100C5000C5428442C54AA3428342833A833AA43AB6
:100C6000A33AA442E442A342A342633A833A833ABA
:100C7000633A623A633A4332433A433A633A43321D
:100C8000022A623A623AE342A663623A623A433225
:100C9000633A633A42324232423A633A633A633ADF
:100CA0002332022AE2290232443A433A2332443AB6
:100CB0004332443A2332433223324332433A2232DC
:100CC000022A623A433A43322232A342222A433A68
:100CD0004432643A2332033244322332433AA44248
:100CE0008442843A643A633A443A433A4232644230
:100CF000653A643A643A643A433A643A02322332D7
:100D000023322332433A443A23322332243202320A
:100D100023320332C229022A443AE2294332443AB6
:100D20004432022A01324653A4420232643A433A20
:100D3000653A643A643A643A433A843AE231233297
:100D400023324232233A643A2332233223320332AB
:100D500024320332C229032A433A022A433A443254
:100D6000433A022A22324553052146292521E32010
:100D70002421032101194219221922196321621920
:100D8000A329E3290332033224320332E33102324E
:100D90004332633A633A623A6232633A623A833A7E
:100DA000833A833A623A223221324232423222324A
:100DB00042322132601902322332433A6232423ADD
:100DC000833A823A63326232623262326432823A07
:100DD0004132633A633A633A833A623A833A623A17
:100DE0008342823A623A833A633A833A823A823A57
:100DF000623A823A623A623A623A4232633A633A19
:100E0000623A623A823A823A823AA242623A623A5A
:100E1000A342623A423223322332433A623A623A7E
:100E2000623AE342633A8342833A833AA442833A82
:100E30008342E542833A633AC34AE242C342633A99
:100E4000843A633A643AA43A433A6332833A834237
:100E5000833A833AA442012AA342C4424332633A0A
:100E6000643A633A8442843A633A633A413A022AE2
:100E7000233A633A633A012A2232433A4232233216
:100E800001326332433202322232633A643AA33A85
:100E900082424232633A833AA342623A833AA3429D
:100EA000833AC442A342A442833A823AA342A34271
:100EB000E342C342A442C442613A244B0453633A1E
:100EC000A442833AA342833A823A833AA342A44299
:100ED000A33A843A843A833AA342633A4232633A69
:100EE000A342A342A3426332633A4232633A83424B
:100EF000833A433A23324332633A833A643A423282
:100F0000423A4332623A044B034B4232233222329A
:100F10006232423A623A2232423222322232423241
:100F2000643A433202324332633A63322332643AE0
:100F3000643A443A022A643A433AA442823A633A0F
:100F4000633A633A843A633A433A643A643A84428D
:100F5000833A633A843A643A433A4332643A4332D6
:100F60004332423A633A633A433223322332643A99
:100F700023322332A542433A443A2332E32903324F
:100F80004332433AE2292232E229233223324332E6
:100F90002432033224320232A442623A643A2332C7
:100FA000433A43324232E44AC4422232433A433261
:100FB00023322332A542633A24322332E3292332F7
:100FC0004332443AE2292232E229233223324332A5
:100FD0002332033223320232A442633A633A233289
:100FE000243A43324232E44A0432E439C329043217
:100FF000033A433A23322232233224322332443A10
:10100000633A623A633A633A8342623A4232623AFC
:10101000423A4232623A623A6232423A42322232D0
:10102000633A4232223222322232633A433222324D
:10103000433A43322232223242324232623A633AF5
:10104000633A6232423263326132244BA23A623AEC
:10105000633A843A633A623A21326232633A423AFC
:10106000223263328342633A4332233242322232A3
:10107000823A02326232623AC342C3424232623A36
:10108000633A833AC342C242C342A342823A044B08
:10109000A23A833A633A833A633A643A843A643AC6
:1010A00042328442633A643AA442633A623A633A0F
:1010B0006232423A633A433A044BA242E442623A11
:1010C0004332633AA442A44222328442843A833AAD
:1010D0008442643A443A443A4332423A43322232F6
:1010E000023222324332433A2132823A823A813A00
:1010F0000032E342E34A2232A342633A833A633A3C
:10110000833AC44AA342A33AA342C342833AA342C6
:10111000C442A342C44AA33AC44AC442A342C442FA
:10112000A342A442633A633A833AA342A34262329F
:10113000833A833A8342633A623A623AA33A833A01
:10114000633A633A433A633AA442833A633A833A4E
:101150008342843A2232433AA442833A633A833A3E
:10116000833A833A833A633A833A433A4332633A5F
:10117000633A223243324332833A423A4332423A6A
:10118000C44243324232A342A23A623A633A433201
:10119000833A633A633A623A633A42324232623A9B
:1011A000843AA442433A8442A442833A633A833A5B
:1011B000833A633A623A833A643AC442A342044BA4
:1011C000E44A853A643A843A843A8342A33A8342B1
:1011D000A4424332E54A433A0332433A2332433A84
:1011E00023324332633A633A223202322232633A82
:1011F0004332633AC54A833A4332433A022A633A56
:10120000C54A4332433A44320232443A843A854230
:10121000643A443A2432633AA442633A833A43320A
:10122000443A643A22320232233223322232433A9F
:101230002332633AC54A633A633A433AE229633A4E
:10124000C44A23324332443A022A433A843A85421A
:10125000643A443A2432643AA442633A833A4332C9
:10126000443A843A0232223222324332423A623AD9
:10127000823A4132623A423A42320132633A623A47
:10128000633A633AE2292232223222322332223274
:10129000223222324332423A423242322232433204
:1012A000423A433242322332433203320232233251
:1012B000233222322232413222322232433A233244
:1012C000022A022A033222324232633A6232433223
:1012D000433A022A02324232623A423A4332633A93
:1012E00022324332633A433A433A623A823A623AAA
:1012F00045534132623A833AC44AA4424232633A85
:10130000633A643AA442633A42324332433AA442D3
:10131000823A623A423A633A633A4332443A643A2E
:101320004332643A443A23324232A442A342054B48
:10133000633A633A833A833A833A823AA342833ADE
:10134000633A8442843A423A633A633A633A633A8C
:10135000433A4332633A633A2332433A22322232E7
:101360004332012A43322232423A623AA342C44A09
:10137000A4428242E442C442C44AE44AC442A34270
:10138000C342A342823AA242C442A242A342833A47
:101390008342C442833A8342C342A442823A833A9C
:1013A000833A423A022A023222322132633A633AC3
:1013B000223222322132423222326332633A834273
:1013C000633A633A833A633A843A433A833A833AD4
:1013D000633A633A633A833A8342833A833A834275
:1013E000633A623A633A623A633A623A423242326A
:1013F000423A42322232433A833A833A42324232CA
:10140000623A633A4232623A623AA442633A423AF8
:10141000423A423222326332633A833A823A834218
:10142000833A833A833AA442C4428342833A844251
:10143000633A643A833A643A433A843A833AA34239
:10144000A442443A2232433A4232623A4232833A26
:10145000833A433A2232022A643A022A233223325E
:10146000633AA442633A633AA442633A633A43322A
:1014700083428442633A833A85422332443A433278
:10148000633A4332433A022A4332633A8442433254
:101490002332433223324332433222322232223247
:1014A00022322332C229022A0332E231233222328B
:1014B000633AA442633A833A843A2432633A433A21
:1014C000633A4332433A022A4332643A8442433213
:1014D0002332433223324332433222322232223207
:1014E00022320332E129032A43322232423242328B
:1014F0004232423243322232012A6019222A012A20
:10150000E229E229C121E229E229E229022AC329AA
:10151000E229032AC229C121022A02320232022A06
:1015200023322332E2310232E229E229E229022A7D
:10153000E229E231E229E229E229E329E329E33140
:10154000033202324332433202324432433A2232CD
:10155000623AC442223222322332233243322332CD
:101560004332433A43324332633A4232054B82427A
:101570006232A3424232433A42322332843A443AFC
:10158000233223324332633A633A433A4432623A73
:10159000833AA442633AA33A633A833A633A633A9A
:1015A0008342843A633AC4428342A442833A633A10
:1015B000A33A054B8442833A633A623A4232423A52
:1015C000833A433A6232433A4332833A433AA4423B
:1015D000833A623A633A833A633A823A833AA4425C
:1015E000C4428442A442C4428442C342A342E44A65
:1015F000A442C342C34AA442C342A342A33AA34261
:10160000C442A342833A833A833A633AA342633A99
:101610004232633A623A833A833A633A623A4232F6
:10162000423A213242324232433243322232833A08
:10163000A442633A4232633A623A833A833A623A64
:10164000833AA442833A833A8342633A633A833AC1
:10165000623A4232633AA442833A823A833A633A24
:10166000623A4232633A4232833A833A623A4232CF
:10167000423242324232633A623A623A433AA342D7
:10168000833A633A623A623AA33AA442833A643AAA
:101690006332633A433A633AA4428342823A833ADA
:1016A0008342833A633A833A833A2332433A23327A
:1016B0002332443A2332443A633AA242823A4232D3
:1016C0002332033223324332012A623AE44A623A35
:1016D00022324332433A843A433A2332443A233261
:1016E000633A633A433242328442012A4332423AF5
:1016F0004332633A633A233244322332E3290232DB
:1017000002322332433202324332633A4332433AA3
:101710002332023202322332C229C129E129012AAD
:10172000E129C121E229E229E229A1210232023282
:101730004232633A433A4332443A0432E3290332B1
:10174000022A233243322232233A633A4332433A63
:101750002332023203322332C229C129E129012A6C
:10176000E129C121E229C2294332232A022AE3299D
:10177000E229032A032A032A032A222AE229E22948
:10178000E221E229222A022A022A232A022AE32922
:10179000E329E331E229C229E229E229E2290332DD
:1017A000E229E229C229022AE229E229233203326C
:1017B000643A4332C229E32903320332E329043273
:1017C0002332012AE34A2553A121E231E2290232E0
:1017D000633A2653623A233223322332433284421D
:1017E00022322332433A43320332433A633A633A72
:1017F000633A8442843AA342843A833A8442643A04
:10180000633A4232423AE44A6653833AA342A442DC
:10181000A442A342833AA342833AA342833A633A5F
:101820004332623A833AA342A33A833A4232423283
:10183000423A833A833A8342A442A442633A633AE7
:10184000A442C442A442C442A342C442C442A442E9
:10185000833AA342E44AA342A442C442A442833A44
:10186000A442A342A342843A8442833A8242044B74
:10187000A23A845BA242633A833A833A8342633A50
:10188000833A843A423A4332433A4232833A433AC1
:101890006232633A633A633AA442623A833A623A02
:1018A000623A843A633A433AA442833A633A633AE7
:1018B000833A843A2232623A823A823AA342623AC4
:1018C000623A6232423A833A833AA342A342A23A4C
:1018D000423A423A633A833AC342623A833A623ABC
:1018E0004232633A4232623A423A833A623A833A45
:1018F000623A423A633AA442A3426232633AA23A5B
:10190000A242A342633A833A833AA342A342843A6F
:10191000833A633AC542433A4332633A633A4232C6
:10192000633A633A433222320332433A022AC121F4
:1019300003324432633A2232C342855B63534132FD
:101940004332223243328342833A833AA3424232C1
:10195000433A843A633A433A44324332233243327D
:1019600022322332223202324332E129023223323E
:10197000223243322332E229E329E3318121032A4F
:10198000022A2232013222322232023222324332FF
:101990000232022A022A81218121C221E229E1297F
:1019A000E129E1290232C121E331A121E2290332F7
:1019B000223243322332E229E32903328121022AEF
:1019C000023222320132222A2232223222322332BF
:1019D0002232022A012A81218121C221E229E12920
:1019E000E129E1290232C121E229E129E221E229AA
:1019F000022A022A032AE329E229E229E221E32931
:101A0000E321022A022AE221E229022AE229A22172
:101A1000E231032A0332022A233202320332233212
:101A20000332032A243223322332633A643A833A5C
:101A3000633A643AE3290332043203324432443ACB
:101A4000E229C44282424232033224322432033237
:101A5000232A22326232423223322232633AC44A89
:101A6000633A833A633A843A643A843A833AA342C3
:101A7000A43A833AC442C342A342A242833AA34255
:101A8000A342633A833A833A623A833A843A633AA6
:101A9000833AA342833A623A833AA342633A833A4F
:101AA00084428442A442833AA4428342833A8342DA
:101AB000A442E44AA442A442A442E54AC442633A8E
:101AC000833AC442A342A442623A012A423A2232F1
:101AD000E229833AC4422232E229433A633A42324B
:101AE000623A42324232012AE2292232623A2232F8
:101AF0002232C34AA33A833A2232633A4332023251
:101B0000633A833A833A623A623A633A633A633AAF
:101B1000833A433A22324332A4424232423A423278
:101B20004232633A633A4232A342833A623A223201
:101B3000423A623A4232823AA23AC242C242823ABD
:101B4000623A623A823AA342A342823A623A823AC3
:101B5000413222322132833AC342623A633A833AB3
:101B600022324232623A633A42324232A342A342C2
:101B7000833A833AA342A442C342823A833AA342BD
:101B8000A342A33AA342833A4232833A8342633A5E
:101B9000433A2332633A2232223222322232023252
:101BA000012A23320232022A2232633A21322332BC
:101BB000633A643A633A633A833AE34A034B623ADC
:101BC000633A4232423A823A633A833A633A223281
:101BD000623A843A4332022AE22902322332433AF9
:101BE000022A02324232013243322332022AE229ED
:101BF0002332E2292232E12980212332022A0232D1
:101C0000012A22322232012A012A223222322232AF
:101C1000022A0132023280198119C329E229E229FC
:101C2000012AE129012A0232C2290232E229E229EB
:101C3000233202320232E1298021032A022AE229D8
:101C4000012A423222320232012A02322232223266
:101C5000022A0232023280198119C329E229E229BB
:101C6000012A012AE1290232022AE329E229033268
:101C7000E229E329C229C329E221E329E329033226
:101C8000E329022A0332E3314332433A413A633AC9
:101C90002332233243320232833AE54A443A443211
:101CA000243A443A433A433A633A633A223284420A
:101CB0004232433A633A623A2232433A223264422F
:101CC000643A833A633A433A633A8442633A843AE1
:101CD000643A843AA442A3428342A342E442A34228
:101CE000A442833AA4428442833A8442833AC44A57
:101CF000A442633A623A833A4232623AC342A33A16
:101D0000A342A442833A833AA342633A8342833A8A
:101D1000A342A442633A4232A442833A8342833AC2
:101D2000833A4332433A633A23322332433A2332EB
:101D30004432843A643A23322332E229643A02324A
:101D400002322232223222322332822140114119C0
:101D50006119812123324332C229A442E242413235
:101D6000633A4232423A4232633A633A8442833AB5
:101D7000433A633A84428442833A833A423A633232
:101D8000633A433A22322332433243324232433AB5
:101D9000633A423222324332633A4332633A223266
:101DA00042324232423A633A4232A442833A833A5E
:101DB000833A833A423A6132613AE34AC242823A12
:101DC0004232823A833A623A823A833A623A423201
:101DD000633A42322232A442C442623A633A8442B3
:101DE000633A633AA442633AA33AA342C342C44A61
:101DF000C342423A833A833A623A633A633A833A55
:101E0000A342633A633A8342423A4332623A22320D
:101E1000233242324232A342623A623A4232623A58
:101E2000044B833A633A623A833A823A633A433ADA
:101E300022324332633A43320232643A633A033223
:101E400043320232222A02322332433A22322332EE
:101E5000E329E2290232C129A129032A0232E22917
:101E6000A121E129022AE22923322332022A023265
:101E7000E129023223320232E2294332E231022ADC
:101E8000C129223223322232E22922322232233263
:101E9000223222322232E1290232E229E32923329C
:101EA0000232213AC14A423AE231022A2232023255
:101EB000022AE22923322332C229433A0232022A79
:101EC000E229023222322232E12943322232223204
:101ED000223222322232E1290232E229E32923325C
:101EE0000232213AC14A4242033223320332E2290A
:101EF00003320332233223320332233224320332B9
:101F00002332022A443A643A633A433AC44A843A4E
:101F10004332233A23322232423A833A4232223A3D
:101F20004332633A633AA442A442843A843A8342F5
:101F3000A342A442623A2353445B824282426242F9
:101F40008342433A8442633A823A833AA342633AF1
:101F5000633A833A8342A442A43AA342E442833AD6
:101F6000A342A442A33A633AA342A442A342A44296
:101F7000A342833AC44AC4428342A442A442433A9D
:101F8000833AA442A442A3428342833AA342643ADE
:101F9000843A643AE229E329A2296119C129C221BC
:101FA000A2298121A22161196019E229E3290332C2
:101FB0008121A121E231022A433AE229E129022AC0
:101FC000A121012AC129C2214432C229C3290232D6
:101FD000022A233243328442844242322132A342D3
:101FE000843A633A833A833A633A643A633A2332EF
:101FF0002232022A433A633A633A623A4232023266
:1020000023322232022A423A633A433A423242327D
:10201000A342A442623A633A8442833A433A223268
:10202000A342623A6232833A623AA342633A623A24
:10203000433A833A623A833A8342833A623A823A33
:10204000A342623AA342C342623AC442A342833AE1
:10205000A342833AA33A823A833A8342A43A833A28
:10206000633A633A833A633A623A8342833AA342D9
:10207000C442833A623A633A4232633AA342843AB0
:10208000633A833A6232633AA33AA442833A4332D0
:10209000843A8342833AC442A342833A833AE44275
:1020A000C342433A833A623A833A42322232022AA4
:1020B000023223320232E229C1210332E229C2294B
:1020C000C229E229E229C229C129E229E229A22959
:1020D0004119A121022A2332C2210232022AE12916
:1020E000A121C12902320232022A213222322232B5
:1020F000223222322232433203324332233223321B
:102100000232222A42322232023222324232433A0E
:10211000633A42320232223222324232222A42329E
:10212000213AE14A2695C15222320232433222320A
:102130004332223243322332223243322332233299
:102140000232022A43322232022A22322232633AF5
:10215000633A22322232223222324232222A42325E
:10216000213AC14A2695E14A033222324332443AA7
:102170004332233243322332233202322332633A50
:1021800043324332633A8442423A433A223A833AF0
:10219000643A643A843A8442833AA3428242A33A3C
:1021A0006342633A8242044B833A633A633A42326F
:1021B000623A833A623AC24AE342813AC342623A9D
:1021C000833A833A833A633A833AE44AC342833A8E
:1021D000623A833AA442C442A342A442E34AA342DD
:1021E000A33A833A623A8442C342E44AC442A342D5
:1021F000833AA33AA342223263322232E229E2290D
:102200002332022A2232022A0232022A2232E3290D
:10221000A221A221A229C3296219A2212332C22903
:10222000A121E329E329A221E23185422332433A65
:10223000022AE2292232433A6332433A2332022A03
:102240002232054B623A4232633A643A633A633A65
:10225000633A833A6342833A4332623A4332433ABF
:1022600022322232423A4232633A633A43322232D3
:10227000433A0232A43A833A4232833A623A2232F1
:102280006232423A623A833A623A2132623AA33A7D
:10229000C342C3424232833A623A833A633A2132BA
:1022A000833A4232623AA242633AA33A8342833A81
:1022B000833AC3428342A342C442833A833AA3424D
:1022C000A33A633AC442A342A33AA342A342823A46
:1022D000C342A342A342823A623A833AA342833A78
:1022E000623A623A833A833A4232633A833A833AB1
:1022F000A342A442833AA342623A633AA442823A96
:10230000A342A442833A633A633A833A423A42325E
:102310008342833A433A633A42324332423A633A1F
:1023200022320232633A223222320232022AE22975
:1023300023320332E2290232C229C121C229A22159
:102340008121E329E229E229E329A121032AC221EB
:102350006119C1290232633A233202322232012A40
:10236000012A22324332423222324232633A42322C
:10237000423A42324332423A6332633A433A833A10
:1023800042322232423A2232423242322232633ADC
:10239000623A223222322232423242324232423ACD
:1023A0004232623A0153423A2332223263322232BB
:1023B000633A423A4232423A4332633A433A833AC8
:1023C00042324232423A2132423A42322232633A75
:1023D000633A223222322232423242324232423A8C
:1023E0004232823AE152423A22322332633A633A2B
:1023F000433A4332633A633A623A42324232633A90
:10240000633A623A833A633A623A8242C242824211
:10241000833A633A843A633A833A833AA3428342E3
:10242000C542A442623AE44A044B02324332833A40
:10243000833AA442633A83428342433A633A644212
:102440008442833A84424232A342C442C442C34AD1
:10245000044BA342C442833A8442A442A342A3420F
:10246000C442C44AA442833A633A4232633A633A6A
:102470004232C129802160190232022AA021022A97
:10248000433A2232E129C121E229022A22322332AF
:102490008021E22924322332C3292332633A423293
:1024A000623A633A423242322232C542843A633A55
:1024B000433A643A633A633A633A633A6232633A5C
:1024C000833AA342623A623A833A423A4232433210
:1024D000623A4332623A423242322232A24262329B
:1024E000223222322332623A833A423A823A623AC2
:1024F000A33A833AC3428342A342823A833A834255
:10250000E342A342823AC342C342823AA33AC34A55
:10251000E342A242A23AA342A342A342833A833AAD
:10252000833A8242C342A342C442A342C342C4424A
:10253000C342C442623A4232833A423A833A8342C5
:10254000633A823A8342C442A342833A833AA34223
:10255000A242A23AA242823A823AA242A442A342B0
:10256000833A623A823A623AA342833AA342833A76
:10257000C442A342633A833A633A623A833A633A83
:102580004232433A2232012AE129E129633A833A6D
:102590000232623A222A223202320232022A2232E3
:1025A0000232032AE229022AC129C2210232C229A7
:1025B0008019E22943322232022A2332033281195E
:1025C000E2290332233223322332E229433A2332EF
:1025D000023222324232423243324232423A4232B2
:1025E00022324232623A833A833A623A423A423281
:1025F000423242324232433A633A633A633A433AAE
:102600004232633AC342423221324232423A423289
:102610002232423242322232433A213222322232B2
:1026200023322232423A043223322232423A2232D6
:10263000623A22324232633A633A633A633A43324D
:10264000423A623AA4424232223242324232423268
:102650002232423242324232423A22322232223252
:1026600022320332623A233A223242324332633A0E
:10267000633A423A633A623A6332833A633AA34234
:102680004232823A633A833A2132C34AE56B813A55
:10269000A442633A433A2232633A633A633A844249
:1026A000433A2332433A633A044B833AA442C34A3F
:1026B000C342833A833AC442C44283428342A4421F
:1026C000A442843A8342833A843AC44AA342833A76
:1026D000A442A4424232022A22324232222A633ADD
:1026E000843A2232022AE2292332C229022AE2292A
:1026F0000232A1218119A121C1294332012A42328A
:102700004232223243320232423A633A633A633A05
:10271000623AA442623A633A633A4332423A4332FB
:10272000833A833A623A423A4332833A633A633AAB
:10273000423242322232A33AA3424232633A623AEE
:10274000633A623A623A833A833A633A623A2232AD
:10275000633A843A433A433A2232623AA242A3426B
:10276000833A843A8342833AA242C242C242E3425B
:10277000C242C242C342A242A33A423A823AE4422D
:10278000E34AC342A23AA342A23A823AC34AE3428C
:10279000C342C342E44AE342A342A33A633A8342B8
:1027A000C342C442244B823A823AA33AA342C34270
:1027B0008342A342623A833A833AA442A33A833AD9
:1027C000A342C442A33AA342A342833A8342C342F0
:1027D000823AA342833A8342823A833AA342623ADC
:1027E000623A6332A342833A633A22322232433A54
:1027F000833A223242322232022A2232012A223201
:102800000232E121E129E129E229C129433A2232B8
:10281000C1210232E129022A0232022AE229012AD6
:102820000232022AA129022AA12181212332E1298F
:10283000A121423A633A633A433A43322232E229CF
:10284000433A22324232633A633A633A633A643A31
:1028500043324232623A4232223A6332423A2232BE
:1028600021322232833A8342833A423A6232433AF5
:10287000623A42322232423242322232012A022A61
:1028800022322132E54A4232E12921322232E12943
:10289000012A433A22322232012AE129022AE2297C
:1028A0000232023242320232022A022A22324332F7
:1028B000633A4232433A43324332223222320232C4
:1028C00022322232E54A623AE12942322232013290
:1028D000022A633A223222322232E229022AE229F1
:1028E000022A02322232022A4232633A2132623A08
:1028F000633A62324332833A8342833A433A633AD9
:10290000633A633A433A843A633A413A623A823AE2
:10291000A242833A633A4332833A8342633A643A47
:10292000643A643A8442833A8342A342C442C34233
:10293000A23A8342833AC342A442A33A833AA23AD8
:10294000623A633A633A633AC342833A4132E229D4
:10295000022A02328021A12102322332E22984425A
:102960002332C229E32902324332022AE1292332E7
:10297000433A2332633A623A6332633A623A633AE1
:10298000633A623A423A4232633A4232833AA3426B
:10299000613A42326232423A4232012A033203320F
:1029A000433A633A4232633A423A623A2232623AF4
:1029B0004232633A623A833AA342623A633A823AD3
:1029C000833A833A4232623A8342823A4232623AEC
:1029D000833A8342623A6232633AA23AA142C342E4
:1029E000823A833AA23AC342A23AC342E342E34A5A
:1029F000E34AC242E342C242823A623AA342E3421B
:102A0000C242823AE34AC342A342A23A823AA24273
:102A1000413A62328242A442833A633A823A833A2A
:102A2000A242A342A242A23AA342A242A342A23A93
:102A3000623AA342C342A342A342A342A342C34277
:102A4000833A8242833AA342833A413A823A4232FB
:102A5000423A833A42326232623A2232223242327D
:102A600022322232433A633A2232012A223222327D
:102A70002232012AE229E229C129A121C129022AFF
:102A8000022AC129A021022AE129C1212232E229F8
:102A9000A121E229023222322132022A01322232DB
:102AA0002132032A02324232E229E129433A4232F8
:102AB000012A4232A342A33A623A623A4232423A8D
:102AC0006232633A623A633A623A633A623A233272
:102AD00002324232623A42324232623A633A42321D
:102AE0006332423A633A633A22324332223202324A
:102AF00022320232E129E2310332E229A121C12945
:102B0000022AE229E129E12980214332022A012A0D
:102B100022322232012A2232022AE129022A0232F8
:102B2000022A032A022AE229022AE1290232022A7F
:102B30000232022AE129E2290232E229C121C1211D
:102B4000E229022AC129C121A1212232E229012A36
:102B500002320232E2290232022AE129E229023259
:102B6000E229022A022AE229833A633A633A633A63
:102B70006332633A433A4332433A633A633A833ABD
:102B8000833A4332623A633AC44A433A633AA342CD
:102B9000833AA342843A633AA442833A633A844232
:102BA000633A633A833A833A633A633A833A633ADD
:102BB0008342633A633A633A633A633A4232433256
:102BC0004232433A22326332423AE1294232E12927
:102BD000E22903322232022A4232833A2332433A32
:102BE00003322332443A643A2332423A433A833A34
:102BF00042324332833A4232423A623A833A833A29
:102C0000623A833A833A823A6232623A623A823A6A
:102C100041324132823A623A623A4232433A623A4D
:102C2000833A833A4232613A4332833A4232633AD8
:102C30004232623A623A623AA342623A6232823A7B
:102C4000623A42324232623AA342A342823A42326A
:102C5000C342A342823AA342A342C342C342C342F5
:102C6000A342C342A242C342C342C34AC342E44A4C
:102C7000E342823A823AE34AE342823AC342C242A0
:102C8000A242A342C342A342833A613A623AA342B8
:102C9000A23A823A833AE44AC3428342C342A342FD
:102CA000A342A23A823AA342C342823A823AC34240
:102CB000C342823AA33A823A623A61324232823A5B
:102CC0004132423A623A4232423A42324232012A76
:102CD00002322232013222322232E129C121233250
:102CE000022A0232E129022AE129E1292232223292
:102CF000012AE1290232E22980198021A12123320F
:102D0000433A2232C1292232022AE13123324332AC
:102D1000C229022A633A633A6232223222324232B2
:102D2000633A633A4332623A433A43324332423A75
:102D30002232623AA33A623A823A4232623A833AA1
:102D4000623A823AA34242326232833A623A423271
:102D5000223222324232623A42322232433222322A
:102D6000023222322232022A022AC129022AE2290E
:102D70002232E121C229223242322232E129E229E1
:102D800002320232012AE229223243322232223234
:102D900022322232022A22322232023202322332FA
:102DA000E229022A2332022A2332E229E1290232CD
:102DB000022A0232022A023221320232022AE12996
:102DC000E229E129E229E229E229233202322332EF
:102DD0002232022A233222322332022A0332E22909
:102DE000E22902320232022AA442423A833A633A88
:102DF000433A643A643A643A4332633A823A823AF2
:102E0000A342833A833A623AA33A4232833A8342F4
:102E1000633A2232433A833A633A433A4332433283
:102E20002232633A623A423A423243320232223228
:102E30004332012A023223324332633A643A433A3C
:102E4000223223324332633A433A6232623A4232A6
:102E5000623A633AA33A833A633AA442633A42320B
:102E6000433A6332623A43322232633A6232623A1E
:102E7000833A433A22324232623AA33A423A823A9F
:102E8000823A823A823A823A823A623AA23AA34239
:102E9000823A823AA342823AA23A823AA23AA342C0
:102EA000823A823A613A623AA33A633A623A623AC1
:102EB000633A833A833A833AA442823A623AA3421B
:102EC000823A21328242A23AC342C342A342833AA7
:102ED000A342A342A33AA342A342A342C342A342B2
:102EE000A242C342C342A342A242A342A242C3425D
:102EF000C342623AA242A342C342A342C242C34275
:102F0000C342C242E442823A623A823A813A823A07
:102F1000823AA242823AA342A242823AC342823A0F
:102F2000A23AA342A23A623A823A833A623A623AB7
:102F3000623A623A623A633A4232423A2232633A3F
:102F40002132222A423A4232423221320232C02116
:102F50002232012A022A22322232E129E129433295
:102F6000012A022A02322232012A4232423A4232F3
:102F70002232013263322232A121C229022A433A8B
:102F8000633242324232623A633A42324232423A27
:102F90004232633A43324232433A4232623A833AED
:102FA000623A42322232633A633A633A42324232FE
:102FB0004232833A623A633A8342833A833A8342A3
:102FC000833A623A633A2332C12922324132633A68
:102FD0000232E129012A423A42322132223222329D
:102FE000022A2232633A223222320232022A022A90
:102FF0002232E12902324232E34A4553213242323F
:10300000213222322332E229033223322232012AB0
:103010000232012A02320232032AE229E129022A7B
:10302000E129433A4332423A02320232E229E229AA
:10303000433202320232022A223242320232012A60
:10304000023223320232E229E22903320332032A16
:10305000022A2332022A012A012AE229E229022A2B
:103060002332022A02320332A342823A633A633A9B
:10307000633A623A633A423A633A823AA342044B71
:103080006132423A633A023222322232633A633A7E
:10309000022A022A223202322232E2290232423249
:1030A00002322232212A4232433A633A4332633AAD
:1030B000433A22326332633A833A8442833A433A50
:1030C00043322332433A633A6232423A623A623AD4
:1030D000823A823A8342823A423A823A623A833A66
:1030E000823A623A423A623A2232833AA342823ABE
:1030F000833A623A833AA242823A823A613AA342DE
:10310000623AA242A342823AA242823AA342613A7E
:103110006232A242823A823A823A8342A242A33A7D
:10312000823A823AA342823A8342A342A33A844239
:10313000C442A342833A823A833A8342A33AA342E7
:10314000623A6232A342E342813A823A833AA2422D
:10315000823A623A623AA23AA342A342A23AC242F5
:10316000823AA23AA242A23A823AA242C342A23A86
:10317000C342A242823A823A823A8242E342A34264
:10318000C242823A623A623A623A823A813A823A78
:10319000613A22322132002A61324132423A2132EE
:1031A000623A623A2132223242324232423A623A40
:1031B000423222324132623A623A623A6132623AD1
:1031C000623A4232623A623A413262322132C0217C
:1031D000633A423A022A633A0132022A4232423ABE
:1031E0004232223222324232633A833A833A4232C4
:1031F0004232623A833A623A223222322232633ACD
:10320000423A623A833A633A623A633A833A4232E2
:10321000633A633A2132633A633A623A843A833AD0
:103220002232E129013262324232633A633A423257
:10323000423A623A623A843A4232A442A4420232A8
:103240002232012A012AA1216119E12942324232A6
:10325000E229E12922324232423A22324232433AD0
:10326000012A2232633A423223322232022A0232C5
:103270002232022A22324232413262324232423217
:10328000423242322332023222324332423A223234
:10329000022AE1292332022A0232022A023243326E
:1032A0002232022A22322332E229E229022A03327E
:1032B0002332E229022A022AE229C229C129E2296B
:1032C000E32903320332033223320332022A223249
:1032D000E121E12922324453A142A021E229C1295E
:1032E0000332A121C221E229833A623A42324232B8
:1032F0004332433A633A423242324232A342C342F9
:10330000E029022AE22922322332023223324332D6
:103310000232233223322332433223322232433ADF
:103320004232623A623A833AA342633A833A633A58
:103330004232633A833A633A623A42324232633A01
:10334000423A423242324232623A633A4232823A3C
:10335000823A823A823A823A6132823A2132823A1F
:10336000623A623A823A823A623AA23AC342C2422C
:10337000823A823AA242C242A242823A623AA33AD4
:10338000A342A23A823A823AA342823A823A823AEB
:10339000623A823A823A623A823AC342823A823A44
:1033A000623A823AA242823A833A2132623AA33A9C
:1033B000623A833A8342823A823A623A833A633A81
:1033C0004232623A823AA242623A823AA342823A54
:1033D000A242A23AC342C342E34AE342C242A342E8
:1033E000A23AA242823AA242A242823AA23A82423D
:1033F000A23AC342A242623A823A823AA34261327C
:10340000623A613A212A0132012A41324132623A5A
:1034100041322232012AC1292132623A62322232F9
:103420006232423A42324232413A4232623A823A5D
:10343000623A623A623AA23AA23A823A823AA23AAC
:10344000A342A23AA342823A4132613A4232213245
:10345000633A633A623A623A6332623A423A623AB1
:103460008342623A623A623A633A623A8342633A28
:10347000633A623A6232623A623A4232623A823A7B
:10348000C342A33A8342633A6232423A633A4232D7
:10349000623A833A413A6232823A633A623A42325B
:1034A0002232002A2232423222324232633A423AF5
:1034B000623242324232233202322332012A022A5B
:1034C000022AC029C129A121C121E229423A43325D
:1034D000E129223243324232623A2232623A623285
:1034E000223241324232623A433222322232433273
:1034F000433223322232623A21322132623A423A54
:103500004232423A223242322232022A22320232FB
:103510002232022A0332023203322332433223326E
:103520002232E2290232022A0232E229C229C129C8
:10353000C121E229E331E229E229C229A221E229BB
:10354000C229E229E229022A2332022A2332423204
:10355000222A022A013203538242A129E229A1210F
:103560002332E2290232C129423223324232433A23
:10357000223223324332633A433A4232433A633A85
:103580002232223222324332433202324232433A30
:10359000633A4332633A2232433A633A4232623AFE
:1035A0006232623A623A623A6232423A823A633A4A
:1035B00042324132423A623A633A623A623A6232A3
:1035C000423A623A623A633A623A833A4232823A21
:1035D000A23AA242813A623AA242A23A823A623ABC
:1035E000823A823A623A61328342A33AA242C342A9
:1035F0008242623A6132813A813A823A613A623A6F
:10360000823A623A613A6232C342823A623A613A3B
:103610006232823AA242623AA242833A413A623A22
:10362000813A423A823A623A41324232823A833AAB
:10363000423A6232A242A342A342823A2132633A20
:10364000623A4232823AC342813AA23AA342823A71
:10365000823A823AC342A242A242823AA242623AE9
:10366000A23A823A623A823A823A623A413261320C
:103670004132623A623A4132213241324132E029EA
:103680004232623A2132022AE1292232623A823AF5
:1036900042324232213242324132623A823A823AF4
:1036A000423A6232423A6232823A813A613A823A2C
:1036B000A23AA23A823AA242C342A242A242A24201
:1036C000A342C342A23A623A62324132623A623A59
:1036D000833A623A6332623A4232623A4232823A20
:1036E000833A4132833A823A833A633A833A833A5D
:1036F00042324232423A623A623242324232823A92
:10370000823A633A833A623A633A42322132833AE6
:10371000623A42324232423A623A633A623A423260
:1037200022322132423222320232423A4332623A69
:10373000423A41324232223222320232E1294332CB
:103740002232022A233243322332023223322232FD
:1037500023322232433A42324232623A843A623A65
:10376000013242324232423A233222322332633A27
:103770000232223242322232223243322232223288
:103780002232022A013222322232012A0132022A54
:103790000232E2290232E329E22903320232022A0A
:1037A0002232E1292332022AE229C129E221C12958
:1037B000A121C121E229C229E329A1218121C22914
:1037C000E229E129233222322332E2290232232A5A
:1037D000022AE3292232413AC131C231E229C12110
:1037E000233202322332022A2232433A4332433A0C
:1037F00023322332433A833A623A633A633A633A72
:10380000633A42324332623A633A4232633A833A2B
:10381000633A423A623A22326232623A4232633A5E
:10382000633A4132623A623A623A6232623A823AC8
:10383000613A623A823A823AA342C342A33A823A56
:10384000823A823A6132623A633A4232A442C342D5
:10385000623A823A623A823AA23A8242A2426232A0
:10386000623A6132623A823AA342823AA342A23A6F
:10387000623A623A623A4232623A823A4132A33A58
:10388000823A4132413221328242A23A623A413294
:10389000623A8242823A823AA23A413AA23A823A61
:1038A000823A413261324132623AA342823A823AEA
:1038B000823A613AA33A823A813A833A0232E12962
:1038C000223242324132A242A23A623A623A833A08
:1038D000823A623A823A623A62324132623A423221
:1038E000623A0132012A623A6232213221322132B5
:1038F000012A21322132012A213221322132012AA8
:10390000623A623A623A633A22322132823AA242FF
:10391000823A623A623A623A6132823AA242823A28
:10392000823A613A613A813AA242823A613AA23AD3
:10393000A242A23A823AA242A342C342823A823AC5
:10394000C342C342423A623A623A4232623A623A0D
:10395000633A6232623A42322232423A623A623226
:1039600042322132633A623A833A833A423A623AC5
:10397000633A42324132623A623A633A2232833ADD
:10398000423A6232433A633A833A012A223242325D
:10399000423A22324232423222322232633A4232B6
:1039A000623A22324232623A2232223242322232A7
:1039B0004232623A22324232433A22324232433A6D
:1039C00022322232633A423A4332423A423223327C
:1039D000223222324232223242324232423A2232BF
:1039E000022A423A2232023263320232022A633A15
:1039F000E229E12922324232022A0232E129012A55
:103A000042320232C0214232202A02322232022ABB
:103A1000E229E229E229E329C229C221E129E22996
:103A20000232E129022AE129E229C229022AE229F5
:103A3000E229E229E229E229E229E229A121C121A0
:103A4000E229022A2232E2292232E22902324232D9
:103A5000012A022A2432833A2232E229E231E2297F
:103A6000022AC229023223326232623A423242329E
:103A7000633A633A42324132623A4232623A6232E5
:103A8000423A633A623A633A623A623A833A623A53
:103A9000423221324232623A823A42324232223257
:103AA000833A623A823A6232613A823A6132413A08
:103AB000823A823AC342A23AA342A23A8242823A6C
:103AC0004132823A623A41324232423A833AA34226
:103AD000A242413241324132623A623A6232623A41
:103AE000623A41324232833A8342623A823AC34274
:103AF000823A623A4332623A623AA33AA342A2421B
:103B0000A23A8242A342623A6132623AA242623AE5
:103B1000823A823A623AA342623A4132A342A33ADB
:103B2000A242833A823AC342823A623A823AA2423B
:103B3000823A623A813A613221324232623A022A50
:103B40004232423A4132623A823A623A012A423A77
:103B5000823A4232623A623A21322232623A223266
:103B60004232012A012A633A623A22322232223256
:103B7000423242324232002A4232623A4132623AA0
:103B80004132A13AA23AC242A23A613A813AA13AFA
:103B9000A242823A623AA23A613A813A823A603269
:103BA000813A823A813A823A823AA23A823AA342EE
:103BB000823A623A613A823A823A623A4232623AEE
:103BC000A33A633A223262322232623A43324232BA
:103BD00041324232423A423221324132633A013278
:103BE000223221324232633A4232833A623A6332BB
:103BF000423222322132633A4232433A633A42320B
:103C0000823A423A4232833A633A2132012A433AB3
:103C1000633A633A423A433A22324232623A633A70
:103C20006232423A633A42324332223242324232C2
:103C3000423A623A4232423A6232623A2232423284
:103C400042324232623A012A42324232423A22320D
:103C5000222A4332423A22322132E1292232022AF6
:103C6000E12923324232E2292332E129A121022A29
:103C7000E129C129833A4232A229A121E029223235
:103C8000423A4232012A25534132012A633A023232
:103C9000E229E2290332E229A221E229E129022ACA
:103CA0002332C129022A0232022AE22923320332B4
:103CB000E229E22902320232E129022A2232C12912
:103CC00022320232E129022A022A012A4332223216
:103CD000212A4132222A2232E221032A2332E229F6
:103CE0000232233223320332633A623A423A423A90
:103CF000833A423A4232623A633A4232423A633A51
:103D00004232423A833A423A4232623A423A62326A
:103D10004132423A623A42322332223A2332223A42
:103D2000633A633A633A423A42328242833A623AAF
:103D3000823A423A823A8242A23A8242833AA34289
:103D40002132613A823A02322232623A633A613A6D
:103D5000A342623A41324132613A823A8142823A26
:103D6000A242423A4132413A823A6132A242A342ED
:103D7000A242A342823A823A833AA342A242A24298
:103D80004132813AA242823A413A633A833A623AF4
:103D90006232623A823A41324232623A833A623A5B
:103DA000A242A242A3428342813A6132823A623AFB
:103DB000823A823A4132423A41324132623A633A7D
:103DC000623A623A4232623A823A2132012A21321E
:103DD000823A623A823A833A413242324132413245
:103DE000833A413A012AA23A823A823A6132623AED
:103DF000A342833A823A613A823A823A823AA242B2
:103E0000823AA242A242A242A23AA13A613A613A5D
:103E1000A23A823A823AA24261324132623A423254
:103E2000623A623A823A623A633A623A423A4232D9
:103E3000633A4332012A4232423A022A012A42328A
:103E40002132C1210232022A423242322232623A05
:103E500021322132623A623A012A623A62322132D6
:103E6000623A22322132823A623A823A623A623AC3
:103E7000423A2232423222324232623A633A623A61
:103E800042324232423A633A623A4232623A633AE8
:103E900042324232613A823A62324232623A833A82
:103EA0004332223223322232423221324232213212
:103EB0002132423222324232233243322232022A29
:103EC0000232223202322232223242322232022A9A
:103ED000022A23322232E129E152635B022A0232B2
:103EE000222A21324132012A022AE129C129C12193
:103EF000E2292232633A2232022AE1294232633A2B
:103F00004232223222324232E1290132433A233212
:103F1000E229022A0332E229033202320332022A60
:103F2000E229E129E329023223320232233202322A
:103F30002332E229E229E229E22922322232023224
:103F400043322232E12922320232E229633A22321A
:103F5000012A2232223223320232E129E12922329D
:103F60004332433A4232022A633A423A633A633A6C
:103F7000633A22324232223A423A22324232433ABF
:103F80004232423A823A623A623A623A623A623A79
:103F90004132623A633A423A623A433A623A633AA7
:103FA000633A623A633A4232423A823A823AA242EF
:103FB000823A623AA342A242A242A23A633A633AE6
:103FC0008242A23A82422232623A423A823A823AA9
:103FD000823A823A613AA242C3428242A23AC34240
:103FE000E34A823A623A823A823A8342C342A24226
:103FF000623AC242823A2132423A8342813A813A5B
:1040000001324132823A2132012A21322232633A8C
:104010002232A23A413A2132E1292232823A823ACC
:10402000623A623261324232423A4232623A623239
:10403000423A623A423221324232623A4232823A61
:10404000623A6232623A623A623A4132623A623AC1
:104050006132A342A242A342823A823A4132823A78
:10406000A342A242823AC34AC342C242A342A23AF4
:10407000A342A242623AC342A342813AA33AA24275
:10408000823A813A823AA23A8242823A823A823A29
:10409000823A823AC342423A413221322232423299
:1040A00001326232633A21324232423242322232A9
:1040B000012A223201322232022AC129E129413267
:1040C000E129A021012A2232423A423221324232EF
:1040D000623A623A6232833A2132633A823A633A0E
:1040E000623A6232633A6232823A623A423242322F
:1040F000623A6232633A623A4232423222324232A7
:104100002232223242326232633A6332633A4332BB
:10411000023262324232623A633A423242322232EE
:10412000023202322232C129022A423A2232012AC2
:104130002232022A01322232022A22322332E22998
:10414000023222322232022A223222324232E12149
:1041500002224232433A0132A24A2353022AC2299E
:10416000223221322132E129E231022A2232E229AD
:10417000223222322332E2292232233222324232C6
:104180002232022A0232022A0232222A0232233246
:10419000223223322332022AC129022A2332C129A0
:1041A000C229E2292232643A2332022A2332022A25
:1041B000023202320232E229022A433A2232012A30
:1041C000423242324232423A012A223243324232AF
:1041D0002232623A433242322332E129222A633ABE
:1041E000633A633A2232012A423A4232623A623AEE
:1041F000423A4132423A42322232423A2132423A41
:10420000413A623A623A623A623A4132423A613A39
:10421000623A613A413A623A623A623A4132623A09
:10422000823A83428342623A613AA2428242613ACE
:10423000823A8142A23A813AC1428242823A613A4A
:10424000C242803A813A413A623A4132823A813AF4
:104250008142603A613AA142A242813A613A813A8E
:10426000623A613A423A613A823A8242823A613A29
:104270006132613A623AE1314332833A413A413242
:10428000E0292132623A2232E031012A2232413AD7
:104290004132823A813A202A002A012A623A623A5D
:1042A000613A4132213242324132623A613A41321C
:1042B000413A823A623A4132613AA33A613A823AE9
:1042C000823AA142A13AA13A813A823AC242C2421A
:1042D000813AC242A242A23A813A813A813AA2424A
:1042E000A13AC242A23AC242E242C242813AA24248
:1042F000A2426132813AA242823A823A613A613AFA
:1043000062324132413AA33A823A613A4132623AE8
:10431000623A833A823A623A21322132223221329F
:10432000E129012A2132012A002A20324232213297
:10433000413201326232613A012AE029A021413240
:10434000413221322132613A623A613A613A823A2B
:10435000623A623A823A623A413A6232623A823A66
:104360004132413A623A623A613A41324132623A0A
:10437000623A623A21324232623A012A01322132F1
:10438000002A213221324232423A4132423A433A01
:10439000E1292232623A2132423221320132413263
:1043A0000132212A022A012AE12943322232E1295B
:1043B00022320232C02121322232423A2232C12933
:1043C000022A623A4232423A213242320132012A10
:1043D000012A423242322232E031C029E229C12987
:1043E000E129012A223222322132223222322232A1
:1043F000423202320232233202324332223222323B
:104400004232E229012A2232433A23320232222A5C
:104410004232223222322232E1290232C229C12121
:1044200002322132623AA342223222320232223254
:10443000022A2232223222322232623A423221329D
:1044400042328242623AA33A623A433A01324232FB
:10445000823A623A833A633A2232013242328342EA
:104460006232423A42322232823A6232623241321D
:1044700042322132823A623A62324132423241322F
:104480004132613262324132823A41326232813AA1
:1044900081324132402A4132613262324132613AE4
:1044A000823AA23A823A6132623AA23A823A82323D
:1044B000613A4332633A833A833A833A633A433206
:1044C000833A623A4232633A633A433A623A633A2F
:1044D0004232223243326332423222322232433A71
:1044E00042322332433A23326332633A843A433AC4
:1044F000233222322332E3290332443A633A4332ED
:1045000003320332443A4432233203324332633AB1
:104510004332633A43322332423A23322332643AFB
:104520006332633A643A4332833A833A633A633A92
:10453000833A833A633A6332A442843A633A633AF1
:10454000A43AA33AA342A442833A823AA33AA33AB2
:10455000623A6332623A833A833AA342833A823AB6
:10456000A442833A833A623AC342A342823AA33ACC
:10457000833A4232633A843A633A633A433263326B
:10458000433A232A4332643A643A23322332643270
:10459000633A843A2332433223324332032A022AD3
:1045A000E229032A0332233222324332433A63326E
:1045B000443A2332633243324332022AC221433225
:1045C000633A633A43326332633A63324232633A64
:1045D0002332022A443A4332433223324332433AAB
:1045E0002332232A633A63324332012A22322332AE
:1045F000433264320332232A433A232A0332232AE2
:10460000233223322332643223324332032A2432C8
:10461000243243324332E2292332E3292332443223
:10462000032A033203322432033224322432033287
:104630002432032A23324432433A643A232AE329B8
:10464000E32943324332433243322332E229232ADD
:10465000232A23322332E329E329E429E329032A05
:10466000042A243203326432443223324432443244
:104670002332233224322432042A443A4432443A44
:104680002332C329E329453A4432032A2432032A38
:10469000443A4332233244322332042A032A043276
:1046A000032A23326332633A2332233223324432E1
:1046B0004332443A64322332643A643A43324332F6
:1046C000843AA43A433A843A643A64322432633AEC
:1046D000643A643A643A643A643A23324432643A5B
:1046E000643A643A63324332E93B8A54AB5C8A5C95
:1046F000AB5CAB5CAB5CAB64AB5CCB5CAB5CCB5C3A
:10470000CB5CCB5CCB64EB5CAB5CAB5CAB5CAB5CC9
:10471000AB5CCA5CAB5CCB5CCA5CCA54CA54CA54BE
:10472000AA54AA54A954894C894C894C884C684491
:10473000063C93331B3CF9431A3CFA3BFA3BFA3BE9
:10474000FA3BFA3BFA3BFA3BFA3BFA3BFA3BFA3BC1
:10475000FA3BFA3BFA3BFA3BFA3BFA3BFA3BFA3BB1
:10476000FA3BFA3BFA3BFA3BFA3BFA3BFA3BFA3BA1
:10477000FA3BFA3BFA3BFA3BFA3BFA3BFA3BFA3B91
:10478000FA3BFA3BFA3BFA3BFA3BFA3BFA3BFA3B81
:10479000FA3B1A3CFA3BFA3B1A3CFA3BFA3B1A3C0E
:1047A000FA3BFA3BFA3BFA3BFA431A3CFA3B1A3C17
:1047B000FA3BFA3B1A3CFA3B1A3CFA3B1A3CFA3BEE
:1047C000FA43FA3BFA3B1A3CFA3BFA3BFA43FA3B10
:1047D000FA3BFA3BFA3B1A3CFA3BFA3BFA3BFA3B10
:1047E000FA3B1A3CFA3BFA3BFA3B1A3CFA3B1A3CBE
:1047F000FA3BFA3BFA3B1A3CFA3BFA3BFA3BFA3BF0
:10480000FA3BFA3BFA3BFA3BFA3BFA3BFA3BFA3B00
:10481000FA3BFA3BFA3BFA3BFA3BFA3BFA3BFA3BF0
:10482000FA3BFA3B1A3CFA3BFA3BFA3BFA3BFA3BBF
:10483000FA3BFA3BFA3BFA3BFA43FA3BFA3BFA3BC8
:10484000FA3BFA3BFA3BFA3BFA3BFA3BFA3BFA3BC0
:10485000FA3BFA3BFA3BFA3BFA3BFA3BFA3BFA3BB0
:10486000FA3BFA3B1A3CFA3BFA43FA3BFA3BFA3B77
:10487000FA3BFA3BFA3BFA3BFA3BFA3BFA3BFA3B90
:10488000FA3BFA3BFA3BFA3BFA3BFA3BFA3BFA3B80
:10489000FA3BFA3BFA3BFA3BFA3BFA3BFA3BFA3B70
:1048A000FA3B1A3CFA3BFA3BFA3BFA3BFA3BFA3B3F
:1048B000FA3BFA3BFA3B1A3CFA3BFA3BFA3BFA3B2F
:1048C000FA3BFA3BFA3BFA3BFA3BFA3BFA3BFA3B40
:1048D000FA3BFA3BFA3BFA3BFA3BFA3BFA3BFA3B30
:1048E000FA3BFA3BFA3BFA3BFA3BFA3BFA3BFA4318
:1048F000FA3BFA3BFA3B1A3CFA3BFA3BFA3BFA3BEF
:10490000FA3BFA3BFA3BFA3BFA3BFA3BFA3BF93B00
:10491000FA3BFA3BFA3BFA3B1A3CFA43FA3BFA3BC6
:10492000FA3BFA3BFA3BFA3BFA3BFA3BFA3BFA3BDF
:10493000FA3BFA3B1A3CFA3BFA3BFA3BFA3BFA43A6
:104940001A3CFA3BFA3BFA3BFA3BFA3BFA3B1A3C7D
:10495000FA3BFA3BFA3BFA3BFA3BFA3B1A3CFA3B8E
:104960001A3CFA3BFA3BFA3B8B4C118E339E329643
:104970003296329632863286328EF18D118EF18DDC
:10498000F18DF18DF18DF18DF18DF08DF18DF08D39
:10499000F185F18DF085D085EF7DCF85CF7DCF7509
:1049A000AE7DAE75AE758D6D6D6D6C652C5D2A55E9
:1049B000E9540C44DC33FC33DC33FC33FC3BDC33A8
:1049C000FC3BDC33FC33FC33FC33DC33FC33DC33C7
:1049D000FC33DC33FC33DC33FC3BDC33FC33DC33D7
:1049E000FC33FC33FC33FC33FC33DC3BFC33FC3367
:1049F000FC3BFC33DC33FC33DC33FC33FC33DC3397
:104A0000FC33FC33FC33FC33FC33FC3BFC33FC3326
:104A1000FC3BDC33FC33FC3BDC33FC33FC33DC336E
:104A2000FC3BFC33FC33FC33FC33DC33FC33FC3326
:104A3000FC33FC33DC33FC3BDC33FC3BDC33FC334E
:104A4000FC33FC33DC33FC33FC3BFC33FC33FC3306
:104A5000FC33FC33FC33DC3BFC33FC33FC33FC33F6
:104A6000DC33FC3BFC33FC33FC33DC33FC3BDC331E
:104A7000FC3BFC33FC33DC3BFC33FC33FC33FC3BC6
:104A8000FC33FC33FC3BFC33FC33DC33FC33FC3BBE
:104A9000FC33DC33FC3BFC33FC33FC3BDC33FC33CE
:104AA000DC3BFC33DC33FC3BFC33FC33FC3BFC33B6
:104AB000FC33FC33FC33FC3BFC33FC33FC33FC3B6E
:104AC000FC33FC33FC3BFC33FC33FC33FC33FC3366
:104AD000FC33FC33FC33FC33DC33FC3BFC33FC3376
:104AE000FC33FC33DC3BFC33FC33FC33FC33FC3366
:104AF000FC3BFC33FC33DC33FC33FC3BFC33FC334E
:104B0000FC3BFC33FC33FC3BFC33FC3BFC33DC3335
:104B1000FC33FC3BFC33DC33FC33FC33FC3BFC332D
:104B2000FC33DC33FC33FC33FC33FC33FC33FC332D
:104B3000FC33FC33DC33FC3BFC33DC33FC33DC3355
:104B4000FC3BFC33FC3BDC33FC33FC33FC33FC33FD
:104B5000FC3BFC33DC33FC33FC33FC33FC3BDC330D
:104B6000FC33FC3BFC33DC33FC3BFC33DC33FC33FD
:104B7000FC33FC33FC33DC33FC3BFC33FC33FC3BCD
:104B8000DC33FC33FC33FC33FC33DC3BFC33FC33E5
:104B9000DC3BFC33FC3BDC33FC33DC33FC33FC33ED
:104BA000FC3BFC33FC33FC33FC33FC33FC33FC3385
:104BB000FC3BFC33DC33FC3BFC33FC33FC33FC338D
:104BC000DC3BFC33FC33FC3BFC33FC33DC3BFC3395
:104BD000FC33DC33FC3BFC33FC33DC33FC3BFC338D
:104BE000DC33FC3BFC33DC336B4CCF858E756E7550
:104BF0004D6D2C75EAB4EABCAA7C2C5DEC5C0C5DB6
:104C00000B650B5D2C5D2B5D2B5D2C5D0A552B5DC3
:104C10002B5D2B5D2B5D0A5D2B550B5D2A55094DD8
:104C2000094D0A4DE94CE94CC844C8448844673CE6
:104C30004634C52B1223DB22DA22BA22DA22DA2208
:104C4000DA22DA22BA22DA22DA22DA22DA22DA22A4
:104C5000DA22DA22BA22DA22DA22DA22DA22DA2294
:104C6000DA22BA22DA22BA22DA22DA22DA22BA22C4
:104C7000DA22BA22DA22DA22DA22DA22BA22DA2294
:104C8000DA22BA22DA22BA22DA22BA22DA22BA22C4
:104C9000DA22DA22DA22DA22DA22BA22DA22DA2254
:104CA000DA22BA22DA22BA22DA22DA2ADA22BA227C
:104CB000DA22BA22DA22DA22DA22DA22DA22BA2254
:104CC000DA22DA22DA2ABA22DA22BA22DA22BA225C
:104CD000DA22BA22DA22DA22DA22B922DA22BA2255
:104CE000DA22D922BA22DA22DA2ADA22DA22DA22FD
:104CF000DA22BA22DA22DA22DA22BA22DA22BA2234
:104D0000DA22BA22D922BA22DA22D922DA22BA2225
:104D1000DA22DA22BA22DA22BA22DA22DA22DA22F3
:104D2000DA22DA22DA22DA22BA22DA22DA22BA22E3
:104D3000DA22BA22DA22BA22DA22BA22DA22BA2213
:104D4000DA22BA22DA22BA22DA22BA22DA22BA2203
:104D5000DA22BA22DA22DA22DA22BA22DA22BA22D3
:104D6000DA22DA22DA22BA22DA22BA22DA22BA22C3
:104D7000DA22BA22DA22DA22DA22BA22DA22BA22B3
:104D8000DA22BA22DA22BA22DA22BA22DA22DA22A3
:104D9000DA22BA22DA22DA22DA22BA22DA22BA2293
:104DA000DA22DA22BA22DA22BA22DA22BA22DA2283
:104DB000BA22DA22DA22BA22DA22DA22DA22DA2253
:104DC000DA22BA22DA22DA22DA22BA22DA22BA2263
:104DD000DA22DA22DA22BA22DA22BA22DA22DA2233
:104DE000DA22BA22DA22DA22DA22BA22DA22DA2223
:104DF000BA22DA22DA22DA22DA22BA22DA22DA2213
:104E0000DA22DA22BA22DA22DA22DA22BA22DA2202
:104E1000DA22DA22DA22DA22DA22DA22DA22BA22D2
:104E2000DA22DA22BA22DA22BA22DA22BA22DA2202
:104E3000BA22DA22DA22DA22BA22DA22DA22BA22F2
:104E4000DA22DA22BA22DA22BA22DA22DA22BA22E2
:104E5000DA22DA22DA22BA22DA22DA22DA22BA22B2
:104E6000DA22DA22BA22DA226B4C4D6DEA54CA54A5
:104E7000EB4447ACA6FC06FC438AC74C876D475DF4
:104E8000A944C94C8744673CA73CC8446E7DCA54BA
:104E9000C844A73CA73C094DE744A73CA6346D7520
:104EA0000A5DC744E844C83CA73C873C66342634C6
:104EB000E62BA32B2E23BB22DA22BA22DA22BA2235
:104EC000BA22DA22BA22DA2ABA22BA22BA22BA22BA
:104ED000BA22DA2ABA22D922BA22BA22BA22D9228C
:104EE000BA2ADA22B922DA2ABA22B922DA22BA2274
:104EF000D922BA22DA22BA22BA22DA22BA22DA2A4B
:104F0000BA22DA22BA2AD922BA22DA22BA22DA223A
:104F1000BA22BA22BA22BA22DA22BA22D922BA2272
:104F2000DA22BA22DA22BA2ADA22BA22BA22DA2219
:104F3000BA22DA2AB922DA22BA22BA22DA22BA222A
:104F4000DA2ABA22BA22D922BA22DA22BA22DA22FA
:104F5000BA2ADA22B922BA22DA22BA22DA2ABA2202
:104F6000DA22BA22DA22BA22BA22BA22BA22BA2221
:104F7000DA22BA22DA22BA22DA22BA22DA22BA22D1
:104F8000D922BA22DA22BA22DA22BA22BA22DA22C2
:104F9000BA22DA22BA22DA22BA22DA22BA22BA22D1
:104FA000BA22DA22BA22BA22DA22BA22DA22B922C2
:104FB000DA22BA22D922BA22DA22BA22D922BA2293
:104FC000DA22BA22D922BA22DA22B92ADA22BA227B
:104FD000DA2AB922DA22BA2AD922BA22DA22B92264
:104FE000DA22BA22BA22DA22BA22DA22BA22DA2261
:104FF000BA22DA22BA22BA2AD922BA22DA22BA226A
:10500000D922BA22DA22BA22DA22BA22D922BA2242
:10501000BA22DA22BA22BA22DA22BA22DA22BA2250
:10502000D922BA2ADA22BA22DA22BA2ADA22BA2211
:10503000DA22BA2ADA22BA22DA22BA22BA22BA2228
:10504000DA22BA22DA22BA22DA22BA2ADA22BA22F8
:10505000BA22BA22D922BA22DA22BA22DA22BA2211
:10506000BA22DA22BA22BA22DA22BA22DA22BA2200
:10507000DA22BA2ABA22BA22DA22BA22DA22BA22E8
:10508000BA22DA22BA22BA2AB922DA22BA22DA22D9
:10509000BA22BA22BA22BA22BA22BA22DA2ABA2208
:1050A000DA22BA22DA22BA22DA2ABA22DA22BA2298
:1050B000DA22BA22BA22DA22BA22D922BA22DA2291
:1050C000BA22DA22BA22DA22BA22DA22BA22DA2280
:1050D000BA22B922DA22BA22DA22BA22B922DA2292
:1050E000BA22DA22BA22DA224A3C0B65A94CA84439
:1050F000884CC2E365E4C3E2835A817580A7C56426
:10510000683CA744AF7D96BEF1950C6DDEFFD1954E
:10511000EA5CD6BE74AEA84CCF7D33A654AE9DEFEC
:10512000B8C6863C294D0845E844C73C873C463410
:10513000052C83230B23DC22DA22DA22DA22DA227C
:10514000DA22DA2ADA22BA22DA22DA22DA2ADA228F
:10515000DA22DA22DA22DA22DA22DA22DA2ADA2267
:10516000DA22DA22DA22DA22DA22DA22DA22DA2A57
:10517000DA22DA22DA22DA2ADA22DA22DA22DA2247
:10518000DA22DA22DA22DA22DA22DA22DA2ADA2237
:10519000DA22DA22DA2ADA22DA22DA2ADA22BA223F
:1051A000DA2ADA22DA22DA22BA22DA22DA22DA2237
:1051B000DA22DA22DA22BA22DA22DA22DA2ADA2227
:1051C000BA22DA22DA22DA22DA22DA22DA2ADA2217
:1051D000DA22DA22DA22DA22DA2ADA22DA22DA22E7
:1051E000DA22DA2ADA22DA22DA22DA22DA22DA22D7
:1051F000DA22DA2ABA22DA22DA2ADA22DA22DA2AD7
:10520000DA22DA22DA22DA22BA2ADA22DA22DA22D6
:10521000DA2ADA22DA22DA22DA2ABA22DA22DA22BE
:10522000DA2ADA22DA22DA22DA22DA2ABA22DA22AE
:10523000DA2ADA22DA22DA2ADA22DA22DA22DA2A76
:10524000DA22DA22DA22DA2ADA22DA22DA22DA2276
:10525000DA22DA22BA22DA22DA22DA22DA22DA2A86
:10526000BA22DA22DA2ADA22DA22DA2ADA22DA226E
:10527000DA22DA2ADA22DA22DA22DA22DA22DA2246
:10528000DA2ADA22DA22DA22DA22DA22BA2ADA224E
:10529000DA22DA22DA2ADA22DA22DA2ADA22DA221E
:1052A000DA22DA22DA22DA2ADA22DA22DA22DA2216
:1052B000DA22DA22DA22DA22BA22DA2ADA22DA2226
:1052C000DA2ADA22DA22BA22DA22DA22DA22DA2216
:1052D000DA22DA2ADA22DA22DA2ADA22BA22DA22FE
:1052E000DA2ADA22DA22DA22DA2ADA22DA22DA2AC6
:1052F000DA22DA22DA22DA22DA22DA2ABA22DA22E6
:10530000DA22DA2ADA22DA22DA22DA22DA22DA22B5
:10531000DA22DA22DA22DA2ADA22DA22DA22DA22A5
:10532000BA22DA22DA2ADA22DA22DA22DA22DA2AAD
:10533000DA22DA22DA22DA2ADA22BA22DA2ADA229D
:10534000DA22DA2ADA22DA22DA22BA22DA2ADA228D
:10535000DA22DA2ADA22DA22BA22DA2ADA22DA227D
:10536000DA22DA22DA2ADA22093CEA548844A73C13
:1053700088449273F5732D5A434B227E82864643AE
:10538000A73CE84CBEF772A5F5BD0E8D1ADF085C90
:105390006E8593AD1BE7CB6CB5B6DAE68C7C1BE76C
:1053A000CC84C744494528452845E844C73C673C68
:1053B00006348423091BFB22DA2AFA22DB2ADA22AA
:1053C000DA2ADB22FA22DA22FB2ADA22FA22DB228A
:1053D000DA2ADA22DB2ADA22FB2ADA22DB22DA22B2
:1053E000DB22DB2ADA22DB22FB2ADA22DB22DB22A7
:1053F000DA22DB2ADA22DB22DA22DB2ADA22DB2AB1
:10540000DA22DB22DA2ADB22DA2ADB22DA22DB22A8
:10541000FA2ADB22FA22DB22DA22DB22FA2ADB2238
:10542000FA22DB22DA2AFA22DB22FA2ADB22DA2A21
:10543000DA22DB2AFA22DB2AFA22DB22DA22FB2218
:10544000DA22FA2ADB22DA22DB2ADA22DB22DA2249
:10545000DB22DA2AFB22DA22DB22DA22DB22DA2A38
:10546000DB22DA22DB22DA2AFB22DA2AFB22DA2A00
:10547000DB22FA22DB22FA22DB22DA2ADB22DA2200
:10548000DB22DB2ADA22FB2ADA22FB22DA2ADB22DF
:10549000DA22DB22DA2ADA22FB22DA22FB2ADA22D9
:1054A000DA22DB22DA2AFA22DB2ADA22FB22DA22C9
:1054B000DB22DB2ADA22DB22DA22DB2ADB22DA22F7
:1054C000DB22DA2ADB22DB22DA22DB22DB2ADA22E7
:1054D000DB22FB2ADA22FB22DB2ADA22DB22FB2276
:1054E000DA2AFB22DA22DB22DA22DB22DA2ADB22A8
:1054F000DA22DB22FA22DB22DA2ADB22DA2ADB2298
:10550000DB22DA22DB2ADA22DB2AFA22DB22FA2267
:10551000DB2ADA22FB22DA22DB2ADA22DB22DA2A6F
:10552000DB22DA2ADB22DA22DB22DA22DB2ADA2287
:10553000DB2ADA22DB22FA2ADB22FA22DB22FA2A0F
:10554000DB22DA22FB2ADA22FB2ADA22DB2ADA221F
:10555000FB22DA22DB22DA2ADB22FA22DB2AFA22F7
:10556000DA22DB22FA2ADA22DB22DA22DA2ADB2228
:10557000DA22FA22DB2ADA22DB22FA22DB22FA2AD8
:10558000DB22DA22DB22FA22DB2ADA22DB2ADA2207
:10559000DB2AFA22DB2AFA22DB22DA2ADB22FA22AF
:1055A000DB2AFA22DA22DB22DA22DB2ADA22DA22E8
:1055B000FB22DA2ADA22DB22FA22DB2AFA22DB2297
:1055C000DA22DB22DA2ADA22FB2ADA22FB22DA22A8
:1055D000DB22FA22DB22DA2AFB22DA22FB22DA2A77
:1055E000DB22DA2ADB22DA22E833E844A73CC5349E
:1055F00051449F6C5F8D9632428C449DC5A4873B7D
:10560000273DE744919D35C64F95CD7C76C6C33383
:1056100095B636C65CE7AA6CF9D608646754D9D645
:10562000E543694D694D484D49450845C73C873CB0
:105630002634832309231B2BFB22FB22FA2AFB227D
:10564000FB22FA2AFB22FB2AFA22FB22FB2AFA225D
:10565000FB22FB2AFB22FB22FA22FB2AFB22FB2A4B
:10566000FA22FB22FB2AFA22FB22FB2AFA22FB2A3D
:10567000FB22FA2AFB22FB2AFA22FB2AFA22FB222D
:10568000FA2AFB22FB22FA2AFB22FB22FA2AFB221D
:10569000FA22FB2AFA22FB2AFA2AFB22FB22FA2A06
:1056A000FB22FA2AFB22FB2AFA22FB22FA2AFB22FD
:1056B000FB22FB22FB2AFA22FB2AFB22FA2AFB22EC
:1056C000FB2AFB22FA2AFB22FB22FA2AFB22FA2AD5
:1056D000FB22FB22FA2AFB2AFB22FB2AFA22FB22CC
:1056E000FB2AFA22FB2AFA22FB22FA2AFB22FA22BE
:1056F000FB2AFA22FB2AFB2AFA22FB22FA2AFB22A5
:10570000FA2AFB22FB22FA22FB2AFB22FA22FB2A9C
:10571000FB22FA2AFB22FB2AFA22FB2AFA22FB2A84
:10572000FB22FA2AFB22FB22FA22FB2AFB22FA2A7C
:10573000FB22FA22FB2AFB22FB2AFA22FB2AFB226B
:10574000FA2AFB22FA2AFB22FB2AFA22FB22FA2A55
:10575000FB22FA22FB2AFA22FB22FB2AFA22FB2A4C
:10576000FA22FB22FB2AFA2AFB22FA2AFB22FB2A34
:10577000FA22FB2AFB2AFA22FB22FB2AFB22FA2A24
:10578000FB22FA2AFB22FB22FA2AFB22FB2AFB221B
:10579000FA22FB2AFB22FA2AFB22FA22FB2AFB220C
:1057A000FA22FB22FB2AFA22FB2AFB22FA22FB2AFC
:1057B000FA22FB2AFA22FB22FA2AFB22FA2AFB22ED
:1057C000FA22FB2AFA22FB22FA22FB2AFA22FB2ADD
:1057D000FA22FB2AFB22FA22FB2AFB22FA22FB2ACC
:1057E000FB22FA2AFB22FB2AFA22FB2AFB22FA22BC
:1057F000FB2AFB22FA22FB2AFA22FB2AFB22FA22AC
:10580000FB2AFB22FA2AFB22FB22FB2AFA22FB229A
:10581000FA2AFB22FA22FB2AFA22FB22FA2AFB228C
:10582000FA22FB2AFB22FA2AFB22FA22FB2AFB227B
:10583000FA2AFB22FB2AFA22FB2AFB22FB22FA2A63
:10584000FB2AFA22FB22FB2AFA22FB22FA2AFB2A53
:10585000FA22FB2AFB22FA2AFB22FB2AFA22FB2A43
:10586000FB22FA22FB2AFB22E833C73CA73CC534C3
:10587000F74B9D7CFE63AD5260D5E1FE44B5272C0D
:10588000873D894D35BE15BED8CE4E855CEFC964C7
:10589000BDEF77CE3BE769641BE7674CCD6D9EFF9C
:1058A0002B6D6845894D694D48452845E744A73427
:1058B0002634832B2C1B1C2BFA22FB2AFB22FB2ACF
:1058C000FB221B23FB2AFB22FB2AFB22FB2AFB22B7
:1058D0001B2BFA221B23FA2AFB22FB2A1A23FB2268
:1058E000FB2A1A23FB2AFB22FA2AFB221B2BFA2271
:1058F000FB2A1B23FB221A2BFB221B23FB2A1B2325
:10590000FB221A2BFB221B23FB2A1B23FB2AFB2235
:10591000FB2AFB22FB2AFB22FB22FA2AFB22FB2288
:10592000FB2AFB22FB22FB22FB2AFB22FB221B2B56
:10593000FA22FB2AFA22FB22FB22FB2AFB22FA2A6A
:10594000FB22FB22FB221B2BFB221B2BFB221B23FC
:10595000FA2AFB22FB22FB221A2BFB22FB2A1B2307
:10596000FA2A1B23FB22FB2AFB22FB22FB2AFB2217
:10597000FB22FB2AFA22FB22FB2AFB221B23FB2A07
:105980001B23FA2AFB22FB2AFB22FB2AFB221A23D7
:10599000FB2A1B23FB22FB22FB2AFB22FB221B23CD
:1059A000FB2AFB221B2BFB22FB2AFA22FB221B2BAE
:1059B000FB221B2BFB221A23FB221B2BFA221B236D
:1059C000FB221B2BFB221A23FB2A1B23FB2A1B2354
:1059D000FB2AFB22FB2AFB22FA2AFB22FB2AFB22C0
:1059E000FB2AFA22FB221B23FB2A1B23FA221B235E
:1059F000FB2AFB22FA22FB2A1B23FA22FB221B236F
:105A0000FB2A1B23FA2AFB221B23FB2AFA22FB2A4E
:105A1000FB22FB2AFA22FB221B2BFB22FA221B2B46
:105A2000FB221B2BFB221B23FA2A1B23FB2A1B23F3
:105A3000FB22FB221B2BFB22FB2AFB22FB22FB2A45
:105A4000FB22FB22FB2AFB22FB2AFB22FB22FB225E
:105A5000FB2AFA221B2BFB22FB22FA2AFB22FB2227
:105A6000FB2AFB22FB22FB221B2BFB22FB221B2BF4
:105A7000FB22FB2AFB22FB2AFB22FA2AFB22FB2A1F
:105A8000FA22FB2AFB22FB2AFA221B23FB2AFB22F7
:105A90001B23FB2AFB22FB22FB2A1B23FB22FB2AC4
:105AA000FB22FB2AFB221B23FB2A1B23FB2AFB22B4
:105AB000FB22FB2A1B23FB22FB22FA2AFB22FB22CE
:105AC0001B23FB2AFB22FB22FB2AFB22FB22FB22BD
:105AD000FB2AFB22FB2AFB22FA22FB2AFB22FB22C7
:105AE0001B2BFB22FA221B2BE72BA73CC634E734E7
:105AF000E83B6733AB2A666381DD22E6466CE73418
:105B0000A84547458F859095685CC8549095C95CB9
:105B10004D7D2F95EC74C95C2D7DE74C49556F8DFB
:105B20000C6D4845894D694D48452845C83C863C23
:105B30002634632351231D2B1A231B2B1B231B2BC2
:105B40001A2B1B231B2B1A231B2B1B231A2B1B2B40
:105B50001B231B2B1B2B1B2B1B231B2B1B2B1B2B25
:105B60001B231B2B1B2B1B231B2B1B2B1B231B2B1D
:105B70001B231B2B1B2B1B231B2B1B2B1B231A2B0E
:105B80001B2B1B2B1B2B1B2B1A231B2B1B231A2BF7
:105B90001B2B1B231A2B1B2B1B231B2B1B2B1B2BE6
:105BA0001B231B2B1A2B1B2B1B231A2B1B2B1B23DF
:105BB0001B2B1B2B1B231B2B1B2B1A231B2B1B23CE
:105BC0001B2B1A2B1B2B1B231A2B1B231B2B1B2BB7
:105BD0001B2B1B2B1B2B1B2B1B231B2B1B2B1B23A5
:105BE0001B2B1B2B1B2B1B231A2B1B2B1B231B2B96
:105BF0001A2B1B231B2B1B2B1B231B2B1B2B1A238F
:105C00001B2B1B231B2B1B231A2B1B231B2B1B2B7D
:105C10001B231B2B1A2B1B2B1B231A2B1B2B1B2B66
:105C20001A231B2B1B231A2B1B231B2B1B2B1B2366
:105C30001B2B1A231B2B1B2B1B2B1B231B2B1B2B45
:105C40001B2B1B231B2B1B2B1B231B2B1A231B2B3D
:105C50001B2B1A231B2B1B2B1B231B2B1B231A2B2E
:105C60001B231B2B1B2B1B2B1B231B2B1B2B1B2B14
:105C70001B231B2B1B2B1B231B2B1B2B1B2B1B2B04
:105C80001A231B2B1B231B2B1B2B1B231B2B1B2305
:105C90001B2B1B231B2B1B2B1B231B2B1B2B1B2BE4
:105CA0001B231A2B1B2B1B2B1B231B2B1B231A2BDE
:105CB0001B2B1B2B1A231B2B1B231B2B1A2B1B23CE
:105CC0001B2B1B2B1A231B2B1B2B1B231A2B1B2BB6
:105CD0001B231B2B1B2B1B2B1B2B1B231B2B1B2BA4
:105CE0001A231B2B1B2B1A2B1B231B2B1A2B1B239F
:105CF0001B2B1A231B2B1B231B2B1B231B2B1B2B8D
:105D00001B231B2B1B231B2B1B2B1B2B1B231A2B7C
:105D10001B2B1B231B2B1A2B1B231B2B1B2B1A2B65
:105D20001B231B2B1A2B1B2B1B231A2B1B231B2B5D
:105D30001A2B1B231B2B1A2B1B2B1B231B2B1B2B45
:105D40001A2B1B231B2B1A2B1B231B2B1A2B1B2B36
:105D50001B231A2B1B231B2B1B2B1B231B2B1A2B2D
:105D60001B231B2B1B2B1B23A72B8634A634C634CB
:105D7000E63406358534E633C64B8643473C673DFB
:105D8000673D883DC53C853427456845C53C484549
:105D9000063DA63CE644684D0745894D894DA6441D
:105DA0000745694D694D494D2845E844C744673466
:105DB0000634452357231C2B3B2B1B2B3B231B2B30
:105DC0003B231B2B3B2B1B233B2B1B2B3B231B2B3B
:105DD0003B2B1B231B2B3B231B2B3B231B2B3B2333
:105DE0001B2B3B231B2B3B2B1B233B2B1B233B2B1B
:105DF0001B2B3B231B2B3B2B1B231B2B3B2B1B232B
:105E00001B2B3B231B231B2B3B2B1B233B2B1B2322
:105E10003B2B3B2B1B233B2B3B2B1B233B2B3B23AA
:105E20001B2B3B233B2B1B233B2B3B2B1B233B2BBA
:105E30001B233B2B3B2B1B233B2B3B2B1B2B3B2BA2
:105E40003B231B2B3B231B2B3B2B1B2B1B233B2BBA
:105E50001B233B2B1B233B2B1B2B3B231B2B3B2BAA
:105E60001B233B2B1B233B2B1B2B3B233B2B1B2B9A
:105E70003B233B2B1B233B2B3B2B1B233B2B1B2B6A
:105E80003B231B2B3B2B1B2B3B233B2B1B2B3B235A
:105E90001B2B3B2B1B233B2B1B2B3B231B2B3B236A
:105EA0001B2B3B2B1B2B3B231B2B3B2B1B233B2B52
:105EB0001B2B1B2B3B231B2B1B233B2B1B231B2B8A
:105EC0003B231B2B1B233B2B1B2B1B233B2B1B2362
:105ED0003B2B1B2B3B231B2B3B2B3B231B2B3B2B02
:105EE0003B2B1B233B2B1B233B2B1B231B2B3B2322
:105EF0001B2B3B231B2B3B2B1B233B2B1B233B2B0A
:105F00001B2B1B233B2B1B2B3B231B2B3B2B1B2B11
:105F10003B233B2B1B2B3B231B2B3B2B1B233B2BC9
:105F20001B2B1B233B2B1B231B2B3B2B1B2B1B2319
:105F30003B2B1B233B2B1B2B3B2B1B233B2B1B2BC1
:105F40003B233B2B1B2B3B233B2B1B2B3B233B2B79
:105F50001B2B3B231B2B3B231B2B3B2B3B231B2BA9
:105F60003B2B3B231B2B3B231B2B3B231B2B3B2B79
:105F70001B233B2B1B2B3B2B3B231B2B3B233B2B69
:105F80001B2B3B233B2B1B233B2B1B233B2B1B2B79
:105F90003B231B2B3B2B1B233B2B1B2B3B231B2B69
:105FA0003B2B1B233B2B1B233B2B1B2B3B2B1B2359
:105FB0003B2B1B2B3B231B2B3B231B2B3B2B1B2349
:105FC0003B2B1B2B3B233B2B1B2B3B233B2B1B2319
:105FD0003B2B3B2B1B2B3B233B2B3B2B1B233B2BE1
:105FE0001B2B3B231B2B3B2B8623052C652C85343D
:105FF0008634A534C634C634C634C62CE63CE734F1
:10600000E63C073D273D4845473D2845684548450E
:10601000484D6945494D4945294D2845094D294D6A
:10602000094DE844E844C844A844873C673C06342A
:10603000842B6A235B2B1B231B231B2B1B231B2B58
:106040001C231B2B1B231B2B1B231C2B1B231B2346
:106050001B2B3B231B2B1B231B2B1B231B2B1B2310
:106060001B2B1B231B2B1B231B2B1B231B2B1B2320
:106070001B2B1B231B231B2B1B231B231B2B1C2317
:106080003B2B1B231B2B1C231B2B1B231B2B1C2BD6
:106090001B231B231C2B1B231B231B2B1B231B2BF7
:1060A0001B231B2B1B231B2B1C231B2B1B231B2BDF
:1060B0001B231B2B1B231B2B1B231C231B231B2BD7
:1060C0001B231C2B1B231B2B1B231B231B2B1B23C7
:1060D0001B2B1B231B2B1B231B231B2B1B231B23B8
:1060E0001B2B1B231B2B1B231B2B1B231B2B1B23A0
:1060F0001C2B1B231B2B1B231B2B1B231B2B1C238E
:106100001B2B1B231B231C2B1B231B2B1B231B2B7E
:106110001B231B2B1B231B231C2B1B231B2B1B2376
:106120001C2B1B231B231C2B1B231B2B1B231B2B5D
:106130001B233C231B2B1B231B2B1B231B2B1B2336
:106140001B2B1B231B2B1B231B2B1B231B2B1C233E
:106150001B2B1B231B2B1B231B231B2B1B231C2336
:106160001B2B1B231B2B1B231B2B1B231B2B1B231F
:106170001B2B1B231B2B1B231B2B1B231B2B1B230F
:106180001C2B3B231B2B1B231B2B1B231B231B2BDE
:106190001B231B2B1B231B2B1B231B2B1B231B23F7
:1061A0001B2B3C231B2B1B231B2B1B231B233C2B9D
:1061B0001B231B2B1C231B231B2B1B231C2B3B23B5
:1061C0001B2B1B231C2B1B231B2B1B231B2B1C23BD
:1061D0001B2B1B231B2B1B231B231B2B1B231B2BAF
:1061E0001B231C2B1B231B2B1B231B2B1C231B2B9D
:1061F0001B231B2B1B231B231B2B1B2B1B231B2B8F
:106200001B231B2B1B231B2B1B231B2B1B231B2B7E
:106210001B231B2B1B231C2B1B231B2B1B231B2375
:106220001C2B1B231B2B1B231C2B1B231B231B2B5C
:106230001C231B2B1B231C2B1B231B2B1B231B2B4C
:106240001C231B2B1B231B2B1C231B2B1B231C2B3B
:106250001B231B231B2B1B231B231B2B1B231C233D
:106260001B2B1B231B2B1B2346236523C52BC5235D
:10627000A523C52BC523C52BE62BE62BE62BE72B49
:10628000072CE633E72B0634073407340734E733AB
:1062900007340734073CE73B073C073CE733E73B61
:1062A000E73B073C083C073CE833E733A733662B62
:1062B0002423932BBA227622771A7722771A772211
:1062C000771A7722771A7722771A77227722771A26
:1062D0007722771A7722771A7722771A7722771A16
:1062E0007722771A7722771A7722771A7722771A06
:1062F00077227722771A77227722771A7722771AEE
:106300007722771A7722771A7722771A7722771AE5
:106310007722771A7722771A7722771A7722771AD5
:106320007722771A7722771A7722771A7722771AC5
:106330007722771A7722771A77227722771A7722AD
:10634000771A7722771A7722771A7722771A7722A5
:10635000771A7722771A7722771A77227722771A95
:106360007722771A7722771A7722771A7722771A85
:106370007722771A7722771A7722771A7722771A75
:1063800077227722771A7722771A7722771A77225D
:10639000771A7722771A7722771A9722771A772235
:1063A000771A77227722771A7722771A7722771A45
:1063B00077227722771A7722771A7722771A77222D
:1063C000771A7722771A7722771A7722771A772225
:1063D000771A7722771A77227722771A772277220D
:1063E000771A7722771A7722771A7722771A772205
:1063F0007722771A7722771A7722771A7722771AF5
:106400007722771A7722771A7722771A7722771AE4
:106410007722771A7722771A7722771A77227722CC
:10642000771A7722771A7722771A7722771A7722C4
:10643000771A77227722771A7722771A7722771AB4
:106440007722771A7722771A7722771A7722771AA4
:106450007722771A7722771A7722771A7722771A94
:106460007722771A7722771A7722771A7722771A84
:106470007722771A77227722771A7722771A77226C
:10648000771A7722771A7722771A7722771A772264
:10649000771A7722771A7722771A7722771A772254
:1064A000771A7722771A7722771A77227722771A44
:1064B0007722771A7722771A7722771A7722771A34
:1064C0007722771A7722771A7722771A7722771A24
:1064D00077227722771A77227722771A7722772204
:1064E000771A7722771A77227C5BFF841F851D6CD1
:1064F000FB4A1A32FA29FA290067F6EDDCDADADA11
:10650000DCDCF3FF00ADEDD99693787876777A7C72
:106510007E8184C1CBD9ED00A6F6DA99942421219D
:106520002123767A7C7D7F838485868686BCC4DB46
:10653000F600A1DCCB947925242422222325787A25
:106540007C7E7F83848587BCBFBFBFBEC3D9F60076
:106550009DDC94817C7C7B78252321212325797AFD
:106560007C7E8283848587BCBEBFC0C5C5C5C4DBB5
:10657000009CC47E82807C7A762422212224767933
:106580007B7D7F82838487BCBEBFBFC0C5C5C7C7B4
:10659000C6CCED0099F4BD81807D7B7976242221E3
:1065A0002224767A7B7D7F83848587BCBEBFC0C072
:1065B000C5C6C7C7CAC8C9ED0098DC8182807D7A8C
:1065C00079252321212325777A7C7E7F8384858703
:1065D000BCBEBFC0C5C5C6C7C7C9CACAF30098CB31
:1065E00081827E7C7A77252221222425797B7D7FFA
:1065F00082838485BCBCBEBFC0C5C5C6C7C9CAC866
:10660000CC0099C381807D7C7A7624222122247655
:106610007A7B7D7F82838487BCBEBFC0C0C5C6C76E
:10662000C7C9CAC8DB0003EEA6F20092ED838280E0
:106630007D7B79252422212324777A7C7E7F8384A5
:106640008587BCBEBFC0C5C5C6C7C7C9CAC9ED001E
:1066500003A06CA6E10091D981827E7C7A77252304
:1066600021212325797A7D7F7F83848587BCBEBFE6
:10667000C0C5C5C6C7C9CACACCFF0002F26CA0A07B
:106680009EA6E9001AFCE7D4F20071C481827D7CE9
:106690007A76242221222476797B7D7F82838485E9
:1066A000BCBEBFBFC0C5C6C7C7C9CAC8D90003E7FB
:1066B0006CA6A0A09C9BA6E90016E9A6745D9EE1CD
:1066C0000070F48481807D7B7976242221222476D7
:1066D0007A7B7D7F83848587BCBEBFC0C0C5C6C7AB
:1066E000C7C9CAC8DC0003A66CA6A09E9E9C6D6D9F
:1066F000A0E1F2000FF2E7A6745B5A5D74B7EE00FA
:1067000070DC81827E7D7B77252321212325777A8A
:106710007C7E7F83848587BCBEBFC0C5C5C6C7C716
:10672000CACACAF400039D9EA0A09E9C9C9B6D6A51
:10673000626B9ED4E7EEFAFF0003FAEFE9E1A69C54
:1067400069545F5A5D5E5E9BD4FC0070CB81827E93
:106750007C7A76242321222425797B7D7F82838481
:106760008587BCBEBFC0C5C5C6C7C9CAC8CC0003E3
:10677000E96CA6A0A09E9C9B756D6B6A625F5F56DC
:10678000616B6B6B6B6B69533939393B56615B5C81
:106790005E5E639EE10071C381807D7C7A762422F7
:1067A000212224767A7B7D7F82838587BCBEBFC011
:1067B000C0C5C6C7C7C9CAC8DB0003D46CA6A09EA3
:1067C0009E9C9B756D6B696262626158564F4F3B30
:1067D00039393949515555595A5B5C5E5E6AA6E9AB
:1067E0000070ED8382807D7B7976242221232477BB
:1067F0007A7C7E7F83848587BCBEBFC0C5C5C6C783
:10680000C7C9CACAED00039D9DA6A09E9E9C9B6D14
:106810006D6A6962625A60605857545150494949DB
:10682000515355595A5B5D5E6374B7F20070D9815C
:10683000827E7C7A77252321212325797A7D7E82A9
:1068400083848587BCBEBFC0C5C5C6C7C9CAC9CCFD
:10685000FF0002F26CA0A0A09E9C9B756D6B6A6904
:10686000626259605857565250493A3A4952535504
:10687000595A5B5E5E639CD40071C481827D7C7AD0
:1068800076252221222476797B7D7F82838487BCB2
:10689000BEBFBFC0C5C6C7C7C9CAC8D90003DA6C66
:1068A000A6A09E9E9C9B756D6B6962626259605545
:1068B00057545250493A3A505255585A5B5B5E5EB3
:1068C00063A0E70070F48481807D7B7976242221A7
:1068D0002224767A7B7D7F83848587BCBEBFC0C03F
:1068E000C5C6C7C7C9CAC8DC0003A66CA6A09E9EC1
:1068F0009C9B756D6A6962625A606057565451502C
:106900003A3A49515255595A5B5D5E5E74B7EE0092
:1069100070DB81827E7D7A78252321212325777A79
:106920007C7E7F83848587BCBEBFC0C5C5C6C7C704
:10693000CACACAF40002FD6C9EA0A09E9C9C756D04
:106940006B6A69626261605857565250493A3A49D7
:10695000515355595A5B5D5E639BD4FD0070CB81EA
:10696000827E7C7A76252321222425797B7D7F8275
:1069700083848587BCBEBFC0C5C5C6C7C9CAC8CCCD
:106980000003E96CA6A0A09E9C9B756D6B6A696272
:106990006261605857565250493A3A4952535559D4
:1069A0005A5B5E5E639EE10070FFC181807D7C7AF0
:1069B000762422212224767A7B7D7F82838587BC80
:1069C000BEBFC0C0C5C6C7C7C9CAC8DB0003D46C38
:1069D000A6A09E9E9C9B756D6B6962626159605713
:1069E00056545150493A3A505255595A5B5C5E5E82
:1069F0006AB7EA0070DC8182807D7B7925242221C0
:106A00002325777A7C7E7F83848587BCBEBFC0C503
:106A1000C5C6C7C7C9CACAF300039D9DA6A09E9E4E
:106A20009C9B6D6D6A6962625A6060575654515002
:106A30003A3A49515355595A5B5D5E6374CDFA0039
:106A400070D981827E7C7A77252321212325797A4A
:106A50007D7F8183848587BCBEBFC0C5C5C6C7C9CD
:106A6000CAC8CC0003EF6CA0A0A09E9C9B756D6B68
:106A70006A69626261605857565250493A3A4952BF
:106A80005355595A5B5E5E639ED40071C481827D0A
:106A90007C7A76242221222476797B7D7F828384EE
:106AA00087BCBEBFBFC0C5C6C7C7C9CAC8D9000357
:106AB000DA6CA6A09E9E9C9B756D6B69626262609B
:106AC000605857545250493A3A50525558595B5CA5
:106AD0005E5E63A0E70070F38481807D7B7976241D
:106AE00022212224767A7B7D7F83838587BCBEBF6B
:106AF000C0C0C5C6C7C7C9CAC8DC0003A69DA6A03A
:106B00009E9E9C9B756D6A6962625A60605756547E
:106B100051503A3A49515255595A5B5D5E5E74B7CD
:106B2000EF0070DB81827E7D7B7925232121242566
:106B30007A7B7E7F8383848587BCBEBFC0C5C5C684
:106B4000C7C7CACACAF40002FC6CA0A0A09E9C9C45
:106B5000756D6B6A69626261605857565250493A66
:106B60003A49515355595A5B5D5E639BD40071CBD2
:106B700081827E7C7A7725232121232423232323CA
:106B800079808387BCBEBFBFC0C5C6C7C7C9CAC8D6
:106B9000CC0003E96CA6A0A09E9C9B756D6B6A69F6
:106BA000626259605857565250493A3A50525358B7
:106BB000595A5B5E5E639EE10070FF9481807E7C2B
:106BC0007A762323237679808094949480807C7ACB
:106BD0007D83BEC0C5C5C6C7C7C9CAC8DB0003A67A
:106BE0006CA6A09E9E9C9B756D6B696262616060E5
:106BF0005756545150493A3A505255585A5B5C5E78
:106C00005E6AB7EA0070DC8182807C79767C94C40D
:106C1000D9DBDCF3F3F4F4F4F3F3DCD9CB94828323
:106C2000BFC6C7C7C7C9CACAF300039D9DA6A09E19
:106C30009E9C9B6D6D6A696262616060575654519B
:106C4000503A3A49515355595A5B5D5E6374B7FAED
:106C50000070D981807B8094CCDCF3000EF4DCCB17
:106C60009483C2C9C9CAC8CC0003EF6CA0A0A09E7F
:106C70009C9B756D6B6A6962625960585756525099
:106C8000493A3A49525355595A5B5E5E639CE1005A
:106C900071947C94CCDCFF0014F3D99484C7CAC8E7
:106CA000DB0003E16CA6A09E9E9C9B756D6B6962E8
:106CB000626159605857545250493A3A50525555AA
:106CC000595B5B5E5E63A0E70071DCDBF4000BFEEA
:106CD000FEFE000BF3CB84C2C9ED0003A69DA6A067
:106CE0009E9E9C9B756D6A6962625A60605756549D
:106CF00051503A3A49515255595A5B5D5E5E74B7EC
:106D0000F20078FBECD2E0AE72707272AEAEB6E01A
:106D1000E2ECFE0007EDC4C4FF0002FA6CA0A0A0E4
:106D20009E9C9B756D6B6A69626261605857565292
:106D300050493A3A49515355595A5B5D5E639BD469
:106D40000076ECE2AE67363636474D65676F707297
:106D5000ABABACADB6E2EC0007F40003E76CA6A069
:106D6000A09E9C9B756D6B6A696261616058575605
:106D70005250493A3A50525555595A5B5E5E63A09B
:106D8000E10073F7E2B371664D3736474D646567CE
:106D90006F7072ABACADB0B0B0B0B4DFE60009A6B6
:106DA0006CA6A09E9E9C9B756D6B69626261606023
:106DB0005756545150493A3A505255595A5B5C5EB5
:106DC0005E6AB7EE0070FEE6B9B1AB72706E6447F2
:106DD00036474D64666E6F7072ABACADB0B0B3B693
:106DE000B8B6B8E0EC00079D9EA6A09E9E9C9B6D49
:106DF0006D6A69626261605857565250503A3A491A
:106E0000515355595A5B5D5E6374D4FC0070E6B211
:106E1000B1AFAC726F664D3736474D64666E6F71B9
:106E200072ABACADB0B0B4B6B8B8BABABBE2F800A9
:106E300005D49D9DA09E9C9B756D6B6A6962626185
:106E4000605857565250493A3A49525355595A5B2D
:106E50005D5E639EE10071E2B2B1AFAB716E654DF4
:106E60003637474D65676E707172ACADADB0B3B477
:106E7000B6B8BABADDDEDEDFEC0005EAA69D9D9C61
:106E80009B756D6B696262616060575754525049DF
:106E90003A3A50525558595B5C5E636D9FE90070F9
:106EA000FEB9B2B1AFAB706E644736374D646567FB
:106EB0006F7072ABACADADB0B3B4B6B8BABBDDDE1B
:106EC000DFDEEC0007E7A66C6D746D6B6962625AD9
:106ED000606057565451503A3A49515355595A5B8C
:106EE000696B6C9FD4FC0070ECB2B1B1AC7270678E
:106EF0004D3736474D64666E6F7072ABACADB0B057
:106F0000B3B6B8B8BABBDDDEDEE0FE0008FCE1A631
:106F10006C6C6969626261595857575251494949C5
:106F200049525457616C6C9DA6E1EF0072E2B2B118
:106F3000AFAC716F664D3637474D65676E707172D5
:106F4000ACADADB0B3B4B6B8B8BADDDEDFDEE200EA
:106F500003F399ED0005FFE7CD9D6C57585F5F5F28
:106F600056564F4F3B393949506C6C9DA6E1EB00AA
:106F700075B9B2B1AFAB716E654736374D646567B1
:106F80006F7071ABACADADB0B3B4B6B8BABADDDE4C
:106F9000DFDEEC0003994195D9F60006F2E7D5A6AD
:106FA0009D6C6C6C6C6C6C6C6C9DA6CDD5E7F20026
:106FB00077F7B2B2B1AFAB7067643736474D6466EE
:106FC0006E6F7072ABACADB0B0B3B4B6B8BABBDD77
:106FD000DEDEE0F800038E93958D95DA0009FCEF74
:106FE000EAE9E7E7E9E9EFF20009FF0072E6B2B18A
:106FF000AFAC726F664D3736474D64666E6F717217
:10700000ABACADB0B0B4B6B8B8BADDDDDEDEE20030
:1070100003ED439593938D4495DAF60016EDD98DE3
:107020008CE90071DFB2B1AFAB716E654D36374799
:107030004D65676E707172ACADADB0B3B4B6B8BA31
:10704000BADDDEDFDEE60003D94395938E8D8C42F8
:10705000408C99ED0010F3DA99423C171B8DDA0051
:1070600070FEB9B2B1AFAB706E644736474D64661F
:10707000676F7072ABACADADB0B3B4B6B8BABBDDD0
:10708000DEDFDFF70003958D95938E8D8B8B423F6E
:107090003C3D4299D9DAEDF6F6F6F6F6EDDCDA99F2
:1070A00095423C1717171C1F3F95ED0070ECB2B1CD
:1070B000B1AC7270674D3736474D64666E6F707253
:1070C000ABACADB0B0B3B6B8B8BABBDDDEDEE2FE95
:1070D0000002F38C9393938E8D8B42403F3F3D1E75
:1070E0001717143C202020200E0A08090C0D111738
:1070F000191B1F1E1C42990071E2B2B1AFAC716F37
:10710000664D3637474D65676E707172ABACADB08A
:10711000B3B4B6B8BABADDDEDFDEE60003DA439513
:10712000938E8D8C8B42403F3E3D3C1F1614110DBB
:107130000E0C0A0807070A0E12141A181B1D1D1F31
:107140008CD50071B9B2B1AFAB716E644736374DB3
:107150006465676F7071ABACADADB0B3B4B6B8BABF
:10716000BADDDEDFDEEC0003998C95938E8D8C44C6
:1071700042403F3D3C1E1D141312100E0C0A09071D
:10718000080B0E111519181B1E1C3C93E90070F713
:10719000B2B2B1AF727067643736474D64666E6FD6
:1071A0007072ABACADADB0B3B4B6B8BABBDDDEDEB9
:1071B000E0F80002FF8E9395938E8D8B44403F3E06
:1071C0003D3C1F1D1413120F0E0B090807090C0F6D
:1071D000131619181B1E1B3F96F60070E6B2B1AFCE
:1071E000AC726F664D3636474D64666E6F7172AB2A
:1071F000ACADB0B0B4B6B8B8BABBDDDEDEE2000309
:10720000ED439593938E8C8B42403F3E3D3C1E1642
:107210001411100E0C0B0907070A0E10131A191A75
:107220001C1D1F42990071DFB2B1AFAB716E654793
:107230003637474D65676E707172ACADADB0B3B4A3
:10724000B6B8BABADDDEDFDEE60003998B95938E21
:107250008D8C4442403F3E3C1F1C151311100E0CF8
:107260000A0907080B0E121418181B1D1D3C8DDA95
:107270000070FEB9B2B1AFAB706E644736474D6473
:1072800066676F7072ABACADB0B0B3B4B6B8BABB32
:10729000DDDEDEDFF70003958E95938E8D8B444205
:1072A0003F3E3D3C1F1D1413120F0E0B0A0807082A
:1072B0000C0F111519181B1E1C3D95ED0070ECB23A
:1072C000B1B1AC7270674D3736474D64666E6F7101
:1072D00072ABACADB0B0B4B6B8B8BABBDDDEDEE20E
:1072E0000003F38C9595938E8D8B42403F3E3D3C41
:1072F0001E161413100F0E0B090807090C10131A91
:10730000181A1C1E1C42990071E2B2B1AFAC716F29
:10731000664D3637474D65676E707172ACADADB076
:10732000B3B4B6B8B8BADDDEDFDEE60003DA439503
:1073300093938D8C8B42403F3E3D1F1D16141110C0
:107340000E0C0B0907070A0E101418181B1D1D1F21
:107350008CD50071B9B2B1AFAB716E644736374DA1
:107360006465676F7071ABACADADB0B3B4B6B8BAAD
:10737000BADDDEDFDEEC0003998C95938E8D8C44B4
:1073800042403F3D3C1E1D1513110F0E0C0A08070D
:10739000080B0F111519181B1D1C3C93E90070F701
:1073A000B2B2B1AF727067643736474D64666E6FC4
:1073B0007072ABACADB0B0B3B4B6B8BABBDDDEDEA4
:1073C000E0FE0002F68D9395938E8D8B44403F3EF8
:1073D0003D3C1F161413120F0E0B090807090C0F62
:1073E000131619181C1E1B3F96F60070E6B2B1AFBB
:1073F000AC726F664D3636474D64676E6F7172AB17
:10740000ACADB0B0B4B6B8B8BABBDDDEDEE20003F6
:10741000DC439593938E8C8B42403F3E3D3C1D1642
:107420001411100E0C0B0908070A0E101318191A64
:107430001D1D1F44990071DFB2B1AFAB716E65477E
:107440003637474D65676E707172ACADADB0B3B491
:10745000B6B8BABADDDEDFDEEC0003998B95938E09
:107460008D8C4442403F3D3C1F1D151311100E0CE6
:107470000A0907080B0E121518181B1D1D3C8EDA81
:107480000070FEB9B2B1AFAB706E644736474D6461
:10749000666E6F7172ABACADADB0B3B4B6B8BABB1B
:1074A000DDDEDEE0F80003958E95938E8D8B4442F1
:1074B0003F3E3D3C1F1D1413120F0E0B0A08070818
:1074C0000C0F111519181B1E1C3D95ED0070ECB228
:1074D000B1B1AC72706764373637474D4D65677030
:1074E00071ABADADB0B0B3B6B8B8BABBDDDEDEE2FD
:1074F0000003ED8B9393938E8D8B42403F3E3D3C3A
:107500001E161413100F0E0B090807090C10131A7E
:1075100018181C1E1C42990071E2B2B1AFAC726F18
:1075200064473637476765656F6F6F706F7072AD10
:10753000B3B4B6B8B8BADDDEDEDEE60003DA4395F2
:10754000938E8D8C8B42403F3E3C1F1D16141110B4
:107550000E0C0B0907080A0E121418181A1D1D1F0D
:107560008CD50071B9B2B1AF726F6E70AEDDE2E66C
:10757000E6ECECF7F7ECE6E6E0DDAEAEAEB6B8BAB8
:10758000BADDDEDEDFF70003998C95938E8D8C4497
:1075900042403F3D3C1E1D1413110F0E0C0A0807FC
:1075A000080B0E111519181B1D1C3D93E90070F7EF
:1075B000B2B1AD72AEDEE2ECF8FE000BFEECE2DE44
:1075C000AEB4BADDDDDEDEE0FE0002F68C9395930C
:1075D0008E8D8B44403F3E3D3C1F161413120F0E00
:1075E0000B090807090C0F131619181B1E1C3F96D0
:1075F000F60062F1000DE6ADB6E0E6F7FE0012FE21
:10760000ECE0B6B8DEDFDEE60003DA439593938E56
:107610008C8B42403F3E3D3C1D161411100E0C0B4E
:107620000908070A0E10131A181A1D1D1F44990085
:1076300029F90007F90002FD0024F5D6EB0005D674
:10764000A5A7A7EF000BECE2ECFE0017FEECDFB8FD
:10765000DEDEEC0003998B95938E8D8C4442403F87
:107660003D3C1F1C151311100E0C0A0907080B0EC8
:10767000121518181B1E1C3C8EDA0028EA2A33004B
:1076800005462AE30001464B0022E32D32A9000102
:10769000D7F10001E398A8A9CEA1FC0027FEE6DD02
:1076A000DDF80003958E95938E8D8B44423F3E3DD1
:1076B0003C1E1D1413120F0E0B0A0807080C0F11A5
:1076C0001519181B1E1C3D95ED0028E82A01D30052
:1076D00003E52903D80001E5E800224B8F00032BC6
:1076E000EA0001A7E88FA3A9D6D80029F7EC000388
:1076F000ED439593938E8D8B42403F3E3D3C1E164D
:107700001413100F0C0B090807090C10131A181A80
:107710001C1D1C42990029E434484600038F4B305D
:10772000D70001D0D60002E44B48CE0002A8E8976B
:10773000980001EB8F4897FC0002D14848A1000354
:10774000EE8F4897FC0001A12D3492D78F294BCEA4
:10775000A9E89292D8D8D7002EDA4395938E8D8CD3
:107760008B42403F3E3C1F1D161311100E0C0B099F
:1077700007080A0E121418181B1D1D1F8CD50001B6
:10778000EBD7D8E5E80001FCE50020E433D605EEB0
:10779000000231D32DD70001464B0001E42897CEDB
:1077A0002BA40001333345CEEE2C8FCE34340001B0
:1077B000D329A7CE31480001EE2C8FCE34450001ED
:1077C000D03246CEE8A82A98E3E398D80001A7A1D2
:1077D000F9002E958B95938E8D8C4442403F3D3C15
:1077E0001E1B1413110F0E0C0A0807080B0F11159E
:1077F00019181B1E1D3D93E90001EB8F98D02AF14B
:10780000A9340020E52E000130980001CE33FD2977
:10781000D800014B8F0001484B0002D346000134D1
:107820003400028F45000305E397310003D70001C0
:107830008F45000328D0000146A100032CEB000275
:10784000D1A3A5A3EB002FDA938C8E8E8D8B4440B1
:107850003F3E3D3C1F1D1413120F0E0B0908070974
:107860000C0F1316191A1B1C193F96F60002CED8DE
:10787000E8488F8F8F0020E52E0001A32D000148DE
:10788000A1000127D800014B8F00012DCE00053249
:10789000A9000233980001FD00014592EB2B2B4615
:1078A000A1F9000133980001FD0001458F00014559
:1078B000970002F12CE50003F9EE0032F2998C43B7
:1078C0008C8B44403F3E3D3C1D161411100E0C0B9A
:1078D0000907070A0E10131A17171C3D3F4399009A
:1078E00003D0D8E4CEA7CEA70020E52E0001F127D3
:1078F000CE31EB000128D800014B8F00012DA900EB
:107900000532CE000233980001FD0001458F0001D1
:10791000F5A98F2E2EF934980001FD0001458F0046
:107920000145970002F52CE50039E9998C42423F68
:107930003F3D3C1E1D161311100E0C0A0907080BC3
:107940000E1115191F3E428C8E96E9002AE530FB78
:1079500000014B294B0001F52AD800014B8F000193
:10796000464B0002CE45000132CE00028F45000397
:1079700026D7A9D8000301E39745000328D10001C9
:1079800046980002F52BEB003BE9998D403F3E3DC8
:107990001F1F1413120F0C0B090807080C103C3D95
:1079A0003F438D9599E9002CE42AF90001D601CED8
:1079B0000001F101D60001464B0001E328A1A929ED
:1079C000A900012DA90002EB2A8FCE34460001A8A0
:1079D00027A1CE8F2DF1EF2A8FCE3446000245929B
:1079E0000003308FCEF1003BEFDA968C403E3C3CFA
:1079F0003C1312100E0C0C0C202040438D9699DA8B
:107A0000F6002EEFA30003A3F5000298EB0001CED1
:107A1000D00002E34B48CE0002A7E40003EA8F48FF
:107A2000A10003D34B488FEB0002EA8F48A100036B
:107A3000A9D60003E54B4BEF003EEDDA9996958C05
:107A4000434343438C8C8E959699DAED00ADFDEF60
:107A5000EDEDEDEDEDEDF200F3EBE8E8E8E8EB003D
:107A60000AEAE8E8E8E8FD000AEAE8E8E8EE0001EA
:107A7000F1E8E8E8E8FB0025FBE8E8E8E8F1004881
:107A8000FF0001FF0008FF0002FF0005EDEDF4001C
:107A9000058F03260503320009EB2903042703A8F9
:107AA0000009EA29042703980001A303272703D12B
:107AB0000025D103272703A70048CBC3C3C4F40084
:107AC00003DBC3C3DC0001DBC3C3CB0001DBC4C1E8
:107AD000BDC3D9FF0003CE0103010103E80008CEB6
:107AE0000103010301460009CE01030201D7000191
:107AF000A301040401D00025D001040401A300481F
:107B0000DC88C186D90002F3C186CB0002D9868801
:107B1000CBDB868689C1C186CB0003EB2802030537
:107B200001A900088F02060203012CF500088F024C
:107B300026012DF50001A404272704D10025D00239
:107B4000060602A40049CC8AC1BDF30001CB8AC25B
:107B5000F30002DB8AC1C3C1C1CCD9C3BDC286D97F
:107B6000000334010305014B000833010301010345
:107B700001D6000831010601480002A301010101FC
:107B8000CE0025D001050501A40049F4C2C189CB6E
:107B9000DB8A8ADB0003DB89C1BDC3ED0002F3C3CE
:107BA000BDBDC3FF000297010503012EFD0006EBDA
:107BB00027010201010501920007E503020501A862
:107BC0000002A931333331D60025D001050501A4C7
:107BD000004AD988C1C1C18ACB0004DB89C28ADBD3
:107BE0000004DB89C18ADC0002D70103020201E341
:107BF0000006CE01040101010301340007A90105BB
:107C00000203E5002DD001050501A40044E8D7E4F6
:107C10000004C48AC1C1C2ED0004DB89C1C3F40001
:107C200004F3C1C189D90002F92C01020501A300A6
:107C300006920105010101020127EB00064B012616
:107C400001300015F5E3D6E4FC000CE3988F4B926D
:107C5000D30002D001050501A4000AE8D7D6E3F15C
:107C60000029EEE3D6D7E3EF0005D38F988FCE003F
:107C700003DCBDC18ACB0005DB89C1C30005FFC39E
:107C8000C189D900034801040401460006340103F8
:107C9000042601010401CE00062E0106018F000317
:107CA000A931333331D60003E332333233EA0001F2
:107CB000FD982D0101012E92F50008EA460101010F
:107CC00001010145F1D601050501A40007E8923044
:107CD000050101012A46D000054832333332E30062
:107CE00006CE31333232EA0006A3313331A7000326
:107CF000A83429010101012A45A90002EFA8978FA4
:107D000092A1EF0002F4C2C1C1C2F30004DB89C139
:107D1000C3FF0005C4C189D90003A8010502012BD6
:107D2000F10004EE280201304B010405018F00052B
:107D3000E402020401CE0003A301010101CE00030D
:107D4000D601010101E8FD450101030301010131F3
:107D5000E80006E82D010405062727280145CE0185
:107D6000040501A40006A327010101062603010161
:107D70000148F100038F010101019200064B01014E
:107D80000101A9000633010101D30001EF45010102
:107D9000020504040501010134EBF5A9A397A9A983
:107DA000EB0002CB8AC1C189CB0004DB89C1C400CE
:107DB00005FFC3C189D90003E50302020301D7000F
:107DC00004D00126014BD701030301300005A701B0
:107DD000050127EB0003A503262603D10003D603E4
:107DE000060304EB8F01280101040202260132FD83
:107DF0000005340106010301010101010130010107
:107E00000501A40005920102050501010101040517
:107E1000050134F10002D8020505033300063003E2
:107E20000526034B0005EA2704032DFB000134015E
:107E30000604010101010101050601310001CE8F97
:107E4000EA8FA80002DC8AC1C4C1C18ADC0003DB5E
:107E500089C1C3FF0004F3C1C189DB000430010301
:107E6000050197000492012801A1000129010302E4
:107E700002E4000448012601340004A401050501C0
:107E8000D00003D60104012BA10101012C2B01011B
:107E900001010601CE0004A701060102012D92A1F5
:107EA0008F2B010101010501A40004A801060202B3
:107EB00001294548300101010601450002FC2D0160
:107EC000030205E80004E40202010301300005A9F1
:107ED0000127014B0001A5012602014BCED8D8A9EC
:107EE0003301062601920001D6A5D30002F4C3890E
:107EF000C4F4C4BDBDC4FF0002DB89C18ADC000438
:107F0000DB89C1BDED00048F010503013400043499
:107F1000010601D600014501040501A50003FB2D62
:107F2000012601920004A401050501D00003D60139
:107F30000401292C0131D0F5F1A928020205024BD8
:107F40000003FC2E0203030134EF0003EB330203B2
:107F5000010501A40003EA28040203014BEB00031E
:107F6000A92803020601A900028F02050501A90044
:107F700004A9010501010202E400044B012701A943
:107F80000001320306018F0005FD3301012C4B0077
:107F900006CC89BDED0001DC8AC288D90002DB89EC
:107FA000C1BDC3ED0002F3C3C1BDC40005CE0104D1
:107FB000020128EE0002EE2802012AEF0001A101D1
:107FC000050401460003D801030401D30004A40101
:107FD000050501D00003D6010301020131EF0004C1
:107FE000A801040301320003D1010402022AEB00BC
:107FF00005E82802020501A400038F0105040145DC
:108000000006A90104030230FC0001CE01040401B2
:108010004800044B010501010501A80003F92D01E9
:108020000206EEF528010601D30001FC0004E3A9D5
:10803000E3F50006DCBD89D90003CB8AC1C1F3009A
:1080400001DB89C1C28AC2CCD9C3BDC188DC0005AD
:10805000EE2801020401D00002D101060145000210
:10806000E3010203012BF50002A10106012AF10040
:1080700004A401050501D00003D60103010302D6C3
:108080000005F92B0104012EFD00028F02050501F8
:108090008F00074B01040501A40002F92D02030320
:1080A00001D800073001030301D70001EF2A0103C3
:1080B000012BF50002FD2E0103050105014B000314
:1080C000D7010501340001E80301040145F1000E68
:1080D000F4C386C3FF0003F3BD8A86CB0001DB89AE
:1080E000BDC4D9888686BDBD86D900073401030585
:1080F000018F000292012701980002FD2E01030367
:1081000001D3000245012601450005A40105050132
:10811000D00003D601030301320007320105012E0E
:10812000FD00023401030501CE0007A5010505018C
:10813000A40002D8010303013000088F01050502E5
:108140009700024801040401D30002E40202014B3B
:108150002602012DFB000292012801980001EF2A5E
:10816000010202012E92D1E8000BDBC4CBDC00053A
:10817000DBC4CBC4F4DB89BDC40001DBCBC3C3C407
:10818000DB0008970105030132000234010601D625
:1081900000034B01050501920001EF2B010601A12F
:1081A0000005A401050501D00003D6010305018FD8
:1081B0000007320105012EFD0001FC2E0103020122
:1081C000E30007D001050501A40002A70105050190
:1081D0004B0008A9010505014B0002A90105050195
:1081E0008F0002A7010229E42D010301E3000233FD
:1081F000010401E30002450205010301010105300C
:108200004BA1D80015DB89C1C3FF0002FFFF000AA4
:10821000D70103020103EBF528010129EF0003A9AF
:1082200001050301330001D601030301D80005A4B1
:1082300001050501D00003D60103050192000732B4
:108240000105012EFD0001F52B01030105E80007E2
:10825000D001050501A40002920105050192000864
:10826000D601030401340002EB26010401310002AF
:1082700048010133000146012701A10001E805037F
:1082800001300003D30104040103050401010101CD
:108290000131A90013DB89C1C3000FF92C010205CC
:1082A00001D0D8010601340004E80401020105F5FB
:1082B000A10126012DFB0005A401050501D0000345
:1082C000D601030501970007320105012EFD0001CB
:1082D000F52B0103012AF50007D001050501A400D3
:1082E000029701050501970008D601030301330039
:1082F000033401040201E500012C01018F0001A1FA
:10830000012701450001A90127028F0004A30101F3
:108310000105050303030405030101920012DB8A32
:10832000C1C40010480104050192A1012801920076
:10833000053201030401CE460126014B0006A401CB
:10834000050501D00003D60103050197000732019E
:1083500005012EFD0001F92B01030126EA0007D0DB
:1083600001050501A400029201050501920008D64D
:1083700001030401340003A101050501A9E8010579
:1083800001CE0001D70104012AFD4B012601CE00D8
:1083900005D745010101010103050201030601D3CF
:1083A0000011D98688C3FF000FA8010502013033F0
:1083B000010501D300059201050301452E010601C7
:1083C000A90006A401050501D00003D6010305019B
:1083D000970007320105012EFD0001FD2E0103016A
:1083E00001E40007D001050501A40002A70105056D
:1083F000018F0008CE010505014B0003E4020204D1
:10840000014BA5010328EB0001F52D010301D0303C
:10841000010229EF0007E5A84B332A0101010201FF
:108420000403480011DCCBCBD90010E503020101A5
:108430000101020128EF0005D1010401010101023F
:108440000203E50006A401050501D00003D60103DF
:108450000501970007320105012EFD0002450104C8
:108460000401D30007A101050501A40002D70103FF
:108470000301330008920105050292000432010451
:10848000012C3202013400034801050133270301A6
:1084900045000CEFD8A32D010203012E0026310167
:1084A000030102010301340006EF29010201010169
:1084B0000301310007A401050501D00003D6010323
:1084C0000501970007320105012EFD000292020509
:1084D00005019200074501040501A40002F52C01E5
:1084E000030206E800073401030301D300049201EC
:1084F000050101010501920003A301050101010528
:1085000001A5000FE82C0203012CF900258F0105BD
:108510000101010501920007450104010101050166
:108520008F0007A401050501D00003D60103050152
:10853000970007320105012EFD0002D3010302025C
:108540002DF50005D00204010501A400038F0105EB
:1085500004014B0006D1010303022EFC0004D701E5
:10856000030102020401D10003E30202010201023D
:1085700003E50003FCE8D192A30008340105012EB5
:108580000026CE01040101010401D10007A101056B
:108590000101010401CE0007A401050501D000037B
:1085A000D601030501970007320105012EFD0002E7
:1085B000FC2E0203040146F10003D32A0101010548
:1085C00001A40003E80304020301980004D82C026C
:1085D000020601A70005FC2E010301020129EF009C
:1085E00003FD2E01030103013200044504010101D2
:1085F000CE0006E329020503450026EE280102010C
:10860000020128EE0007D801030101020127EB0057
:1086100007A401050501D00003D601030501970059
:1086200007320105012EFD0003A701060102012EFC
:108630008F92460101322C010501A400049201062B
:108640000102013392924601010206013400078FB4
:1086500002050103013400054B01050105019200EB
:1086600004A301280603014BD0E3E3D3972B0102B7
:108670002601A90027340204020402340008FB2D5D
:108680000203020402340008A502060602D0000319
:10869000D602040602970007320206022EFD0004ED
:1086A0003401260103010101010501D12E02260238
:1086B000A50004FC340106030401010101010405C5
:1086C0000130EB0007D00105020602920005A80266
:1086D00006020401D300054501050403010101015F
:1086E0000101010504014800289701010101018FE2
:1086F00000094B0101010101920008A301010101E0
:10870000D00003D601010101920007310101012DC2
:10871000FD0004EA300101050627270101A300013D
:1087200028010201A30005F14501010226272726A1
:1087300002010145EE0008F12901010101D3000504
:10874000E4010101012AF50005F94B010101262789
:10875000060626060101018FFD0028D82B2C2B2CA4
:108760002BD10009A92B2C2B2C2BD60008A82B2CA5
:108770002C2BD30003D82B2C2C2BA10007342B2C13
:108780002B320006EF8F28010101012EA90001F90B
:108790002E2B2C2BA80007A7310101010101023368
:1087A000A9000B4B2B2C2B2EF10006332B2C2B4B23
:1087B0000008D348290101010101012C4BD8002BED
:1087C000F9F9F9F9F9000BF9F9F9F9F9000AF9F9E8
:1087D000F9F90005F9F9F9F90008FCF9F9F9FB00D4
:1087E00008EACEA3A8D6F90003F9F9F9F9000AE3DB
:1087F000CEA3A5CEE5000EF9F9F9FC0007FDF9F9C5
:10880000F9000BEED6A9A3A3CED8F100FF00FF001C
:10881000FF00FF00FF00FF00FF00FF00FF00FF0060
:10882000FF00FF00FF00FF00FF00FF00FF00FF0050
:10883000FF00FF00FF00FF00FF00FF00FF00FF0040
:10884000FF00FF00FF00FF00FF00FF00FF00FF0030
:10885000FF00FF00FF00FF00FF00FF00FF00FF0020
:10886000FF00FF00FF0005F1E5E4E4E5E5E5E5E5EF
:10887000E5E5E5E5E5E5E5E5E5E5E5E5E5E5E5E5A8
:10888000E5E5E5E5E5E5E5E5E5E5E5E5E5E5E5E598
:10889000E5E5E5E5E5E5E5E5E5E5E5E5E5E5E5E588
:1088A000E5E5E5E5E5E5E5E5E5E5E5E5E5E5E5E578
:1088B000E5E5E5E5E5E5E5E5E5E5E5E5E5E5E5E568
:1088C000E4E5F1005ED38F8F9292979898989898EC
:1088D0009898989898989898989898989898989818
:1088E0009898989898989898989898989898989808
:1088F00098989898989898989898989898989898F8
:1089000098989898989898989898989898989898E7
:1089100098989898989898989898989898979292E4
:108920008F8FD3005CE38FD6EFF1F5F5F5F5F5F514
:10893000F5F5F5F5F5F5F5F5F5F5F5F5F5F5F5F5E7
:10894000F5F5F5F5F5F5F5F5F5F5F5F5F5F5F5F5D7
:10895000F5F5F5F5F5F5F5F5F5F5F5F5F5F5F5F5C7
:10896000F5F5F5F5F5F5F5F5F5F5F5F5F5F5F5F5B7
:10897000F5F5F5F5F5F5F5F5F5F5F5F5F5F5F5F5A7
:10898000F1EFD38FE3005BA3CE005CCEA3005B9836
:10899000D8005CD898005BA1D8005CE3A1005BA183
:1089A000D8005CD8A1005BA1D7005CD8A1005BA176
:1089B000D8005CD8A3005BA8D3005CD3A7005BD72A
:1089C000A1EB005AEBA1D7005CCEA3A9A9A8A7A54B
:1089D000A5A5A5A5A5A5A5A5A5A5A5A5A5A5A5A547
:1089E000A5A5A5A5A5A5A5A5A5A5A5A5A5A5A5A537
:1089F000A5A5A5A5A5A5A5A5A5A5A5A5A5A5A5A527
:108A0000A5A5A5A5A5A5A5A5A5A5A5A5A5A5A5A516
:108A1000A5A5A5A5A5A5A5A5A5A5A5A5A5A5A5A506
:108A2000A4A7A8A9A9A3CE005EE8D8D6D3D3D3D350
:108A3000D3D3D3D3D3D3D3D3D3D3D3D3D3D3D3D306
:108A4000D3D3D3D3D3D3D3D3D3D3D3D3D3D3D3D3F6
:108A5000D3D3D3D3D3D3D3D3D3D3D3D3D3D3D3D3E6
:108A6000D3D3D3D3D3D3D3D3D3D3D3D3D3D3D3D3D6
:108A7000D3D3D3D3D3D3D3D3D3D3D3D3D3D3D3D3C6
:108A8000D3D3D6D8E8003A000000FFFFFFFFFFFF76
:108A9000FFFFDFFFDFFFC9FEC9FEA8FEA7FEA7FE9E
:108AA000A6FEA5FEA5FEA5FE84FE83FE83FE82FE35
:108AB00082FE81FE61FE80FE80FE80FE80FE60FE02
:108AC00060FE60FE40FE40FE04FE88FD68FD48FD3D
:108AD00028FD27FDDFFFDFFFBEF7BEF79EF77DEF26
:108AE0007DEF5DEF3CE78CEEFBDEDBDEBAD69AD69F
:108AF00079CE5BB65DA65D9E4EA6499629964996AF
:108B000021F6E1F5C2EDA2E563E525ED44DD24DDC6
:108B100004DD18C6D7BD3D96B7B52996B1A575AD8C
:108B200032AD1C8E188E499629962996298E298E4B
:108B3000298E098E298E098E098E09860986097E5D
:108B4000E97DE97DE97D298E098609860886E87D2B
:108B5000FC85DC85DC7DBC7DAD7DC87DA87D887D08
:108B6000478548759B757B6D5B653B5D3A559065A8
:108B700048750875E7FCE7FCE7F4C7FCA7FC87F439
:108B800067F447F427F406F407F4E6FBE6F3A6F3EC
:108B900085F365F345F345F324F324EB24EBE4D4A8
:108BA000E4CCA5CC65CCF39CAEA4AF94718C45C449
:108BB000A6D305B4A5A3518C3084448BCF74E8743C
:108BC000C76CA774876C4B744764EF7BEB73CF7BE8
:108BD000AE73AE73C663AE738E734D6B4A6BFA4C55
:108BE000DA4C9944784CBA3C584499247A14183C8D
:108BF000F83BEB5BD73B695B973BB71B5633363390
:108C000005EB04E3E5EAC5EA85E2E4E2C4DAC4D2AE
:108C1000A4BA65E225DA05DAC5D9C5D1A5D143AA3A
:108C2000A4A9E86ACB5ACA52AA52AA52AC4A8A529A
:108C3000874A4752494A284227428271C3492261E2
:108C4000E1481533D532D32A9232063A5022C73939
:108C5000A6318631AA19843165294329442104218A
:108C60002719C130E320C218C410A210A21060203E
:108C7000401082106010A5088308821081086208E5
:108C80006108410841002008004AFFFFFF8700A05B
:108C9000FFFFFFAEFFFF25050200020200040205F0
:108CA00001020200000201000500000002010004B0
:108CB00001000004050444FFFF91617511010200E9
:108CC0008CFFFFFF8902FFFFFFFF42937D01000041
:108CD000060000000000000000000A0D0000000077
:108CE00004100E00000200001009000000F1FFD186
:108CF00052FFFF08000000D8FFFFFF7E6DFFFFFF5F
:108D0000E599E17502AEFFFFF7440AF0EAA4E65BDD
:108D1000E8FFFFE22000ACFFFFFFF02C007EFFFF2A
:108D2000FFAC3AFFFFFFFFFFFFFFC6467C02FFFFDD
:108D3000FFFFA0FFFFFFFFB2FFFF9BE4FFFFFFFF6E
:108D4000FF71FFFFFFFFFFFFE6FFFFDA79FFFF780C
:108D5000FFFFAA81FFFFD3FFFFF4FFFFFFFFFFFF2D
:108D6000FFAB57A02CFFFFFFFFFFFFFFFFFF9DFFA3
:108D7000FFD3FFFF1C27EDDED5FFFFB6FFFFE200AC
:108D800056FFFFCDFFFFC5AF6644FFFF9300A7FF6F
:108D9000E570FFFF00FFFF6D0008066EFFFFE1FFBB
:108DA000FFFFE1FFFFA8FFFFFFFFCA00000000E098
:108DB000FFD212FFFF5E027AFFF915D1FFFFFFFF1E
:108DC000A6FFFF1D00C2FFDDC2FFE015FFFF33025B
:108DD0000100B7FFFF94FFFFD3D5FFF7C6FFECFC00
:108DE000FFB700B0EDAFFFFF5E2BFFFF4E00FFFFB0
:108DF000B699901D88FFFFFFFFFF0421FFFF89F94F
:108E0000FF8F4CFFFF01000101FFFFFF62FFFF4FDB
:108E1000FFFFCAFFFF9B93FFFFFFFFFFA0FFFF2D98
:108E200004FFFFFFFFFFFFC5FFFFCFD5FFFF5AFF86
:108E3000FFFFFFFFF32CFFFF4684FFFFCB00010085
:108E4000FFFF9838FFBE1CFFFF89EEFF5605D6FFD7
:108E5000FFFD4343FFEA09003AFFFFFFE22C00B6A3
:108E6000FFFFFFFF5A006EFFFFFFC50C3EFFFF161E
:108E700029F0FFAB000400002CFFE6FF30000600E5
:108E800000040000020002000000010000010000D8
:108E9000307E000600000000AF62000202001837BA
:108EA000000100010018FBDDE2EE0C0001010001F1
:108EB000FF74010400FF8F0293000500000400000E
:108EC0000100000400000400020000020000040091
:108ED0000005003BF58B1240000100020097FFF1F6
:108EE000C2000404000002000100000001000004B0
:108EF000000400000400000100010200000400233F
:108F00003000882501040001010001000004CD713A
:108F1000005FFF08001804000000001800000200B5
:108F2000000406000A0600000000081CBB1FA44E37
:108F30001005000570C31205010210FB75425A6E40
:108F4000D60801010009FFBE000134FF81000000C6
:108F500000051200000200100400061600010012B5
:108F60000E000000001804000AAF7E005BD5140557
:108F700001002FE61500EA81000018000006000D30
:108F80000402000610000200120D00010000110092
:108F900000180900068BAB0E00000000180000044A
:108FA00000001600FF000500690EA0E1E05A00CAAB
:108FB000B0E1C238B2000DB23BDCD63336B000634C
:108FC000F5FFEC08A6D3D5DA2825FFFFB40106008B
:108FD000A49F3BD1F747B78700050019CDCF2900E3
:108FE00091DC7A06C9005BDAF885006CE5C9095F97
:108FF000E1E19F006EEDFB750004A7E1E14C55FF38
:10900000FF56E6FFC3040400A48D0004245D08BAE3
:10901000E1E13834E4D3233FDCAAE67D0089E0E1D6
:109020007900A4E4AC21D5DEE04F34FFFF93AB2FF1
:1090300012CEE1D62116DEA3E48FD6000406005F2F
:10904000F0003CFF06F76D00B29BAB3746AE21FF48
:1090500010004CC300F11800D900B3DD046EB0005D
:109060005DAE00050500C623BE28002755AF0006EB
:10907000001DBA9B9701BF898B05E006FF3410E203
:109080000A7DDE0112FF3000FB43EC481963006DDE
:10909000EA0043FF0099720043BF00050500AA5E85
:1090A0000104000089D30063DA40FC090057FB0982
:1090B00011FB5DFC0412FF14CA97003B5E0134DE15
:1090C00000759B00D91DA8AA0094C304FF3000EED0
:1090D000DE0409001FA66D0600D119C10D0634B4C7
:1090E0005789955230B8000048BE00A86E61D8017B
:1090F000AF560056B8005FB006060500BB6C6EA701
:10910000B452899F00060019CE20B75B905B95058D
:10911000CE19D100040000847E0036C90006817A91
:109120002CF9D35F00A2690600D80094760047C2EC
:1091300006060500987402080824B04E0600C567AC
:10914000A300005E97010199C5870400B736A83ACD
:10915000000081F1E2F100789F05D125C1270618B2
:10916000CD1CCD0000D9DA38001DCB8DB60005F935
:109170000CEE48004CC102ECCD0142C1010048BEDA
:1091800001A7C6AB1C00AF61005AB40067AE000176
:10919000020137F71D799B4CFF2101010018D8020D
:1091A000B4EA28679005D20DFC010082087D8F008B
:1091B00023F80000BB8D630012FB0687B30009FB98
:1091C000009775004CC2000002003ECE0000997965
:1091D00090990021DC53B3000056EA0000B697CE08
:1091E0000000EE24AF4E0066C90028E8008195001B
:1091F000CE1FC365004ED211D30100DA2CE1A4FFCB
:109200006704F5A4D18500EDFFA4EE4A02BBB400CB
:109210004ECB00004ECA00E2CDC7DE1FAC69005F36
:10922000C10034FFA41C0004004AFF979DFF3B00CF
:1092300002010019E90084FF00819804EA00AEC928
:10924000C7E1048C940000B3CAABCB14DCCF98DC2C
:109250000616F3A4D38100AA7A0024FBA6250004F5
:109260000081DDAFF70928F9A4E2534AC100004AA2
:10927000FFC2B3C902DEACBBAA00CE4E0046FB9FC4
:10928000D8FF0048FF9BE82743F9A4E9371CE0001A
:1092900000E900237544000008754F0000C94875B7
:1092A000250000B34A0015330000153336DA1D0DD2
:1092B000A2C2242000182F00003675110001020000
:1092C0001C7978100002000000063B001B480021BA
:1092D00027013A0000517200002425000200557554
:1092E000080000707105000009754C0000291F007E
:1092F00000297519000100005B750A000012754213
:1093000000192F01005DA85E6A0000006C62000079
:10931000331200003E76372C010044713F0E0025C9
:10932000752F000D3700003B020000000200000016
:10933000000400D814000018E6B302020000000088
:10934000000015DDF4DEFF5A0000000000000100FF
:109350000000000000020000000002000000000009
:1093600000000000000000000000010000000000FC
:1093700000000001000000010000000000010000EA
:1093800000010000000001000000000000020000D9
:1093900000010100000001000002005DB0000000BB
:1093A00000000000000000000001000000000001BB
:1093B00000000000020000000100000000000000AA
:1093C0005056443100000000505644320000000066
:1093D000466F726D61746F206F2074616D616E6F86
:1093E000206E6F20736F706F727461646F00000085
:1093F0004E6F207365207075646F206162726972B0
:1094000020656C206172636869766F004E6F20651D
:109410007320756E206172636869766F202E707696
:1094200064000000436F6E7669657274656C6F202E
:10943000636F6E00564944454F204E4F2056414CB5
:1094400049444F0068657272616D69656E7461733D
:109450002F636F6E7665727469725F766964656F8B
:109460002E70790046494E0050415553410000008E
:10947000001C3048688CB4DCFF0000004861726456
:109480007761726520616C61726D20256420616C6A
:10949000726561647920636C61696D6564000000C8
:1094A0000A2A2A2A2050414E4943202A2A2A0A0001
:1094B0000A00000048617264206173736572740071
:1094C000666E6900666E692B000000006E616E00BA
:1094D000666E692D00000000B28000104E80001002
:1094E0004E800010AA8000104E8000104E800010A8
:1094F0004E8000104E8000104E8000104E800010F4
:109500004E800010A28000104E8000109A80001043
:109510004E8000104E80001092800010EC810010F0
:1095200080800010E081001080800010FC8100101D
:1095300080800010808000108080001080800010EB
:1095400080800010808000108080001076800010E5
:1095500080800010808000108080001080800010CB
:109560008080001076800010FC8200103A8100108C
:109570003A8100103A8100103A8100103A810010BF
:109580003A8100103A8100103A8100103A810010AF
:109590003A8100103A8100103A8100103A8100109F
:1095A0003A8100103A8100103A8100103A8100108F
:1095B0003A8100103A8100103A8100103A8100107F
:1095C0003A8100103A8100103A8100103A8100106F
:1095D0003A8100103A8100103A8100103A8100105F
:1095E0003A8100103A810010F28300100E820010C0
:1095F000F28300103A8100103A8100103A81001085
:109600003A8100103A8100103A8100103A8100102E
:109610003A8100103A8100103A8100103A8100101E
:109620003A8100103A8100103A8100103A8100100E
:109630003A8100105E8100103A8100103A810010DA
:109640003A8100103A8100103A8100103A810010EE
:109650003A8100103A8100103A8100105E810010BA
:109660005A8300105E810010F28300100E820010F9
:10967000F28300103A8100105E8100103A810010E0
:109680003A8100103A8100103A8100103A810010AE
:109690005E810010248300103A8100103A8100108E
:1096A000408200103A8100105E8100103A81001063
:1096B0003A8100105E810010000000000000F03FC1
:1096C000000000000000244000000000000059409D
:1096D0000000000000408F40000000000088C340F0
:1096E00000000000006AF8400000000080842E4165
:1096F00000000000D01263410000000084D79741B1
:109700000000000065CDCD414F7574206F66206D5F
:10971000656D6F727900000052656C65617365005C
:10972000626F6F74325F773235713038300000000D
:10973000312E352E310000007069636F000000008B
:109740007069636F5F6C61756E63686572000000BD
:109750004F637420203720323032360006005250DA
:10976000BBFF3CB63897031006005250E182887F59
:109770002097031006005250D3F07542189703103B
:109780000D0A00004E6F20444D41206368616E6EEB
:10979000656C732061726520617661696C61626CD1
:1097A000650000004E6F20444D412074696D657264
:1097B000732061726520617661696C61626C65001D
:1097C00092990010849900107C99001074990010EF
:1097D0006C990010649900105C9900105499001065
:1097E0009C99001061001A03E0001703F8000703BA
:1097F000FF0001007801000130013201060139014A
:1098000010014A012E017901060180014D00430239
:10981000810182018201840184018601870187011F
:1098200089018A018B018B018D018E018F019001CD
:109830009101910193019401F6019601970198011C
:1098400098013D029B019C019D0120029F01A00106
:10985000A001A201A201A401A401A601A701A701E0
:10986000A901AA01AB01AC01AC01AE01AF01AF018E
:10987000B101B201B301B301B501B501B701B8013E
:10988000B801BA01BB01BC01BC01BE01F701C001B6
:10989000C101C201C301C401C501C401C701C8019E
:1098A000C701CA01CB01CA01CD011001DD010100D0
:1098B0008E01DE011201F3010300F101F401F40154
:1098C000F8012801220212013A020900652C3B022C
:1098D0003B023D02662C3F02400241024102460229
:1098E0000A015302400081018601550289018A0163
:1098F00058028F015A0290015C025D025E025F0213
:1099000093016102620294016402650266026702C9
:10991000970196016A02622C6C026D026E029C0134
:10992000700271029D01730274029F017602770238
:10993000780279027A027B027C02642C7E027F022A
:10994000A60181028202A9018402850286028702A1
:10995000AE014402B101B20145028D028E028F02B6
:1099600090029102B7017B030300FD03FE03FF0396
:10997000AC0304008603880389038A03B10311033F
:10998000C2030200A303A303C4030803CC03030020
:109990008C038E038F03D8031801F2030A00F90326
:1099A000F303F403F503F603F703F703F903FA03EC
:1099B000FA033004200350041007600422018A04D3
:1099C0003601C1040E01CF040100C004D0044401DB
:1099D00061052604000000007D1D0100632C001EAF
:1099E0009601A01E5A01001F0806101F0606201F20
:1099F0000806301F0806401F0606511F0700591FA2
:109A0000521F5B1F541F5D1F561F5F1F601F0806FC
:109A1000701F0E00BA1FBB1FC81FC91FCA1FCB1F54
:109A2000DA1FDB1FF81FF91FEA1FEB1FFA1FFB1FCE
:109A3000801F0806901F0806A01F0806B01F04001C
:109A4000B81FB91FB21FBC1FCC1F0100C31FD01FFE
:109A50000206E01F0206E51F0100EC1FF31F0100D4
:109A6000FC1F4E21010032217021100284210100CF
:109A70008321D0241A05302C2F04602C0201672C7E
:109A80000601752C0201802C6401002D260841FF7F
:109A90001A030000C700FC00E900E200E400E00057
:109AA000E500E700EA00EB00E800EF00EE00EC0064
:109AB000C400C500C900E600C600F400F600F200CC
:109AC000FB00F900FF00D600DC00A200A300A50007
:109AD000A7209201E100ED00F300FA00F100D100AF
:109AE000AA00BA00BF001023AC00BD00BC00A1005A
:109AF000AB00BB00912592259325022524256125E5
:109B00006225562555256325512557255D255C255C
:109B10005B251025142534252C251C2500253C25E6
:109B20005E255F255A255425692566256025502523
:109B30006C256725682564256525592558255225F6
:109B400053256B256A2518250C25882584258C2509
:109B500090258025B103DF009303C003A303C30353
:109B6000B500C403A6039803A903B4031E22C603C9
:109B7000B50329226122B10065226422202321231A
:109B8000F7004822B0001922B7001A227F20B20045
:109B9000A025A000EB769045584641542020200097
:109BA0004641543332202020000000002A3A3C3E37
:109BB0007C223F7F000000002B2C3B3D5B5D0000C2
:109BC0004546492050415254000001004546492075
:109BD00050415254000001005C00000000000200EF
:109BE000EEFEFF0001000000FFFFFFFF809A4541ED
:109BF0008E418F804545454949498E8F9092924FBD
:109C0000994F555559999A9B9C9D9E9F41494F55F7
:109C1000A5A5A6A7A8A9AAABACADAEAFB0B1B2B38B
:109C2000B4B5B6B7B8B9BABBBCBDBEBFC0C1C2C37C
:109C3000C4C5C6C7C8C9CACBCCCDCECFD0D1D2D36C
:109C4000D4D5D6D7D8D9DADBDCDDDEDFE0E1E2E35C
:109C5000E4E5E6E7E8E9EAEBECEDEEEFF0F1F2F34C
:109C6000F4F5F6F7F8F9FAFBFCFDFEFFA2A0D0EB45
:109C7000E5B9334487C068B6B72699C7010305071D
:109C8000090E10121416181C1EFF00004E6F2053F0
:109C90004420636172642064657465637465642143
:109CA0000D00000000002110422063308440A550C8
:109CB000C660E770088129914AA16BB18CC1ADD112
:109CC000CEE1EFF13112100273325222B5529442BA
:109CD000F772D662399318837BB35AA3BDD39CC362
:109CE000FFF3DEE36224433420040114E664C77406
:109CF000A44485546AA54BB528850995EEE5CFF5B2
:109D0000ACC58DD55336722611163006D776F66659
:109D10009556B4465BB77AA719973887DFF7FEE701
:109D20009DD7BCC7C448E5588668A7784008611825
:109D300002282338CCC9EDD98EE9AFF94889699951
:109D40000AA92BB9F55AD44AB77A966A711A500AF9
:109D5000333A122AFDDBDCCBBFFB9EEB799B588BA1
:109D60003BBB1AABA66C877CE44CC55C222C033C45
:109D7000600C411CAEED8FFDECCDCDDD2AAD0BBDF1
:109D8000688D499D977EB66ED55EF44E133E322E99
:109D9000511E700E9FFFBEEFDDDFFCCF1BBF3AAF41
:109DA000599F788F8891A981CAB1EBA10CD12DC19F
:109DB0004EF16FE18010A100C230E3200450254035
:109DC00046706760B9839893FBA3DAB33DC31CD395
:109DD0007FE35EF3B1029012F322D2323542145285
:109DE00077625672EAB5CBA5A89589856EF54FE5E1
:109DF0002CD50DC5E234C324A014810466744764D5
:109E000024540544DBA7FAB79987B8975FE77EF734
:109E10001DC73CD7D326F2369106B0165766767624
:109E2000154634564CD96DC90EF92FE9C899E98900
:109E30008AB9ABA94458654806782768C018E10874
:109E40008238A3287DCB5CDB3FEB1EFBF98BD89BD4
:109E5000BBAB9ABB754A545A376A167AF10AD01AC4
:109E6000B32A923A2EFD0FED6CDD4DCDAABD8BAD20
:109E7000E89DC98D267C076C645C454CA23C832C14
:109E8000E01CC10C1FEF3EFF5DCF7CDF9BAFBABF74
:109E9000D98FF89F176E367E554E745E932EB23E64
:109EA000D10EF01E0009121B242D363F48415A5393
:109EB0006C657E7719100B023D342F265158434AAA
:109EC000757C676E323B2029161F040D7A7368611A
:109ED0005E574C452B2239300F061D14636A71788A
:109EE000474E555C646D767F4049525B2C253E376A
:109EF00008011A137D746F6659504B42353C272E6A
:109F00001118030A565F444D727B60691E170C05D9
:109F10003A3328214F465D546B627970070E151C49
:109F2000232A31384148535A656C777E09001B1249
:109F30002D243F3658514A437C756E671019020B29
:109F4000343D262F737A6168575E454C3B32292099
:109F50001F160D046A6378714E475C55222B303909
:109F6000060F141D252C373E0108131A6D647F76E9
:109F700049405B523C352E2718110A03747D666FE9
:109F80005059424B171E050C333A21285F564D4459
:109F90007B7269600E071C152A233831464F545DC9
:109FA000626B70790020202020202020202028288B
:109FB0002828282020202020202020202020202089
:109FC00020202020208810101010101010101010C9
:109FD00010101010100404040404040404040410F9
:109FE0001010101010104141414141410101010187
:109FF0000101010101010101010101010101010151
:10A00000101010101010424242424242020202025C
:10A010000202020202020202020202020202020220
:10A0200010101010200000000000000000000000D0
:10A030000000000000000000000000000000000020
:10A040000000000000000000000000000000000010
:10A050000000000000000000000000000000000000
:10A0600000000000000000000000000000000000F0
:10A0700000000000000000000000000000000000E0
:10A0800000000000000000000000000000000000D0
:10A0900000000000000000000000000000000000C0
:08A0A0000000000000000000B8
:10A0A800AC020010A0020010940200105C9703108C
:0CA0B800880200106897031074970310D2
:10A0C4001A4B70B51C681A4A604343001068C018E4
:10A0D400184B1D68022D1DD0012D11D0002C0EDD52
:10A0E400640004196E000288002D05DD8B190A80B6
:10A0F40002318B42FBD119000230A042F3D170BD72
:10A10400002CFCDD00236400C25ACA520233A3426D
:10A11400FAD1F4E7002CF2DD64000419058802305A
:10A124002A042A4304C18442F8D1E8E7D007002076
:10A13400C0AE0020CC070020164B10B51868164B93
:10A14400164C1A68A023DB059C46216892018B00FB
:10A154005B181349DB0162445B181360114BD06137
:10A164001A68114B1B68013B934200D010BD0F4A83
:10A174000F481368006801338342F7DA106801223C
:10A18400236801305A4093009B18DB015918FFF7EC
:10A1940097FFEBE7C8070020BC070020DC5C002029
:10A1A400F8C7002024CF0020CC070020B0AE002048
:10A1B400C4070020012070B505001349A0220968D6
:10A1C400124B8D40D205D458254218D0D550104A90
:10A1D400104913680968013313608B420DDB0023B7
:10A1E40013600D4A1368013313600C4A12689342DA
:10A1F40006DA0B4A136858401060FFF79DFF70BDE4
:10A20400084B1870FBE7C046BC0700201C04000084
:10A2140024CF0020CC070020B0AE0020C4070020CB
:10A22400DC5C0020C0070020F8B54746CE4680B568
:10A234001F0000230400904699460CE02368BFF3F6
:10A244005F8F4A461A608CF310884046390000F04C
:10A2540093FA00281AD12668EFF3108C72B6356889
:10A26400002DFCD0BFF35F8F0423E55E002DE5DDF8
:10A27400013DA5802368BFF35F8F00221A608CF331
:10A2840010880120C0BCB946B046F8BD0020F9E7EB
:10A29400F8B50F00060000F067FAFA2204000D007A
:10A2A400002392003800002100F076FA02000B002F
:10A2B40012196B41002B03DB3000FFF7B5FFF8BD2B
:10A2C4000122014B5242F7E7FFFFFF7F10B50268FE
:10A2D400EFF3108172B61368002BFCD0BFF35F8FCD
:10A2E4000422835E0624025F9A420BDD01338380DD
:10A2F4000368BFF35F8F00221A6081F3108840BFA8
:10A30400012010BD0368BFF35F8F00221A6081F340
:10A3140010880020F5E7C0460268EFF3108C72B68F
:10A324001368002BFCD0BFF35F8F0422835E81800F
:10A334008B4208DA0368BFF35F8F00221A608CF344
:10A34400108840BF70470368BFF35F8F00221A6014
:10A354008CF31088F6E7C046D02330B500251B06E1
:10A3640000245D5706E00368BFF35F8F1C6081F330
:10A37400108820BF0268EFF3108172B61368002BB7
:10A38400FCD0BFF35F8F03797F2BECD90571036891
:10A39400BFF35F8F00221A6081F3108830BDC0467E
:10A3A400F0B54F46D6464646C0B51F00D0231B061F
:10A3B4001B6804009A460023904699460CE02268E4
:10A3C400BFF35F8F4946116083F31088404639001C
:10A3D40000F0D2F900281AD12668EFF3108372B680
:10A3E4003568002DFCD0BFF35F8F25797F2DE6D92A
:10A3F400524622712268BFF35F8F0021116083F3FC
:10A4040010880120E0BCBA46B146A846F0BD002041
:10A41400F8E7C04670B501000468EFF3108C72B61B
:10A4240020680028FCD0BFF35F8F04240C57002C55
:10A4340012DB0868BFF35F8F002505608CF310887A
:10A44400D0200025000645570020A54200D170BD4C
:10A454000800FFF7A5FFFAE7D0231B061B680B7162
:10A464000B68BFF35F8F00221A608CF31088012001
:10A47400EDE7C0460268EFF3108172B61368002B53
:10A48400FCD0BFF35F8FFF2303710368BFF35F8FBB
:10A4940000221A6081F3108840BF704730B5040071
:10A4A400101E0AD00A000D180221E3681942FCD0DC
:10A4B40013780132A3609542F7D1E3685B0704D5B2
:10A4C4000421A368E3681942FBD11021E36819420F
:10A4D400FCD1E3685B0704D50421A368E36819424F
:10A4E400FBD10123236230BD084810B50378002B4B
:10A4F4000AD180230649074A5B051C68CC50043303
:10A504009342FAD10123037010BDC04616600320A4
:10A51400545900100001001010B5024B0133984744
:10A5240010BDC04654590020F0B58023D6464F468E
:10A534004646421804000D00C0B59B039A4227D832
:10A544001427182638883388134998473388824655
:10A554001249388898473388814611493888984782
:10A56400338810498046388898470600FFF7BCFFB7
:10A57400D047C84780222900D82320005202C04770
:10A58400B047FFF7C9FFE0BCBA46B146A846F0BDE4
:10A5940000F00AF9D4E7C0464946000045580000D7
:10A5A4005245000046430000F8B54E464546DE4697
:10A5B40057468023E0B515008218040089469B03A2
:10A5C4009A4226D81427182638883388124998477F
:10A5D400338883461149388898473388824610491E
:10A5E4003888984733880F4980463888984706004A
:10A5F400FFF77AFFD847D0472A0049462000C047D2
:10A60400B047FFF789FFF0BCBB46B246A946A04657
:10A61400F8BD00F0C9F8D5E74946000045580000E8
:10A62400525000004643000010B50C20014900F0D0
:10A63400ABF810BD1C04005010B50B20014900F00C
:10A64400A3F810BD0C040050F0B5C646040000B5D4
:10A6540000294ED01027406A07436762002A4FD072
:10A664002025A06A0543E069266880018046A02071
:10A67400C005844640466044A5620160216A0836EC
:10A68400890161444660836007610E604A608B60A3
:10A694000D612500343500212800FFF73DFE01231C
:10A6A4001A00E16928008A40216A8B40A0211343E3
:10A6B4008622C905D2008B50FA218900FFF7E8FDF4
:10A6C400002813D0E36980219A01104B49049C4669
:10A6D400624413680B42FCD10C4B80219C46226AD5
:10A6E40049049201624413680B42FCD180BCB84611
:10A6F400F0BD1021476A8F4367620549002AAFD134
:10A704002022A56A9543034AADE7C04610000050D5
:10A71400899C0310800B00207047C04630B5032A83
:10A724000CD903000B439B0719D103680C68A3429F
:10A7340015D1043A04300431032AF6D8551E002AF0
:10A744000BD0002303E05A1C9D4206D01300C25CC8
:10A75400CC5CA242F7D0101B00E0002030BD551E97
:10A76400EFE7C0460000000001B40248844601BC83
:10A77400604700BF916A001001B40248844601BCDE
:10A78400604700BF4569001001B40248844601BC1B
:10A79400604700BFCDE2001001B40248844601BC0A
:10A7A400604700BF0194001001B40248844601BC14
:10A7B400604700BF21740010FFFFFFFFFFFFFFFF92
:10A7C400010000003000000040010000050000000E
:10A7D400400000000000000060050110900A002005
:10A7E4000D00000000000000000000000000000058
:10A7F4000000000000000000000000000000000055
:10A804000000000000000000000000000000000044
:10A814000000000000000000000000000000000034
:10A824000000000000000000000000000000000024
:10A834000000000000000000000000000000000014
:10A844000000000000000000000000000000000004
:10A8540000000000000000000000000000000000F4
:10A8640000000000000000000000000000000000E4
:10A8740000000000000000000000000000000000D4
:10A8840000000000000000000000000000000000C4
:10A8940000000000000000000000000000000000B4
:10A8A40000000000000000000000000000000000A4
:10A8B4000000000000000000000000000000000094
:10A8C4000000000000000000000000000000000084
:10A8D4000000000000000000000000000000000074
:10A8E4000000000000000000000000000000000064
:10A8F4000000000000000000000000000000000054
:10A904000000000000000000000000000000000043
:10A914000000000000000000000000000000000033
:10A924000000000000000000000000000000000023
:10A934000000000000000000000000000000000013
:10A944000000000000000000000000000000000003
:10A9540000000000000000000000000000000000F3
:10A9640000000000000000000000000000000000E3
:10A9740000000000000000000000000000000000D3
:10A9840000000000000000000000000000000000C3
:10A9940000000000000000000000000000000000B3
:10A9A40000000000000000000000000000000000A3
:10A9B4000000000000000000000000000000000093
:10A9C4000000000000000000000000000000000083
:10A9D4000000000000000000000000000000000073
:10A9E4000000000000000000000000000000000063
:10A9F4000000000000000000000000000000000053
:10AA04000000000000000000000000000000000042
:10AA14000000000000000000000000000000000032
:10AA24000000000000000000000000000000000022
:10AA34000000000000000000000000000000000012
:10AA44000000000000000000000000000000000002
:10AA540000000000000000000000000000000000F2
:10AA640000000000000000000000000000000000E2
:10AA740000000000000000000000000000000000D2
:10AA840000000000000000000000000000000000C2
:10AA9400000004400C0000000F0000000E00000045
:10AAA40020BCBE0000000000000000000000000008
:10AAB4000000000000000000000000000000000092
:10AAC4000000000000000000000000000000000082
:10AAD400000000000100000040010000FFFFFFFF34
:10AAE400FFFFFFFF05000000100000000000000051
:10AAF400000001000000000000000000000002004F
:10AB0400000000000000000000000300000000003E
:10AB1400000000000000FF000000000001B54868CC
:10AB240001318E460047704609380149884701BD06
:10AB3400F96100104C0B0020000000006842002066
:10AB440010AD0020000000000000000020AD002037
:10AB540000000000000000001000000000000000E1
:10AB6400503300004C3300005433000052330000D3
:10AB74004D5300004D4300005334000043340000A3
:10AB8400A5010000880B002000000000740E0020C6
:10AB9400DC0E0020440F0020000000000000000034
:10ABA40000000000000000000000000000000000A1
:10ABB4000000000000000000000000000000000091
:10ABC4000000000000000000000000000000000081
:10ABD4000000000000000000000000000000000071
:10ABE4000000000000000000000000000000000061
:10ABF4000000000000000000000000000000000051
:10AC04000000000000000000000000000000000040
:10AC14000000000000000000000000000000000030
:10AC24000000000000000000000000000000000020
:10AC340001000000000000000E33CDAB34126DE6BD
:10AC4400ECDE05000B000000000000000000000026
:10AC540000000000000000000000000000000000F0
:10AC640000000000000000000000000000000000E0
:10AC740000000000000000000000000000000000D0
:10AC840000000000000000000000000000000000C0
:10AC940000000000000000000000000000000000B0
:10ACA40000000000000000000000000000000000A0
:10ACB4000000000000000000000000000000000090
:10ACC4000000000000000000000000000000000080
:10ACD4000000000000000000000000000000000070
:10ACE4000000000000000000000000000000000060
:10ACF4000000000000000000000000000000000050
:10AD0400000000000000000000000000000000003F
:10AD1400000000000000000000000000000000002F
:10AD2400000000000000000000000000000000001F
:10AD3400000000000000000000000000000000000F
:10AD440000000000000000000000000000000000FF
:10AD540000000000000000000000000000000000EF
:10AD640000000000000000000000000000000000DF
:10AD740000000000000000000000000000000000CF
:10AD840000000000000000000000000000000000BF
:10AD940000000000000000000000000000000000AF
:10ADA400000000000000000000000000000000009F
:10ADB400000000000000000000000000000000008F
:10ADC400000000000000000000000000000000007F
:10ADD400000000000000000000000000000000006F
:10ADE400000000000000000000000000000000005F
:10ADF400000000000000000000000000000000004F
:10AE0400000000000000000000000000000000003E
:10AE1400000000000000000000000000000000002E
:10AE2400000000000000000000000000000000001E
:10AE3400000000000000000000000000000000000E
:10AE440000000000000000000000000000000000FE
:10AE540000000000000000000000000000000000EE
:10AE640000000000000000000000000000000000DE
:10AE740000000000000000000000000000000000CE
:10AE840000000000000000000000000000000000BE
:10AE940000000000000000000000000000000000AE
:10AEA400000000000000000000000000000000009E
:10AEB400000000000000000000000000000000008E
:10AEC400000000000000000000000000000000007E
:10AED400000000000000000000000000000000006E
:10AEE400000000000000000000000000000000005E
:10AEF400000000000000000000000000000000004E
:10AF0400000000000000000000000000000000003D
:10AF1400000000000000000000000000000000002D
:10AF2400000000000000000000000000000000001D
:10AF3400000000000000000000000000000000000D
:10AF440000000000000000000000000000000000FD
:10AF540000000000000000000000000000000000ED
:10AF640000000000000000000000000000000000DD
:10AF740000000000000000000000000000000000CD
:10AF840000000000000000000000000000000000BD
:10AF940000000000000000000000000000000000AD
:10AFA400000000000000000000000000000000009D
:10AFB4000000000000000000B00F0020B00F0020CF
:10AFC400B80F0020B80F0020C00F0020C00F0020D1
:10AFD400C80F0020C80F0020D00F0020D00F002081
:10AFE400D80F0020D80F0020E00F0020E00F002031
:10AFF400E80F0020E80F0020F00F0020F00F0020E1
:10B00400F80F0020F80F002000100020001000208E
:10B01400081000200810002010100020101000203C
:10B0240018100020181000202010002020100020EC
:10B03400281000202810002030100020301000209C
:10B04400381000203810002040100020401000204C
:10B0540048100020481000205010002050100020FC
:10B0640058100020581000206010002060100020AC
:10B07400681000206810002070100020701000205C
:10B08400781000207810002080100020801000200C
:10B0940088100020881000209010002090100020BC
:10B0A4009810002098100020A0100020A01000206C
:10B0B400A8100020A8100020B0100020B01000201C
:10B0C400B8100020B8100020C0100020C0100020CC
:10B0D400C8100020C8100020D0100020D01000207C
:10B0E400D8100020D8100020E0100020E01000202C
:10B0F400E8100020E8100020F0100020F0100020DC
:10B10400F8100020F8100020001100200011002089
:10B114000811002008110020101100201011002037
:10B1240018110020181100202011002020110020E7
:10B134002811002028110020301100203011002097
:10B144003811002038110020401100204011002047
:10B1540048110020481100205011002050110020F7
:10B1640058110020581100206011002060110020A7
:10B174006811002068110020701100207011002057
:10B184007811002078110020801100208011002007
:10B1940088110020881100209011002090110020B7
:10B1A4009811002098110020A0110020A011002067
:10B1B400A8110020A8110020B0110020B011002017
:10B1C400B8110020B8110020C0110020C0110020C7
:10B1D400C8110020C8110020D0110020D011002077
:10B1E400D8110020D8110020E0110020E011002027
:10B1F400E8110020E8110020F0110020F0110020D7
:10B20400F8110020F8110020001200200012002084
:10B214000812002008120020101200201012002032
:10B2240018120020181200202012002020120020E2
:10B234002812002028120020301200203012002092
:10B244003812002038120020401200204012002042
:10B2540048120020481200205012002050120020F2
:10B2640058120020581200206012002060120020A2
:10B274006812002068120020701200207012002052
:10B284007812002078120020801200208012002002
:10B2940088120020881200209012002090120020B2
:10B2A4009812002098120020A0120020A012002062
:10B2B400A8120020A8120020B0120020B012002012
:10B2C400B8120020B8120020C0120020C0120020C2
:10B2D400C8120020C8120020D0120020D012002072
:10B2E400D8120020D8120020E0120020E012002022
:10B2F400E8120020E8120020F0120020F0120020D2
:10B30400F8120020F812002000130020001300207F
:10B31400081300200813002010130020101300202D
:10B3240018130020181300202013002020130020DD
:10B33400281300202813002030130020301300208D
:10B34400381300203813002040130020401300203D
:10B3540048130020481300205013002050130020ED
:10B36400581300205813002060130020601300209D
:10B37400681300206813002070130020701300204D
:10B3840078130020781300208013002080130020FD
:10B3940088130020881300209013002090130020AD
:10B3A4009813002098130020A0130020A01300205D
:10B3B400A8130020A8130020FFFFFFFF00000200D5
:10B3C4000000000000000000000000000000000079
:10B3D4000000000000000000E99400103587001010
:0CB3E400418E001035940010E5020010AE
:04000005100001E9FD
:00000001FF
