// Generado por herramientas/hacer_fondo.py - NO editar a mano.
// Fondo del launcher: 320x240, RGB565 (en flash, 153600 bytes).
#include "fondo.h"

const uint16_t FONDO[FONDO_W * FONDO_H] __attribute__((aligned(4))) = {
    0xEF9E,0xE77E,0xEF7E,0xEF9E,0xF7BE,0xF7BD,0xEF9D,0xF79E,0xEF9E,0xEF9E,0xE79E,0xD75E,0xB69D,0xB63E,0xB67E,0xCEFD,
    0xEF9E,0xEF9D,0xEF7E,0xF79F,0xEF9F,0xB65D,0x855C,0x84FB,0x955D,0xA5BC,0xB67D,0xB67E,0x9DBD,0x8D3D,0xA5FE,0xC6BE,
    0xC6BF,0xCEDF,0xBE9D,0xB65D,0xB63D,0xC6BF,0xBE9E,0xA5DC,0xAE3E,0xAE3E,0xAE1C,0xC6DE,0xE77F,0xF79D,0xF79E,0xF79E,
    0xF79E,0xF79E,0xF79E,0xF7BD,0xEF9D,0xEF9E,0xC6BE,0x6C7B,0x4C1C,0x4C1E,0x4BFC,0x4BDC,0x53FD,0x5C3D,0x74DE,0x6C9D,
    0x6C7D,0x853D,0x855D,0x74DE,0x649E,0x545D,0x43BC,0x4BDD,0x4BFD,0x4BFD,0x541D,0x543E,0x4BFD,0x53FD,0x541D,0x541C,
    0x6C7E,0x6CBD,0x645C,0x5C1C,0x543D,0x543D,0x5C3D,0x543D,0x5C3D,0x543D,0x5C1D,0x5C3D,0x5C3E,0x5C3D,0x5C3D,0x5C3E,
    0x643D,0x647D,0x749E,0x74DE,0x7CDD,0x7D1E,0x74BE,0x6C9D,0x6C7D,0x6C9D,0x749D,0x74BD,0x74DE,0x7CDE,0x8D3D,0xA61E,
    0xB67E,0xB67E,0xBE3E,0xB65E,0xAE1E,0xAE1E,0xADFE,0xA5DE,0xA5DE,0x9DBD,0x959E,0x957E,0x84FC,0x7CFE,0x7CDD,0x749D,
    0x74BE,0x7CDE,0x84FE,0x851D,0x959E,0x9DBE,0x9DDE,0xA5DE,0xA5DD,0xAE1E,0xAE5D,0xBE9E,0xBE9E,0xBE9E,0xAE3D,0xA5DC,
    0xB5FD,0xBE7E,0xBE7E,0xBE9E,0xAE1C,0xA5FD,0xAE1E,0xAE1E,0xA5DD,0xA5BD,0x9DBD,0xA5BD,0x9DBD,0x9D9E,0x953D,0x8CFD,
    0x8D3D,0x851D,0x84FD,0x84FD,0x851E,0x7CFD,0x74BC,0x7CBD,0x74BD,0x749D,0x749D,0x6C5C,0x6C5D,0x641C,0x641C,0x643D,
    0x643D,0x5C3D,0x643D,0x647D,0x6C7D,0x74BD,0x7D1D,0x8D3E,0x957D,0x9D9E,0x9DBE,0x9D9E,0x957D,0x851D,0x645C,0x5C1C,
    0x5C1D,0x53FC,0x53DD,0x53DD,0x53BD,0x4BBC,0x439C,0x437C,0x3B5B,0x333C,0x331B,0x2B1B,0x2AFC,0x331C,0x2AFB,0x331C,
    0x333C,0x331C,0x2AFB,0x331B,0x4BBD,0x3B5D,0x32FC,0x2AFC,0x22BC,0x22DB,0x22DB,0x22BB,0x229B,0x2ABB,0x32FB,0x53BD,
    0x6C1D,0x84DD,0xADFF,0xA5DE,0xBE3D,0xCEDE,0xC6BE,0xCEDD,0xD71E,0xDF5E,0xD71E,0xC6DE,0xBE5D,0xADFE,0xA5BD,0xB63E,
    0xC69E,0xC6BD,0xC6BE,0xCEFE,0xD71E,0xCF1E,0xD71E,0xD75E,0xDF3E,0xCF1E,0xCEDD,0xC6BD,0xBE7D,0xBE5E,0xBE7E,0xC6BE,
    0xCEFD,0xCEFE,0xC6DE,0xC69E,0xBE5D,0xBE7E,0xBE7E,0xB67E,0xB63E,0xADFE,0xAE1D,0xB63E,0xBE9E,0xBE9E,0xC6DD,0xCEFE,
    0xCEFE,0xCEFD,0xD71D,0xCF3D,0xD71E,0xD73E,0xD73E,0xD73E,0xD73E,0xD73E,0xD73E,0xD73E,0xD75D,0xD73E,0xD73E,0xD73E,
    0xDF5E,0xDF3E,0xDF3E,0xDF3E,0xDF5E,0xDF3E,0xDF5E,0xDF5E,0xDF5E,0xD73D,0xDF5E,0xDF3D,0xD75E,0xDF3D,0xD75E,0xDF5E,
    0xD73D,0xDF3E,0xD73D,0xCEFD,0xD75D,0xD73E,0xD73E,0xCEFE,0xCEFE,0xCEFE,0xCEDE,0xCEFE,0xCEFE,0xCEDE,0xCEDD,0xC6DE,
    0xE79E,0xE77E,0xE77E,0xE79E,0xEF9E,0xEFBE,0xEFBD,0xF7BE,0xEF9E,0xE77D,0xDF7D,0xD75E,0xC6DE,0xA63E,0xB67E,0xCF3F,
    0xE79E,0xEF9E,0xEF9F,0xF79E,0xF79E,0xE7BF,0xD73F,0xBEBD,0xCEDE,0xDF3E,0xE77E,0xDF5F,0xB63D,0x957C,0x851B,0xA5DD,
    0xBE7E,0xCEFE,0xCF3E,0xC6FE,0xD75E,0xD73D,0xDF5E,0xD71E,0xC6BE,0xC69E,0xC69D,0xE75F,0xEF7E,0xF79E,0xF79E,0xF7BE,
    0xF79D,0xF7BE,0xF79E,0xF7BE,0xF7BD,0xEF9E,0xDF7F,0xA61E,0x53DB,0x43BD,0x43DD,0x4BDD,0x4BFC,0x6C9E,0x647D,0x6C9E,
    0x851E,0x957E,0x8D3E,0x7CBD,0x74BD,0x6CFE,0x541D,0x4BDD,0x4BFD,0x4BDD,0x541D,0x545E,0x541D,0x541E,0x541D,0x541D,
    0x5C1D,0x647D,0x643D,0x543D,0x541E,0x5C1D,0x541E,0x541D,0x541E,0x5C1D,0x543D,0x5C1D,0x543D,0x541D,0x5C1D,0x543D,
    0x5C1D,0x643D,0x645D,0x645C,0x6C5C,0x6C9D,0x747D,0x6C7D,0x6C7D,0x645D,0x6C9D,0x6C9D,0x6C9D,0x749D,0x74BC,0x8D3D,
    0x957D,0x953D,0x8D1D,0x8D3D,0x9D9E,0x9DBE,0x9DBE,0x9DBF,0x957E,0x8D1D,0x8D3C,0x8D7E,0x8D3E,0x84FD,0x84FE,0x7CDE,
    0x7CDD,0x7CDE,0x851E,0x851E,0x8D3D,0x955E,0x8D5D,0x957D,0x9DDE,0xA5DE,0xAE1D,0xB65E,0xB69E,0xC6DE,0xC6DF,0xBEBE,
    0xBE7E,0xB65D,0xBE7D,0xB67E,0xAE3E,0xA5DD,0xB63F,0xB65F,0xAE1D,0xA5DD,0xA5DE,0x9DBD,0xA5DE,0xA5BE,0x9D7E,0x8D1D,
    0x8D3C,0x8D3D,0x8D3E,0x851E,0x851D,0x853D,0x7CDD,0x7CDC,0x7CFD,0x7CFD,0x7CDD,0x7CDD,0x74BD,0x747E,0x645D,0x643C,
    0x6C5D,0x645D,0x5C3D,0x645D,0x645C,0x6C7D,0x7CBD,0x84FD,0x8D3D,0x957E,0x9D9E,0x9DBE,0x9DBE,0x957E,0x7CFE,0x643D,
    0x5BFC,0x53DC,0x4BBC,0x53BD,0x4BBD,0x4BBC,0x4B9C,0x3B9C,0x3B5C,0x333C,0x2B1C,0x2B1C,0x2AFB,0x2AFC,0x2AFB,0x331C,
    0x331C,0x2AFB,0x331C,0x3B3C,0x3B7D,0x3B5C,0x333C,0x2B1C,0x2ADC,0x22BB,0x22BB,0x22DC,0x2ABB,0x2ABB,0x2ADB,0x435C,
    0x4B7C,0x53DB,0x851D,0x959E,0x9D7D,0xB63E,0xC69E,0xC69D,0xCEDD,0xDF3E,0xD6FE,0xBE7E,0xA5BD,0x8D1C,0x8D1C,0x9D7E,
    0xA5DD,0xADFD,0xBE3F,0xC69E,0xCEFE,0xD71E,0xCEFD,0xCEFE,0xCF1E,0xCEDD,0xBE9E,0xB65D,0xB61E,0xB61D,0xB63D,0xBE7E,
    0xC6BD,0xC6BE,0xBE7E,0xB61D,0xB61E,0xB63D,0xB65E,0xB65E,0xAE3E,0xAE3E,0xAE1E,0xA5DC,0xB65E,0xBE7E,0xBE9D,0xC6BD,
    0xC6BE,0xC6DD,0xCEFD,0xD71D,0xCF1E,0xD71E,0xD73E,0xD73E,0xD71E,0xD73E,0xD73D,0xD73E,0xD73E,0xD73E,0xD73D,0xD73E,
    0xDF3E,0xDF3E,0xDF3E,0xDF3E,0xDF3E,0xDF3E,0xDF3E,0xD75E,0xD73D,0xD73E,0xD73D,0xD73E,0xD73D,0xDF3E,0xD73D,0xDF5E,
    0xD73E,0xDF3D,0xD71D,0xD71D,0xD75E,0xDF5F,0xD73E,0xD73E,0xCEFE,0xCEFE,0xCEFE,0xCEDE,0xC6DD,0xCEDE,0xC6DE,0xCEDE,
    0xD75E,0xCF1D,0xD71E,0xDF5F,0xDF5E,0xDF5D,0xE77E,0xE79E,0xE79F,0xE77E,0xD73D,0xC71D,0xBEDF,0xAE3E,0x9E1D,0xB69D,
    0xDF5E,0xEF9E,0xEF9F,0xF79E,0xF77E,0xF7BF,0xEFBE,0xE79E,0xE79E,0xEF9E,0xFF9E,0xF7DF,0xE7BE,0xCF1E,0xBEBF,0xA5FE,
    0xADFD,0xB67E,0xC6FF,0xCF1E,0xDF5F,0xDF5D,0xE79D,0xE77D,0xD71E,0xD6FE,0xDF1F,0xE77E,0xEF9E,0xF7BE,0xFF9E,0xF7BE,
    0xFF9E,0xF79E,0xF7BD,0xFFBE,0xF7BE,0xF79E,0xEF9E,0xCF5E,0x851D,0x4B9B,0x43DE,0x4BBE,0x4BFD,0x751E,0x647D,0x641D,
    0x851E,0x957E,0x9D9F,0x9D9E,0x957E,0x7CBC,0x647E,0x43DD,0x4BFD,0x4BFD,0x4BFD,0x4BFD,0x541D,0x541E,0x4BFE,0x53FD,
    0x53FD,0x541E,0x541D,0x53FD,0x53FD,0x53FD,0x53FD,0x53FD,0x53FD,0x53FD,0x541E,0x541D,0x53FD,0x53FD,0x541D,0x541D,
    0x5C1D,0x5C3D,0x5C1D,0x5C3D,0x643D,0x643C,0x645D,0x5C3D,0x645D,0x643C,0x645C,0x645C,0x6C7D,0x6C7D,0x6C9C,0x6CBC,
    0x74BD,0x749D,0x747D,0x749D,0x7CFD,0x7CFE,0x7CDE,0x7CDD,0x7CBD,0x74BC,0x84FD,0x8D5E,0x851E,0x74BD,0x74BD,0x74BE,
    0x74DD,0x84FE,0x851E,0x851E,0x853E,0x8D1E,0x853D,0x8D3E,0x955D,0x957D,0x9D9E,0xA5DE,0xAE1E,0xAE5D,0xBE9E,0xBEBF,
    0xC6DF,0xC6DE,0xC6BD,0xBE9E,0xB67D,0xAE1D,0xAE1D,0xAE3E,0xADFE,0xA5FE,0xADFE,0xA5DE,0xA5DD,0xA5DE,0x9D9E,0x955D,
    0x8D3D,0x8D3D,0x851D,0x851E,0x851D,0x853E,0x851C,0x84FD,0x84FD,0x851D,0x84FD,0x84FD,0x7CFE,0x749D,0x749C,0x6C7D,
    0x6C5D,0x6C7D,0x645C,0x643D,0x6C3D,0x6C7D,0x747C,0x74BD,0x84FE,0x8D3D,0x9D7D,0xA5BE,0xA5BE,0x9D9F,0x8D3E,0x74BD,
    0x5C1C,0x53BC,0x53BD,0x4B9D,0x4B9D,0x439D,0x439D,0x3B7C,0x3B5C,0x333C,0x331B,0x2AFC,0x2AFB,0x2AFC,0x2ADB,0x2AFB,
    0x2AFC,0x22BB,0x331C,0x333C,0x32FB,0x22DB,0x2AFC,0x2AFC,0x22BB,0x22BB,0x22BB,0x2ABB,0x229B,0x22BB,0x22DB,0x2AFB,
    0x32FB,0x331A,0x5BFC,0x749D,0x84DC,0x953D,0xADFE,0xBE5D,0xCEDE,0xCEFF,0xBE5E,0xA5BE,0x8D3D,0x8D1D,0x8D1D,0x955E,
    0x953D,0x955D,0x9D7D,0xB61E,0xC6BE,0xC6BE,0xCEDD,0xC6DD,0xC69D,0xBE7E,0xBE7F,0xB61E,0xAE1D,0xB61E,0xB63E,0xBE5E,
    0xB67E,0xB63E,0xAE1E,0xADFE,0xAE1E,0xADDD,0xA5FD,0xAE1E,0xAE3D,0xAE1D,0xADFD,0xA5BE,0xA5FE,0xB63F,0xB67D,0xBE9E,
    0xBE9E,0xC6BE,0xCEDD,0xCEFE,0xCF1D,0xCF1E,0xCF1E,0xCF1D,0xCF1E,0xCF1D,0xCF1E,0xCF1D,0xCF1D,0xD73E,0xD73E,0xD73E,
    0xD71E,0xD73E,0xD71E,0xD71E,0xD71E,0xD71E,0xD73E,0xD73E,0xD71D,0xD71E,0xD71D,0xD71E,0xD71D,0xD73E,0xDF3E,0xD73D,
    0xDF3E,0xD75E,0xD71D,0xD73E,0xD73E,0xDF5E,0xD73E,0xD73E,0xD71E,0xD6FE,0xD6FE,0xCEFE,0xCEDE,0xCEDE,0xD6DE,0xCEDE,
    0xC6FD,0xBEBD,0xBE9D,0xC6BE,0xC6BE,0xC6DE,0xC6BC,0xC6DD,0xCF1F,0xCF1F,0xBEBE,0xB69E,0xAE3E,0x959D,0x959C,0xAE5E,
    0xD71E,0xEF9E,0xF79E,0xF79E,0xF7BE,0xEF9E,0xF79E,0xEFBE,0xE79E,0xEF9E,0xF79E,0xF79F,0xF7BE,0xEFDE,0xE7BE,0xB63C,
    0xADFD,0xB67E,0xB65D,0xBE7E,0xCEDE,0xDF3E,0xE77D,0xEFBE,0xD71D,0xBE7C,0xCEFD,0xDF5E,0xEF9E,0xF79E,0xF7BD,0xF79E,
    0xFFBE,0xF7BE,0xFFBE,0xF7BD,0xF79F,0xFF9F,0xF79D,0xE7BE,0xCEFF,0x8D3D,0x541C,0x4BBC,0x53FD,0x6C9E,0x74FE,0x643D,
    0x6C7D,0x74BC,0x853D,0x95DE,0xA63F,0x74BD,0x53DC,0x43DD,0x4BBD,0x4BDD,0x4BDD,0x43DC,0x4BFC,0x4BDD,0x4BDC,0x4BDD,
    0x4BFD,0x53FD,0x53FE,0x4BFD,0x53DD,0x4BFE,0x4BDD,0x4BDD,0x4BFE,0x53FD,0x541D,0x541D,0x53FD,0x4BFD,0x53FD,0x541D,
    0x541E,0x5C3E,0x5C1E,0x5C1D,0x5C1E,0x5C3E,0x643D,0x643D,0x5C3D,0x5C3D,0x5C3C,0x643D,0x5C5C,0x5C5D,0x645D,0x6C7D,
    0x6C7D,0x6C9D,0x6C7D,0x749D,0x6C9D,0x74BD,0x74BD,0x6C9D,0x6C7D,0x747C,0x7CDE,0x84FF,0x74BE,0x747D,0x6C5E,0x6C7E,
    0x6C7D,0x74BD,0x74DE,0x7CDD,0x7CFD,0x84FD,0x84FD,0x851D,0x853E,0x851D,0x8D3D,0x8D5D,0x9D9E,0x9DBE,0xA5FE,0xB63E,
    0xBE9E,0xBEBE,0xC6DE,0xC6FE,0xBEBE,0xB65D,0xA5FD,0xADFD,0xA5DE,0xA5DE,0xA5FE,0xA5DE,0xA5BE,0xA5DE,0xA5BE,0x9D9D,
    0x957D,0x953D,0x84FD,0x84FD,0x8D3E,0x8D3D,0x851D,0x84FD,0x84FD,0x84FD,0x7CFE,0x84FE,0x84FD,0x7CDD,0x74BD,0x6C5C,
    0x6C7C,0x6C7D,0x645D,0x6C5D,0x6C5D,0x6C5D,0x6C7D,0x7C9D,0x84FE,0x851E,0x8D3D,0x957D,0x9D9D,0x9D9E,0x955E,0x7CDD,
    0x6C3D,0x53DC,0x53BD,0x4BBD,0x439D,0x437C,0x437C,0x3B5C,0x333C,0x333B,0x331C,0x2B1C,0x2AFC,0x2AFC,0x22FC,0x2ADC,
    0x22FB,0x2ADC,0x22FC,0x2AFC,0x2AFB,0x22FB,0x2ADB,0x22DB,0x22BB,0x22BB,0x331B,0x3B5D,0x2B1B,0x2ADB,0x2AFB,0x22BB,
    0x3B1C,0x435B,0x5BDB,0x6C5C,0x84BD,0x8CDD,0x9D7E,0xADFE,0xB65F,0xADDD,0x957D,0x84DE,0x6C5D,0x747C,0x747D,0x7CDD,
    0x749C,0x7C9C,0x84DD,0x9D9C,0xB63E,0xBE7D,0xBEBE,0xC69E,0xB65D,0xB63F,0xAE1D,0xADDD,0xADFD,0xADFD,0xAE1D,0xB63E,
    0xAE1D,0xA59D,0x9D9D,0xADFE,0xA5FE,0x9D7C,0x9DBD,0xA5FE,0xAE1D,0x9DDD,0x9DBE,0x955D,0x957E,0xA5DD,0xB63E,0xB67E,
    0xBE7E,0xBE7E,0xC6DE,0xCEDD,0xCEFE,0xCEFD,0xD6FE,0xCEFE,0xCEFE,0xD6FE,0xCF1D,0xD6FE,0xCF1E,0xD71E,0xCF1D,0xCF1E,
    0xD71D,0xD71E,0xD71D,0xD71E,0xD71E,0xD71E,0xD71D,0xCF1E,0xD71E,0xCF1D,0xCF1E,0xD71D,0xCF1E,0xD71D,0xD71E,0xD73E,
    0xDF3E,0xD73E,0xD71D,0xD73E,0xDF3E,0xD73E,0xDF3E,0xD73D,0xD73E,0xDF3E,0xD71E,0xD6FE,0xCEFD,0xD6FE,0xD6FD,0xD71E,
    0xB6BE,0xAE3D,0x9DDC,0xAE3E,0xB65E,0xB65E,0x9DFD,0x95BC,0xA61E,0xAE3E,0xAE3E,0x8D9E,0x8D7E,0x7CFD,0x7D1D,0x9DDE,
    0xCF1F,0xEF9E,0xF79D,0xF79D,0xF7BE,0xF7BE,0xF79E,0xEF9E,0xEF7E,0xEF9E,0xF79E,0xF79E,0xF7BE,0xEF9D,0xEF7E,0xD73E,
    0xCF1E,0xCF1E,0xC6FE,0xBEBE,0xC67D,0xD71E,0xE79E,0xE77E,0xD73D,0xC6DD,0xCEFD,0xD71E,0xE79E,0xF79E,0xF79E,0xF7BE,
    0xFFBE,0xF7BE,0xF79E,0xF7BE,0xF7BF,0xF79F,0xF79E,0xEF7D,0xEFBE,0xD75F,0x9DBD,0x6C7C,0x645D,0x5C5C,0x74BE,0x74DD,
    0x6C9D,0x74FD,0x851D,0x855E,0x857D,0x74DE,0x53FD,0x4BDC,0x43BD,0x43BD,0x4BDD,0x543D,0x5C5D,0x643D,0x5C5E,0x53FD,
    0x53FD,0x4BFD,0x4BDD,0x53FD,0x4BDD,0x53FD,0x53FD,0x53FD,0x53FD,0x53FD,0x4BFD,0x4C1D,0x4BFD,0x4BFD,0x541D,0x541D,
    0x541D,0x4C1D,0x53FD,0x541D,0x5BFD,0x5C1E,0x541D,0x5C1D,0x643D,0x645D,0x645D,0x647D,0x645E,0x645E,0x6C7E,0x647D,
    0x647D,0x6C9D,0x6CBE,0x6CBE,0x6C9D,0x6C9D,0x647D,0x6C7C,0x649C,0x6C9D,0x747D,0x747E,0x6C5D,0x6C7E,0x6C7E,0x6C5D,
    0x6C5D,0x6C5D,0x6C7D,0x747C,0x74BC,0x7CFD,0x7CFE,0x7CDD,0x7CFD,0x851D,0x84FD,0x851D,0x8D3E,0x957E,0xA5BE,0xA5FE,
    0xA5FD,0xB65E,0xBE9E,0xBE9E,0xBEBE,0xBE9D,0xB65D,0xA5FD,0xA5BD,0xA5DE,0xA5DD,0xA5BD,0x9DBE,0xA5DE,0xA5DE,0xA5DD,
    0x9DBF,0x955E,0x8D1D,0x8D1D,0x8D3D,0x8D5E,0x853D,0x8D3E,0x851E,0x851D,0x84FE,0x84FD,0x84FD,0x851D,0x7CFD,0x7CBC,
    0x6C9C,0x6C5C,0x6C7D,0x6C7D,0x747E,0x6C7D,0x747C,0x6C7C,0x74BD,0x84FD,0x851D,0x8D1D,0x955D,0x955D,0x8D5E,0x8D3E,
    0x749E,0x5BFC,0x53BC,0x53BD,0x4BBD,0x3B7C,0x3B5C,0x3B5C,0x333C,0x331C,0x2AFC,0x2AFC,0x22DC,0x2AFC,0x2AFB,0x22DB,
    0x2AFC,0x22DB,0x2ADB,0x22FB,0x22DC,0x22DB,0x22BB,0x22BB,0x2ADC,0x2AFC,0x333B,0x439D,0x43BD,0x3B3C,0x2ADB,0x32FB,
    0x5BFC,0x643D,0x6C3D,0x7CFD,0x84DD,0x8CFF,0x84FD,0x955E,0x953D,0x747C,0x747D,0x5C1D,0x4B7B,0x4B5B,0x5BDC,0x641D,
    0x63FD,0x643D,0x6C3C,0x953D,0xADFE,0xBE5E,0xBE9E,0xBE7E,0xB61E,0xB61E,0xA5BD,0x9DBC,0xAE1E,0xAE1E,0xADDE,0xA5DE,
    0x9D9D,0x84FC,0x8CFD,0x9D9E,0x957D,0x8CFC,0x957D,0x9D7D,0x955D,0x9D9E,0x953D,0x84DC,0x8D1C,0x955C,0xAE1D,0xAE3D,
    0xB63E,0xB67E,0xBE9D,0xC6BD,0xCEDD,0xCEFE,0xCEFE,0xCEFD,0xCEFE,0xCEFD,0xCEFE,0xCF1D,0xCEFD,0xCF1E,0xCEFD,0xD71E,
    0xCEFE,0xCEFD,0xD71E,0xCF1E,0xD71E,0xD71E,0xCF1E,0xCEFE,0xCEFE,0xCEFE,0xCEFE,0xCEFE,0xCEDD,0xCEFD,0xD71D,0xD71E,
    0xD73E,0xDF1E,0xD73E,0xDF3E,0xDF3E,0xDF3E,0xDF3E,0xDF3D,0xDF3E,0xDF7E,0xDF5E,0xDF3E,0xD73D,0xDF3E,0xD73E,0xDF3E,
    0x959D,0x95BD,0x959D,0x95BD,0x9DDD,0xAE3E,0x95FE,0x855D,0x7D1D,0x7CFD,0x855E,0x74DD,0x645D,0x645D,0x5C5E,0x64BC,
    0xA61D,0xE79F,0xEFBE,0xEF9E,0xEF7F,0xEF9F,0xE77E,0xE77E,0xEF7E,0xEF9D,0xF79D,0xF79E,0xFF9E,0xEF9F,0xEF9E,0xE79E,
    0xD75E,0xCF1D,0xCF1E,0xC6BE,0xB65D,0xCEFD,0xE75E,0xE75E,0xDF5E,0xDF5E,0xCEFC,0xCEDD,0xDF7E,0xF79E,0xFF9E,0xF7BE,
    0xF79E,0xFFBE,0xF7BE,0xF7DE,0xEFBD,0xFFBE,0xFF9E,0xF79F,0xEF9E,0xE79E,0xCEFE,0x9DBD,0x853E,0x643C,0x74DE,0x7D1D,
    0x7D1E,0x7D3D,0x853E,0x851E,0x7CFC,0x74FD,0x5C5D,0x4BFD,0x4BDD,0x4BDE,0x4BDD,0x4C1D,0x5C9D,0x6C9D,0x6C9E,0x647D,
    0x5C5D,0x53DD,0x4BFD,0x543D,0x541D,0x543D,0x541D,0x4BDC,0x53FC,0x4BFD,0x4BFD,0x53FD,0x4BFD,0x4BFD,0x4BFD,0x4BFD,
    0x4C1D,0x53FD,0x4BFD,0x4BFD,0x53FD,0x53FD,0x53FD,0x5C1D,0x541D,0x5C1D,0x5C3D,0x5C3D,0x645D,0x645D,0x643E,0x647E,
    0x645D,0x5C3D,0x645C,0x6C7E,0x6C7E,0x6C9E,0x74BE,0x6C9E,0x6C9D,0x749D,0x749D,0x749D,0x749D,0x6C9D,0x749E,0x6CBE,
    0x74BE,0x74DD,0x74BE,0x74BD,0x749E,0x749D,0x7CDD,0x7CFD,0x7CFD,0x7D1E,0x84FD,0x7CFD,0x8D1E,0x959E,0xA5DE,0xA5FD,
    0xAE1D,0xADFE,0xAE3F,0xB63E,0xB67E,0xBE9E,0xB69E,0xB65D,0xA61D,0xADFD,0xA5FE,0xA5DE,0xA5BE,0x9DBD,0x9D9C,0x9DBD,
    0xA5BE,0x9D7D,0x953E,0x8D1D,0x851D,0x8D3D,0x8D3C,0x8D3D,0x8D5D,0x957E,0x8D3E,0x8D1D,0x851D,0x8D3D,0x853D,0x851D,
    0x7CDE,0x6C9D,0x6C7D,0x747D,0x747D,0x747D,0x749D,0x747C,0x74BC,0x74BD,0x7CDD,0x84FD,0x853C,0x955D,0x8D3D,0x8D3E,
    0x7D1E,0x6C7D,0x5BFC,0x4BDC,0x4BBD,0x3BBC,0x3B7C,0x3B5C,0x333C,0x331C,0x2AFC,0x2AFC,0x22DC,0x2AFC,0x22DB,0x22DC,
    0x22DB,0x22DC,0x22DC,0x1ADB,0x1ADC,0x1ABB,0x22DC,0x22BB,0x2AFB,0x32FC,0x3B5D,0x32FB,0x3B3B,0x53DC,0x435B,0x5BDE,
    0x74BE,0x74BD,0x5BDB,0x7CFE,0x6C9C,0x6C7D,0x7CBE,0x747D,0x6C3C,0x63FD,0x53BC,0x3B5B,0x3B3B,0x435D,0x4B7C,0x53BC,
    0x4B9B,0x63FC,0x6C7D,0x8CFC,0xADBE,0xB65E,0xBE7D,0xB63D,0xA5BD,0xA5BE,0x9D9D,0x9D9D,0xADFE,0xA5BD,0x953D,0x953D,
    0x955E,0x7C9E,0x6C1C,0x84BD,0x955E,0x8CFE,0x84FD,0x84FD,0x8D1E,0x8D1E,0x7CBC,0x747B,0x955E,0xA5DD,0xA61D,0xB63E,
    0xB65E,0xB65D,0xC69E,0xC6BD,0xC6BD,0xC6DE,0xCEDE,0xCEFE,0xCEFE,0xCEFE,0xCEFD,0xCEFE,0xCEFE,0xCEFD,0xCEFE,0xCEFD,
    0xCEFD,0xCEFE,0xCEFD,0xCEFE,0xD71E,0xCF1E,0xCF1E,0xCF1E,0xCEFE,0xC6DD,0xC6DD,0xC6DD,0xCEDE,0xCEFD,0xD6FD,0xD71E,
    0xD71D,0xD71E,0xD71D,0xDF3F,0xDF3E,0xDF3E,0xDF5E,0xDF5E,0xDF7E,0xE79E,0xE77E,0xE77E,0xDF7E,0xE77E,0xDF7D,0xE75D,
    0x649C,0x6CDD,0x855F,0x95BF,0x9DDE,0xA5FE,0x8D9D,0x751E,0x74DD,0x647C,0x649D,0x64BD,0x5C5E,0x543E,0x4C1E,0x4C1C,
    0x647C,0xA63F,0xDF5F,0xD75F,0xCEFE,0xD71D,0xDF7F,0xDF7F,0xE79E,0xEF9E,0xE7BC,0xEF9E,0xEF9E,0xEF9E,0xE77E,0xD75D,
    0xD71E,0xCEFE,0xBE9E,0xB65E,0xBE9E,0xCF1E,0xD71E,0xDF3E,0xDF7F,0xD75E,0xD73D,0xDF5E,0xDF5D,0xF79E,0xF79E,0xF7BE,
    0xF7BE,0xF79D,0xF7BE,0xF7BE,0xF7DE,0xF79D,0xF79E,0xEF9E,0xEF9D,0xDF9D,0xDF3E,0xBE9D,0xA61F,0x8D5E,0x749C,0x851F,
    0x8D5E,0x8D9E,0x8D5E,0x7CDD,0x74DC,0x855D,0x6CBE,0x53FD,0x43BD,0x43DD,0x4BDD,0x4BFC,0x643D,0x7CDE,0x7D1E,0x6C7D,
    0x645E,0x4BFC,0x4BDD,0x53FE,0x6C9E,0x7CDF,0x5C1D,0x4BDD,0x4BFD,0x541D,0x53FD,0x4BFD,0x53FD,0x53FD,0x4BFD,0x53DD,
    0x4BFC,0x4C1D,0x541D,0x53FD,0x53FD,0x53FD,0x53DD,0x53FD,0x53FD,0x53FD,0x5C1D,0x53FD,0x53FD,0x5C1D,0x5BFD,0x6C7D,
    0x6C9E,0x645D,0x5C1D,0x5C3D,0x643D,0x6C5E,0x6C7D,0x6C7D,0x6C9D,0x6C9D,0x6C9E,0x74BE,0x74BE,0x6C9D,0x749D,0x749D,
    0x74BD,0x74BD,0x7CDD,0x7CDE,0x7CDE,0x7CBE,0x7CFE,0x851D,0x7CFD,0x7CDD,0x84FD,0x853E,0x851D,0x955D,0x9D9D,0x9DDE,
    0xADFE,0xAE1D,0xAE1E,0xB63E,0xB65F,0xB69E,0xBE9F,0xBE9E,0xB65D,0xAE3D,0xADFE,0xAE1E,0xADFF,0xADFE,0xADFE,0xA5DD,
    0xA5DD,0x9DBE,0x9D9E,0x955D,0x955E,0x8D3E,0x955D,0x955D,0x957D,0x9D9F,0x957E,0x8D3D,0x8D3D,0x955D,0x8D5D,0x8D1D,
    0x853D,0x7CDD,0x7C9C,0x749D,0x749D,0x6C7C,0x749D,0x749D,0x74BD,0x7CBD,0x7CDD,0x7CDD,0x7CDC,0x84FD,0x851E,0x851E,
    0x8D1E,0x7CDD,0x6C5D,0x5BFC,0x4B9C,0x4B9C,0x437D,0x3B5C,0x3B3C,0x331C,0x32FC,0x2AFB,0x2AFC,0x22DB,0x22DC,0x22DC,
    0x22DB,0x22DB,0x22DB,0x22DC,0x22DB,0x22BB,0x22DB,0x22DC,0x2ADC,0x22FB,0x32FC,0x2AFA,0x2ADA,0x4B9C,0x53DD,0x63FC,
    0x7CBE,0x7CBE,0x6C1B,0x7CDD,0x6C5C,0x4B7B,0x53DC,0x53DB,0x4B7C,0x437C,0x3B7C,0x3B7C,0x3B5C,0x437C,0x437B,0x4BBC,
    0x4B9B,0x53DC,0x6C7D,0x7CBC,0x955D,0xA5BD,0xA5FD,0xA59E,0x9D5D,0x955E,0x957D,0x957D,0x8D3D,0x7CDD,0x7CBC,0x749C,
    0x747D,0x6C3D,0x5BBC,0x5BBB,0x74BE,0x6C5D,0x6C3C,0x747D,0x747D,0x63DC,0x63DB,0x8D1E,0xADFE,0xB65E,0xB65D,0xB67E,
    0xBE9D,0xC6BE,0xC6DD,0xC6BD,0xCEBD,0xCEDD,0xCEDD,0xC6DE,0xCEDE,0xCEDE,0xCEFD,0xCEFD,0xCEFD,0xCEFD,0xC6DE,0xCEDE,
    0xCEDE,0xC6DE,0xCEFE,0xCEFE,0xCEFE,0xD6FE,0xD71E,0xCEFF,0xCEDE,0xC6BE,0xCEBE,0xC6DD,0xC6BD,0xCEDD,0xCEFD,0xCEDE,
    0xCEDE,0xCEFE,0xCEFE,0xDF3E,0xD73E,0xDF3E,0xDF5D,0xE75E,0xE79E,0xEF9E,0xE77E,0xE77E,0xE77D,0xE77E,0xE77E,0xE77E,
    0x543D,0x543D,0x5C9C,0x74DD,0x857F,0x95BF,0x7D3E,0x5C5D,0x649D,0x5C9D,0x545D,0x5C7D,0x549E,0x543D,0x4C1E,0x441D,
    0x4C1D,0x74DD,0xAE1D,0x9D9C,0xAE1D,0xC6DD,0xCEFE,0xD75F,0xE77E,0xE79D,0xE77D,0xE77E,0xE79E,0xEFBE,0xE79E,0xDF3E,
    0xCEBE,0xBE7D,0xA5FD,0x8D3C,0x9DDE,0xB6BE,0xC6DE,0xCEFE,0xBEDD,0xB67C,0xBEBE,0xCF1E,0xDF3E,0xE75E,0xE79E,0xF7BD,
    0xEFBE,0xF7BE,0xF79E,0xF7BD,0xF7BE,0xF79E,0xF79E,0xEFBE,0xEF9D,0xDF7D,0xD75E,0xCEFE,0xC6BF,0xB67F,0x957E,0x84FC,
    0x853E,0x853D,0x851C,0x853E,0x7CFD,0x8D7D,0x851E,0x5C3D,0x541D,0x43FE,0x43DD,0x4BBC,0x53FC,0x643C,0x74BE,0x6C9E,
    0x541D,0x53FD,0x4BFD,0x4BDD,0x53FD,0x749D,0x6C5D,0x4BFD,0x4BFD,0x4BDD,0x53FD,0x4BFD,0x53FD,0x53FD,0x53FD,0x4BFD,
    0x53FD,0x53FD,0x541D,0x541D,0x541D,0x543E,0x53FD,0x53FD,0x541D,0x5BFD,0x541D,0x5C1D,0x541D,0x5BFE,0x5C1C,0x6C7D,
    0x74FE,0x6C9E,0x5C1D,0x641D,0x5C3D,0x645D,0x645D,0x647D,0x647D,0x6C9E,0x6C7D,0x6CBD,0x74DE,0x74DE,0x74BD,0x74BD,
    0x74BD,0x7CDE,0x7CFE,0x7CBD,0x74BD,0x7CBD,0x7CFE,0x851D,0x851E,0x851D,0x853E,0x853E,0x851D,0x8D1D,0x8D3D,0x9D9E,
    0xA5DD,0xAE1E,0xB63D,0xAE5E,0xAE5E,0xB65E,0xBE7E,0xBE9E,0xBE7E,0xBE7E,0xB63D,0xB61D,0xB65E,0xB65E,0xB65E,0xBE5D,
    0xB63E,0xA5FE,0xA5BD,0x9DBE,0x9D9E,0x9D9E,0x9D9E,0x9DBE,0x959E,0x957D,0x9D9E,0x9D7E,0x955D,0x8D5D,0x955D,0x957E,
    0x955D,0x8CFD,0x84DD,0x74BD,0x74BD,0x749D,0x749D,0x749D,0x74BC,0x74BD,0x7CDD,0x84DE,0x7CBD,0x7CBD,0x7CDD,0x84FD,
    0x851D,0x851E,0x7CBE,0x6C5E,0x5BDD,0x4B7C,0x437D,0x3B7C,0x3B3C,0x331C,0x2B1B,0x32FC,0x2ADC,0x22DC,0x22FB,0x22FC,
    0x22DC,0x22DB,0x22DC,0x1ABB,0x22DB,0x1ABC,0x22BB,0x22DB,0x22FC,0x22DB,0x22DB,0x22BC,0x2ADC,0x331B,0x4B7C,0x645D,
    0x7C7E,0x6C3C,0x849C,0x84DD,0x643B,0x53DC,0x435B,0x32FB,0x2AFB,0x331C,0x335C,0x333C,0x3B1B,0x3B1A,0x3B3B,0x437C,
    0x439C,0x3B5B,0x53DC,0x641C,0x645C,0x7CBD,0x955E,0x84DD,0x745D,0x7C7C,0x749C,0x6C3D,0x63FC,0x5BBB,0x641D,0x5BFC,
    0x53BB,0x5BFD,0x4B9C,0x435C,0x437C,0x3B3B,0x437C,0x5BDC,0x539C,0x435C,0x437B,0x8D1E,0xAE1E,0xBE9E,0xC6DF,0xC6BE,
    0xC6BD,0xCEDE,0xCEFD,0xCEDE,0xCEDE,0xCEFD,0xCF1E,0xCEFE,0xC6FE,0xCEFE,0xC6FE,0xCF1D,0xCF1D,0xCEFE,0xCEFD,0xC6DE,
    0xC6DE,0xCEDD,0xCEDE,0xCEDD,0xCEDE,0xCEFE,0xCEDE,0xCEDF,0xCEDE,0xC6BE,0xC6BD,0xCEBE,0xC6DE,0xCEDD,0xCEFE,0xC6BD,
    0xC6BE,0xCEBD,0xCEDD,0xD71E,0xDF5E,0xD73D,0xDF3D,0xE77E,0xE79E,0xEF9E,0xE77E,0xEF9E,0xEF7E,0xEF7E,0xE77E,0xEF7E,
    0x549E,0x547D,0x543D,0x545C,0x5C9D,0x6CFE,0x64DE,0x545C,0x5C7D,0x5C7D,0x545D,0x4C5D,0x543D,0x4C3E,0x4C1D,0x4C1E,
    0x441D,0x5C5D,0x9DDE,0x8D3E,0xAE3E,0xC6DF,0xB65D,0xC6BD,0xDF7E,0xE79E,0xE75E,0xDF5E,0xDF3D,0xDF5E,0xE77F,0xE75F,
    0xD73E,0xBE9D,0xAE3F,0x957E,0x7CDC,0x8D7D,0xAE3F,0xBE5E,0xB67E,0xAE5D,0xAE3E,0xAE3E,0xAE3E,0xDF3D,0xE7BF,0xE79D,
    0xEF9F,0xEF7F,0xEF9E,0xEF9E,0xF79E,0xF79E,0xF79E,0xF79E,0xEF9E,0xE77E,0xD71E,0xCEFD,0xC6DE,0xB69E,0xAE7E,0x959C,
    0x7CFD,0x8D5E,0x7CFD,0x851E,0x851D,0x8D7E,0x8D7E,0x6CBD,0x5C3D,0x4BFD,0x4C1E,0x4BFD,0x541D,0x6CBE,0x6C9E,0x5C5D,
    0x5C5E,0x543D,0x4BFC,0x4BDE,0x4BDC,0x5C3C,0x747D,0x4BFD,0x4BDD,0x4BDD,0x4BDD,0x4BDD,0x4BDD,0x4BFD,0x4BFE,0x53FD,
    0x4BDD,0x4BFC,0x4BFD,0x4BDD,0x53FD,0x541D,0x541D,0x5C1D,0x541E,0x5C1D,0x541E,0x541D,0x5C1E,0x5C1E,0x5C1D,0x5C5D,
    0x645D,0x645D,0x5C5E,0x5C1D,0x5C3D,0x643D,0x5C3D,0x645D,0x647D,0x6C7D,0x647D,0x647D,0x6C9D,0x749D,0x749D,0x6C9D,
    0x7CBE,0x7CDE,0x7CFE,0x7CDD,0x749D,0x749D,0x74BD,0x7CDD,0x7CFD,0x7CFE,0x7D1E,0x851E,0x7CFD,0x84DD,0x851D,0x8D3D,
    0x9D9D,0xA5DE,0xAE1E,0xB65E,0xB65E,0xBE7E,0xBE7E,0xBE5E,0xBE7E,0xBE5D,0xB67D,0xB63D,0xAE1D,0xB63E,0xB63D,0xB65D,
    0xB63E,0xAE1D,0xA5FE,0xA5FE,0x9DBE,0x9D9E,0x9DBE,0x9DDD,0xA5DE,0x9DBD,0x9DDD,0xA5DD,0x9DBD,0x957D,0x957D,0x9D9D,
    0x9D9E,0x955E,0x955E,0x851D,0x7CDD,0x7CBD,0x74BD,0x749D,0x749D,0x749C,0x7C9D,0x7CBE,0x749D,0x749D,0x74BD,0x7CBD,
    0x7CBD,0x7CDD,0x74BD,0x6C9D,0x643D,0x4BBC,0x435B,0x3B7C,0x333C,0x333C,0x331C,0x2AFC,0x2AFC,0x2AFC,0x22FC,0x22DB,
    0x22DC,0x22DB,0x22DC,0x22BB,0x22DB,0x22BB,0x22DC,0x22DB,0x22BB,0x22DC,0x22DB,0x22BB,0x2AFC,0x32FB,0x53DC,0x645E,
    0x5BBB,0x745C,0x953F,0x8D1D,0x749C,0x5C1D,0x3B1B,0x2A9B,0x2ABC,0x2AFC,0x331C,0x333C,0x331C,0x3B5C,0x3B5C,0x2AFB,
    0x331B,0x435C,0x433B,0x437C,0x435C,0x539B,0x74BE,0x6C3D,0x63FC,0x643D,0x5BDC,0x539C,0x433B,0x4B5C,0x53BD,0x4B7C,
    0x435B,0x435C,0x331B,0x3B3D,0x331D,0x32FC,0x3B5D,0x3B5C,0x3B5B,0x335D,0x3B1B,0x5BFD,0x955E,0xB61E,0xCEFF,0xCF1E,
    0xC6BD,0xCEDE,0xCEFE,0xD71E,0xD71E,0xD73E,0xDF3E,0xD71E,0xCEFE,0xCEFE,0xCEFE,0xD73E,0xCF3D,0xCF1E,0xCEFE,0xCEDE,
    0xCEDE,0xC6DE,0xC6BD,0xCEDE,0xC6DD,0xC6BD,0xCEDE,0xC6DD,0xCEDE,0xC6BD,0xC69D,0xC69E,0xC6BE,0xCEBE,0xC69D,0xC69E,
    0xC69E,0xC6BE,0xC6DE,0xD71E,0xD73E,0xD71D,0xDF3E,0xE77E,0xE79E,0xEF9E,0xEF9E,0xEF9F,0xEF9E,0xEF9F,0xEF9E,0xEF9E,
    0x5C9E,0x64BE,0x547D,0x545D,0x545D,0x4C5D,0x5C9E,0x543E,0x545E,0x547E,0x4C3D,0x4C3D,0x4C3D,0x543E,0x545D,0x4C1D,
    0x441E,0x543E,0x751E,0x8D7E,0xB67F,0xC6FF,0xBE5D,0xC6FE,0xE77E,0xEF9F,0xEF7E,0xE77E,0xD6DD,0xD71D,0xEF7E,0xEF9E,
    0xE77E,0xD73D,0xCEDE,0xBEBF,0x8D7C,0x749A,0x957D,0xA5FF,0xAE3F,0xAE5F,0x9DDD,0xA5FD,0xAE3E,0xC69E,0xD71E,0xD73F,
    0xD6FE,0xC69E,0xCEFE,0xE77F,0xEFBE,0xF79E,0xEF9E,0xEFBE,0xEF9E,0xE77E,0xD75F,0xCEDD,0xBE7D,0xAE5D,0xB65E,0xA61D,
    0x957E,0x8D5E,0x8D3E,0x84FE,0x84DD,0x8D5E,0x959E,0x957E,0x853E,0x5C5C,0x5C5E,0x541D,0x541D,0x5C3D,0x53FD,0x541D,
    0x5C5E,0x5C5E,0x5C5D,0x4BBD,0x43DC,0x74DF,0x853E,0x53FC,0x43BD,0x4BDD,0x4BDD,0x43DD,0x4BDD,0x43BC,0x4BDD,0x4BFD,
    0x4BDD,0x4BDC,0x4BDC,0x43BC,0x43BC,0x4BDC,0x4BDD,0x4BDD,0x4BDD,0x53FD,0x4BDD,0x53FD,0x53FD,0x541E,0x5C1D,0x5C3D,
    0x543C,0x5C1D,0x5C3E,0x5C3D,0x5C3D,0x5C3D,0x5C3D,0x645D,0x647E,0x647D,0x647D,0x6C7D,0x6C9D,0x6CBE,0x6C9D,0x6C9D,
    0x6C7D,0x74BD,0x7D1E,0x7CFE,0x74BD,0x74BE,0x74DE,0x7CFE,0x7CFE,0x7CFE,0x7CDD,0x7CFE,0x851F,0x7CDD,0x7CDD,0x7CFD,
    0x84FC,0x8D5D,0x959E,0xA5DD,0xADFE,0xB65E,0xBE7F,0xBE9E,0xC69E,0xBE9E,0xB65E,0xAE1E,0xADFE,0xB63E,0xB63E,0xB63D,
    0xAE1E,0xADFE,0xA5BD,0xA59D,0x9D9D,0x957D,0x9D7D,0x9DBE,0xA5DE,0xADFE,0xA5FE,0xA5FE,0xAE3E,0xA5FE,0x9DBD,0x9DBD,
    0x9DBD,0x9D9E,0x9D9E,0x959F,0x8D1D,0x7CBC,0x7C9D,0x749D,0x747D,0x749D,0x6C5C,0x6C5C,0x6C7D,0x745D,0x745D,0x747D,
    0x74BD,0x74BD,0x749D,0x749D,0x6C7E,0x643C,0x4BBC,0x439D,0x435C,0x333C,0x331C,0x2B1C,0x2B1C,0x2AFC,0x22FC,0x2ADC,
    0x22FC,0x22DB,0x22DC,0x22DB,0x22DC,0x22DB,0x22DB,0x22DC,0x1ABB,0x2ADB,0x2ADB,0x2ADB,0x331C,0x3B3B,0x53BB,0x641B,
    0x745C,0x9D7F,0x9D9E,0x953C,0x8D5E,0x745E,0x437C,0x32DB,0x22BB,0x22DB,0x2AFB,0x2AFB,0x331C,0x3B3C,0x2AFC,0x2ABB,
    0x2AFB,0x331C,0x3B1B,0x3B1B,0x3B3B,0x433B,0x5BFC,0x7CBE,0x643C,0x645D,0x5BFD,0x4B9C,0x433A,0x3AF9,0x3B5B,0x4B9D,
    0x439C,0x333B,0x2AFB,0x2ADB,0x2ADB,0x333C,0x2B3C,0x2AFB,0x2B1B,0x22DB,0x2AFC,0x431A,0x63DA,0x9D7C,0xC6BE,0xCF1D,
    0xCEFE,0xC6DE,0xD6FD,0xD73E,0xDF3E,0xDF3E,0xD73E,0xCF1E,0xCEFE,0xCEDE,0xCF1D,0xDF5E,0xD75E,0xD73E,0xCEFD,0xCEDE,
    0xCEFE,0xCEDE,0xCEDE,0xC6DE,0xC6BE,0xBE9D,0xBE9D,0xC6BE,0xC6BE,0xC6BE,0xBE7D,0xBE7D,0xC6BE,0xC69E,0xB65E,0xBE5D,
    0xBE7E,0xC6BE,0xC69D,0xCEDD,0xCEDD,0xD71E,0xDF5E,0xE75D,0xE79E,0xEF9E,0xEF7E,0xEF9E,0xEF9F,0xEF9E,0xEF9F,0xEF9E,
    0x64BD,0x64BE,0x64BE,0x5C7D,0x545D,0x545D,0x4C5E,0x4C5D,0x4C5E,0x547E,0x545E,0x4C3C,0x4C1C,0x5C3C,0x6CBD,0x5C5D,
    0x4C1E,0x4C1D,0x543C,0x74BD,0x9DDD,0xB65D,0xB63D,0xCF3E,0xE79E,0xEF7E,0xE79E,0xE77F,0xD73D,0xC6BC,0xDF5E,0xEFBE,
    0xEF9D,0xE77D,0xE77D,0xDF7F,0xC6DE,0xA5FD,0x959D,0x959D,0x8D7D,0x9DFE,0xA61D,0xAE5E,0xB67F,0x9D7C,0xA5DE,0xAE1D,
    0xADFD,0x9D9B,0xB63E,0xD71F,0xE79F,0xEFBF,0xEF9E,0xEFBD,0xE79E,0xE77E,0xDF3E,0xCEFE,0xC6BE,0xB65D,0xAE3E,0xA63E,
    0x9DDE,0x957D,0x853D,0x8D3E,0x84FD,0x84FE,0x8D3E,0x957E,0x957F,0x853E,0x7D1F,0x647D,0x5C3D,0x5C1D,0x4BDC,0x4BDD,
    0x541C,0x5C3C,0x853F,0x649D,0x4C1C,0x6CBE,0x9DDF,0x647C,0x4BDD,0x4BBD,0x43DD,0x4BBD,0x43DD,0x4BDD,0x4BDD,0x4BDD,
    0x4BFD,0x43DD,0x4BDD,0x4BDD,0x43DC,0x43DD,0x4BBC,0x43DC,0x4BBC,0x43BC,0x4BDD,0x4BDD,0x4BDD,0x53FD,0x4BFD,0x53FD,
    0x541D,0x541D,0x541D,0x541D,0x5BFD,0x53FD,0x53FD,0x5C1D,0x5C3D,0x5C3E,0x5C5D,0x645E,0x645D,0x647D,0x6C7D,0x6C7E,
    0x749E,0x74BD,0x74BE,0x74BD,0x6C9D,0x6C7D,0x74BD,0x74DE,0x7CDE,0x74BE,0x6C9D,0x6C9D,0x74BD,0x74BE,0x749D,0x74BD,
    0x74BC,0x7CFD,0x851E,0x8D3D,0x9D5D,0xA5DE,0xAE1E,0xBE7E,0xBE7E,0xBE9E,0xBE7E,0xBE5E,0xB63D,0xB65E,0xB65E,0xB65D,
    0xBE5E,0xAE1E,0xADDD,0xA5BD,0x9D7D,0x955D,0x955D,0x9D9D,0xA5BE,0xA5FE,0xADFE,0xADFE,0xAE1E,0xAE3E,0xADFD,0xA5FD,
    0xA5DD,0x9D9D,0x9D9E,0x9D9D,0x9D9E,0x7CFC,0x7C9C,0x749D,0x747C,0x6C7C,0x6C7D,0x6C5C,0x6C3C,0x6C7D,0x645D,0x6C3D,
    0x6C7D,0x747D,0x6C7D,0x6C9D,0x749E,0x749D,0x643D,0x5BFD,0x4BBC,0x435B,0x333C,0x331C,0x2B1C,0x2B1C,0x22FC,0x22DC,
    0x2AFC,0x22FC,0x22DB,0x22DC,0x22DB,0x22DC,0x22BB,0x1ADB,0x22BB,0x22BB,0x32DC,0x331C,0x435D,0x53DC,0x5BDB,0x7CDD,
    0x9D9F,0xA5FE,0xADDD,0xB63D,0xA5BE,0x7C7D,0x643E,0x335B,0x22BA,0x22DB,0x22DB,0x22DB,0x22BC,0x2ADB,0x22BB,0x22DB,
    0x2ADB,0x2ADB,0x435D,0x3B5C,0x435B,0x63FD,0x5BDC,0x6C5D,0x74BD,0x5BDB,0x53BD,0x539C,0x53DC,0x53DD,0x53DD,0x4BBC,
    0x3B9D,0x331B,0x32FC,0x2ADB,0x32FB,0x435C,0x331C,0x2AFA,0x331B,0x331C,0x331B,0x4BBB,0x7C9C,0xA5DD,0xBE9E,0xC6FD,
    0xD71E,0xCEFE,0xD71E,0xDF3E,0xDF3E,0xDF5E,0xDF5D,0xD71E,0xCEFD,0xCEFD,0xD73E,0xDF7E,0xDF7F,0xD73E,0xCEFD,0xD71E,
    0xCF1E,0xCEFE,0xC6DE,0xBE7D,0xB63E,0xAE3E,0xB65E,0xBE5E,0xBE7E,0xBE7E,0xB65D,0xBE7E,0xBE9E,0xBE7E,0xAE1D,0xB61D,
    0xB63D,0xBE9E,0xBEBE,0xC6BE,0xCEBD,0xD6FD,0xD73E,0xDF5D,0xE77D,0xE77E,0xEF7E,0xEF9E,0xF79E,0xF7BE,0xEF9E,0xF79E,
    0x545D,0x5C9D,0x5CBE,0x547E,0x545D,0x543E,0x4C3D,0x4C3E,0x545E,0x543D,0x4C3D,0x5C5D,0x647E,0x74FD,0x8D7E,0x64BD,
    0x4C1D,0x4C3E,0x545D,0x5C5D,0x7D3C,0xA63E,0xAE7F,0xC6DF,0xD73E,0xDF3E,0xE73F,0xD71E,0xBEDE,0xC6BD,0xDF5F,0xEF9E,
    0xEFBE,0xF79E,0xEF9E,0xEFBE,0xE79E,0xD71F,0xBEBE,0xAE3F,0x853C,0x8D5E,0xAE5F,0xA5FE,0xA5BE,0x84FC,0x851D,0x9DBD,
    0xA61D,0xB65E,0xA5DD,0xAE1E,0xB65E,0xCF1E,0xDF5E,0xDF5E,0xDF5E,0xD75E,0xDF1F,0xCEFE,0xCEDE,0xB67E,0xAE3D,0xAE1E,
    0x9DFD,0x9DBE,0x8D3D,0x957E,0x957F,0x84FD,0x749C,0x7CDE,0x7D1E,0x74DE,0x74DE,0x74DF,0x647E,0x645E,0x5C3E,0x543D,
    0x5C5D,0x6C5C,0x955E,0x959F,0x647D,0x645C,0x957E,0x7CFE,0x4BBC,0x43DD,0x43BD,0x43DC,0x43BD,0x43DD,0x4BDD,0x43FE,
    0x4BDD,0x4BFD,0x43FD,0x4BFD,0x4BDD,0x43DD,0x43BC,0x43BD,0x43BD,0x43BD,0x43BC,0x4BBD,0x43DD,0x4BDD,0x4BDD,0x4BFD,
    0x4BFD,0x4BDC,0x4BFC,0x53DD,0x53DD,0x53FD,0x53DC,0x4BDC,0x53DC,0x53FC,0x53FD,0x541D,0x5BFD,0x5C1D,0x5C1E,0x645D,
    0x6C7D,0x749E,0x6CBD,0x6C9D,0x6C5C,0x641C,0x643D,0x645C,0x645D,0x6C7D,0x6C5D,0x645D,0x645C,0x645D,0x645D,0x6C7D,
    0x6C7D,0x74BD,0x7CDD,0x84DD,0x84FD,0x955E,0x9D9D,0xAE1E,0xAE3E,0xB67D,0xBE7D,0xB65D,0xBE7D,0xBE9E,0xC69E,0xBEBE,
    0xC69E,0xBE5D,0xB63D,0xAE1E,0xA5DE,0xA5DD,0xA5BD,0xA5DC,0xA5FD,0xA5DD,0xA5FD,0xA5FD,0xAE1E,0xB63E,0xAE5E,0xB63D,
    0xAE1D,0xADFD,0xA5BD,0x9D9D,0x9DBD,0x953E,0x7CDD,0x7CBD,0x6C9D,0x6C7D,0x749D,0x749D,0x645D,0x6C5D,0x641D,0x63FC,
    0x641D,0x641D,0x643D,0x6C5D,0x6C7D,0x749D,0x74BE,0x745E,0x641D,0x53DD,0x437C,0x333C,0x331C,0x2B1C,0x2AFC,0x2AFC,
    0x22FC,0x2AFC,0x22DC,0x22DB,0x22DC,0x22DB,0x22DC,0x22BB,0x22DC,0x22BB,0x22BB,0x2ADC,0x331C,0x437C,0x5C1E,0x749D,
    0x7CDE,0x8D1D,0xADFE,0xBE9F,0xA5DD,0x7CBD,0x4B9B,0x2ABA,0x22BC,0x1ABB,0x22BB,0x22BB,0x229B,0x22BA,0x22BB,0x22FC,
    0x22DB,0x22BA,0x333C,0x4B9D,0x4BBC,0x539B,0x539C,0x6C3C,0x749D,0x63FC,0x5BDE,0x5BFD,0x5BDC,0x5C1D,0x53DC,0x3AFA,
    0x32FA,0x3B1B,0x3B3B,0x435C,0x53DC,0x5C1C,0x643C,0x63FC,0x53DC,0x435C,0x3B1B,0x643D,0x9DBF,0xA5BD,0xB61D,0xC6BE,
    0xCEFE,0xCF1E,0xD73D,0xDF3D,0xDF3E,0xDF5D,0xDF5E,0xDF3D,0xD71E,0xCEFE,0xDF3E,0xDF7E,0xDF3D,0xD71D,0xD71E,0xDF3F,
    0xD73E,0xD71E,0xC69E,0xADFD,0x9DBD,0x955D,0x9D7D,0xADDD,0xB63E,0xB63E,0xB65E,0xBE9E,0xBE7D,0xB63E,0xAE1D,0xB61D,
    0xB65E,0xBE7D,0xC6BD,0xCEBE,0xCEDE,0xCEFE,0xDF1E,0xDF3D,0xE77D,0xEF9E,0xEF9D,0xF77E,0xEF9E,0xF79E,0xF79E,0xEF7E,
    0x4C5D,0x4C5D,0x545D,0x4C5E,0x545E,0x543D,0x4C3E,0x4C3D,0x4C3D,0x4C3D,0x543D,0x5C7E,0x64BE,0x8D9F,0x8DBE,0x6CDD,
    0x5C7D,0x5C7E,0x5C9F,0x64DF,0x6CFD,0x857E,0x857E,0x95BE,0xA5FE,0xBE3E,0xBE5E,0xC6DE,0xAE3D,0xAE3E,0xCEFE,0xDF3E,
    0xDF5D,0xE75F,0xDF1E,0xDF3E,0xDF5E,0xCEFD,0xC6FE,0xC6DF,0x9DBE,0x6C5B,0x853D,0x957F,0x853D,0x957E,0x8D3E,0x8D3D,
    0x9DDC,0xB69E,0xAE1E,0x8D5D,0x8CFB,0xA5BC,0xCEFF,0xCEFE,0xCEFD,0xCEFE,0xD71E,0xD6FE,0xC6DE,0xBE7D,0xB67D,0xAE7D,
    0xA5FE,0x9DBE,0x955E,0x957E,0x9DBE,0x9D9E,0x7CDD,0x645D,0x645D,0x541C,0x53FC,0x649E,0x5C5D,0x5BFD,0x647F,0x649F,
    0x74DE,0x7CDD,0x9D7E,0x9DDE,0x7D1D,0x749D,0x955E,0x74DE,0x439B,0x4BDD,0x43BD,0x43BD,0x43DD,0x43BD,0x43BD,0x43BD,
    0x43DD,0x4BDD,0x4BDD,0x43DD,0x43DD,0x4BFD,0x4BDD,0x4BDD,0x4BDD,0x43BD,0x4BDD,0x43DD,0x4BBD,0x43BC,0x43BD,0x43BC,
    0x43BC,0x43DC,0x4BDD,0x4BDD,0x4BDD,0x53DD,0x53FD,0x53FD,0x4BDC,0x4BBD,0x53DD,0x53DD,0x53DD,0x541E,0x5C1D,0x645E,
    0x6C5D,0x6C9E,0x74BD,0x749D,0x74DE,0x74DE,0x7CDE,0x74BE,0x749E,0x6C7D,0x6C7D,0x6C7D,0x6C5D,0x647D,0x6C7D,0x6C7D,
    0x6C9D,0x6C7D,0x74BE,0x84DE,0x851D,0x8D3E,0x8D5E,0x955D,0x957D,0xA5BD,0xAE3D,0xAE1E,0xADFD,0xADFD,0xB65E,0xBE9E,
    0xBE9E,0xC6BD,0xBE9E,0xBE9E,0xBE7E,0xB65E,0xB67D,0xB65E,0xBE7D,0xB65E,0xB63D,0xB65E,0xB63E,0xB65D,0xB67E,0xB65E,
    0xB65E,0xAE1E,0xA5DE,0xA5BD,0xA5BD,0x957E,0x8D1D,0x84DE,0x7CDE,0x749C,0x6C9C,0x74BD,0x749D,0x643D,0x641C,0x53DC,
    0x53DD,0x5BFD,0x5BFD,0x63FC,0x643C,0x6C3C,0x747D,0x749D,0x6C5D,0x643D,0x53BD,0x3B5B,0x3B5C,0x333D,0x22FC,0x2AFC,
    0x22FC,0x22FB,0x2ADB,0x22DC,0x22DB,0x22DC,0x22DB,0x22BB,0x1ADB,0x22DB,0x22DA,0x1ADB,0x22BC,0x22DB,0x32FB,0x32FB,
    0x3AFB,0x539C,0x74BD,0x9DDF,0x8D5E,0x643C,0x437D,0x22BC,0x22BC,0x22BC,0x1ABB,0x22BB,0x22BB,0x1ABB,0x22DB,0x22DB,
    0x22FC,0x22DB,0x2ADA,0x333B,0x437C,0x3B1B,0x4B5C,0x641E,0x6C5D,0x5BFC,0x5BDD,0x539B,0x5BFC,0x6C7D,0x643D,0x5C1C,
    0x53DC,0x53FC,0x643C,0x749D,0x74BC,0x7CFD,0x8D3D,0x953E,0x8D3E,0x6C3D,0x4B7C,0x5BBB,0x8CFD,0xA5DC,0xAE1C,0xBE7D,
    0xCEFE,0xCEFD,0xCF1D,0xDF3E,0xE77E,0xE77E,0xDF7E,0xDF5E,0xD71D,0xD71D,0xD73E,0xD71D,0xD71E,0xD71D,0xD71E,0xD73E,
    0xDF5E,0xD73F,0xC6BE,0x955C,0x953D,0x8D3E,0x8D1D,0x9D5D,0xA5DE,0xB61E,0xB65E,0xBE9E,0xB65D,0xBE5E,0xB63D,0xB63D,
    0xBE9D,0xBE9D,0xC6DD,0xCEFE,0xD6DE,0xD6FE,0xDF1D,0xDF5D,0xE79E,0xEF9E,0xF79E,0xEF9E,0xF7BE,0xF79E,0xEF9E,0xF79E,
    0x4C5D,0x4C3E,0x4C5D,0x4C3E,0x4C5D,0x4C3E,0x4C3D,0x4C3D,0x4C3D,0x4C3D,0x4C3E,0x4C5D,0x545D,0x6D1E,0x6CDE,0x649D,
    0x649E,0x5C5D,0x5C5E,0x649E,0x543D,0x647D,0x74FE,0x7CFD,0x7CFD,0x851E,0x959D,0xA63D,0xAE3E,0x955D,0xAE3D,0xC6DF,
    0xBE9D,0xB6BD,0x9DFD,0x8D5C,0x95DF,0xA61F,0xA5FE,0xAE1E,0xA5BE,0x74DD,0x5C3B,0x74FE,0x7CFD,0x957D,0x9DDF,0x9D9E,
    0x959C,0xAE1D,0xA61E,0x84FC,0x749C,0x8D5E,0xADFE,0xC6BD,0xCEDE,0xC69D,0xBEBE,0xC6DE,0xCEBE,0xBE7D,0xB65E,0xAE5E,
    0xAE1D,0x9DBD,0x8D5D,0x957E,0x957E,0x9D9E,0x8D5E,0x7CFF,0x647E,0x541D,0x53FD,0x5C3D,0x643D,0x541E,0x5C3E,0x6C7D,
    0x74BD,0x7CFD,0x959E,0x9DBF,0x9DBF,0x7CFC,0x7D3E,0x645C,0x4BBB,0x4BDD,0x43DD,0x43DD,0x43DD,0x43DD,0x43DD,0x4BDD,
    0x43DD,0x4BDD,0x43BD,0x4BDD,0x4BBD,0x4BDE,0x4BFD,0x43DD,0x43DD,0x4BDC,0x43BD,0x43BC,0x43DD,0x4BBD,0x43DD,0x4BBD,
    0x43BD,0x4BBD,0x4BDD,0x4BDC,0x53FD,0x53FD,0x53FD,0x53FD,0x53DD,0x4BDC,0x4BBD,0x4BBC,0x53FD,0x53FD,0x5C3D,0x5C3E,
    0x6C5D,0x749D,0x749D,0x6C7D,0x74BE,0x7CBE,0x74DE,0x7CDE,0x7D1E,0x7CDE,0x7CDD,0x7CDD,0x7CDD,0x7CDD,0x7CDD,0x7CBE,
    0x749D,0x749E,0x7CDE,0x7CDD,0x84FD,0x8D3D,0x955E,0x8D3E,0x8D1D,0x8D1D,0x9D9E,0xA5FF,0x9DBE,0x959D,0x9DBD,0xA5DE,
    0xB65E,0xBE9E,0xBEBE,0xC6BD,0xC6DE,0xC69D,0xBE7E,0xB65D,0xB65D,0xBE5E,0xB67E,0xBE7E,0xB67D,0xB65E,0xBE5E,0xBE7E,
    0xB65E,0xB61E,0xADFE,0xADDE,0x9DBD,0xA59D,0x957E,0x953D,0x84FD,0x84DC,0x7C9D,0x749D,0x749E,0x645E,0x641D,0x53DD,
    0x4BBC,0x53DC,0x53DD,0x53BC,0x5BDC,0x5BFC,0x5C1D,0x645D,0x6C5D,0x6C7D,0x643D,0x4B9C,0x3B7D,0x333C,0x2B1B,0x22FB,
    0x2AFB,0x22FB,0x2AFA,0x22DB,0x22DC,0x22DB,0x22DC,0x22BB,0x22DB,0x22BB,0x22DC,0x22DB,0x22BB,0x22DB,0x22BB,0x22BB,
    0x2ABB,0x2ABA,0x3B3C,0x4BBD,0x4BDC,0x43BB,0x335C,0x2ADC,0x1ABB,0x22DC,0x22BB,0x1ABB,0x22BB,0x22DB,0x1ABB,0x22BA,
    0x22DB,0x2AFC,0x22FB,0x22DB,0x2AFB,0x32DC,0x32FB,0x4B9C,0x643D,0x5BFC,0x437B,0x3B3C,0x4BBC,0x53FC,0x53DC,0x643D,
    0x645E,0x747C,0x7CBD,0x8D3D,0x953C,0x8D3D,0x84BD,0x84BC,0x959E,0x955E,0x747B,0x84FC,0xA5BE,0xAE1D,0xB65D,0xBE9D,
    0xC69E,0xCEDE,0xD71E,0xDF5D,0xE77E,0xE79D,0xE77D,0xDF5D,0xDF7E,0xD73E,0xD73E,0xD71E,0xD71E,0xD73E,0xD71E,0xD71E,
    0xDF3D,0xE75E,0xC67D,0x84DB,0x747D,0x851F,0x851D,0x8CFD,0x9D7D,0xADDD,0xADFD,0xBE5D,0xB67E,0xB65D,0xC6BE,0xC6DD,
    0xCEFD,0xCEFD,0xD71E,0xE75F,0xDF3E,0xDF3D,0xDF3E,0xE77E,0xE77D,0xEF9E,0xEF9D,0xF79E,0xF79E,0xEFBE,0xF79E,0xEF9E,
    0x4C5E,0x4C3D,0x4C5E,0x4C5D,0x4C3E,0x4C5D,0x4C3D,0x4C3D,0x4C3D,0x4C3D,0x4C3D,0x4C3E,0x4C5D,0x5C7D,0x5C7D,0x545D,
    0x543D,0x543D,0x4C3D,0x541D,0x4C1C,0x5C9E,0x6CBE,0x649D,0x6CBD,0x647C,0x7D1E,0x95DF,0x95DE,0x9DBD,0xAE5E,0xBE9D,
    0xAE3E,0xA63E,0x95DE,0x647C,0x5C3D,0x647C,0x851D,0x957D,0x957E,0x8D7E,0x74BD,0x6CBC,0x8D3D,0x853C,0x8D5D,0x9DFF,
    0xA61E,0x95BD,0xA61E,0x8D5F,0x645D,0x74DD,0x8D7D,0xB65E,0xB67D,0xA61E,0x9DDD,0xB63E,0xBE9F,0xB65E,0xB65D,0xB65E,
    0xAE1E,0x9DBE,0x8D3D,0x8D5E,0x8D5E,0x955E,0x8D5E,0x74FE,0x649D,0x543D,0x541D,0x5C1D,0x6C7F,0x647E,0x5C7D,0x649E,
    0x74DD,0x74DD,0x7D3E,0x851D,0x8D3E,0x7CFD,0x74DE,0x647E,0x4BFD,0x43BC,0x43DD,0x43DD,0x43DD,0x43DD,0x43DD,0x43DD,
    0x43BD,0x4BDD,0x43BD,0x4BDD,0x43DD,0x4BDD,0x4BFD,0x4BFE,0x4BFD,0x43DD,0x43DD,0x43BC,0x43DD,0x4BDD,0x4BDD,0x4BDD,
    0x4BDD,0x4BDD,0x4C1E,0x53DD,0x541D,0x5C1D,0x5C3E,0x5C3E,0x541D,0x5C1E,0x541D,0x53FD,0x53FD,0x53FD,0x53FD,0x5C1D,
    0x5C3D,0x6C7E,0x6C7E,0x6C9E,0x6C9D,0x6C9D,0x6C9D,0x6CBE,0x74BE,0x749D,0x749D,0x7CDE,0x7CFE,0x7CDD,0x851E,0x851E,
    0x7CFD,0x7CFD,0x7CDD,0x84DD,0x84DC,0x84FD,0x84FD,0x851E,0x84FD,0x851D,0x953D,0x955D,0x8D5D,0x955D,0x8D5C,0x955D,
    0x9DBC,0xAE3E,0xB63E,0xB67D,0xBE9E,0xBE7E,0xB65E,0xB65D,0xB65E,0xB65D,0xB65D,0xB65E,0xBE5E,0xB65E,0xBE7E,0xBEBE,
    0xBE7E,0xB65E,0xB61E,0xB63E,0xA5DD,0xA5DE,0x9DBD,0x9DBE,0x957E,0x8D1D,0x7CDD,0x7CBD,0x74BE,0x6C5D,0x645E,0x5BFD,
    0x4BDC,0x53DC,0x4BDD,0x53DD,0x53BC,0x53FD,0x641D,0x641D,0x643C,0x6C5D,0x645D,0x4BBD,0x437D,0x3B5C,0x331C,0x2B1C,
    0x22FC,0x22FB,0x22DB,0x22DB,0x22FC,0x22DB,0x22DC,0x22DB,0x22DC,0x22DC,0x22DB,0x22DC,0x22DB,0x22BC,0x1ADB,0x22BB,
    0x22BB,0x22BB,0x22DB,0x22DA,0x2ADB,0x2B1A,0x22BB,0x22DB,0x22BB,0x1ABB,0x22BB,0x22DB,0x1ABB,0x1ABB,0x22BA,0x1ABB,
    0x22DB,0x22FB,0x22DC,0x333B,0x2AFB,0x2ADB,0x32DB,0x433B,0x539B,0x53DC,0x437C,0x435C,0x4BBC,0x53BB,0x4B7C,0x4B9C,
    0x5BDB,0x7CDE,0x957E,0x955E,0x9D9E,0x955D,0x8D1D,0x8D1D,0x84DB,0x95BF,0xA5DF,0xA5FE,0xADFE,0xADFE,0xBE5E,0xBE5D,
    0xADDC,0xBE7D,0xCEFF,0xDF5E,0xE77E,0xE79E,0xE79E,0xE79E,0xE77F,0xDF3D,0xD71D,0xD73E,0xDF3E,0xDF3E,0xD73E,0xDF5E,
    0xE75E,0xDF3D,0xC6DE,0x953D,0x6C3C,0x5BFC,0x4B9A,0x749D,0x957D,0x9DBE,0x9D7C,0xA5FD,0xBE7E,0xC69D,0xCEDE,0xD71E,
    0xD73D,0xDF5D,0xDF5E,0xE77F,0xE75E,0xDF5E,0xDF5D,0xDF5D,0xE75E,0xE77E,0xEF7E,0xEF9E,0xF79E,0xEF9E,0xF7BE,0xF79E,
    0x4C5D,0x4C3E,0x545D,0x4C3D,0x4C5D,0x4C5E,0x4C3D,0x4C5E,0x4C3D,0x4C5E,0x4C3D,0x4C5D,0x4C5E,0x543D,0x4C5D,0x543D,
    0x4C3E,0x4C3D,0x4C1E,0x4C3E,0x4C1D,0x545E,0x5C7E,0x5C9E,0x649D,0x5C5D,0x5C7D,0x7D1E,0x7CFC,0xA5FD,0xB67E,0xB69D,
    0xAE1C,0xB69E,0xA63F,0x7CFE,0x6C7E,0x6CBD,0x74DC,0x853E,0x957E,0x855E,0x853E,0x7CFE,0x8D5E,0x959E,0x8D5D,0x9DBE,
    0xAE3E,0xA61E,0xA5FE,0x7D1E,0x541B,0x6C9D,0x7D1D,0x8D7D,0x8D7D,0x7D1D,0x7CDE,0x8D3D,0x9DBE,0xADFE,0xADFD,0xAE1E,
    0xA5FE,0x8D5D,0x7CFD,0x74BD,0x74BD,0x74DE,0x7D1E,0x74FE,0x5C5D,0x5C5E,0x4C3D,0x4BFD,0x5C3D,0x545E,0x5C5D,0x5C5D,
    0x5C5D,0x645C,0x645D,0x6C9D,0x6C9E,0x74BE,0x647D,0x541D,0x4BDD,0x4BDE,0x43DD,0x43DD,0x43DD,0x43BC,0x43BD,0x43BC,
    0x43BD,0x43BC,0x43BD,0x43BD,0x43BD,0x43DD,0x4BDD,0x43FD,0x4BDD,0x43FD,0x43DD,0x4BDD,0x43DD,0x4BDD,0x4BDD,0x4BDD,
    0x43DD,0x4BDD,0x4BFD,0x541D,0x53FD,0x541E,0x541D,0x541D,0x5C3E,0x541D,0x5C3D,0x5C1D,0x541D,0x53FD,0x53FE,0x53FD,
    0x53FD,0x5C3D,0x5C3D,0x5C3D,0x5C3D,0x5C3D,0x645D,0x645E,0x6C7E,0x647D,0x645D,0x6C7D,0x74BE,0x7CDE,0x74DD,0x7CFD,
    0x853E,0x853E,0x7CFC,0x851E,0x851E,0x851E,0x84FD,0x84DD,0x84FD,0x851E,0x955E,0x8D5F,0x8D3D,0x8D1D,0x851D,0x8D1C,
    0x957E,0xA5DE,0xA5FE,0xADFE,0xADFD,0xADFE,0xAE1D,0xB63E,0xB65E,0xB65E,0xB65E,0xAE3D,0xB63E,0xBE7E,0xBE7E,0xBE9D,
    0xBE7E,0xBE7E,0xBE7E,0xB63E,0xAE1E,0xAE1E,0xA5DE,0x9DBE,0x9D9E,0x957E,0x851E,0x84DD,0x74BD,0x6C9D,0x6C5D,0x5C3D,
    0x4BDC,0x4BDC,0x4BBD,0x4BBD,0x53DD,0x4BBD,0x53DC,0x5C1D,0x5C1C,0x5C1D,0x643D,0x5BFD,0x4BBC,0x439D,0x333C,0x231B,
    0x22FC,0x22FC,0x22FB,0x2ADC,0x22DC,0x22DB,0x22DC,0x22DC,0x22DB,0x22DC,0x22DB,0x22DC,0x22DB,0x22DB,0x22BC,0x22DB,
    0x22DB,0x22DB,0x22DC,0x22DB,0x22DB,0x22DC,0x22BB,0x22DB,0x22DB,0x1ABB,0x22BB,0x1ABB,0x22BB,0x22BB,0x1ABB,0x22BB,
    0x1ABB,0x22BB,0x22FC,0x2B1C,0x2AFB,0x2AFC,0x435D,0x4BBD,0x53DC,0x4BDC,0x437D,0x437C,0x53FC,0x53FD,0x53BD,0x4B7B,
    0x4B7A,0x7CDD,0x955F,0x8CFC,0x9D7C,0x9DBD,0xA5BE,0xA5FF,0x8D3C,0x851C,0x955E,0x9D9D,0x9D9C,0xADDD,0xBE7E,0xBE7E,
    0xBE5E,0xBE5D,0xCEDE,0xDF3E,0xDF7E,0xE77E,0xE79E,0xE79E,0xEF9E,0xDF5E,0xDF5D,0xE77D,0xE77E,0xE79E,0xE79E,0xEF9E,
    0xE77E,0xDF3E,0xCF1F,0xA5DD,0x643C,0x4B7B,0x435C,0x53FD,0x6C9D,0x8D1D,0x9D9D,0xB63D,0xBE9E,0xC6DD,0xCF1D,0xDF5E,
    0xDF7E,0xE77E,0xE77E,0xE77E,0xDF5E,0xE77E,0xE77F,0xDF3D,0xDF5E,0xEF7E,0xEF9D,0xEF7E,0xEF9E,0xF79E,0xEF9F,0xF79E,
    0x4C5D,0x4C3E,0x4C5D,0x4C5E,0x4C3D,0x545E,0x4C3D,0x4C5E,0x4C5D,0x4C3D,0x4C5E,0x4C3D,0x4C3D,0x4C3D,0x4C3D,0x4C3E,
    0x4C3D,0x4C3E,0x543E,0x4C3E,0x4C1E,0x4C3D,0x545E,0x5C7E,0x547E,0x543D,0x541D,0x645C,0x957E,0xA5FE,0xAE3E,0xB67F,
    0xBE7E,0xB65E,0x95BD,0x74DD,0x647D,0x74FE,0x6CDE,0x7CFE,0x7CFC,0x74DC,0x7D1E,0x7CDE,0x74BD,0x7D1E,0x8D5E,0x959D,
    0xAE1D,0xB65E,0xA61E,0x853D,0x645C,0x6CBD,0x7CFE,0x74DE,0x6C5D,0x645D,0x5C3D,0x5C3D,0x74DD,0x8D5E,0x959E,0xAE1E,
    0xA61E,0x8D5D,0x74DD,0x645E,0x5C1D,0x5C1E,0x645D,0x649D,0x5C7D,0x5C5E,0x4C1D,0x4BDD,0x4BDD,0x4BFD,0x4BFD,0x4BFD,
    0x4BFD,0x4BDD,0x4BFD,0x53DD,0x5C1D,0x53FD,0x4BFC,0x43BD,0x43BD,0x43BD,0x43DD,0x43BC,0x43DD,0x43DD,0x43DD,0x43DD,
    0x43DD,0x43BD,0x43DD,0x43DC,0x43BD,0x43BD,0x43DD,0x4BDD,0x43DD,0x4BDD,0x43DD,0x4BDD,0x43DD,0x4BDD,0x43BD,0x43BD,
    0x43BC,0x4BDD,0x4BDE,0x4BFD,0x4BFC,0x4BFC,0x53FD,0x4BFD,0x53FC,0x4BFD,0x5C1C,0x541D,0x53FD,0x5C1E,0x53FD,0x53DD,
    0x4BDD,0x53FD,0x53FD,0x541D,0x4BFD,0x53FD,0x541C,0x5C3D,0x5C5D,0x643D,0x5C3C,0x643D,0x645D,0x6C7E,0x6C5D,0x6C7D,
    0x74BD,0x7CFE,0x7D1D,0x84FE,0x7CDD,0x84FD,0x84FE,0x7CDD,0x7CBD,0x7CDD,0x851E,0x8D1E,0x851E,0x8D1E,0x851D,0x84FD,
    0x8D3D,0x957E,0x9D7D,0x9DDE,0x9D9D,0xA5BE,0xA5DE,0xADFD,0xAE1E,0xAE3E,0xB63F,0xAE1E,0xAE3E,0xB65E,0xBE7E,0xBE7D,
    0xB67D,0xB65D,0xB65E,0xAE3D,0xAE1D,0xAE1E,0xA5FE,0xA5DE,0x957D,0x955D,0x8D5E,0x8D1D,0x7CFE,0x749D,0x6C5D,0x645D,
    0x5C1D,0x4BBC,0x4B9C,0x437C,0x4BBD,0x4BBC,0x4BBD,0x53DD,0x5BFD,0x53FC,0x5C1D,0x5C1D,0x5BFD,0x4BBC,0x437C,0x333C,
    0x22FB,0x2AFC,0x22FC,0x22DB,0x22FC,0x22DC,0x22FB,0x22DC,0x22FB,0x22DC,0x22DB,0x22DC,0x22DC,0x22DB,0x22DC,0x22DB,
    0x22DB,0x22FB,0x22DB,0x22DB,0x22DB,0x22DB,0x22DB,0x1ABC,0x22BB,0x22DB,0x22DC,0x22BB,0x22DC,0x22DB,0x22BB,0x22DC,
    0x22BB,0x22DB,0x22DB,0x2AFC,0x2B1C,0x331C,0x333C,0x3B5C,0x437C,0x439C,0x435D,0x3B3C,0x437C,0x437B,0x4BBC,0x645D,
    0x6C7D,0x851E,0x955E,0x9D5D,0xAE1E,0xAE3E,0xADFE,0xA5BE,0x8D1D,0x849D,0x84DC,0x9D7D,0xA5DD,0xB61D,0xBE9E,0xCEDE,
    0xCEDE,0xD6FE,0xD6FD,0xD73E,0xDF5E,0xE77E,0xEF9D,0xEF9E,0xEF7E,0xE77E,0xEF9E,0xE79E,0xEF9E,0xE79D,0xEF9E,0xEFBE,
    0xE77E,0xDF5E,0xCEFE,0xAE1D,0x959E,0x643D,0x4B7D,0x3B1B,0x53BB,0x8D3D,0xBE7E,0xC6BD,0xCEDD,0xD6FD,0xDF7E,0xE77D,
    0xE77D,0xE77D,0xE77E,0xDF3D,0xDF3D,0xE77E,0xE77E,0xDF3E,0xDF5D,0xE75E,0xEF7E,0xEF9E,0xEF9E,0xEF9E,0xEF9E,0xEF9E,
    0x4C5D,0x4C3E,0x4C5D,0x4C3E,0x4C5D,0x4C5D,0x4C3E,0x4C5D,0x4C3E,0x4C5D,0x4C5E,0x4C5D,0x4C3E,0x4C3E,0x543D,0x4C3E,
    0x4C1D,0x4C3D,0x4C1D,0x543E,0x4C1D,0x543E,0x4C1D,0x4C3D,0x4C1D,0x4C3D,0x543D,0x6CBE,0x95DF,0x959E,0x74DC,0x853D,
    0x8D9F,0x74DD,0x649D,0x545E,0x4C1D,0x4C1D,0x545D,0x649E,0x7D3E,0x7D1D,0x649D,0x649E,0x5C5D,0x5C1C,0x74DE,0xA5FF,
    0xB65E,0xAE3F,0x9D9E,0x7CFE,0x649D,0x649D,0x645E,0x5C3D,0x4BFD,0x4BDD,0x4BFD,0x43BD,0x541C,0x5C5D,0x74BC,0x959F,
    0x9DDF,0x853E,0x649E,0x541D,0x4BDD,0x4BDE,0x4BDD,0x4BFD,0x541D,0x4BFD,0x4BFD,0x43DD,0x43DD,0x43BD,0x43DD,0x43BD,
    0x43BE,0x43DE,0x43BE,0x4BBD,0x43DD,0x4BDC,0x43DC,0x4BDD,0x43BD,0x43BD,0x43BD,0x43DD,0x43BC,0x43DD,0x43DD,0x43DD,
    0x43BD,0x43DC,0x43BD,0x43BD,0x43DD,0x43BC,0x43DD,0x43BC,0x43DD,0x43DD,0x43DD,0x43DC,0x43DD,0x4BBD,0x43BC,0x43BC,
    0x4BBD,0x4BDD,0x4BDD,0x4BDD,0x4BFD,0x4BDD,0x4BFD,0x4BFD,0x4BFD,0x53FD,0x53FD,0x53FD,0x53FD,0x53DC,0x53FD,0x53FD,
    0x4BDD,0x53DD,0x4BFE,0x53FD,0x53FD,0x541C,0x541D,0x5C3D,0x643D,0x645D,0x5C1D,0x643C,0x641C,0x643E,0x643D,0x643D,
    0x6C5D,0x6C7D,0x74BE,0x7CFE,0x84FE,0x7CDE,0x7CDD,0x7CDD,0x74BD,0x7CBD,0x7CBD,0x7CBD,0x84FD,0x84FD,0x8D3E,0x853E,
    0x8D3E,0x8D3E,0x8D3D,0x959E,0x9D9E,0x9DBE,0xA5DE,0xA5FE,0xA5BD,0x9DDD,0xA5FE,0xA5DD,0xADFE,0xB63E,0xBE7E,0xBE7E,
    0xB65D,0xB65D,0xB63D,0xB63E,0xAE1E,0xAE1E,0xA61E,0xA5BE,0x959E,0x957D,0x955D,0x8D3D,0x851E,0x7CDD,0x749D,0x643C,
    0x643D,0x5C1C,0x53BC,0x439C,0x4B9C,0x439C,0x4B9C,0x53BD,0x4BBD,0x53BC,0x53DC,0x63FD,0x643D,0x641C,0x4BDC,0x3B7C,
    0x331C,0x2B1C,0x2AFC,0x2ADC,0x22FB,0x2ADC,0x22DB,0x22DC,0x22DC,0x22DB,0x22DC,0x22DB,0x22DB,0x22DC,0x22DB,0x22DC,
    0x22DB,0x22DB,0x22DB,0x22FB,0x22DB,0x22FC,0x22DB,0x22DB,0x22BB,0x1ADC,0x22BB,0x22DB,0x1ABB,0x22DC,0x1ABC,0x22DB,
    0x1ABC,0x22BC,0x22DC,0x22DB,0x2AFC,0x333D,0x331C,0x2B1B,0x333C,0x3B5C,0x32FC,0x32FB,0x32FA,0x32DB,0x435C,0x5C5D,
    0x7CBD,0x8D3E,0x953D,0xA5BF,0xBE7F,0xB67E,0xB65E,0xA5BE,0x84BD,0x84DD,0x957E,0xADFD,0xB65E,0xC67D,0xC6BD,0xCEFD,
    0xCEDE,0xD71E,0xDF5E,0xDF5E,0xDF5E,0xE79E,0xEF9E,0xEF9E,0xF79E,0xF79E,0xEFBE,0xEFBE,0xEFBE,0xEFBE,0xEF9E,0xEF9D,
    0xE79E,0xE75E,0xCEFE,0xB65C,0xAE3E,0x8D1D,0x53BA,0x53BB,0x745C,0xA5BD,0xCEFE,0xD71D,0xD6FD,0xD71D,0xE77E,0xE79E,
    0xEF9E,0xEF9E,0xEF9E,0xE77E,0xE75D,0xE77E,0xE75E,0xDF3E,0xDF3E,0xE75E,0xEF7E,0xEF9E,0xEF7E,0xEF7F,0xEF9E,0xEF7E,
    0x4C5D,0x4C3E,0x545D,0x4C5D,0x4C3E,0x4C5D,0x4C5E,0x4C3D,0x4C5D,0x4C3E,0x4C5D,0x543E,0x4C5D,0x541E,0x4C1D,0x543D,
    0x541E,0x4C3D,0x541D,0x4C1D,0x543E,0x4C3D,0x4C1D,0x4C1D,0x4C3D,0x545E,0x4C7D,0x64DE,0x6CBD,0x5C7C,0x5C5E,0x5C7D,
    0x5C5C,0x4C1C,0x4BFE,0x4C3E,0x4C1D,0x4C3D,0x4C1D,0x545D,0x7D1E,0x751D,0x545C,0x4C1D,0x541E,0x43DD,0x5C5D,0x8D7E,
    0x95BE,0x8D7E,0x74DD,0x5C1D,0x53FD,0x4C1D,0x43DD,0x4BDD,0x3BDD,0x3BDD,0x43DE,0x43DD,0x3BDD,0x4BFC,0x541C,0x647C,
    0x74BD,0x6C9D,0x5C1D,0x4BFD,0x43DD,0x43DD,0x4BDD,0x4BDE,0x43BD,0x43DD,0x43DD,0x43DD,0x43DD,0x43DD,0x43DD,0x43DD,
    0x43DD,0x43DD,0x43DD,0x43DD,0x43BD,0x43DC,0x43DD,0x43DC,0x43DD,0x43DD,0x3BBC,0x43BD,0x3BDD,0x43BD,0x43DD,0x43BC,
    0x3BDD,0x43BC,0x3BBD,0x43BC,0x3BDD,0x43BC,0x43BD,0x43DD,0x43DC,0x43BD,0x43BC,0x43DD,0x43BC,0x4BDD,0x43BD,0x4BBD,
    0x43DD,0x4BBD,0x43DD,0x4BDD,0x4BBD,0x43DE,0x4BDD,0x4BDE,0x4BDD,0x4BDE,0x53DD,0x4BDD,0x53DD,0x53FD,0x53FC,0x53FD,
    0x53FD,0x53FD,0x53FD,0x53FD,0x53FD,0x541D,0x5C3D,0x643D,0x647E,0x6C7E,0x6C7D,0x6C7D,0x6C5D,0x6C7E,0x6C7E,0x6C5D,
    0x647D,0x6C7D,0x6C9D,0x74BD,0x7CBD,0x74BE,0x74BD,0x749D,0x7CBE,0x7CDD,0x7CDD,0x84DD,0x84FD,0x7CFD,0x851D,0x8D5E,
    0x8D3E,0x851E,0x8D5D,0x957D,0x955D,0x957E,0x9DBE,0xA5FE,0xA5BD,0x957C,0xA5BD,0xA5FE,0xA5FE,0xADFE,0xB63F,0xB67E,
    0xB65E,0xB63D,0xB63E,0xAE1D,0xA5FD,0xADFE,0xA5FE,0x9DBE,0x9D7E,0x957D,0x8D3D,0x8D5D,0x8D3E,0x851E,0x7CFE,0x749D,
    0x645D,0x643D,0x5C1D,0x53DD,0x4BBD,0x4B9C,0x4B9D,0x53BD,0x4B9D,0x53FD,0x53FD,0x641D,0x7C9E,0x74BE,0x6C5D,0x4B9C,
    0x3B5C,0x333C,0x2ADB,0x22FC,0x2AFC,0x22FC,0x22FC,0x2ADB,0x22FC,0x22DC,0x22DB,0x22DC,0x22DB,0x22DC,0x22DB,0x22DB,
    0x22DC,0x22BB,0x2AFD,0x331C,0x22DC,0x2ADB,0x22DB,0x22BC,0x22DB,0x22BB,0x22DB,0x1ABB,0x22DC,0x22BB,0x22BC,0x22BC,
    0x22BB,0x1ABC,0x22DC,0x22DC,0x22BB,0x2B1B,0x2B1C,0x22DA,0x2ADB,0x2AFB,0x2ABB,0x331B,0x3B7B,0x32FB,0x32FB,0x4B7C,
    0x6C5C,0x84FD,0x8D1D,0x9D7D,0xB63D,0xBE9E,0xBE9E,0xAE1D,0x951E,0x8CFD,0x9D7D,0xAE1D,0xBE7E,0xC69E,0xC6DE,0xCEDE,
    0xCEDD,0xD71E,0xDF3E,0xDF5E,0xDF5F,0xE77E,0xEF7E,0xEF9D,0xF79E,0xF7BE,0xEF9E,0xF7BE,0xF79E,0xF7BE,0xEF9E,0xEF7D,
    0xE79D,0xDF5E,0xD71E,0xCEDD,0xBE9D,0xADDE,0x7C9B,0x8D3D,0xA5DE,0xC67E,0xDF3E,0xDF5E,0xE77E,0xE75E,0xEF9E,0xEF9E,
    0xEF9E,0xEF9E,0xEF9F,0xEF9E,0xE79E,0xE77E,0xE77E,0xE77E,0xE73E,0xDF5E,0xE77E,0xE77E,0xE77E,0xE77E,0xEF7E,0xE79E,
    0x4C5D,0x4C3E,0x4C5D,0x4C3E,0x4C5D,0x543E,0x4C5D,0x4C3E,0x545D,0x4C5E,0x4C3D,0x4C5D,0x4C3E,0x4C3D,0x4C3D,0x4C3D,
    0x4C3D,0x543D,0x4C3D,0x4C3D,0x543D,0x4C3D,0x4C3D,0x4C1D,0x4C3D,0x4C3D,0x4C3E,0x4C1D,0x4C1D,0x541D,0x4C3E,0x4C1D,
    0x4C1D,0x4C1D,0x4C3E,0x4C1D,0x4C1D,0x4BFD,0x4C1D,0x4C1D,0x543D,0x4C1C,0x4C1D,0x4BFD,0x43FD,0x4C1C,0x543D,0x545D,
    0x649D,0x5C7D,0x541D,0x4BFD,0x43DD,0x43DD,0x43DD,0x43DD,0x43DD,0x43DD,0x43DD,0x43DD,0x43DD,0x43DD,0x43DD,0x4BFC,
    0x4BFD,0x543E,0x4C1E,0x43DD,0x43FD,0x43DD,0x43DD,0x4BFE,0x4BFE,0x43DD,0x43BD,0x43DD,0x43DD,0x3BBD,0x43DD,0x3BBD,
    0x3BBD,0x3BBD,0x3BBD,0x43DD,0x43BD,0x43DD,0x43BD,0x3BDD,0x43BD,0x3BBD,0x43DD,0x3BDD,0x43BD,0x3BDD,0x3BBD,0x43DD,
    0x43BD,0x3BBD,0x43BD,0x43BD,0x43BD,0x3BBD,0x43DD,0x43BD,0x43BD,0x4BDD,0x43DD,0x4BBD,0x4BDD,0x4BDD,0x4BDD,0x43DD,
    0x4BDD,0x4BDD,0x43DD,0x4BBD,0x43DD,0x4BBD,0x43BD,0x4BBD,0x43DD,0x4BDD,0x53DD,0x53DC,0x53FD,0x53FD,0x541C,0x541D,
    0x5C3D,0x5C3D,0x541D,0x541C,0x5C1D,0x5C3D,0x645D,0x645E,0x647D,0x6C7E,0x6C9E,0x6C9F,0x6C9E,0x6C9D,0x6C9D,0x6C7D,
    0x6C7D,0x6C7D,0x747D,0x74BD,0x74BC,0x74BD,0x7CBD,0x749C,0x749D,0x7CBD,0x7CDD,0x84FE,0x851E,0x851D,0x84FD,0x8D3E,
    0x8D3E,0x84FD,0x851D,0x8D3D,0x8D5E,0x959E,0x9D9E,0x9D9E,0x959E,0x9D9E,0x9DDE,0xA5FE,0xAE1E,0xAE1E,0xAE3E,0xBE5E,
    0xB65D,0xB65E,0xB63E,0xB61E,0xA5FD,0xA5FE,0xA5DE,0x9DBE,0x957D,0x955D,0x8D5D,0x8D3D,0x8D5D,0x851D,0x7CFE,0x74BD,
    0x74BE,0x6C7D,0x641D,0x5C1D,0x53BD,0x4B9C,0x4BBD,0x4BBD,0x4BBC,0x53FD,0x6C5E,0x6C7E,0x74BD,0x7CDE,0x749D,0x5C1D,
    0x435C,0x331C,0x2AFC,0x22FB,0x22FC,0x2AFB,0x22FC,0x22DB,0x22FB,0x22FB,0x22DC,0x22DB,0x22DC,0x22DB,0x22DC,0x22DC,
    0x2ADC,0x22BC,0x2AFC,0x2AFB,0x22DB,0x22BB,0x22DB,0x22BB,0x1ADB,0x22DC,0x22DC,0x22DB,0x22DC,0x1ABC,0x22DB,0x1ADC,
    0x22DC,0x1ADB,0x22BC,0x22BB,0x22DC,0x1ABB,0x22BB,0x22DB,0x22BB,0x22BA,0x435C,0x5C1E,0x647D,0x6C5D,0x641C,0x6C9D,
    0x7C9D,0x84BD,0x8CFD,0x955D,0x9D9E,0xA5DD,0xADFD,0xA5DD,0x957D,0x953E,0x9D7E,0xADFE,0xB63D,0xBE5E,0xC69E,0xCEBD,
    0xCEFE,0xD71D,0xDF5E,0xDF5D,0xDF5E,0xE77D,0xE77E,0xE79E,0xEF9E,0xEF9E,0xEFBE,0xEFBF,0xEF9E,0xEFBE,0xEF7D,0xE77E,
    0xDF7E,0xDF3E,0xD71E,0xC6BD,0xBE9D,0xBE7D,0xA5DD,0xADDE,0xB65E,0xCEDE,0xD71E,0xE77E,0xE79E,0xE79E,0xEF9E,0xEF9E,
    0xEF9E,0xEF9E,0xEF9E,0xF79F,0xEF9E,0xEF9E,0xEF9F,0xEF9E,0xE77E,0xE75E,0xE77E,0xE79E,0xEF7E,0xE77E,0xE77E,0xEF7F,
    0x4C5D,0x4C3E,0x4C5D,0x4C5E,0x4C3D,0x4C5D,0x4C5E,0x4C3D,0x4C5D,0x4C3E,0x4C5D,0x4C3E,0x4C5D,0x543D,0x4C3D,0x543E,
    0x4C3D,0x4C3D,0x4C3E,0x543D,0x4C1D,0x4C3E,0x543D,0x4C3D,0x543D,0x4C1E,0x4C3D,0x4C1D,0x4C3E,0x4C1D,0x4C3E,0x4C1D,
    0x4C3E,0x4C1D,0x541E,0x4C1D,0x4C1D,0x4C1D,0x4C1E,0x4C3E,0x4C1D,0x4BFD,0x4C1D,0x4C1D,0x43FD,0x4C1D,0x4C1D,0x4C1D,
    0x4C1D,0x4C1D,0x4BFD,0x43DD,0x43DD,0x43DD,0x43DD,0x43DD,0x43DD,0x43DD,0x43DD,0x43DD,0x43DD,0x43DD,0x43DD,0x43DD,
    0x43DD,0x43DD,0x43DD,0x43DD,0x43DD,0x43DD,0x43DD,0x43DD,0x43FD,0x43DD,0x43DD,0x43DD,0x43DD,0x3BBD,0x43DD,0x3BDD,
    0x43DE,0x43DD,0x3BDD,0x3BDE,0x3BDD,0x3BDE,0x3BBD,0x3BBD,0x3BDD,0x3BBD,0x43DD,0x3BBD,0x3BDD,0x43BD,0x3BBD,0x3BBD,
    0x43BD,0x43BD,0x3BBD,0x43BD,0x3BBD,0x43BD,0x43BD,0x43BD,0x43BC,0x43BD,0x43DD,0x43BD,0x43DD,0x4BDD,0x4BDD,0x4BDD,
    0x43BC,0x4BDD,0x4BFD,0x4BFE,0x4BFD,0x4BDD,0x4BDD,0x43DD,0x4BDD,0x4BDD,0x53DD,0x53FD,0x53FD,0x541D,0x5C1D,0x5C3D,
    0x5C1D,0x543D,0x5C3E,0x5C5D,0x5C3D,0x5C3E,0x5C3D,0x5C5D,0x643D,0x5C3D,0x645E,0x647E,0x647D,0x6C7D,0x645D,0x645D,
    0x643C,0x6C3D,0x6C7E,0x749D,0x74DE,0x7CFE,0x7CFE,0x7CDD,0x7CBD,0x7CFD,0x7CFD,0x7CFD,0x851D,0x851E,0x8D1D,0x8D3E,
    0x851D,0x84FD,0x84DD,0x8D1E,0x8D3D,0x957E,0x957E,0x955E,0x955E,0x955D,0x9D9E,0x9DBD,0x9DDE,0xA5FE,0xAE1E,0xB65E,
    0xB65D,0xB65E,0xB65D,0xB65E,0xAE3E,0xADDD,0xA5FE,0xA5DE,0x959D,0x953E,0x851D,0x84FD,0x851D,0x851D,0x84FD,0x7CDD,
    0x6C9D,0x6C9D,0x647D,0x5C1D,0x5BFD,0x4BDD,0x4B9C,0x439D,0x4B9C,0x4B9D,0x4BBC,0x53DB,0x5C1C,0x6C7D,0x6C9E,0x749F,
    0x53DD,0x3B3C,0x331C,0x2B1C,0x2B1C,0x22FC,0x22FB,0x22FB,0x22DC,0x22FB,0x22DC,0x2AFC,0x22DB,0x22DC,0x22FB,0x22DB,
    0x2ADC,0x2AFC,0x22DB,0x22DB,0x2ADB,0x22DB,0x22DB,0x22DC,0x22BB,0x22DB,0x22DC,0x22DB,0x22DC,0x22DC,0x1ADC,0x22DC,
    0x1ABC,0x22DC,0x1ADC,0x22DC,0x1ADC,0x22BB,0x22BB,0x22BB,0x22BB,0x3B5C,0x5BDD,0x643D,0x6C9D,0x7CFE,0x84FE,0x851E,
    0x8D1F,0x8D3E,0x955D,0x8D3D,0x951D,0x955D,0x9D7D,0x955D,0x8D1D,0x8D3E,0x9D7E,0xA5DE,0xBE7E,0xC69E,0xBE7E,0xC6BD,
    0xCEFD,0xD73E,0xDF5E,0xDF7D,0xDF5D,0xDF5E,0xE77E,0xE77E,0xE77E,0xE79E,0xE79E,0xEF7F,0xE79F,0xEFBE,0xE77E,0xE75E,
    0xDF5E,0xD71D,0xCEDD,0xC69D,0xBE9D,0xC69E,0xB65E,0xAE1D,0xBE5D,0xC6DE,0xD73E,0xDF7E,0xE77E,0xEF7E,0xEF7E,0xEF9E,
    0xEF9E,0xEF7E,0xEF9E,0xF79E,0xF79E,0xF79E,0xEFBE,0xF7BF,0xEF9E,0xE77D,0xE77D,0xEF9E,0xEF9E,0xEF5E,0xEF7E,0xEF7E,
    0x4C5D,0x4C3E,0x545D,0x4C3D,0x4C5E,0x4C3D,0x4C5D,0x4C5E,0x4C3D,0x4C5E,0x545D,0x4C3D,0x4C3E,0x4C3D,0x4C3D,0x4C1D,
    0x4C3D,0x543D,0x4C1D,0x4C3D,0x4C3D,0x4C3D,0x4C3D,0x4C3E,0x4C3D,0x4C3D,0x4C1E,0x4C1D,0x4C3E,0x4C1D,0x4C1D,0x4C1E,
    0x543D,0x4C1E,0x4C3D,0x4C1D,0x4C1D,0x4C1D,0x4C1D,0x4C3E,0x543E,0x4C1D,0x441D,0x4BFD,0x4BFD,0x4BFD,0x4C1D,0x4BFD,
    0x4BDD,0x4BFD,0x43FD,0x43DD,0x4BFD,0x43DD,0x43DD,0x43DD,0x43DD,0x43DD,0x43DD,0x43DD,0x43DD,0x43BD,0x43BD,0x43BD,
    0x43DD,0x43DD,0x4BDD,0x43DD,0x43BD,0x43BD,0x43DD,0x43DD,0x43BD,0x43DD,0x43DD,0x43DD,0x43DD,0x3BDD,0x43BD,0x3BDD,
    0x3BBD,0x3BDD,0x43BD,0x3BBD,0x43BD,0x3BDD,0x43BD,0x3BDD,0x43BD,0x3BDD,0x3BBD,0x3BBD,0x3BBD,0x3BBD,0x43DD,0x3BBD,
    0x43BD,0x3BBD,0x43BD,0x3BBD,0x43BD,0x3BBD,0x43BD,0x43BD,0x43BD,0x43BD,0x43BD,0x43BC,0x43BD,0x43DD,0x43DD,0x43DD,
    0x43BD,0x4BDD,0x4BDD,0x4BDD,0x43DD,0x4BFD,0x4BFD,0x4BDD,0x4BFE,0x4BFD,0x4BDD,0x53FD,0x53FD,0x53FD,0x4BFD,0x53FD,
    0x4BDD,0x53DC,0x4BDD,0x53FD,0x541D,0x541D,0x5C3D,0x5C1D,0x5C1D,0x5C3D,0x5C1D,0x5C3D,0x5C3D,0x5C3D,0x6C7E,0x6C7E,
    0x645D,0x645D,0x643D,0x6C5D,0x6C7D,0x749E,0x7CDD,0x7CDD,0x84FD,0x851E,0x851E,0x84FD,0x851D,0x8D1D,0x851D,0x8D1D,
    0x8D1D,0x84FE,0x84FD,0x84FE,0x8D1E,0x8D3E,0x955D,0x8D5D,0x8D3D,0x8D1E,0x8D1E,0x8D5E,0x957E,0x9D9E,0xA5FE,0xAE3E,
    0xB65E,0xB65D,0xB65D,0xB65D,0xAE3D,0xADFD,0xA5FD,0xA5FE,0x9DBE,0x957D,0x8D3E,0x84FD,0x7CDE,0x7CDD,0x7CDD,0x74DD,
    0x749D,0x6C9D,0x6C9E,0x6C7E,0x5C3D,0x53DC,0x4BDD,0x439C,0x437D,0x437C,0x437C,0x4BBC,0x4B9C,0x4B9B,0x5BFC,0x6C5E,
    0x53FD,0x3B5B,0x2B1C,0x2B1C,0x22FC,0x22FC,0x22DC,0x22DC,0x22DC,0x22DB,0x22DC,0x22DB,0x22FC,0x22DC,0x2ADC,0x22FC,
    0x2ADC,0x22FC,0x331B,0x3B7C,0x2AFB,0x22DB,0x2ADC,0x22DB,0x22DC,0x22DC,0x22DB,0x22DC,0x22DB,0x22DC,0x22FC,0x22DC,
    0x22DB,0x1ADC,0x22BB,0x1ADC,0x22DB,0x1ABC,0x22DB,0x22BB,0x2AFC,0x43BE,0x4B9C,0x433B,0x4B9C,0x5BBB,0x5BDC,0x5BBC,
    0x63DC,0x749C,0x8D3E,0x8D3D,0x8D5E,0x955D,0x8D3E,0x8D1D,0x84FC,0x84FD,0x8D1D,0x9DBD,0xBE7E,0xC6BF,0xC69E,0xC6BD,
    0xCEDD,0xD73D,0xDF5E,0xDF3E,0xDF3E,0xDF3D,0xDF3E,0xDF3D,0xDF3E,0xDF5E,0xE75E,0xE75E,0xE75F,0xE77E,0xDF7E,0xDF1E,
    0xD71E,0xCF1E,0xC6BD,0xBE9D,0xC69E,0xBE9E,0xBE7E,0xB65E,0xBE9E,0xCEDD,0xD73E,0xE77E,0xE79D,0xEF7D,0xEF9E,0xEF9D,
    0xEF9E,0xEF7D,0xEF9E,0xF79E,0xEF9E,0xEFBF,0xEF9E,0xEF7E,0xE75E,0xDF3D,0xE75D,0xEF7E,0xEF9E,0xEF7E,0xEF7E,0xF79E,
    0x4C5E,0x4C5D,0x4C5E,0x4C5D,0x4C3E,0x545D,0x4C3E,0x4C5D,0x545E,0x4C3D,0x4C5E,0x4C5D,0x4C5E,0x543D,0x4C3E,0x543D,
    0x4C3E,0x4C3D,0x543E,0x4C3D,0x543E,0x4C3D,0x541D,0x4C3D,0x543D,0x4C3D,0x541E,0x4C3D,0x541E,0x4C3E,0x543D,0x4C3E,
    0x4C1D,0x4C1D,0x4C1E,0x4C1D,0x4C1E,0x4C1D,0x4BFD,0x43FD,0x4C1D,0x4C1D,0x4C1D,0x441D,0x4BFD,0x43FD,0x4C1E,0x43FD,
    0x43FD,0x43DD,0x43FD,0x43DD,0x43DD,0x43DD,0x43DD,0x43DD,0x43DD,0x43DD,0x43BD,0x43DD,0x43BD,0x43DD,0x43DC,0x43DD,
    0x43DD,0x43DD,0x43DD,0x43DD,0x43DD,0x43DC,0x43DD,0x43BD,0x43DC,0x43DD,0x43DD,0x43BD,0x43DD,0x3BDD,0x43BD,0x3BDE,
    0x43BD,0x3BBD,0x3BDD,0x43DD,0x3BBD,0x3BDD,0x3BBD,0x43DD,0x3BBD,0x3BBD,0x3BBD,0x3BBD,0x43BD,0x3BBD,0x3BBD,0x3BBD,
    0x43BD,0x3BBD,0x439D,0x3B9D,0x439D,0x3B9D,0x43BD,0x3BBD,0x43BD,0x3BBD,0x3B9D,0x3BBD,0x439D,0x43BC,0x43BD,0x43BD,
    0x43BD,0x43DD,0x43BD,0x43DD,0x43BD,0x43BD,0x43DD,0x4BDD,0x43DD,0x4BDD,0x4BDD,0x4BDD,0x53FE,0x541D,0x4BDC,0x4BDC,
    0x4BBC,0x4BDD,0x4BBC,0x4BDD,0x4BDD,0x53FD,0x53FE,0x541D,0x5C3D,0x541D,0x541D,0x5C1D,0x5C1D,0x5C3D,0x5C5D,0x647D,
    0x6C7D,0x6C7D,0x6C9D,0x747E,0x6C7C,0x747D,0x749D,0x7CDE,0x84DD,0x7CFD,0x8D1D,0x853E,0x8D3D,0x8D3E,0x953D,0x8D3D,
    0x8D1E,0x7CBD,0x84DE,0x84FE,0x8D1D,0x8D3E,0x957E,0x8D5E,0x8D1D,0x84DD,0x7CDD,0x84FD,0x8D1D,0x953D,0x957D,0xA5BD,
    0xA5FD,0xB63E,0xBE9E,0xB67E,0xAE1D,0xA5FD,0xA5FD,0xA5FE,0xA5FE,0x9DBE,0x957E,0x8D1E,0x7CBD,0x747D,0x747D,0x749D,
    0x6C9D,0x6C7D,0x6C7D,0x647D,0x645D,0x53FC,0x53DD,0x439C,0x3B5C,0x437D,0x437D,0x439C,0x4BBD,0x4B7C,0x4B9C,0x5BFD,
    0x53DC,0x3B7C,0x331C,0x2AFC,0x22FC,0x2AFC,0x22FC,0x22FC,0x22FC,0x22DC,0x2AFC,0x22DC,0x22FC,0x2AFB,0x22FC,0x22FC,
    0x2ADC,0x2ADB,0x3B7C,0x4BFE,0x331B,0x2AFB,0x22FB,0x22DC,0x22DB,0x22DC,0x22DB,0x22DC,0x22DC,0x22DC,0x22DC,0x1ADC,
    0x22DC,0x22DC,0x1ADC,0x22DC,0x22DC,0x22DB,0x22BB,0x22DC,0x22DB,0x2AFB,0x331C,0x2AFB,0x3B1B,0x3B3B,0x435B,0x53BC,
    0x539D,0x641C,0x851E,0x8D5E,0x8D3E,0x851D,0x84DD,0x7C9D,0x745C,0x749D,0x84DD,0x9D9E,0xB63E,0xBE9D,0xC6DE,0xC6BE,
    0xCEDD,0xD71E,0xD73E,0xDF3E,0xDF1E,0xD71E,0xD71D,0xCF1E,0xD73E,0xD71D,0xD71E,0xCEDD,0xCEDD,0xD73E,0xD73E,0xCEFE,
    0xC6BD,0xCEDD,0xC6BE,0xC6BD,0xBE9E,0xBE7D,0xB65D,0xBE9E,0xC6BE,0xCEFE,0xD73E,0xDF5E,0xE77E,0xEF7E,0xF79E,0xEF7E,
    0xF79E,0xEF9E,0xF79E,0xEF9E,0xEF9E,0xEF9E,0xE75E,0xDF5E,0xDF1D,0xDF1D,0xE75D,0xE75E,0xEF7E,0xEF9E,0xF79E,0xF7BE,
    0x545E,0x4C5E,0x545D,0x4C5E,0x4C3D,0x4C5E,0x4C5D,0x4C3E,0x4C5D,0x4C3D,0x4C5E,0x4C3D,0x545D,0x4C3E,0x543D,0x4C5D,
    0x543E,0x4C5D,0x543D,0x4C3D,0x4C3D,0x4C3D,0x4C3D,0x4C3E,0x4C1D,0x4C3E,0x4C3D,0x4C3E,0x4C3D,0x4C1E,0x4C3D,0x4C1E,
    0x4C3D,0x4C1E,0x4C3D,0x4C1D,0x4C3E,0x4C1D,0x4C1D,0x4C1D,0x4C1D,0x43FD,0x4C1D,0x4BFD,0x4C1D,0x441E,0x4BFD,0x4C1E,
    0x43FD,0x4BFE,0x43FD,0x4BDD,0x43FD,0x43DD,0x43DD,0x43DD,0x4BDD,0x43DD,0x43DD,0x43BD,0x43DC,0x43DD,0x43DD,0x43DD,
    0x43DD,0x43DD,0x43DD,0x43DD,0x43BD,0x43DD,0x43DD,0x43DD,0x43DD,0x43DD,0x43DD,0x43DD,0x43DD,0x43BD,0x3BDD,0x43DD,
    0x3BDD,0x43DE,0x43DD,0x3BBD,0x3BBD,0x43DD,0x3BBD,0x3BBD,0x3BDD,0x43BD,0x3BDD,0x43BD,0x3BDD,0x3BBD,0x3BBC,0x3BBD,
    0x3B9D,0x439D,0x3BBD,0x43BD,0x3B9C,0x43BD,0x3BBD,0x43BD,0x3BBD,0x43BD,0x43BD,0x3BBD,0x3BBD,0x43BD,0x43BD,0x43DD,
    0x43BD,0x43BD,0x43BD,0x43DC,0x43BC,0x43DD,0x43DC,0x43DD,0x43DD,0x43DD,0x4BBD,0x43DD,0x4BFD,0x4BFD,0x4BFD,0x4BFD,
    0x53FD,0x4BFD,0x4BDD,0x4BFD,0x4BFD,0x4BDD,0x53FD,0x541D,0x53FD,0x53FD,0x53FD,0x541D,0x541D,0x5C1D,0x5C3D,0x645D,
    0x645D,0x647D,0x74BE,0x74DE,0x74DD,0x74BD,0x749C,0x7CBD,0x84FE,0x851D,0x8D3D,0x8D5E,0x955E,0x955D,0x957E,0x955D,
    0x8D1E,0x8D1D,0x8D1E,0x8D1E,0x8D5E,0x8D3E,0x8D5D,0x8D5D,0x851E,0x7CDD,0x7CBD,0x7CDD,0x84FD,0x8D3D,0x957E,0x955D,
    0x9DBE,0xA5FE,0xB65E,0xB67E,0xAE3D,0xADFD,0xA5DD,0x9DDD,0xA5FF,0xA5FE,0x95BE,0x955E,0x851D,0x749D,0x6C7D,0x747D,
    0x6C5D,0x647D,0x645D,0x645D,0x645E,0x5C5D,0x5C1D,0x4BDD,0x4B9C,0x437D,0x437C,0x3B7D,0x437C,0x437D,0x4B9D,0x53DD,
    0x53DD,0x439D,0x3B7C,0x333C,0x2B1C,0x2AFC,0x2AFC,0x2AFB,0x2AFB,0x22FC,0x22FB,0x2AFC,0x22DC,0x22FC,0x2ADC,0x22FC,
    0x22DB,0x2ADB,0x3B5B,0x5C1E,0x4BDD,0x337D,0x22DB,0x22DC,0x22DB,0x22DC,0x22FB,0x22DC,0x22FB,0x22DC,0x22FC,0x22DC,
    0x1ADC,0x22DC,0x22DC,0x22DC,0x1ADC,0x22DC,0x22DB,0x22DB,0x2ADB,0x22DC,0x22DC,0x2AFB,0x331C,0x3B7D,0x4BBE,0x5C5E,
    0x6C3E,0x6C5D,0x7CBD,0x74BD,0x84FE,0x84FE,0x953E,0x84DD,0x745B,0x63DA,0x8D1E,0xA5DE,0xB61D,0xC69E,0xC6DE,0xCEDE,
    0xCEFE,0xCEFD,0xD71E,0xD71E,0xCEFD,0xC6BD,0xBE9D,0xC6BE,0xBE9E,0xBEBE,0xB65F,0xADFD,0xA5DC,0xC6BE,0xCF1E,0xCEDE,
    0xC6BD,0xC69E,0xC6DE,0xC6DF,0xBE9E,0xB67D,0xB65E,0xBE9E,0xBE9E,0xCEDE,0xD73E,0xDF3E,0xE75E,0xE77E,0xEF9E,0xEF9E,
    0xE77D,0xEF9E,0xEF9E,0xEF9E,0xEF9E,0xEF7E,0xE77E,0xDF3E,0xD6FE,0xD71E,0xDF3E,0xE75E,0xEF9E,0xEF9E,0xEF9E,0xEF9E,
    0x4C5E,0x545E,0x4C5E,0x545D,0x4C5E,0x545E,0x4C5D,0x545E,0x4C5E,0x545D,0x4C5E,0x4C3D,0x4C5E,0x543D,0x4C5E,0x543D,
    0x4C3D,0x543E,0x4C5E,0x4C3D,0x543D,0x4C1E,0x4C3D,0x543D,0x4C3D,0x543D,0x4C1E,0x543D,0x4C1E,0x543D,0x4C1E,0x543D,
    0x4C1E,0x4C1D,0x4C3E,0x4C1D,0x4C1E,0x4C3D,0x4C1E,0x4C1D,0x4C1D,0x4C1E,0x4BFD,0x441D,0x4C1D,0x441D,0x441E,0x4C1D,
    0x441D,0x43FD,0x441D,0x43FE,0x4BFD,0x43FE,0x4BDD,0x43DD,0x43DD,0x43DD,0x43DD,0x43DD,0x43DD,0x43DD,0x43DD,0x43DD,
    0x43DD,0x43DD,0x43DD,0x43DD,0x43DD,0x43DD,0x43DD,0x43DD,0x43DD,0x43BD,0x43DD,0x43DD,0x43DD,0x3BDD,0x3BBD,0x43DD,
    0x3BDE,0x43DD,0x3BDD,0x3BBD,0x3BDD,0x3BBD,0x43DD,0x3BBD,0x43BD,0x3BDD,0x3BBD,0x3BBD,0x3BBD,0x3BBD,0x3BBD,0x3BBD,
    0x43BD,0x3B9C,0x3B9D,0x43BD,0x3B9D,0x3B9D,0x43BD,0x3BBE,0x3BBD,0x3BBE,0x3B9D,0x3BBD,0x3B9D,0x3BBD,0x43BD,0x43BD,
    0x43BD,0x3BDD,0x43BD,0x43BD,0x43DD,0x3BBC,0x43DD,0x43BD,0x43DC,0x43BD,0x43BD,0x4BBD,0x4BDD,0x4BDD,0x4BFD,0x53FD,
    0x4BFD,0x4BFD,0x541D,0x541D,0x541D,0x4C1D,0x541D,0x53FE,0x4BFD,0x53FD,0x4BDD,0x4BFD,0x53DD,0x4BDE,0x53FD,0x53FD,
    0x5C1D,0x643D,0x645D,0x6C7D,0x7CDE,0x853E,0x853E,0x851D,0x853C,0x8D5D,0x8D1D,0x8D5D,0x955D,0x9D9E,0x9D9E,0x9D7D,
    0x8D5E,0x8D3E,0x851E,0x955F,0x957F,0x959E,0x955D,0x8D3E,0x851D,0x8D1E,0x84FD,0x851E,0x8D3D,0x8D5E,0x8D3E,0x8D1D,
    0x8D3D,0x9D9E,0xA5DE,0xAE3E,0xB63E,0xAE1E,0xA5DD,0x9D9D,0x9DBE,0x9D9E,0x959D,0x959E,0x8D7E,0x84FE,0x749D,0x6C7E,
    0x6C5D,0x643E,0x643D,0x5C1D,0x5C1C,0x5C1D,0x5C1D,0x641D,0x53DD,0x4B9D,0x437D,0x435D,0x3B5C,0x437C,0x437C,0x437D,
    0x4BBD,0x4BBE,0x439D,0x335D,0x333C,0x2AFB,0x2AFB,0x2AFB,0x335D,0x2AFC,0x22DC,0x2AFC,0x22FB,0x2AFC,0x22FC,0x2AFC,
    0x2B1C,0x331B,0x4B9C,0x53FD,0x439C,0x335C,0x333D,0x2AFC,0x22DC,0x2AFC,0x22DB,0x22DC,0x22DC,0x22DC,0x1ADC,0x22DC,
    0x22FC,0x22DC,0x22FC,0x22DC,0x22DC,0x22DB,0x22DC,0x22BB,0x22DB,0x22BB,0x2ADB,0x439C,0x3B3C,0x3ADC,0x433D,0x53BC,
    0x747D,0x74BD,0x84FD,0x749B,0x7C9B,0x8D5E,0xA5BE,0xA5FE,0xA5FF,0x8D1C,0x8D1C,0xAE1E,0xBE7D,0xC6BE,0xC6DD,0xCEFE,
    0xCEFE,0xD6FD,0xD6FE,0xCF1D,0xCEFE,0xBE9E,0x9DDD,0x8D3C,0x8D5E,0x749C,0x643C,0x745C,0x84FC,0xAE1E,0xBE7E,0xBE7E,
    0xC6BF,0xC6DE,0xC69F,0xBEBE,0xBE7D,0xAE5D,0xB67E,0xBE5E,0xB63D,0xC69D,0xCEDE,0xD71F,0xDF3E,0xDF5D,0xDF5D,0xE77E,
    0xDF5E,0xDF5E,0xE77E,0xEF9D,0xE79D,0xE77D,0xE75E,0xDF1E,0xD6FD,0xD6FE,0xD71E,0xDF3E,0xDF5E,0xE77E,0xE77E,0xE79D,
    0x547E,0x4C7D,0x547E,0x4C5E,0x545D,0x4C5E,0x545E,0x4C5D,0x4C5E,0x4C5D,0x4C3D,0x4C5D,0x4C3D,0x545E,0x4C3D,0x543E,
    0x4C5D,0x543D,0x4C3E,0x543D,0x4C3D,0x543D,0x4C3D,0x4C3E,0x543D,0x4C3D,0x4C3D,0x4C1E,0x4C3D,0x4C3D,0x4C3E,0x4C1D,
    0x4C3D,0x4C1D,0x4C3D,0x4C1D,0x543D,0x4C1E,0x4C1D,0x4C1D,0x4C1E,0x4C1D,0x4C1D,0x4BFD,0x4C1D,0x4C1D,0x4C1D,0x43FD,
    0x441D,0x4BFD,0x441D,0x4BFD,0x43DD,0x4BFD,0x43FD,0x43DD,0x43FD,0x43DD,0x43DD,0x43DD,0x43DD,0x43DD,0x43DD,0x43BD,
    0x43DD,0x43DD,0x43BD,0x43DD,0x43BD,0x43DC,0x43DD,0x43DD,0x43DD,0x43DD,0x43DD,0x43DC,0x43DD,0x3BBD,0x43DD,0x3BBD,
    0x3BBD,0x3BBD,0x43DD,0x3BBD,0x43BE,0x3BDD,0x3BBD,0x3BDD,0x3BBD,0x43BD,0x3BDD,0x43DD,0x3BBD,0x3BBD,0x3BBD,0x3BBC,
    0x3BBD,0x3B9D,0x43BD,0x3B9C,0x3BBD,0x43BD,0x3B9D,0x3BBD,0x3BBD,0x3B9D,0x3BBD,0x3B9D,0x3B9D,0x3B9D,0x3B9D,0x3BBD,
    0x3BBD,0x3BBD,0x3BBD,0x43BD,0x43DC,0x43BD,0x43BC,0x43DD,0x43BD,0x43DD,0x4BBD,0x43BD,0x4BDD,0x4BFE,0x4BFD,0x4BFD,
    0x4BFD,0x4BDC,0x43DC,0x4BDD,0x4C1D,0x53FD,0x4C1D,0x53FE,0x53FD,0x4BDD,0x4BBD,0x4BDD,0x4BDD,0x4BBD,0x4BBE,0x4BBD,
    0x4BBD,0x53DC,0x5C1D,0x5C1D,0x6C7C,0x7CDE,0x853E,0x8D7E,0x8D9D,0x8D7D,0x957E,0x959E,0x9D9E,0x9DBE,0x9DBE,0x9D9D,
    0x957E,0x851D,0x8D1D,0x8D1D,0x8D3D,0x8D3D,0x8D3D,0x853E,0x851D,0x851E,0x851E,0x8D3D,0x853E,0x8D5D,0x8D1E,0x84FD,
    0x84FD,0x953D,0x9D9E,0xA5DD,0xB63F,0xB67F,0xAE3F,0x9DBE,0x955D,0x8D5E,0x955D,0x957E,0x957E,0x8D5E,0x851D,0x74BD,
    0x6C7E,0x645D,0x5C1D,0x5BFD,0x53FD,0x4BBC,0x53DC,0x53FD,0x5BFD,0x53FE,0x4BBD,0x437C,0x437C,0x437C,0x3B5C,0x435C,
    0x437D,0x437D,0x3B7D,0x3B7C,0x333C,0x331C,0x2B1B,0x3B7C,0x439C,0x2AFB,0x2AFC,0x22DC,0x22FC,0x22DC,0x2ADC,0x22FB,
    0x2AFC,0x333C,0x439D,0x43BD,0x3B5C,0x333C,0x3BBE,0x3B7D,0x2AFC,0x22DB,0x22DC,0x22DC,0x22FC,0x22DC,0x22FC,0x22DC,
    0x1ADC,0x22DC,0x1ADC,0x22FC,0x1ADC,0x22DC,0x22DB,0x22DB,0x22BC,0x3B3C,0x53FC,0x74FF,0x5C1D,0x3AFC,0x4B9C,0x643C,
    0x6C3B,0x84DC,0x9D9E,0x9D7D,0x9D7D,0xAE3D,0xBE5E,0xBEBF,0xC6BF,0xB67E,0xB61D,0xBE9E,0xCEDE,0xCEFE,0xCEFE,0xCEFD,
    0xD6FE,0xD71E,0xD71E,0xD73E,0xCF1E,0xBE7E,0x9DBD,0x84FD,0x745D,0x5BDD,0x5BFD,0x641D,0x7CDE,0xA5FF,0xADFD,0xADFD,
    0xBE5E,0xBE9E,0xB65D,0xAE3D,0xAE3D,0xAE1D,0xB65E,0xADFD,0xA5FC,0xB65E,0xC69D,0xCEDE,0xD73F,0xDF3E,0xD71D,0xDF3D,
    0xDF3D,0xDF5D,0xE77E,0xE77E,0xE75E,0xDF5E,0xDF5E,0xD73E,0xD6FE,0xCEFE,0xCEFD,0xCEFE,0xCEFD,0xD71E,0xDF3E,0xDF5E,
    0x4C5D,0x547E,0x4C5D,0x547E,0x547E,0x4C7D,0x547D,0x4C5D,0x547D,0x4C5E,0x4C5D,0x4C5E,0x545D,0x4C3D,0x543E,0x4C5D,
    0x543E,0x4C5D,0x543D,0x4C5E,0x543E,0x4C5D,0x543E,0x4C5D,0x543E,0x4C3D,0x4C3D,0x543D,0x4C3D,0x4C1D,0x543D,0x4C3D,
    0x543E,0x4C3D,0x543E,0x4C3D,0x4C1D,0x4C3D,0x4C1D,0x4C1D,0x4C1D,0x4C1D,0x4C1D,0x4C1E,0x4C1D,0x43FD,0x4C1D,0x4C1D,
    0x4BFD,0x43FD,0x4BFD,0x43FD,0x4BFD,0x43DE,0x4BFD,0x43FD,0x4BDE,0x4BFD,0x43DD,0x43FD,0x4BDD,0x43DD,0x43DD,0x43DD,
    0x43DD,0x43DD,0x43DD,0x43DC,0x43BD,0x43BD,0x3BDD,0x43DD,0x3BDD,0x43DD,0x3BDD,0x43DD,0x43DD,0x3BDD,0x43DE,0x3BDD,
    0x43DD,0x3BDD,0x43BE,0x3BDD,0x3BBD,0x43BD,0x3BDD,0x43BD,0x3BDD,0x3BBD,0x3BBD,0x3BBD,0x43DD,0x3BBD,0x3BBD,0x3BBD,
    0x3BBD,0x3BBD,0x3BBD,0x3BBD,0x3BBD,0x3BBC,0x3BBD,0x3B9D,0x3BBE,0x3BBD,0x3B9E,0x3BBD,0x3B9D,0x3BBD,0x3BBD,0x3BBD,
    0x3B9D,0x3BBE,0x3BBD,0x43BD,0x43BD,0x43BC,0x43BD,0x43BD,0x43DD,0x43DD,0x43BD,0x43DD,0x43BD,0x43DD,0x43BD,0x43DD,
    0x4BDD,0x43BD,0x4BBC,0x43DD,0x4BDD,0x4BDD,0x4BFD,0x53FD,0x4BFD,0x4BDD,0x53DD,0x4BDD,0x53FD,0x4C1E,0x53FD,0x4BFD,
    0x53FD,0x53FD,0x541D,0x5C1D,0x5BFC,0x645D,0x74DD,0x7CFD,0x7D1D,0x853D,0x8D5E,0x8D5E,0x959E,0x9D9E,0x9DBE,0x9DBE,
    0x959E,0x9D9E,0x957E,0x957E,0x8D5E,0x8D3D,0x851D,0x851D,0x851D,0x8D1D,0x851D,0x8D3E,0x8D5E,0x8D5D,0x851E,0x84FD,
    0x84FE,0x84FD,0x8D1D,0x955D,0x9D9D,0xAE1E,0xB65E,0xAE1E,0x9DBE,0x953E,0x8D3E,0x8D3D,0x8D1E,0x851E,0x8D1E,0x84FE,
    0x6CBD,0x5C3D,0x5BFC,0x53FC,0x541D,0x53DD,0x439C,0x4B9C,0x4BDD,0x53DD,0x4BFE,0x4BBC,0x4B9D,0x437C,0x437C,0x3B7B,
    0x335C,0x3B5C,0x3B7C,0x3B5D,0x335C,0x3B3C,0x333C,0x439D,0x4BBC,0x3B5B,0x22DC,0x22FC,0x2AFC,0x22FC,0x2AFC,0x2ADB,
    0x22FC,0x2B1C,0x2B3C,0x2B1C,0x2B1C,0x2B1C,0x3B9D,0x3B7D,0x2B3B,0x22DB,0x22FC,0x22DC,0x22DC,0x22FC,0x22DC,0x22FC,
    0x22DC,0x22FC,0x22DC,0x22DC,0x22DC,0x22DC,0x1ADC,0x22DC,0x1ADC,0x335D,0x53FC,0x6C5D,0x53BB,0x3B5B,0x4B9B,0x74FE,
    0x955E,0x9D9E,0xA5FE,0xB65E,0xBE7E,0xC69D,0xCEBE,0xCEDE,0xCEFD,0xCEFE,0xCEBE,0xCEFE,0xD71E,0xCF1D,0xD71D,0xCF1D,
    0xD73D,0xD73E,0xD71F,0xD73E,0xD71E,0xC6DE,0xAE3D,0x957D,0x747D,0x63FD,0x5BFC,0x643C,0x749D,0x7CBC,0x8D3D,0x957D,
    0xADDE,0xA5FE,0x9DBD,0x9DDD,0xA5DD,0x9D9D,0xA5DE,0xADFE,0xA5BC,0xA5DD,0xB65D,0xBE9E,0xCEFE,0xD71E,0xD6FD,0xCF1D,
    0xD71E,0xD71D,0xD71E,0xD71E,0xD71D,0xD71E,0xD71E,0xCF1E,0xCEFE,0xCF1E,0xC6DE,0xC6DD,0xC69E,0xBE5E,0xC6DE,0xCF1E,
    0x547E,0x547E,0x4C7E,0x547D,0x4C7E,0x547E,0x4C5E,0x547E,0x4C5D,0x545E,0x4C5D,0x4C5D,0x4C5D,0x545E,0x4C5D,0x543E,
    0x4C3D,0x545E,0x4C3D,0x543D,0x4C3E,0x543D,0x4C5E,0x543D,0x4C3D,0x543E,0x4C3D,0x4C3E,0x4C3D,0x543D,0x4C3E,0x4C3D,
    0x4C3D,0x4C3D,0x4C3D,0x4C3D,0x4C3D,0x4C3D,0x4C3E,0x4C1D,0x4C3E,0x4C1E,0x4C3D,0x4C1E,0x4C3D,0x4C1D,0x4C1E,0x4C1D,
    0x4C1D,0x4C1D,0x4BFD,0x43FD,0x4BFE,0x43FD,0x4BFD,0x43FE,0x4BFD,0x43FD,0x4BFD,0x43DD,0x43FD,0x43DD,0x43DD,0x43DD,
    0x43DD,0x43DD,0x43DD,0x43DD,0x43DD,0x43DD,0x43DD,0x43DD,0x43DD,0x43DD,0x43DD,0x3BDD,0x43DD,0x3BDD,0x3BBD,0x43DD,
    0x3BBE,0x43DD,0x3BDD,0x3BBD,0x43DD,0x3BBD,0x3BBD,0x3BDD,0x43BE,0x3BDD,0x43BD,0x3BDD,0x3BBD,0x3BBD,0x3BBD,0x3BBC,
    0x3BBD,0x3BBC,0x3BBD,0x3BBD,0x3BBD,0x3BBD,0x3B9D,0x3BBD,0x3B9D,0x3BBE,0x3B9D,0x3B9D,0x3BBD,0x3BBE,0x3B9D,0x3BBE,
    0x3BBD,0x3B9D,0x3BBD,0x439D,0x43BD,0x3B9D,0x43BC,0x43BD,0x43BD,0x43BD,0x43BC,0x43BD,0x43BC,0x43BD,0x43BC,0x439D,
    0x43BC,0x43BD,0x4BDD,0x4BDD,0x43DD,0x4BDD,0x4BDD,0x4BDD,0x53DD,0x4BFD,0x541D,0x541E,0x53FD,0x4BFD,0x541D,0x5C3E,
    0x5C3E,0x645E,0x645E,0x643D,0x643D,0x643D,0x749D,0x7CDD,0x7CDD,0x7CDD,0x84FD,0x7CFD,0x84FD,0x851D,0x955E,0x955F,
    0x957D,0x959D,0x959E,0x9DBE,0x9DBE,0x959D,0x9D7E,0x955E,0x9D7E,0x9D9E,0x9D7E,0x9D9E,0x957E,0x957E,0x84FD,0x84FD,
    0x8D1E,0x84FD,0x84DC,0x851D,0x8D3D,0x959D,0xA61E,0xB65E,0xAE1E,0x9D9E,0x953D,0x8D1D,0x84FD,0x84FD,0x851E,0x851F,
    0x7CDE,0x6C5C,0x5C3C,0x53FC,0x4BBD,0x4BBD,0x439C,0x437C,0x439D,0x439C,0x4B9D,0x439C,0x43BD,0x439C,0x439C,0x3B7D,
    0x3B5C,0x333B,0x333C,0x3B5C,0x3B7D,0x3B5C,0x439D,0x4BDE,0x4BDD,0x4BDD,0x331B,0x2AFB,0x22FC,0x233C,0x2B1C,0x22FC,
    0x22FB,0x22FC,0x2AFC,0x22FC,0x22FB,0x2AFC,0x2B3C,0x2B1C,0x2B1B,0x22DC,0x22FB,0x22DC,0x22DC,0x22FC,0x22DC,0x22FC,
    0x22DC,0x22FC,0x22FC,0x1ADC,0x22FC,0x22DC,0x22FC,0x1ADC,0x22DC,0x22DB,0x32FC,0x53DD,0x4BBD,0x4B9D,0x3B3B,0x5BBC,
    0x74BD,0x851D,0x8D5D,0xA5BE,0xB63E,0xBE9D,0xCEDE,0xCEFE,0xD71D,0xD71E,0xD6FE,0xD71F,0xD71E,0xD71E,0xD73E,0xD73D,
    0xCF1D,0xCF1E,0xCEFE,0xCEFD,0xCEFD,0xC6DE,0xBE7E,0x9DDD,0x8D1D,0x643B,0x5C1B,0x7CFE,0x6C5D,0x53DA,0x6C5C,0x7CDE,
    0x84FD,0x8D1D,0x851D,0x8D1C,0x9D9E,0xA5BE,0xADFE,0xAE1E,0xADFE,0xAE1D,0xB63D,0xAE3D,0xB65D,0xC6BE,0xC6DF,0xC6DE,
    0xCF1E,0xC6DF,0xBEBE,0xC6BE,0xBEBE,0xC6FE,0xC6DF,0xBEBE,0xB69E,0xB69D,0xBE7D,0xBEBE,0xB65E,0xAE1E,0xADDD,0xB65E,
    0x547E,0x4C7D,0x547E,0x547E,0x547D,0x4C7E,0x547D,0x4C7E,0x547E,0x4C7D,0x545E,0x4C7D,0x545E,0x545E,0x545D,0x545E,
    0x4C5D,0x543E,0x4C5E,0x543D,0x4C5E,0x543D,0x4C3D,0x545E,0x4C3D,0x4C3D,0x4C3D,0x543D,0x4C3D,0x4C3D,0x4C3D,0x4C1D,
    0x543D,0x4C3D,0x541D,0x4C3E,0x543D,0x4C3E,0x543D,0x4C3E,0x4C1D,0x4C3E,0x4C1D,0x4C3E,0x4C1E,0x4C1D,0x4C1D,0x4C1D,
    0x4C1D,0x441D,0x4C1D,0x4BFE,0x43FD,0x4BFE,0x4BFD,0x43FD,0x4BFE,0x43FD,0x4BFE,0x43FD,0x4BFD,0x43DD,0x43DD,0x4BFD,
    0x43DD,0x4BDD,0x43FD,0x43DD,0x43DD,0x43DD,0x43DD,0x3BFD,0x43DC,0x3BDD,0x43FD,0x43DD,0x3BDD,0x43DD,0x3BDD,0x43BD,
    0x3BDD,0x3BBD,0x43DD,0x3BBD,0x3BBD,0x3BDD,0x43BD,0x3BBD,0x3BDD,0x3BBD,0x3BDD,0x43BD,0x3BBD,0x3BBD,0x3BBD,0x3BBD,
    0x3B9D,0x3BBD,0x3BBD,0x3BBC,0x3BBD,0x3BBD,0x3BBD,0x3BBE,0x3BBD,0x3B9D,0x3BBD,0x3B9D,0x3B9D,0x3BBE,0x3BBD,0x3B9D,
    0x3BBE,0x3BBD,0x3B9E,0x3BBD,0x3B9C,0x43BD,0x3B9D,0x43BD,0x43BD,0x43BD,0x43BD,0x43BD,0x3BBD,0x43BD,0x43BD,0x3BBD,
    0x43BD,0x43BD,0x43BD,0x43DD,0x43BD,0x43BD,0x43BC,0x43BD,0x4BDD,0x4BDD,0x4BDD,0x4C1D,0x4BFD,0x53FD,0x53FD,0x53FD,
    0x5BFD,0x541D,0x645E,0x749F,0x6C7E,0x6C9D,0x749E,0x7CDD,0x851E,0x851D,0x853E,0x851D,0x84DD,0x7CDD,0x84DD,0x8D3E,
    0x8D5E,0x955D,0x8D5D,0x957D,0x959E,0x959E,0x955D,0x953D,0x955E,0x957E,0x955E,0x955E,0x957E,0x9DBE,0x8D3E,0x7CDD,
    0x84FE,0x851E,0x7CDD,0x74BD,0x7CDD,0x851D,0x9DBD,0xAE3E,0xB63E,0xA5FE,0x959D,0x8D3D,0x8D3D,0x84FE,0x7CDD,0x84DE,
    0x84FE,0x74BD,0x645D,0x5BFC,0x4BBC,0x439C,0x3B7C,0x437C,0x3B9C,0x437C,0x3B7C,0x3B7C,0x439D,0x439D,0x437C,0x3B7C,
    0x3B5C,0x333C,0x335C,0x333C,0x335C,0x3B5D,0x3B7D,0x3B7C,0x43BC,0x53FD,0x439C,0x2B1A,0x22FB,0x231C,0x231C,0x231B,
    0x22FC,0x2AFC,0x22FC,0x2AFC,0x22FC,0x22FC,0x22FB,0x2AFB,0x22FC,0x22DB,0x22FC,0x22FC,0x1AFD,0x22DC,0x22FC,0x1ADC,
    0x22FC,0x22DC,0x22DC,0x22DC,0x22DC,0x1ADC,0x22DC,0x22FC,0x22DC,0x22DC,0x22DC,0x331C,0x439D,0x53FE,0x4B9C,0x4B7C,
    0x4B9B,0x641C,0x643D,0x6C7C,0x8D3D,0xB61D,0xC6BD,0xCEDE,0xD71E,0xD71E,0xD71F,0xCEFF,0xD6FF,0xCF1E,0xCF3E,0xCF1D,
    0xCEFE,0xCEFE,0xC6BD,0xC69E,0xBE7D,0xBE7E,0xB67E,0xAE3D,0x9DDE,0x8D1C,0x84FD,0x8D5F,0x74DD,0x641C,0x5BFC,0x6C5E,
    0x6C7D,0x74BE,0x74BD,0x7CBC,0x957E,0xA5BE,0xADFD,0xAE1D,0xB63D,0xAE1D,0xAE1E,0xA5DE,0x9DBD,0xA5BD,0xB63E,0xB65E,
    0xBE9F,0xB65E,0xB65D,0xAE1D,0xADFD,0xAE1D,0xAE1E,0xA5DE,0xA5FD,0xA5DD,0xAE3D,0xB65E,0xAE1E,0x9D9E,0x8D3D,0x9DBE,
    0x547E,0x547E,0x547E,0x4C7E,0x547E,0x4C5D,0x547E,0x547D,0x4C7E,0x547E,0x4C5D,0x547E,0x4C5D,0x545E,0x545E,0x545E,
    0x545E,0x545E,0x545E,0x4C5D,0x543D,0x4C5E,0x543D,0x4C3E,0x545D,0x543E,0x4C3E,0x543D,0x4C3E,0x543E,0x543D,0x4C5E,
    0x543E,0x4C3D,0x545E,0x4C3D,0x4C3D,0x4C3D,0x4C1E,0x4C3D,0x541E,0x4C3D,0x4C1E,0x4C3D,0x4C1D,0x4C3E,0x4C1D,0x4C1E,
    0x4C1D,0x4C1E,0x4BFD,0x4C1D,0x4C1E,0x4BFD,0x4C1E,0x4BFE,0x4BFD,0x4BFE,0x43FD,0x4BDD,0x43FD,0x43DD,0x43DD,0x43DD,
    0x43FD,0x43FD,0x4BDD,0x43DD,0x43DD,0x43FD,0x43DD,0x43DD,0x43FD,0x43DD,0x3BDD,0x43DD,0x43DD,0x3BDD,0x43BD,0x3BDE,
    0x43DD,0x3BDD,0x43BE,0x3BDD,0x43BD,0x3BDD,0x3BBD,0x43DD,0x3BBD,0x43BD,0x3BBD,0x3BDD,0x43BD,0x3BDD,0x43BD,0x3BBD,
    0x3BBD,0x3BBC,0x3BBD,0x3B9D,0x3BBC,0x3B9D,0x3B9D,0x3B9D,0x3B9D,0x3BBD,0x3B9E,0x3BBD,0x3B9D,0x3B9D,0x3BBD,0x3B9D,
    0x3B9D,0x3B9D,0x3BBD,0x43BD,0x3BBD,0x43BD,0x3BBD,0x3BBD,0x3BBD,0x3BBD,0x3BBD,0x3BBD,0x43BD,0x3BBD,0x43BD,0x43DD,
    0x43BD,0x43BD,0x43BD,0x43BC,0x43BD,0x43DD,0x43BD,0x4BBD,0x43BC,0x43DD,0x43BD,0x4BDD,0x4BDD,0x4BDD,0x4BDD,0x4BDD,
    0x53FC,0x5BFD,0x645E,0x647E,0x6C5C,0x6C9D,0x74BD,0x74BD,0x7CFD,0x7CFD,0x853E,0x851D,0x851D,0x851E,0x84FD,0x851E,
    0x955E,0x957E,0x957E,0x957D,0x957D,0x959D,0x957D,0x8D3D,0x853D,0x8D3D,0x8D3D,0x8D3D,0x8D3D,0x8D5D,0x8D1C,0x7CDD,
    0x7CDD,0x74DE,0x7CBE,0x74BD,0x74BE,0x7CDD,0x853D,0xA5FE,0xA5FE,0xA5DE,0xA5DE,0x957D,0x955D,0x8D3D,0x851D,0x7CDD,
    0x84DD,0x7CDE,0x6C7D,0x5C1D,0x53FD,0x43BD,0x3B7C,0x3B5D,0x3B7D,0x3B7D,0x437D,0x3B7D,0x437C,0x439D,0x3B7D,0x3B5C,
    0x335D,0x335C,0x2B1C,0x333C,0x2B3C,0x333D,0x333C,0x3B3C,0x439D,0x4BDD,0x4BFD,0x3B7D,0x2B1B,0x231C,0x231B,0x22FC,
    0x22FC,0x231C,0x231C,0x22FC,0x22FC,0x22FC,0x2AFC,0x22FC,0x22FC,0x22FC,0x22FC,0x22FC,0x22FC,0x22FC,0x22FD,0x22FC,
    0x22DC,0x22FC,0x22FC,0x22FC,0x22DC,0x22FC,0x22FC,0x22DC,0x22FC,0x22DC,0x22DC,0x22FB,0x2B1B,0x439C,0x4BDD,0x437C,
    0x437C,0x541D,0x53FD,0x53BB,0x749C,0xAE1E,0xBE9F,0xCEFE,0xCF1D,0xCEFE,0xCEFE,0xCEFE,0xC6DE,0xC6DE,0xCEDE,0xC6DD,
    0xC6DE,0xC6BD,0xBE7D,0xB63E,0xADFE,0xA5DD,0xADFD,0xAE1E,0xA5DD,0x957E,0x957E,0x8D1D,0x84FE,0x84FE,0x6C7D,0x6C5D,
    0x645C,0x643B,0x6C7D,0x74BC,0x8D3D,0x957E,0xA5DD,0xAE1D,0xA61D,0xA61E,0x959D,0x84FD,0x747C,0x849C,0x955E,0xA5DE,
    0xA5DD,0xA5FD,0xADFE,0x9D7E,0x8CFD,0x84DB,0x8CFD,0x7CBD,0x8D1E,0x9DBE,0xA5BD,0xADFE,0x9DBE,0x8CFC,0x84DD,0x8D1E,
    0x549E,0x547E,0x549E,0x547E,0x547E,0x549E,0x4C7E,0x547E,0x545D,0x4C7E,0x547D,0x4C5E,0x547D,0x545E,0x4C5E,0x545D,
    0x545E,0x545D,0x545E,0x545E,0x4C3E,0x545D,0x4C3E,0x545D,0x4C3E,0x4C5D,0x543D,0x4C5E,0x543D,0x4C5D,0x4C3E,0x543D,
    0x4C5D,0x543E,0x4C3D,0x4C3D,0x543D,0x4C3D,0x543D,0x4C1E,0x4C3D,0x4C3E,0x541D,0x4C1E,0x4C3D,0x4C1E,0x4C1D,0x4C3E,
    0x4C1D,0x4C1D,0x4C1D,0x4BFE,0x4C1E,0x4C1E,0x43FD,0x4C1E,0x43FD,0x4BFD,0x43FE,0x4BFD,0x43FE,0x4BFD,0x43FD,0x4BDD,
    0x4BFD,0x43DE,0x43FD,0x43DD,0x4BDD,0x43DD,0x43FD,0x43DD,0x43DD,0x43FD,0x3BDD,0x43DD,0x3BDD,0x43DD,0x3BDD,0x3BBD,
    0x43DD,0x3BBD,0x3BDD,0x3BBD,0x3BDD,0x43BD,0x3BDD,0x3BBD,0x3BDD,0x3BBD,0x43DD,0x3BBD,0x3BDD,0x3BBD,0x3BDD,0x43BD,
    0x3BBD,0x3BBD,0x3BBD,0x3BBD,0x3BBD,0x3BBD,0x3BBD,0x3BBD,0x3B9D,0x3BBD,0x3B9D,0x3BBD,0x3B9E,0x3BBD,0x3B9D,0x3BBE,
    0x3B9D,0x3BBD,0x3B9D,0x3BBD,0x3B9D,0x3BBD,0x3B9D,0x3BBD,0x439D,0x3BBD,0x3BBD,0x3B9D,0x3BBD,0x43BE,0x3BBD,0x3BBE,
    0x43BD,0x3BBC,0x43BD,0x3BBD,0x43BD,0x43BD,0x43BD,0x43DD,0x43DD,0x4BDD,0x43BD,0x4BDD,0x43DD,0x4BDD,0x43DD,0x4BDD,
    0x43BD,0x4BDD,0x541E,0x645D,0x5C5D,0x647D,0x6C7D,0x6CBE,0x74BD,0x74BE,0x74BD,0x74DD,0x84FE,0x7CFE,0x84FD,0x851E,
    0x8D5D,0x955D,0x959E,0x9DDE,0x9DBD,0x9DBD,0x9DDE,0x9DBE,0x959D,0x9D9E,0x95BD,0x9D9E,0x959D,0x957D,0x8D3D,0x7CDD,
    0x749D,0x6C7D,0x6C7D,0x74BE,0x74BE,0x7CBE,0x7CFD,0x8D5D,0x8D5E,0x8D5E,0x9D9E,0x957E,0x8D5E,0x851D,0x84FD,0x84FD,
    0x74BD,0x74BD,0x6C7D,0x643D,0x5C1D,0x53BC,0x439D,0x3B5C,0x3B7D,0x3B5C,0x3B5C,0x3B5D,0x3B5C,0x3B5C,0x335C,0x3B5C,
    0x335C,0x333C,0x2B5C,0x2B3D,0x333C,0x2B3C,0x333D,0x335C,0x3B7B,0x4BFE,0x335C,0x333C,0x231B,0x22FC,0x22FB,0x2B1B,
    0x231C,0x22FD,0x22FC,0x22FC,0x231C,0x22FD,0x22FC,0x22FC,0x22DC,0x22FC,0x1AFC,0x231C,0x1B1C,0x22FD,0x22FC,0x22FC,
    0x22FC,0x22DC,0x1ADC,0x22FC,0x22DC,0x22FC,0x22DC,0x22FC,0x22DC,0x22FC,0x22DB,0x231C,0x2B1C,0x333C,0x3B7D,0x335B,
    0x335B,0x43BD,0x43DD,0x43BC,0x641C,0x957E,0xADFE,0xB65F,0xBEBE,0xBEDE,0xBEBE,0xBEBE,0xBE9D,0xBE7E,0xBE9E,0xBE9E,
    0xC6BE,0xBE5E,0xB63E,0xADFD,0xA5BE,0x9D7D,0x9D9D,0xA5FD,0xA5DE,0x9D9D,0x957E,0x8D3D,0x853E,0x84FD,0x749D,0x6C7C,
    0x6C7C,0x6C9D,0x647D,0x647D,0x6C9C,0x855E,0x9DBE,0x957D,0x9DBE,0x959E,0x7CFE,0x643D,0x5BDC,0x749D,0x8D3F,0x851E,
    0x8D7E,0x8D5E,0x851E,0x7CBE,0x7CDE,0x853F,0x747E,0x641D,0x6C7E,0x851F,0x955F,0x957E,0x8D3E,0x6C7D,0x5BFC,0x5C1C,
    0x547E,0x547E,0x547E,0x549D,0x547E,0x547E,0x547E,0x547D,0x4C7E,0x547E,0x545D,0x4C7E,0x547E,0x545D,0x545E,0x545E,
    0x545E,0x4C5E,0x545D,0x545E,0x545D,0x545E,0x4C5D,0x543E,0x4C3D,0x543E,0x4C5D,0x543E,0x4C3D,0x545E,0x4C3D,0x545E,
    0x4C3D,0x543E,0x4C5D,0x4C3E,0x4C3D,0x4C1E,0x4C3D,0x4C3E,0x541D,0x4C3E,0x4C1D,0x4C3D,0x4C1E,0x541D,0x4C3D,0x4C1D,
    0x4C1E,0x4C1D,0x43FD,0x4C1D,0x4C1E,0x4C1D,0x4BFE,0x4BFD,0x4C1E,0x4BFE,0x43FD,0x4BFD,0x4BFE,0x43FD,0x4BFD,0x43FE,
    0x43FD,0x4BFD,0x4BFE,0x43DD,0x43DD,0x43DD,0x43DD,0x43FD,0x43DD,0x3BFD,0x43DD,0x43DD,0x43DD,0x3BDD,0x43BD,0x3BDD,
    0x3BDE,0x43DD,0x43DD,0x3BBD,0x3BBD,0x3BDD,0x43BD,0x3BBD,0x43DD,0x3BBD,0x3BDE,0x43BD,0x3BBD,0x43BD,0x3BDD,0x3BBD,
    0x3BBD,0x3BBD,0x3BBC,0x43BD,0x3BBD,0x3BBD,0x3BBD,0x3B9D,0x3B9D,0x3BBE,0x3B9D,0x3B9D,0x3BBD,0x3B9D,0x3B9D,0x3BBD,
    0x3B9D,0x3BBE,0x3B9D,0x3B9D,0x3BBE,0x3B9D,0x3BBD,0x3B9D,0x3BBE,0x3B9D,0x3B9D,0x3BBE,0x3B9D,0x3BBD,0x3B9E,0x3BBD,
    0x3B9D,0x3BBD,0x3BBD,0x3B9D,0x3B9C,0x3BBD,0x43BD,0x43BD,0x43DD,0x4BDD,0x43DD,0x4BDD,0x43DE,0x43DE,0x43DE,0x43DD,
    0x4BBD,0x43DD,0x4BDD,0x4BFD,0x5C1D,0x5C1D,0x5C3E,0x5C3D,0x643D,0x645D,0x6C7E,0x6C7D,0x749E,0x7CDD,0x7CDE,0x84FE,
    0x84DD,0x84FE,0x84FD,0x8D3D,0x959E,0x9DBE,0xA5DE,0xAE1E,0xAE1E,0xAE1E,0xB61E,0xAE1E,0xADFE,0xA5FE,0x959E,0x851D,
    0x74BE,0x645C,0x645E,0x749E,0x6C5D,0x6C3D,0x74BE,0x7CDD,0x7CFD,0x7CFE,0x8D1E,0x953F,0x8D1E,0x7CDE,0x7CDD,0x7CDE,
    0x74BD,0x749D,0x6C7D,0x643D,0x641D,0x5BFC,0x4BDD,0x437E,0x3B5C,0x335D,0x333C,0x333C,0x335C,0x335C,0x333C,0x335C,
    0x333D,0x2B5C,0x333D,0x2B3C,0x2B3C,0x333D,0x333C,0x3B7D,0x3B7C,0x3B9D,0x2B3C,0x2B1C,0x2B3D,0x2B1C,0x2B1B,0x333C,
    0x231C,0x22FC,0x231D,0x22FD,0x231C,0x22FD,0x22FD,0x22FC,0x22FD,0x22FC,0x231C,0x1AFC,0x22FC,0x22FC,0x22FD,0x22FC,
    0x22DC,0x22FD,0x22DC,0x22FC,0x22DC,0x22FC,0x1ADC,0x22DC,0x22FC,0x22DC,0x2AFC,0x231C,0x22FC,0x2AFC,0x2AFC,0x231B,
    0x2B1C,0x22FC,0x2B5C,0x3B5C,0x53DC,0x84BF,0x7CBD,0x84BC,0x955D,0x9D9D,0x9DBD,0xA5FE,0xAE3E,0xB61D,0xAE1D,0xB65D,
    0xB65D,0xAE1D,0xA5DD,0xA5FD,0xA59D,0xA59E,0xA5DD,0xAE1E,0xAE1E,0x9DBE,0x8D9E,0x8D7E,0x7CFD,0x74BD,0x6C9E,0x6C3C,
    0x749D,0x74DE,0x645D,0x5BDC,0x53FC,0x6C9D,0x7CBE,0x641C,0x6C7D,0x6C7D,0x5C3D,0x53DE,0x4BBD,0x649E,0x6C9D,0x5C3C,
    0x5C5D,0x5C1C,0x4BBC,0x53DD,0x5C1E,0x5C5D,0x4BBC,0x4B9D,0x4BFD,0x4B9B,0x643D,0x74DE,0x647D,0x541D,0x4BBC,0x43BD,
    0x549E,0x549D,0x5C9E,0x547E,0x547D,0x547D,0x547D,0x547E,0x547D,0x547D,0x547E,0x547D,0x545D,0x547D,0x545D,0x547D,
    0x547D,0x547D,0x547D,0x4C5D,0x543E,0x4C5D,0x543D,0x4C3D,0x545D,0x4C3D,0x543D,0x4C5D,0x543D,0x4C3D,0x543D,0x4C3D,
    0x545E,0x4C3D,0x543D,0x543E,0x543D,0x4C5D,0x543D,0x4C3D,0x4C3D,0x4C3D,0x4C3D,0x543D,0x4C3D,0x4C3D,0x4C1D,0x4C3D,
    0x4C3D,0x4C3D,0x543D,0x4C1E,0x4C1D,0x4C1E,0x4C1D,0x441D,0x4C1D,0x43FD,0x4BFD,0x43FE,0x4BFD,0x4BFE,0x4BFD,0x4BFE,
    0x43FD,0x43DD,0x43FD,0x4BFD,0x43FD,0x4BFD,0x43FE,0x43FD,0x43DE,0x4BDD,0x43DD,0x43DD,0x43DD,0x3BDD,0x43DD,0x43DD,
    0x43DD,0x3BDD,0x43DD,0x43DD,0x3BDE,0x43BD,0x3BDD,0x3BDE,0x43BD,0x3BDD,0x3BBD,0x3BDD,0x3BBD,0x3BDD,0x43BD,0x3BDD,
    0x43BD,0x3BBD,0x43BD,0x3BDD,0x3BBD,0x43BD,0x3BBD,0x3BBD,0x3BBE,0x3B9D,0x3BBD,0x3BBE,0x3B9D,0x3BBE,0x3BBD,0x3BBE,
    0x3B9D,0x3B9D,0x3BBD,0x3B9D,0x3BBD,0x3B9D,0x3B9E,0x3BBD,0x3B9D,0x3BBD,0x3B9D,0x3BBD,0x3B9D,0x3BBD,0x3B9D,0x3BBD,
    0x3B9D,0x3B9D,0x3BBD,0x3B9D,0x3B9D,0x3BBD,0x3BBD,0x43BC,0x43BD,0x43BD,0x43DD,0x43DD,0x43BD,0x43DC,0x4BDD,0x4BDD,
    0x4BDD,0x4BDD,0x4BDD,0x4BFC,0x4BFD,0x53FD,0x541D,0x5C1C,0x5C1D,0x5C3D,0x643E,0x6C5E,0x6C7D,0x6C9E,0x74BE,0x7CDE,
    0x7CFE,0x7CDD,0x74BD,0x749C,0x7CDE,0x851E,0x955E,0xA5BE,0xADDE,0xAE1F,0xAE1E,0xB63E,0xAE3E,0xB61D,0xA5FE,0x955D,
    0x7CBD,0x6C7D,0x6C7E,0x6C7E,0x641C,0x5C1C,0x645D,0x6C7E,0x6C7D,0x747D,0x7CBD,0x84FD,0x851E,0x7CFD,0x7CBE,0x74BE,
    0x749E,0x6C9E,0x6C5D,0x643D,0x645D,0x641D,0x53FD,0x4BBD,0x439D,0x3B7C,0x335C,0x335D,0x335D,0x335C,0x333D,0x2B3C,
    0x2B3C,0x333C,0x2B3C,0x333D,0x2B3C,0x2B3C,0x2B3D,0x3B7D,0x2B3C,0x2B1C,0x2B1C,0x2B1C,0x2B1C,0x2B3C,0x2B1C,0x2B1C,
    0x231C,0x231C,0x22FC,0x231C,0x22FC,0x231C,0x231C,0x231C,0x22FC,0x22FC,0x22FC,0x231C,0x231C,0x22FD,0x22FC,0x22FD,
    0x22FC,0x22FC,0x22FD,0x22FC,0x1AFD,0x22FC,0x22FD,0x22FC,0x22FC,0x22FC,0x22FC,0x22FC,0x22FC,0x22FC,0x231C,0x22FC,
    0x22FD,0x2AFC,0x2AFC,0x2AFB,0x3B7C,0x53DD,0x437C,0x3B7B,0x5C1C,0x6C7D,0x7CBC,0x853D,0x853D,0x9D9D,0xA5FD,0xAE1C,
    0xAE1E,0xA5DE,0xA5DE,0xA5FD,0x9D9D,0xA5DE,0xAE1D,0xB65D,0xAE1E,0xA5DD,0x9D7D,0x84DD,0x645D,0x6C5E,0x645E,0x5BFD,
    0x645D,0x6CBE,0x74BE,0x645C,0x53BC,0x4BBC,0x4BBD,0x3B3C,0x439C,0x437C,0x53DD,0x4BDD,0x439C,0x4BFD,0x541D,0x3B7B,
    0x3B5C,0x333C,0x335C,0x335C,0x337D,0x3B5D,0x2B3C,0x335D,0x335C,0x335C,0x439D,0x5C5E,0x4BDC,0x43DC,0x43BD,0x3B7D,
    0x5C9E,0x5C9E,0x549E,0x547D,0x5C9E,0x547E,0x547D,0x547E,0x5C7D,0x547E,0x547D,0x547E,0x547D,0x547E,0x545D,0x547D,
    0x545D,0x545E,0x547D,0x545E,0x545D,0x545E,0x4C5D,0x543E,0x4C5D,0x545E,0x4C5D,0x543E,0x4C5D,0x545E,0x545D,0x4C5D,
    0x543D,0x4C5E,0x543D,0x4C5E,0x4C3D,0x543E,0x4C3D,0x4C3E,0x543D,0x4C3D,0x4C1E,0x4C3D,0x4C3D,0x543D,0x4C3E,0x543D,
    0x4C1D,0x4C3E,0x4C3D,0x4C1D,0x4C3E,0x4C1D,0x4C1D,0x4C1D,0x4C1D,0x4C1E,0x4BFD,0x43FD,0x4BFE,0x441D,0x4BFE,0x4C1D,
    0x43FE,0x4BFD,0x4BFE,0x43DD,0x43FE,0x43DD,0x4BFD,0x43DD,0x4BFD,0x43FD,0x43DD,0x43DD,0x43DD,0x43DD,0x3BFD,0x43DD,
    0x3BDD,0x43DD,0x3BDD,0x43DD,0x3BDD,0x3BBD,0x43DD,0x3BBD,0x43DD,0x3BDE,0x43BD,0x3BBD,0x43DD,0x3BBD,0x3BBD,0x3BDD,
    0x3BBD,0x3BDD,0x3BBD,0x43BD,0x3BDD,0x3BBD,0x3BBD,0x3BBD,0x3B9D,0x3BBE,0x3BBD,0x3B9D,0x3BBD,0x3BBD,0x3B9E,0x3BBD,
    0x3B9D,0x3BBD,0x3B9E,0x3BBD,0x3B9D,0x3BBD,0x3B9D,0x3B9D,0x3BBD,0x3B9E,0x3B9D,0x3BBD,0x3B9E,0x3B9D,0x3BBD,0x3B9D,
    0x3BBD,0x3B9D,0x3B9D,0x3BBD,0x3B9D,0x3BBE,0x43BD,0x43BD,0x3BBC,0x43BD,0x3BBC,0x43BD,0x43BD,0x43BC,0x4BBD,0x43DD,
    0x43DD,0x4BDD,0x4BFD,0x541D,0x53FD,0x541D,0x5C1D,0x541D,0x5C3D,0x5C3D,0x643D,0x645E,0x6C7E,0x6C7D,0x6C7D,0x749D,
    0x74BD,0x74BD,0x74BD,0x7C9D,0x749C,0x749D,0x84FC,0x851D,0x8D5D,0x957D,0x957D,0x959E,0xA5FE,0xAE1E,0xADFE,0x9DDE,
    0x8D3E,0x7CDD,0x6C9D,0x6C5D,0x645D,0x643D,0x641D,0x5C1C,0x5C1D,0x643D,0x6C7D,0x747D,0x74DD,0x7CDE,0x6C9D,0x6C7D,
    0x6C7D,0x6C9D,0x647D,0x645D,0x645D,0x643D,0x5C3E,0x541D,0x4BDD,0x439C,0x3B7C,0x3B7C,0x335C,0x335D,0x2B5C,0x333D,
    0x2B3C,0x2B3C,0x2B3C,0x2B3D,0x333C,0x2B1D,0x333C,0x337D,0x2B3D,0x2B1C,0x2B1C,0x2B1C,0x2B1C,0x2B1C,0x2B1C,0x2B1C,
    0x231C,0x2B1C,0x2B3C,0x2B1C,0x2B1D,0x22FC,0x2B1C,0x231D,0x231C,0x22FC,0x231C,0x22FC,0x22FC,0x22FC,0x231D,0x22FC,
    0x22FD,0x22FC,0x22FC,0x22FC,0x22FC,0x22FC,0x22FC,0x22FD,0x22FC,0x22FC,0x231C,0x22FC,0x231C,0x22FC,0x231C,0x22FC,
    0x231C,0x1AFD,0x22FB,0x2AFB,0x2AFB,0x32FB,0x2B1B,0x3B3C,0x4BBD,0x645F,0x6C5D,0x6C9E,0x6C7C,0x84FD,0x9DBD,0xA5FD,
    0xAE1D,0xADFE,0xADFD,0xB61E,0xA5FE,0xADFE,0xB65E,0xB65D,0xADFD,0xA5DE,0x959F,0x74DD,0x5C1C,0x53FC,0x53FD,0x4BDC,
    0x439C,0x53FC,0x74DF,0x645E,0x4BBD,0x43BD,0x333C,0x2B3C,0x331C,0x333B,0x3B7D,0x337D,0x333C,0x333B,0x3B7D,0x3B9D,
    0x337C,0x333C,0x2B1C,0x2B3C,0x333D,0x2B3C,0x2B1C,0x2B1C,0x2B3D,0x2B1C,0x3B7D,0x3BBD,0x3BBC,0x43BC,0x43BE,0x335C,
    0x549E,0x5C7D,0x5C9E,0x549E,0x5C7D,0x549E,0x5C7D,0x547E,0x547D,0x547E,0x5C7D,0x547E,0x5C7D,0x547D,0x547E,0x547D,
    0x547D,0x545D,0x547D,0x545E,0x545D,0x545E,0x545D,0x545E,0x545D,0x545D,0x545E,0x545D,0x545D,0x4C5E,0x545D,0x545E,
    0x4C3D,0x543E,0x4C5D,0x543D,0x4C5E,0x543D,0x4C3D,0x4C3D,0x4C3D,0x543D,0x4C3D,0x543D,0x4C3E,0x4C3D,0x4C3D,0x4C3E,
    0x543D,0x4C3D,0x4C3D,0x4C1E,0x4C3D,0x4C1E,0x4C1D,0x4C1E,0x4C1D,0x4C1D,0x4C1E,0x4C1E,0x4BFD,0x4C1E,0x43FD,0x4BFE,
    0x4BFD,0x43FE,0x4BFD,0x43FD,0x4BDD,0x43FD,0x4BDE,0x43FD,0x43FE,0x4BDD,0x43FD,0x43DD,0x43FD,0x43DD,0x43DD,0x43DD,
    0x43DD,0x43DD,0x43DD,0x3BDD,0x43DE,0x3BBD,0x43DD,0x3BDE,0x3BBD,0x43DD,0x3BBD,0x3BDD,0x3BBD,0x43DD,0x3BBD,0x43BD,
    0x3BDD,0x43BD,0x3BDD,0x3BBD,0x43DD,0x3BBD,0x3BBD,0x3BBE,0x3BBD,0x3B9D,0x3BBE,0x3BBD,0x3B9E,0x3BBD,0x3BBD,0x3B9D,
    0x3BBD,0x3B9D,0x3B9D,0x3BBD,0x3B9E,0x3B9D,0x3BBD,0x3B9E,0x3B9D,0x3BBD,0x3B9D,0x3B9D,0x3BBD,0x3B9D,0x3B9E,0x3BBD,
    0x3B9E,0x3BBD,0x3B9E,0x3BBD,0x3BBE,0x3BBD,0x43BD,0x3BBD,0x43BD,0x43BD,0x3BBD,0x43BD,0x43BD,0x43BD,0x43DD,0x4BDD,
    0x43DD,0x4BDD,0x4BDD,0x4BFD,0x4BFD,0x53FD,0x541D,0x5C3E,0x5C3D,0x5C1D,0x5C3E,0x645D,0x645E,0x6C7D,0x6C9E,0x749E,
    0x74BD,0x7CDE,0x7D1F,0x851E,0x851E,0x7CDD,0x851E,0x851C,0x853D,0x853D,0x851D,0x84FC,0x853D,0x957D,0x959E,0x9D9F,
    0x959F,0x957E,0x851D,0x74BE,0x6C7E,0x6C5E,0x645D,0x5C3E,0x5C1D,0x5C1D,0x543D,0x5C1C,0x645D,0x6C7D,0x645D,0x6C5D,
    0x647D,0x6C5E,0x645D,0x643E,0x645E,0x643D,0x5C1D,0x5BFE,0x53FD,0x4BBD,0x439C,0x3B7C,0x335C,0x335D,0x333C,0x2B3C,
    0x2B1C,0x2B1C,0x2B1C,0x333C,0x2B1C,0x2B3C,0x2B1C,0x2B1D,0x2B3C,0x2B1C,0x2B1C,0x2B1C,0x2B1C,0x2B1C,0x2B3C,0x3B7E,
    0x337C,0x333C,0x337D,0x337D,0x335D,0x2B3C,0x2B1D,0x231C,0x2B1C,0x231C,0x22FC,0x231C,0x231C,0x22FD,0x22FC,0x22FD,
    0x22FC,0x22FC,0x22FD,0x22FC,0x22FD,0x22FC,0x22FD,0x22FC,0x22FD,0x22FC,0x231C,0x231C,0x231C,0x22FC,0x231C,0x22FC,
    0x231C,0x231C,0x231D,0x22FC,0x22FC,0x2AFC,0x2B1C,0x2B1C,0x333D,0x3B3D,0x4B9D,0x53BD,0x5C1D,0x74BD,0x8D5E,0x9D9D,
    0xA5FD,0xB61D,0xB61D,0xAE1D,0xADDD,0xADFE,0xAE1E,0xAE1D,0xA5DD,0x8D3E,0x6C9D,0x5C3C,0x543D,0x43BD,0x43BD,0x3B7D,
    0x439D,0x4BDD,0x4BDC,0x439D,0x335D,0x331C,0x2B3C,0x2B3C,0x337C,0x3B7D,0x333C,0x2B1C,0x2B1D,0x2AFB,0x2B1C,0x2B1C,
    0x2B3C,0x2B1B,0x233C,0x2AFC,0x231D,0x2B1D,0x2B1D,0x22FC,0x2B1D,0x2AFC,0x231C,0x2B3C,0x335C,0x2B7C,0x335D,0x2B3C,
    0x5C9E,0x549E,0x5C9E,0x549E,0x5C9E,0x549E,0x5C7D,0x547E,0x547D,0x547D,0x549E,0x547D,0x547E,0x547D,0x545D,0x547D,
    0x545E,0x547D,0x545D,0x547E,0x545E,0x547E,0x4C5D,0x545E,0x545D,0x4C5E,0x543D,0x4C5D,0x543E,0x543D,0x4C5D,0x543D,
    0x4C5E,0x545D,0x4C3E,0x543D,0x4C3E,0x545D,0x4C3E,0x543D,0x4C3E,0x4C3D,0x543E,0x4C3D,0x543E,0x543D,0x543E,0x4C5D,
    0x4C3D,0x543D,0x4C3D,0x541D,0x4C3E,0x4C3D,0x4C1E,0x4C3D,0x4C1E,0x4C1D,0x4BFE,0x43FD,0x4C1E,0x4BFE,0x4BFD,0x4C1E,
    0x43FD,0x4BFD,0x43FD,0x4BFE,0x43FD,0x4BFD,0x43FD,0x4BDD,0x43FD,0x43DD,0x43DD,0x43DD,0x43DD,0x43DD,0x3BDD,0x43DD,
    0x3BFD,0x43FD,0x43DD,0x3BDD,0x43DD,0x3BDE,0x43DD,0x3BBD,0x43DD,0x3BDD,0x3BBD,0x43BD,0x3BDD,0x3BBD,0x3BDD,0x43BD,
    0x3BDD,0x3BBD,0x43BD,0x3BDD,0x3BBD,0x43DD,0x3BBD,0x3B9D,0x3BBE,0x3BBD,0x3B9D,0x3BBD,0x3BBD,0x3B9E,0x3BBD,0x3BBE,
    0x3B9D,0x3BBE,0x3B9D,0x339D,0x3B9D,0x339D,0x3B9D,0x3BBD,0x3B9D,0x3BBD,0x3B9E,0x3BBD,0x3B9D,0x3BBD,0x3B9D,0x3BBD,
    0x3B9D,0x3B9D,0x3BBD,0x3B9D,0x3BBD,0x3BBE,0x3BBD,0x439D,0x3BBD,0x3B9D,0x43BD,0x3BBD,0x43BD,0x43BC,0x43BD,0x43BD,
    0x43BD,0x43DD,0x43DD,0x4BDD,0x4BFD,0x541D,0x541D,0x541D,0x5C3D,0x5C1D,0x53FD,0x5C1D,0x5C1D,0x643D,0x6C7D,0x6C9D,
    0x74BD,0x7CDE,0x7D1D,0x853E,0x8D5E,0x8D3D,0x957D,0x957E,0x955D,0x8D1D,0x8D5E,0x8D3D,0x84DC,0x7C9D,0x7CDD,0x84FC,
    0x8D5E,0x9D7E,0x8D3D,0x8D1E,0x7CBD,0x6C5D,0x645D,0x5C3D,0x53FD,0x53FD,0x4BDD,0x4BDC,0x53FD,0x5C3D,0x5C1D,0x643D,
    0x643D,0x643D,0x5C1D,0x5C1D,0x641D,0x5C1D,0x5BFD,0x53FD,0x53DC,0x4BBD,0x439C,0x3B9C,0x3B5C,0x335D,0x335D,0x2B5C,
    0x333C,0x2B3C,0x2B3C,0x2B1C,0x2B3D,0x2B1C,0x2B3C,0x2B1C,0x2B1C,0x2B3C,0x2B1C,0x2B1C,0x2B1C,0x231C,0x333D,0x3BBE,
    0x3BBE,0x335C,0x335C,0x335D,0x333C,0x2B1D,0x2B1C,0x231C,0x231C,0x22FC,0x231C,0x22FC,0x22FC,0x231D,0x2B1D,0x231C,
    0x22FD,0x22FC,0x22FC,0x1AFD,0x22FC,0x22FC,0x22FD,0x22FC,0x22FC,0x231C,0x22FC,0x22FC,0x231C,0x22FC,0x22FC,0x22FC,
    0x1B1C,0x1B1C,0x22FC,0x22FD,0x22FD,0x22FD,0x22FC,0x231C,0x331C,0x331C,0x4B9D,0x4B9D,0x4BBD,0x5BFC,0x74BE,0x8D5E,
    0x959E,0xA5DD,0xAE1E,0xA5DD,0xA5BE,0xA5BE,0xA5DE,0xA5FF,0x957E,0x7C9D,0x5C1C,0x53FC,0x5BFD,0x4BBC,0x3B5C,0x3B5C,
    0x3B5D,0x333C,0x2B3B,0x2B1C,0x2B1C,0x2B1D,0x2B1B,0x333B,0x43BE,0x4BDE,0x3B7C,0x2AFC,0x2B1C,0x231D,0x2AFC,0x231C,
    0x231C,0x231C,0x233C,0x2B1D,0x22FC,0x2AFD,0x231D,0x2AFD,0x231D,0x231D,0x233C,0x2B3C,0x233C,0x231C,0x2B3C,0x233D,
    0x5C9E,0x549D,0x5C7E,0x549D,0x5C9E,0x5C9E,0x549E,0x547D,0x5C9E,0x547E,0x5C7D,0x549E,0x5C7D,0x547D,0x547E,0x547D,
    0x547D,0x547D,0x547E,0x545D,0x545D,0x545E,0x545E,0x547D,0x545E,0x545D,0x545E,0x545D,0x4C5D,0x545E,0x545D,0x545E,
    0x543D,0x4C5E,0x545E,0x545D,0x4C5E,0x543D,0x4C3E,0x4C3D,0x543D,0x4C3D,0x543E,0x4C5D,0x4C3D,0x4C5E,0x543D,0x4C3E,
    0x4C3D,0x4C3D,0x4C3E,0x4C1D,0x4C3E,0x541D,0x4C3E,0x4C1D,0x4C1D,0x4C1E,0x4C1D,0x4BFE,0x43FD,0x4C1E,0x4C1E,0x4BFD,
    0x43FE,0x4BFD,0x4BFE,0x43FD,0x4BFE,0x4BFD,0x43FE,0x4BFE,0x43FE,0x4BFD,0x43DE,0x4BFD,0x43DD,0x43FD,0x43DD,0x43FD,
    0x43DD,0x3BDD,0x43FD,0x43DE,0x43DD,0x43DD,0x3BDE,0x43DD,0x3BDE,0x43DD,0x3BDD,0x43DE,0x3BBD,0x43DE,0x3BDD,0x43BE,
    0x3BBD,0x3BDD,0x3BBD,0x43DD,0x3BBD,0x3BBD,0x3BBE,0x3BBD,0x3B9D,0x3BBE,0x3BBD,0x3B9E,0x3BBD,0x3BBD,0x3B9D,0x3BBD,
    0x3BBD,0x3B9D,0x3BBE,0x3B9D,0x3B9D,0x3B9D,0x3BBD,0x3B9D,0x33BE,0x3B9D,0x3BBD,0x3B9D,0x33BE,0x3B9D,0x3BBD,0x3B9D,
    0x3BBE,0x3B9D,0x3BBD,0x3B9E,0x3BBD,0x3B9D,0x3BBD,0x3B9D,0x43BD,0x3B9D,0x439D,0x3BBD,0x3B9D,0x3BBD,0x43BD,0x43BD,
    0x43BD,0x43BD,0x43DD,0x43DD,0x4BDD,0x4C1E,0x541D,0x541E,0x541D,0x541E,0x5C1D,0x5C3D,0x5C3D,0x5C3D,0x643D,0x645D,
    0x6C7C,0x74BD,0x7CFE,0x851D,0x851D,0x8D5D,0x8D5D,0x9D7D,0x9D9E,0x9D9D,0xA5DE,0xA5DF,0x9D9E,0x8D3E,0x7CDD,0x84FD,
    0x8D3D,0x8D5D,0x957E,0x9D9E,0x8D3E,0x84FD,0x7CBE,0x645C,0x5BFC,0x53FD,0x4BDC,0x4B9C,0x4BDD,0x53DD,0x53FD,0x53DC,
    0x53FC,0x541D,0x5BFD,0x5C1D,0x53FD,0x53DD,0x53FD,0x53DD,0x4BBC,0x439D,0x439D,0x3B9D,0x3B7C,0x335D,0x2B5C,0x333D,
    0x2B3C,0x333D,0x2B3C,0x2B3C,0x2B1C,0x2B3D,0x2B1C,0x2B3C,0x2B1C,0x2B3C,0x2B1C,0x2B3C,0x2B1C,0x2B1C,0x2B3C,0x335D,
    0x335C,0x335C,0x2B1C,0x2B1C,0x2B1C,0x2B1C,0x2B1C,0x231D,0x231C,0x231C,0x22FC,0x231C,0x231C,0x231D,0x22FC,0x231D,
    0x22FC,0x22FD,0x22FC,0x22FD,0x22FC,0x22FD,0x22FC,0x231D,0x22FD,0x231C,0x22FC,0x231C,0x22FC,0x231C,0x22FC,0x231C,
    0x22FC,0x231C,0x22FC,0x231C,0x22FC,0x1B1D,0x231C,0x2B3C,0x335C,0x541D,0x53FE,0x4B9C,0x4BBD,0x4BBC,0x435B,0x643D,
    0x853E,0x8D5E,0x8D5D,0x8D3E,0x8D5E,0x851E,0x851E,0x7CFE,0x6C7E,0x5C1D,0x5C5D,0x6C9E,0x645D,0x5C3D,0x53FD,0x439C,
    0x333C,0x3B9D,0x337C,0x231C,0x231D,0x2B1D,0x2B3C,0x3B7D,0x43BD,0x53FE,0x439D,0x2B1B,0x335D,0x333D,0x2B3C,0x333D,
    0x2B3D,0x231C,0x231C,0x231D,0x231D,0x231C,0x231D,0x231C,0x2AFD,0x231D,0x231C,0x231D,0x233C,0x233D,0x233D,0x2B3D,
    0x549E,0x5C9E,0x5C9E,0x549E,0x5C7E,0x549D,0x5C7E,0x549E,0x5C9D,0x549E,0x5C7D,0x547E,0x549E,0x547D,0x547D,0x547E,
    0x547E,0x547D,0x547E,0x547E,0x545E,0x547D,0x547E,0x545E,0x547E,0x545E,0x545E,0x545E,0x545E,0x545D,0x545E,0x545E,
    0x4C5E,0x543D,0x4C5E,0x543E,0x545D,0x545E,0x545D,0x4C3E,0x543D,0x4C5E,0x543D,0x4C3E,0x545D,0x543E,0x4C5D,0x543D,
    0x4C3D,0x543D,0x4C3D,0x541E,0x4C3D,0x4C3E,0x4C1D,0x4C1E,0x4C3D,0x4C1E,0x4C1E,0x4C1E,0x4C1E,0x4C1E,0x4C1E,0x4C1E,
    0x4C1E,0x4BFE,0x4C1D,0x4BFE,0x4BFE,0x441E,0x4BFD,0x4BFD,0x43FE,0x4BFD,0x43FE,0x43DD,0x43FE,0x43FD,0x43FD,0x43DD,
    0x3BFD,0x43DD,0x43DD,0x3BDD,0x43DE,0x3BDD,0x43DE,0x43DD,0x43DE,0x43DD,0x3BDE,0x43DD,0x3BDD,0x43DD,0x3BDD,0x43DD,
    0x3BDD,0x43BD,0x3BDD,0x3BBE,0x3BDD,0x43BD,0x3BBD,0x3BBE,0x43BD,0x3B9D,0x3BBD,0x3BBD,0x3B9E,0x3BBD,0x3BBE,0x3B9D,
    0x3BBE,0x3BBD,0x3BBD,0x3B9D,0x3BBD,0x3B9D,0x3B9E,0x3BBD,0x3B9D,0x3B9D,0x3B9D,0x3BBD,0x3B9D,0x3B9D,0x3B9E,0x3BBD,
    0x339D,0x3B9D,0x3BBD,0x339D,0x3B9D,0x3B9D,0x3B9D,0x439D,0x3BBD,0x439E,0x3B9D,0x3B9D,0x439D,0x3B9D,0x43BD,0x43DD,
    0x3BBD,0x43BD,0x3BBD,0x43BC,0x43BD,0x4BDD,0x4C1D,0x541D,0x543D,0x5C3E,0x5C1E,0x5C3E,0x5C3D,0x645D,0x647D,0x6C5D,
    0x6C7E,0x747D,0x74BE,0x7CDE,0x851D,0x8D3E,0x957E,0x9D9E,0x9D9E,0x9DBE,0x9DBD,0xA5DD,0x9DDE,0x9DBE,0x959E,0x8D5C,
    0x957D,0x9DDE,0x9DFE,0xA5DE,0xA59D,0x957E,0x8D3E,0x74BD,0x6C7D,0x643D,0x5C1D,0x5BFD,0x53DD,0x53DE,0x53DD,0x4BDC,
    0x53DC,0x53DC,0x53FD,0x53DD,0x53DD,0x53DD,0x53BD,0x4BDD,0x439C,0x3B9C,0x3B9D,0x3B7D,0x337D,0x335D,0x335D,0x333C,
    0x2B5D,0x333C,0x2B3C,0x333D,0x2B3C,0x333D,0x2B3C,0x2B1D,0x2B3C,0x2B1D,0x2B3C,0x2B1D,0x2B3C,0x2B1C,0x2B1C,0x2B1C,
    0x22FC,0x233C,0x2B3C,0x233D,0x2B1D,0x231D,0x231C,0x22FC,0x231C,0x2B1C,0x231C,0x2B1D,0x231C,0x2B1D,0x231D,0x2B1D,
    0x22FC,0x231D,0x231C,0x22FD,0x231C,0x231D,0x22FC,0x22FC,0x22FD,0x231C,0x22FC,0x231C,0x22FC,0x231C,0x231C,0x231C,
    0x2AFC,0x22FD,0x231C,0x22FC,0x231C,0x231C,0x2B1D,0x2B3D,0x3B9C,0x5C7E,0x6CBF,0x53DD,0x4BBD,0x53DE,0x4B7D,0x4B7C,
    0x5C5D,0x6CBE,0x645D,0x749D,0x7CFE,0x6C7D,0x4BDB,0x439C,0x437C,0x437D,0x4BDD,0x53FD,0x5C1C,0x5C3D,0x53FD,0x3B9D,
    0x437D,0x3BBC,0x2B7C,0x233C,0x2B1D,0x2B1C,0x231C,0x2B5D,0x3B7E,0x3BBE,0x337D,0x2B3C,0x2B3C,0x2B3B,0x335D,0x335D,
    0x2B3C,0x2B1D,0x2B1D,0x231C,0x2B1C,0x231D,0x2B1C,0x231C,0x231C,0x231C,0x2B3C,0x231D,0x231C,0x2B3D,0x2B3D,0x233C,
    0x5C9E,0x5C7E,0x5C9D,0x5C9E,0x5C9E,0x5C9E,0x5C9D,0x5C7E,0x547E,0x5C9D,0x549E,0x5C7D,0x5C9E,0x5C7E,0x5C9E,0x5C7D,
    0x547E,0x5C7D,0x547D,0x547D,0x545D,0x545E,0x545D,0x547D,0x545D,0x547D,0x545D,0x547D,0x545E,0x547D,0x4C5D,0x545D,
    0x545E,0x545D,0x545D,0x545E,0x545D,0x4C5E,0x545E,0x545D,0x545E,0x545D,0x4C5D,0x543D,0x4C3E,0x4C3D,0x543D,0x4C3E,
    0x4C3D,0x543E,0x4C3D,0x4C3D,0x4C1D,0x543D,0x4C3D,0x543D,0x4C1D,0x4C3D,0x4C1D,0x4C1D,0x4C1D,0x4C1D,0x4C1D,0x4C1E,
    0x4C1D,0x4C1D,0x4C1E,0x441D,0x4C1D,0x4C1D,0x4BFE,0x43FD,0x4BFD,0x43FD,0x4BFD,0x4BFD,0x43FD,0x43FE,0x43DD,0x43FD,
    0x43DD,0x43FD,0x43DD,0x43DD,0x43FD,0x43DD,0x43DD,0x43FD,0x43DD,0x3BDD,0x43DD,0x43DD,0x43DD,0x43DD,0x43DD,0x3BDE,
    0x43DD,0x3BBD,0x43DD,0x3BBD,0x43DD,0x3BDD,0x43BD,0x3BBD,0x3BBD,0x3BBD,0x3BBE,0x43BD,0x3BBD,0x43BE,0x3BBD,0x3BBE,
    0x3BBD,0x3B9E,0x3BBD,0x3BBE,0x3BBD,0x3BBD,0x3BBD,0x3B9D,0x3BBE,0x3BBD,0x3B9D,0x3BBE,0x3B9D,0x3BBD,0x3B9D,0x3B9D,
    0x3BBD,0x3B9E,0x3B9D,0x3B9D,0x3B9D,0x3B9D,0x3BBD,0x3B9E,0x3B9D,0x3BBD,0x3BBD,0x3B9D,0x3BBD,0x3BBD,0x3BBD,0x3BBD,
    0x43BD,0x3BBD,0x3BBD,0x439D,0x43BC,0x43BD,0x43BD,0x4BDD,0x4BFE,0x4BFD,0x53FD,0x541E,0x5C3D,0x5C3E,0x5C3D,0x5C3E,
    0x645D,0x645E,0x6C7D,0x6C9D,0x7CDE,0x851E,0x8D5E,0x959E,0x9DBF,0x9DBE,0x957D,0x9D9D,0x9DBD,0x9DDD,0x9DBD,0xA5DE,
    0x9DFE,0xA5DE,0xA5FE,0xA5DE,0xA59D,0x9DBD,0x955D,0x851D,0x7CFE,0x6C9D,0x645D,0x645E,0x5C3E,0x53FD,0x53FD,0x4BFD,
    0x4BDC,0x4BFD,0x53FD,0x4BDC,0x4BDC,0x4BBD,0x4BDD,0x43DC,0x439D,0x3B7C,0x3B7C,0x3B7C,0x337D,0x335C,0x335C,0x2B3C,
    0x335D,0x333D,0x2B3C,0x2B3D,0x2B3C,0x2B3C,0x2B3C,0x2B3C,0x331C,0x2B3C,0x2B1C,0x2B3C,0x2B3C,0x2B1C,0x2B1C,0x2B3C,
    0x233C,0x2B1D,0x233C,0x2B3D,0x233C,0x2B1D,0x231C,0x231C,0x2B1D,0x231C,0x231D,0x2B1C,0x231C,0x231C,0x231C,0x231D,
    0x22FC,0x231C,0x22FC,0x231C,0x22FC,0x22FC,0x231D,0x231C,0x231C,0x22FC,0x231C,0x231C,0x231C,0x231C,0x2B1C,0x231C,
    0x22FC,0x2B1C,0x22FC,0x2B1D,0x231C,0x231C,0x22FC,0x2AFC,0x2B3C,0x3B7C,0x4C1D,0x4BFD,0x3B7C,0x43BD,0x43DE,0x3B5C,
    0x3B5B,0x3B9C,0x439C,0x4BBC,0x5C5E,0x53FD,0x331A,0x2B1B,0x335C,0x335D,0x3B5C,0x439C,0x541D,0x439C,0x333C,0x333D,
    0x335D,0x2B3C,0x231B,0x2B1C,0x231C,0x2B1C,0x2B1D,0x231D,0x2B3C,0x2B3C,0x2B3D,0x2B3C,0x2B1C,0x2B1C,0x2B1C,0x2B1C,
    0x231C,0x22FC,0x2B1D,0x231C,0x231D,0x231C,0x231D,0x231D,0x2B1D,0x231D,0x231C,0x2B3D,0x2B3D,0x233C,0x233C,0x235C,
    0x5C9E,0x5C9E,0x5C9E,0x5C9E,0x5C9D,0x5C7E,0x549E,0x5C9D,0x5C9E,0x5C7E,0x5C9E,0x5C7E,0x5C9D,0x547E,0x5C9D,0x5C9E,
    0x547D,0x5C7E,0x5C7D,0x547E,0x5C7D,0x547D,0x5C7E,0x545D,0x5C7E,0x545D,0x547E,0x547D,0x547D,0x545D,0x547D,0x545D,
    0x545E,0x4C5E,0x545D,0x545E,0x545E,0x545D,0x545E,0x545D,0x4C5E,0x545D,0x543E,0x4C5D,0x545D,0x4C3D,0x4C3E,0x543D,
    0x4C3D,0x545E,0x4C3D,0x543E,0x4C3D,0x4C3E,0x4C3D,0x4C3D,0x4C3E,0x4C1D,0x4C1E,0x4C1D,0x4C1E,0x4C1E,0x4C3D,0x4C1D,
    0x4C1D,0x43FD,0x4BFD,0x4C1D,0x4C1D,0x4C1D,0x4BFD,0x441D,0x4BFD,0x4C1D,0x43FD,0x4BFD,0x4BFD,0x4BFD,0x43FD,0x43DD,
    0x4BDD,0x43DD,0x43FD,0x43DD,0x43DD,0x43DD,0x43DD,0x43DD,0x43DD,0x43DD,0x43DD,0x3BDD,0x43DD,0x3BDD,0x43DD,0x43DD,
    0x3BDD,0x3BDE,0x43BD,0x3BDD,0x43BE,0x3BDD,0x3BBD,0x3BBD,0x43BD,0x3BDD,0x43BD,0x3BBD,0x3BDD,0x3BBE,0x43BD,0x3BBE,
    0x3BBD,0x3BBD,0x3B9D,0x3BBD,0x3B9E,0x3BBD,0x3B9E,0x3BBD,0x3BBD,0x3B9E,0x3BBD,0x3B9D,0x3BBD,0x3B9D,0x3BBE,0x3B9D,
    0x3BBD,0x3B9D,0x3BBD,0x3B9D,0x3BBD,0x3B9D,0x3B9D,0x3BBD,0x3B9D,0x3B9D,0x3B9D,0x3BBE,0x3B9D,0x3B9D,0x3B9D,0x3B9E,
    0x3BBD,0x3B9D,0x3B9D,0x3B9D,0x439D,0x43BD,0x43BD,0x43BD,0x43BE,0x43BD,0x43BD,0x4BDD,0x4BFD,0x53FD,0x5C1E,0x5C1D,
    0x543E,0x645D,0x5C5D,0x6C5D,0x6C9C,0x74BD,0x853E,0x8D5E,0x8D7D,0x959E,0xA5BE,0x9DBE,0x9D7D,0x957C,0x959D,0x957D,
    0x959D,0x957E,0x957E,0x9D9D,0x9D9D,0x9DBE,0x95BD,0x8D5D,0x853D,0x74DD,0x6C7D,0x647D,0x647D,0x5C3D,0x53FD,0x53FC,
    0x43DD,0x4BFD,0x4C1D,0x4BDD,0x4BDD,0x4BBC,0x43BD,0x4BBD,0x43BC,0x439C,0x3B9C,0x3B7C,0x339D,0x337C,0x335D,0x2B3C,
    0x335C,0x2B3D,0x333D,0x2B3C,0x2B3D,0x2B3C,0x2B3D,0x2B3C,0x2B3D,0x2B3C,0x2B3D,0x2B3C,0x2B1C,0x2B3D,0x2B3C,0x2B1C,
    0x233D,0x2B3C,0x2B1D,0x233D,0x2B3C,0x2B3D,0x233C,0x2B1D,0x231C,0x2B3C,0x231C,0x233D,0x2B1C,0x231D,0x2B1C,0x231C,
    0x231C,0x22FC,0x231C,0x231D,0x231C,0x231C,0x231C,0x231C,0x231D,0x231C,0x231C,0x2B1C,0x231D,0x231C,0x231C,0x231D,
    0x2B1C,0x231D,0x231C,0x231C,0x2B1C,0x231C,0x2AFD,0x22FC,0x2B1C,0x2B1C,0x335D,0x339C,0x2B3B,0x2B3C,0x335C,0x2B5D,
    0x335C,0x2B3C,0x2B1B,0x3B5C,0x4BFE,0x439D,0x335C,0x2B3C,0x2B3C,0x2B3D,0x333C,0x439D,0x4BDD,0x439C,0x333C,0x2B1C,
    0x2B3D,0x2B3D,0x2B3D,0x231C,0x231D,0x231C,0x233C,0x231C,0x231D,0x231C,0x231C,0x231D,0x231C,0x231D,0x231C,0x231C,
    0x2B1C,0x231C,0x231C,0x231D,0x2B1D,0x231D,0x2B1D,0x231D,0x2B3D,0x231D,0x2B3D,0x233C,0x235D,0x2B3C,0x235C,0x235C,
    0x5C9E,0x5C9D,0x5C7E,0x5C9E,0x549E,0x5C9E,0x5C7D,0x5C7E,0x5C9E,0x5C7D,0x5C9E,0x549D,0x5C7E,0x5C9E,0x5C7E,0x5C9E,
    0x5C7D,0x547E,0x5C7D,0x547E,0x547D,0x5C5E,0x547D,0x5C7E,0x547D,0x547E,0x547D,0x547E,0x547D,0x547E,0x547D,0x547D,
    0x547E,0x545E,0x547E,0x545D,0x4C5E,0x545D,0x545E,0x545D,0x545E,0x4C5D,0x545D,0x543E,0x545D,0x4C3E,0x545D,0x4C3E,
    0x545D,0x4C3E,0x543D,0x4C3D,0x4C3D,0x4C3D,0x541D,0x4C3D,0x543D,0x4C3D,0x4C1E,0x4C1D,0x4C3D,0x4C1E,0x4C1D,0x4C3E,
    0x4C1E,0x545E,0x4C3E,0x4BFD,0x4C1D,0x4C1D,0x441D,0x4BFD,0x4C1D,0x43FD,0x4BFD,0x43FD,0x43FD,0x4C1E,0x4BFD,0x43FE,
    0x4BFD,0x43FD,0x4BDD,0x43DD,0x43DD,0x43DD,0x43FD,0x43DE,0x43DD,0x43FD,0x43DD,0x3BDD,0x43DD,0x43FD,0x3BDD,0x43DD,
    0x3BDD,0x43BD,0x3BDD,0x3BDD,0x43DD,0x3BBD,0x43DD,0x3BBD,0x3BDD,0x3BBD,0x3BDD,0x3BBD,0x43BD,0x3BBE,0x3BBD,0x43BE,
    0x3BBD,0x3B9E,0x3BBD,0x3BBE,0x3B9D,0x3BBD,0x3BBD,0x3B9E,0x3BBD,0x3BBD,0x3B9D,0x3B9D,0x33BE,0x3B9D,0x3B9D,0x3BBD,
    0x3B9D,0x3BBD,0x3B9E,0x3BBD,0x3B9D,0x33BE,0x3B9D,0x3BBD,0x3B9E,0x3BBD,0x3B9D,0x3B9D,0x3BBD,0x3B9D,0x3B9D,0x3B9D,
    0x3B9D,0x3B9D,0x3B9D,0x3B9D,0x3B9D,0x43BD,0x439D,0x439D,0x43BD,0x43BD,0x43BC,0x4BDD,0x4BDD,0x4BDD,0x4BFD,0x53FD,
    0x53FD,0x541D,0x5C1D,0x5C3C,0x645C,0x6C7D,0x74BD,0x84FD,0x8D3E,0x8D5D,0x9D9E,0xA5DE,0xA5FE,0x9D9E,0x957D,0x957E,
    0x8D5E,0x8D3D,0x8D3E,0x851D,0x84FD,0x8D5D,0x9DDE,0x9DBE,0x957D,0x8D5D,0x74FE,0x6C7C,0x6C7D,0x647D,0x5C3E,0x53FD,
    0x4BDC,0x4BFD,0x53FD,0x43BD,0x43BD,0x43BD,0x43BD,0x43BD,0x439D,0x3B9D,0x3B7D,0x3B7D,0x3B7D,0x337D,0x337C,0x335D,
    0x335D,0x335C,0x2B3D,0x2B3C,0x2B3C,0x2B3D,0x2B3C,0x2B3C,0x2B3D,0x2B3C,0x2B1C,0x2B3C,0x2B3C,0x2B3C,0x233C,0x2B3C,
    0x2B1D,0x233D,0x2B3C,0x2B1D,0x233D,0x2B1C,0x231D,0x233C,0x2B1C,0x231D,0x2B1C,0x231C,0x231C,0x2B3D,0x231C,0x2B1D,
    0x231C,0x2B1C,0x231C,0x2B1C,0x231C,0x2B1D,0x231C,0x2B1C,0x231C,0x2B1C,0x231D,0x231C,0x231C,0x2B1C,0x231C,0x231C,
    0x231C,0x231C,0x2B1C,0x231C,0x231D,0x231C,0x2AFD,0x22FD,0x2AFD,0x22FC,0x2B1C,0x2B1C,0x2B1C,0x2B1C,0x22FC,0x2B3C,
    0x2B3C,0x2B1C,0x2B3D,0x3B7C,0x3B5C,0x335C,0x333D,0x2B1C,0x2B1D,0x2B1D,0x2B1C,0x2B1C,0x335C,0x3BBD,0x337D,0x2B5D,
    0x233C,0x2B3D,0x2B3D,0x233C,0x2B1C,0x231D,0x2B1C,0x231C,0x2B3C,0x231D,0x2B1C,0x231C,0x2B3C,0x231C,0x2B3D,0x231C,
    0x2B3D,0x231D,0x2B3C,0x231D,0x2B1C,0x231C,0x2B3D,0x233C,0x2B3D,0x2B3C,0x2B5D,0x2B3C,0x2B3D,0x2B3D,0x2B5C,0x2B3D,
    0x5C9E,0x5C9E,0x5C9D,0x5C9E,0x5C7D,0x5C9E,0x5C9E,0x5C9D,0x547E,0x5C9E,0x5C7D,0x5C9E,0x5C7E,0x5C9D,0x549E,0x5C7D,
    0x547E,0x5C9D,0x5C7E,0x5C7D,0x5C7E,0x549E,0x5C7D,0x547E,0x5C7D,0x5C7E,0x547D,0x5C9E,0x547D,0x547D,0x547E,0x547D,
    0x545E,0x547E,0x547E,0x545D,0x545D,0x545E,0x545D,0x4C5E,0x545D,0x545E,0x545D,0x4C5D,0x543E,0x545D,0x4C3E,0x545D,
    0x4C3E,0x545D,0x4C3E,0x4C3D,0x543E,0x4C3D,0x4C3D,0x4C3E,0x4C3D,0x4C3D,0x543E,0x4C1E,0x4C3D,0x4C1E,0x4C3D,0x541D,
    0x4C3E,0x5C9F,0x547E,0x4C1D,0x4C1D,0x4C1E,0x4C1D,0x4C1D,0x4C1E,0x4C1D,0x4C1D,0x4BFD,0x4BFD,0x43FD,0x4BFE,0x43FD,
    0x4BFD,0x43FE,0x4BFD,0x43FE,0x4BDD,0x43FD,0x4BDD,0x43FD,0x4BDD,0x43DD,0x43DD,0x43FD,0x3BDD,0x43DD,0x43DD,0x3BDD,
    0x43DD,0x3BDD,0x43BE,0x3BDD,0x3BBD,0x43DE,0x3BBD,0x3BDD,0x43BD,0x3BBD,0x43DD,0x3BBD,0x3BDD,0x43BE,0x3BBD,0x3BBE,
    0x3BBD,0x3BBD,0x43BE,0x3BBD,0x3BBD,0x3B9E,0x3BBD,0x3BBD,0x3B9E,0x3BBD,0x3B9D,0x3BBD,0x3B9D,0x3BBD,0x3BBE,0x3BBD,
    0x3B9E,0x3B9D,0x33BD,0x3B9D,0x3B9D,0x3BBD,0x3B9D,0x3BBD,0x3B9D,0x3BBD,0x3B9E,0x3BBD,0x3B9D,0x3B9D,0x3BBD,0x339D,
    0x3B9D,0x3BBD,0x339D,0x3B9D,0x3B9D,0x3B9D,0x3BBD,0x3BBD,0x43BD,0x3BBD,0x3B9D,0x43BD,0x43DD,0x4BFD,0x4BDD,0x4BDD,
    0x43DD,0x53FD,0x541C,0x5C1D,0x643D,0x6C7E,0x74BE,0x74BE,0x84FE,0x851D,0x8D1D,0x957D,0x9DBE,0xA5DE,0xA5DE,0xA5DE,
    0xA5DE,0x9DBE,0x957D,0x8D3E,0x84FD,0x7CDC,0x8D5E,0x957E,0x8D5D,0x8D5E,0x853E,0x74DD,0x6C9D,0x6C9E,0x645E,0x5BFD,
    0x53DC,0x53FD,0x4BDD,0x4BBD,0x439D,0x439D,0x43BD,0x439D,0x437C,0x3B7D,0x3B7D,0x3B9D,0x3B9D,0x337D,0x337C,0x335C,
    0x2B3D,0x333D,0x2B3D,0x333D,0x2B3C,0x2B3C,0x2B3D,0x2B3C,0x2B3C,0x2B3D,0x2B3C,0x2B3D,0x231C,0x2B3D,0x2B1C,0x2B3C,
    0x233D,0x2B1C,0x233D,0x2B3C,0x2B3D,0x233C,0x2B1D,0x2B3C,0x231D,0x2B3C,0x231D,0x2B3D,0x231C,0x2B3D,0x231C,0x2B3C,
    0x231D,0x231C,0x2B1D,0x231C,0x231D,0x2B1C,0x231C,0x231D,0x231C,0x231C,0x2B1C,0x231C,0x231C,0x231D,0x2B1C,0x231D,
    0x2B1C,0x231C,0x231D,0x231C,0x2B1C,0x231C,0x231D,0x2AFD,0x2AFD,0x22FC,0x2B1D,0x231C,0x2B1C,0x231C,0x2B1C,0x2B1D,
    0x2B1D,0x2B1C,0x2B3D,0x333C,0x333D,0x333C,0x2B3D,0x2B1C,0x2B3D,0x2B1D,0x2B1D,0x2B1C,0x2B1C,0x2B3C,0x2B5C,0x235D,
    0x2B3D,0x233C,0x2B1D,0x2B3D,0x233C,0x2B3D,0x231C,0x2B3D,0x231C,0x2B3D,0x231C,0x2B3D,0x231D,0x2B3C,0x231D,0x2B1C,
    0x233C,0x2B1D,0x233C,0x2B1C,0x233D,0x2B3C,0x231D,0x2B3D,0x2B3D,0x335C,0x4BDE,0x4C1F,0x337C,0x2B3C,0x2B5D,0x2B3D,
    0x5C9E,0x5C9E,0x5C7E,0x5C9E,0x5C9E,0x5C9E,0x5C9E,0x5C7E,0x5C9D,0x5C7E,0x549E,0x5C7D,0x5C9E,0x5C9E,0x5C9E,0x5C9E,
    0x5C9D,0x5C7E,0x5C9E,0x549E,0x5C9E,0x5C7D,0x5C7E,0x547D,0x547E,0x5C7D,0x547E,0x547D,0x5C7E,0x547D,0x547E,0x547D,
    0x547E,0x545D,0x545E,0x547E,0x547E,0x545E,0x547D,0x545E,0x547E,0x545E,0x545E,0x545D,0x4C5D,0x545E,0x545E,0x545D,
    0x4C3E,0x543D,0x4C5D,0x543E,0x4C5D,0x543E,0x4C3D,0x543D,0x4C3E,0x543D,0x4C1E,0x4C3D,0x543E,0x4C1D,0x4C1E,0x4C3D,
    0x4C1D,0x543E,0x4C1D,0x4C1E,0x4C1D,0x4BFD,0x4C1D,0x4C1E,0x4C3D,0x4C1D,0x43FD,0x4C1D,0x4C1D,0x43FD,0x4BFD,0x4BFE,
    0x43FD,0x4BFE,0x43FD,0x4BFD,0x43DE,0x43FD,0x43DE,0x43DD,0x43DD,0x43FD,0x43FD,0x43DD,0x43FD,0x43DD,0x3BFD,0x43DD,
    0x3BDD,0x43DD,0x3BDD,0x43DE,0x43DD,0x3BDD,0x43DD,0x3BBE,0x43DD,0x3BDE,0x3BBD,0x43DE,0x3BDD,0x3BBE,0x3BBD,0x43BE,
    0x3BBE,0x43BD,0x3BBE,0x3BBD,0x3BBE,0x3BBD,0x3B9E,0x3BBD,0x3BBD,0x3BBE,0x3B9D,0x3BBE,0x3BBD,0x3B9D,0x3B9D,0x3BBE,
    0x3BBD,0x3B9D,0x3BBD,0x3BBE,0x3BBD,0x3B9E,0x3BBD,0x3B9E,0x3BBD,0x3B9D,0x3BBD,0x3B9D,0x3BBE,0x3B9D,0x3B9D,0x3BBE,
    0x3B9D,0x3B9D,0x3BBE,0x3B9D,0x439D,0x3B9D,0x3B9D,0x3B9D,0x3B9E,0x3B9D,0x3B9D,0x3BBD,0x43BD,0x43DD,0x43BD,0x43DD,
    0x43DC,0x43DD,0x4BFD,0x53FD,0x541E,0x643E,0x645E,0x647D,0x74BE,0x7CDE,0x7CFD,0x8D3E,0x8D5D,0x9D5D,0x9D9D,0xA59E,
    0xA5DE,0xAE1E,0xA5BD,0x9D9D,0x8D5E,0x84FD,0x84DD,0x84DD,0x84DD,0x84DD,0x7CFD,0x7CDE,0x7CDD,0x74BE,0x6C9D,0x6C7D,
    0x5C3E,0x5C3E,0x5BFD,0x4BDD,0x4BDD,0x43BE,0x4BBD,0x439D,0x3B9D,0x3B7C,0x3B7D,0x3B7D,0x3B7D,0x337C,0x335D,0x335C,
    0x335D,0x335C,0x2B3D,0x2B5C,0x2B5D,0x2B3C,0x2B3C,0x2B3D,0x2B3C,0x2B3C,0x2B3C,0x2B3C,0x2B3C,0x2B3C,0x2B3D,0x2B3C,
    0x2B3D,0x2B3C,0x2B1D,0x233C,0x2B1D,0x2B3C,0x233D,0x2B1C,0x233D,0x2B3C,0x233D,0x2B3C,0x2B3D,0x231C,0x231D,0x2B1C,
    0x231C,0x231C,0x231C,0x2B1D,0x231C,0x231C,0x2B1C,0x231C,0x2B1D,0x231C,0x231D,0x2B1C,0x231C,0x231C,0x231C,0x231C,
    0x2B1D,0x231C,0x2B1C,0x231C,0x231D,0x2B1C,0x231D,0x2B1D,0x231D,0x2B1D,0x231D,0x2B1D,0x231D,0x2B1C,0x231D,0x2B1C,
    0x2B3D,0x2B3D,0x233D,0x2B1C,0x2B1C,0x2B1D,0x2B1C,0x2B3D,0x2B3C,0x2B3D,0x2B3D,0x335E,0x335D,0x2B1C,0x233C,0x233C,
    0x2B3C,0x2B3D,0x233C,0x2B3D,0x2B3D,0x2B1C,0x233D,0x2B3D,0x2B1C,0x2B3D,0x233D,0x2B3C,0x2B1D,0x233C,0x2B3D,0x2B3D,
    0x231C,0x231C,0x2B1D,0x231C,0x2B1C,0x231C,0x2B3C,0x233C,0x2B5D,0x3BBE,0x4BFD,0x53FE,0x4BFE,0x337C,0x333C,0x2B3C,
    0x5CBE,0x5C9E,0x5C9E,0x5CBE,0x5C9E,0x5C9E,0x5C9E,0x5C9E,0x5C9E,0x5C9E,0x5C9E,0x5C9E,0x5C9E,0x5C9D,0x5C7E,0x5C9E,
    0x5C7E,0x549D,0x5C7E,0x5C9D,0x5C7E,0x5C9E,0x547E,0x5C7D,0x5C7E,0x547D,0x5C9E,0x547D,0x549E,0x547D,0x5C7E,0x547D,
    0x5C7E,0x547E,0x547E,0x5C7E,0x5C9E,0x545E,0x545E,0x547D,0x545E,0x545D,0x545E,0x4C5D,0x543E,0x545E,0x4C5E,0x545E,
    0x545D,0x4C5E,0x543D,0x545E,0x4C5D,0x545E,0x545D,0x4C3E,0x543D,0x4C3E,0x4C3D,0x4C1E,0x4C3D,0x543E,0x4C1E,0x4C3E,
    0x4C1D,0x4C1E,0x4C3D,0x4C3E,0x4C3D,0x4C1E,0x4C1D,0x4C3D,0x4C1E,0x4C1D,0x4C1D,0x4C1D,0x4C1E,0x4BFE,0x43FD,0x4C1E,
    0x4BFD,0x4BFE,0x4BFE,0x43FD,0x4BFE,0x4BFD,0x4BFD,0x43FD,0x4BFE,0x43FD,0x43FE,0x43FD,0x43FE,0x43DD,0x43FD,0x43DD,
    0x43DE,0x43DD,0x43DE,0x3BDD,0x43DE,0x43DD,0x3BDE,0x43DD,0x3BBD,0x43DD,0x3BDD,0x43BD,0x3BDD,0x43BE,0x3BBD,0x3BDE,
    0x3BBD,0x3BBE,0x3BBD,0x43BE,0x3BBD,0x43BE,0x3BBD,0x3BBD,0x3B9D,0x3BBD,0x3BBE,0x3B9D,0x3BBD,0x3BBE,0x3BBD,0x43FE,
    0x43FF,0x3BBE,0x3BBE,0x3BBD,0x3BBE,0x3BBD,0x3BBD,0x3B9D,0x3B9D,0x3BBD,0x3B9E,0x3B9D,0x3BBD,0x339D,0x3BBD,0x3B9D,
    0x3BBD,0x3B9D,0x3BBD,0x3B9D,0x3BBE,0x3B9D,0x3B9E,0x3B9D,0x3B9D,0x3B9D,0x3BBD,0x3BBE,0x3BBD,0x3BBD,0x439D,0x3B9D,
    0x43DD,0x43BD,0x43BD,0x4BDD,0x4BDD,0x53BD,0x53FD,0x541C,0x5C5D,0x6C9E,0x749E,0x74BD,0x74BE,0x7CFD,0x8D5E,0x959E,
    0xA5DE,0xADFE,0xB61E,0xAE1E,0x9DDE,0x955D,0x84FD,0x7CDE,0x74BD,0x6C7C,0x747C,0x84FE,0x851F,0x7D1E,0x7CDD,0x74DD,
    0x74BE,0x6C7E,0x5C3D,0x541D,0x4BFD,0x4BFE,0x4BDD,0x4BDD,0x43BD,0x439D,0x3B9C,0x3B7D,0x339C,0x3B7D,0x337D,0x335C,
    0x335D,0x335D,0x335D,0x333D,0x2B3D,0x2B3C,0x2B3D,0x2B3C,0x2B3C,0x2B3D,0x2B3C,0x2B3D,0x2B3C,0x2B3D,0x2B3C,0x2B3C,
    0x231D,0x2B3D,0x233C,0x2B3D,0x233D,0x2B1C,0x233D,0x2B3D,0x2B3C,0x231D,0x2B3C,0x231D,0x2B3C,0x2B3D,0x2B3C,0x233D,
    0x2B1C,0x231D,0x2B3C,0x231C,0x2B3D,0x231C,0x231D,0x2B3C,0x231C,0x2B1D,0x231C,0x231C,0x2B1D,0x231C,0x2B1C,0x231C,
    0x231C,0x2B1D,0x231C,0x2B1D,0x233C,0x2B1C,0x231C,0x231C,0x2B3C,0x231D,0x231C,0x2B1D,0x231C,0x231C,0x2B3C,0x231C,
    0x233C,0x2B3C,0x2B1C,0x2B3D,0x2B3C,0x2B3C,0x2B3C,0x2B1C,0x2B1C,0x2B3C,0x337D,0x3B7D,0x333D,0x2B1C,0x2B3C,0x233C,
    0x2B3D,0x2B3D,0x2B3D,0x2B3D,0x2B3D,0x233C,0x2B1C,0x233D,0x2B3C,0x231D,0x2B3C,0x231D,0x2B3C,0x2B3D,0x231C,0x2B3D,
    0x2B3C,0x2B3D,0x233C,0x2B3D,0x233C,0x2B3D,0x2B3C,0x2B3D,0x337D,0x337D,0x3B7C,0x43BC,0x4BFD,0x4BBC,0x541C,0x649E,
    0x64BE,0x5CBE,0x5C9E,0x5CBE,0x64BE,0x5CBE,0x5C9E,0x5C9E,0x5C9E,0x5C9E,0x5C9D,0x5C9E,0x5C9E,0x5C9E,0x5C9E,0x5C9D,
    0x5C9E,0x5C7E,0x5C9D,0x5C7E,0x549E,0x5C7E,0x5C9D,0x5C7E,0x5C9E,0x547E,0x5C7D,0x549E,0x5C7D,0x547E,0x547D,0x547D,
    0x545E,0x5C9E,0x5C7E,0x545D,0x547E,0x547E,0x545D,0x545E,0x547E,0x545E,0x545D,0x545E,0x545D,0x545E,0x547D,0x545E,
    0x545E,0x545E,0x545E,0x545D,0x545E,0x4C5E,0x543D,0x4C5E,0x545D,0x4C3D,0x543E,0x541D,0x4C3E,0x4C3D,0x543D,0x4C3D,
    0x543E,0x4C1D,0x4C3E,0x541E,0x4C3D,0x4C1E,0x4C1D,0x4C1E,0x4C3D,0x4C1E,0x4C1D,0x4C1E,0x4C1D,0x4C1E,0x4C1D,0x4BFE,
    0x4C1E,0x4C1D,0x4C1E,0x43FD,0x4BFE,0x43FD,0x4BFE,0x43FD,0x4BFE,0x43FD,0x43FD,0x43FD,0x43FD,0x43FD,0x3BDD,0x43FD,
    0x3BFD,0x3BDD,0x43FE,0x43DD,0x3BFE,0x43DE,0x3BDD,0x3BDD,0x43DD,0x3BBD,0x3BDD,0x43DD,0x3BBD,0x3BBE,0x43DD,0x3BBE,
    0x43BD,0x3BDE,0x3BBD,0x3BDE,0x3BBE,0x3BDD,0x3BBE,0x3BBD,0x3BBE,0x3BBD,0x3B9D,0x3BBE,0x3B9D,0x3B9D,0x3BBE,0x43DE,
    0x3BBD,0x3BBD,0x3BBD,0x3BBD,0x3B9D,0x3BBD,0x3B9E,0x3BBD,0x3BBD,0x339D,0x3BBD,0x33BD,0x3B9D,0x3BBE,0x3B9D,0x3BBD,
    0x3B9E,0x3BBD,0x3B9D,0x3BBD,0x3B9D,0x3BBD,0x3B9D,0x3BBD,0x3B9D,0x3B9E,0x33BD,0x3B9D,0x3B9D,0x3B9D,0x3B9D,0x3B9C,
    0x3BBD,0x439D,0x3BBD,0x439D,0x43BD,0x439D,0x439C,0x43BC,0x4BBC,0x53FD,0x5C3D,0x5C3E,0x5C3D,0x647D,0x6CBE,0x74BD,
    0x7CBC,0x851D,0x9D9E,0xADFE,0xA5DD,0x9DBE,0x955D,0x8D3E,0x851D,0x84DD,0x84FE,0x851E,0x851E,0x84FE,0x7CFD,0x74BD,
    0x749D,0x647D,0x5C3D,0x53DD,0x4BDD,0x4BDD,0x4BDD,0x4BFD,0x4BDD,0x4BDD,0x43DD,0x43BC,0x3B9D,0x339D,0x337D,0x335D,
    0x337D,0x335D,0x2B5D,0x2B5C,0x333D,0x2B3C,0x2B3C,0x2B3D,0x2B3C,0x2B3C,0x2B3D,0x2B3C,0x2B3C,0x2B3C,0x2B3D,0x2B3C,
    0x2B3D,0x231C,0x2B3D,0x2B1C,0x233D,0x2B3C,0x2B3D,0x231C,0x2B3D,0x2B3D,0x2B3C,0x2B3D,0x231D,0x2B3C,0x233D,0x2B3D,
    0x231C,0x2B3D,0x231C,0x231D,0x2B1C,0x231C,0x2B3C,0x231D,0x231C,0x231C,0x2B3D,0x2B1C,0x233D,0x2B1C,0x231D,0x2B1C,
    0x231D,0x231C,0x233C,0x2B1C,0x231D,0x231C,0x2B3D,0x231C,0x233C,0x2B1C,0x233D,0x231C,0x2B3D,0x233C,0x231C,0x233C,
    0x2B3D,0x233C,0x233C,0x233C,0x233D,0x2B3C,0x231C,0x2B3C,0x337C,0x337C,0x3B9D,0x43DE,0x335D,0x2B1C,0x2B3D,0x2B3C,
    0x233D,0x2B3D,0x2B3D,0x233C,0x2B3D,0x2B3D,0x2B3D,0x233C,0x2B3D,0x2B3C,0x2B3D,0x2B3C,0x233D,0x2B1C,0x2B3D,0x233C,
    0x2B3D,0x233D,0x2B3C,0x2B3C,0x2B3C,0x2B3C,0x2B3C,0x2B5D,0x2B5C,0x2B5D,0x2B5D,0x335C,0x541D,0x64BE,0x74DD,0x855F,
    0x5C9E,0x5CBE,0x649E,0x5C9E,0x5C9E,0x5C9E,0x64BE,0x5CBD,0x5CBE,0x5CBD,0x5CBE,0x5CBD,0x5C9E,0x5C9E,0x5C9E,0x5C7E,
    0x5C9E,0x5C9E,0x5C9E,0x5C9E,0x5C7D,0x5C9E,0x547E,0x5C7D,0x547D,0x5C9E,0x5C7E,0x5C9D,0x5C7E,0x547D,0x5C7E,0x547D,
    0x5C5D,0x5CBE,0x5CBE,0x545D,0x5C7E,0x547D,0x5C7E,0x547E,0x5C5E,0x547E,0x545E,0x545E,0x545E,0x545D,0x545E,0x545E,
    0x545D,0x545D,0x545E,0x543E,0x543D,0x543E,0x543D,0x543E,0x543E,0x543D,0x4C3D,0x543D,0x543D,0x4C1D,0x543D,0x4C1D,
    0x541E,0x4C3D,0x541E,0x4C1D,0x541D,0x4C1E,0x4C3D,0x4C3E,0x4C3D,0x4C3E,0x4C3D,0x4C1D,0x4C1D,0x4C1E,0x4C1E,0x4C1E,
    0x4BFD,0x43FE,0x4BFD,0x4C1E,0x4BFD,0x43FE,0x4BFD,0x43FD,0x4BDD,0x43FE,0x4BFE,0x43FD,0x43FD,0x43DD,0x43FD,0x3BFE,
    0x43FD,0x43FD,0x3BFD,0x43DE,0x43FD,0x43FD,0x43DD,0x3BBD,0x3BDD,0x43DD,0x43DD,0x3BDD,0x43DD,0x3BDE,0x3BBD,0x3BDE,
    0x3BDD,0x3BBE,0x3BDE,0x3BBD,0x43DE,0x3BDD,0x3BBE,0x3BDD,0x3BBE,0x43DE,0x3BBD,0x3BBE,0x43DD,0x3BBE,0x3B9D,0x3BBD,
    0x3BBD,0x3BBE,0x3BBD,0x3BBE,0x3BBD,0x3BBE,0x3BBD,0x3BBD,0x3BBE,0x3BBD,0x3BBE,0x3BBD,0x3BBD,0x3B9D,0x3B9D,0x3B9D,
    0x3BBD,0x3B9D,0x3B9E,0x339D,0x3B9D,0x339D,0x3B9D,0x3B9E,0x3BBD,0x3B9D,0x3BBD,0x3B9E,0x3BBD,0x339D,0x3B9D,0x3B9D,
    0x3B9D,0x3B9D,0x439D,0x3B9D,0x439D,0x3B9D,0x43BD,0x43BD,0x43BD,0x43BD,0x43BE,0x4BDD,0x4BFE,0x4BFD,0x4BFD,0x4BDC,
    0x5C1D,0x5C1D,0x6C7D,0x84FE,0x951C,0x9D9E,0x9DDE,0x9DBD,0x9D9E,0x8D5D,0x8D3D,0x8D1D,0x8D3E,0x8D3E,0x84FE,0x7CBD,
    0x74BD,0x6C9D,0x641D,0x5C1D,0x53DD,0x4BDD,0x53DD,0x53DD,0x4BDD,0x4BDD,0x43DD,0x43BC,0x3BBD,0x3B7D,0x337D,0x335D,
    0x2B7D,0x2B5C,0x2B5D,0x335D,0x2B5D,0x2B5D,0x2B3C,0x2B3C,0x2B3D,0x2B3C,0x2B3C,0x2B3D,0x233C,0x2B3C,0x233C,0x2B3C,
    0x233D,0x2B3D,0x2B3D,0x233C,0x2B3D,0x2B3D,0x231C,0x2B1C,0x231C,0x231D,0x233C,0x2B1D,0x233C,0x2B3D,0x2B1C,0x2B3D,
    0x2B3C,0x233D,0x2B3C,0x2B3D,0x233C,0x2B3D,0x231D,0x2B3C,0x2B3D,0x2B3D,0x233C,0x2B3D,0x231C,0x2B3D,0x233C,0x2B3D,
    0x2B3C,0x2B3D,0x2B1D,0x233C,0x2B3D,0x2B3C,0x231D,0x2B1C,0x231D,0x2B3C,0x2B3D,0x2B3D,0x231C,0x2B1D,0x231C,0x2B1C,
    0x231C,0x2B1D,0x231C,0x2B3D,0x233D,0x2B3D,0x2B3C,0x2B5C,0x2B3C,0x2B5C,0x337D,0x339E,0x337D,0x233C,0x233C,0x233D,
    0x2B5D,0x235C,0x233D,0x235D,0x233D,0x235C,0x2B3C,0x2B3C,0x233C,0x2B3C,0x233C,0x2B3C,0x233C,0x233D,0x2B3D,0x233C,
    0x2B3C,0x2B3C,0x2B3D,0x2B5C,0x2B5D,0x335D,0x2B5C,0x335D,0x2B3D,0x233C,0x2B5D,0x439D,0x643D,0x7CFE,0x7CFE,0x8D5E,
    0x5CBE,0x64BE,0x5CBE,0x5CBE,0x64BE,0x5CBE,0x5CBE,0x5CBE,0x64BD,0x5CBE,0x649E,0x5CBD,0x5C9E,0x5C9E,0x5C9E,0x5C9E,
    0x5C9E,0x549E,0x5C9E,0x5C9E,0x5C9E,0x5C9D,0x5C9E,0x5C9E,0x5C7D,0x5C9E,0x547D,0x5C9E,0x5C9E,0x547D,0x5C7D,0x5C7E,
    0x547D,0x547E,0x5C7E,0x5C7D,0x5C9E,0x5C7D,0x547E,0x5C7D,0x547E,0x5C7D,0x547E,0x5C5D,0x547E,0x5C7E,0x547D,0x5C5E,
    0x545D,0x545E,0x545D,0x545E,0x545E,0x545E,0x545E,0x543D,0x4C3E,0x545D,0x543E,0x545D,0x543D,0x543E,0x543D,0x543D,
    0x4C3E,0x543D,0x543E,0x4C3D,0x543E,0x4C1D,0x543E,0x4C1D,0x543E,0x4C1D,0x4C3D,0x4C1D,0x4C1D,0x4C1E,0x4C1E,0x4C3E,
    0x4C1D,0x4C1E,0x4C1E,0x4C1D,0x43FE,0x4BFD,0x4BFD,0x4BFE,0x441D,0x4BFE,0x4BDE,0x4BDE,0x4BDE,0x43FE,0x43FD,0x43FD,
    0x43FD,0x43DD,0x43FD,0x43FD,0x43DD,0x3BFD,0x43DD,0x43DD,0x43DD,0x3BDD,0x43DD,0x43DD,0x3BDD,0x3BDE,0x3BDD,0x43DE,
    0x3BDE,0x3BDD,0x43DE,0x3BBD,0x3BBD,0x3BDE,0x3BBD,0x43DE,0x3BBD,0x3BBD,0x3BBE,0x43BD,0x3BBE,0x3BBD,0x3BBD,0x3B9E,
    0x3BBD,0x3BBD,0x3BBD,0x3BBD,0x3BDE,0x3BBD,0x33BD,0x3BBE,0x3BBD,0x33BD,0x3BBD,0x33BD,0x3BBD,0x3B9E,0x3BBD,0x3B9D,
    0x3BBE,0x339D,0x3BBD,0x3B9D,0x3B9D,0x3B9D,0x3B9D,0x3BBD,0x3B9D,0x3BBD,0x3B9D,0x3B9D,0x3B9D,0x3B9D,0x3B9D,0x3BBD,
    0x3B9D,0x3B9D,0x3B9D,0x3B9D,0x3B9D,0x3B9D,0x43BD,0x439D,0x43BD,0x43BD,0x43BD,0x43BD,0x43BD,0x43BD,0x43BD,0x43BC,
    0x4BDC,0x541D,0x5BFC,0x643D,0x749D,0x7CFD,0x8D5E,0x959E,0x9DDF,0x9DBE,0x9D7E,0x8D5D,0x953D,0x955E,0x8D3E,0x84FD,
    0x7CBD,0x74BD,0x6C7D,0x645E,0x5C5D,0x5C1C,0x53FD,0x4BDD,0x43DD,0x43BD,0x3BBD,0x3BBD,0x339C,0x337D,0x337D,0x335D,
    0x335D,0x337D,0x2B5C,0x2B5C,0x335D,0x2B3C,0x333D,0x2B5D,0x2B3C,0x2B3D,0x2B3C,0x233C,0x2B3D,0x2B3C,0x2B3D,0x2B3C,
    0x2B3D,0x2B3C,0x2B3D,0x2B3D,0x2B3C,0x233D,0x2B3D,0x233D,0x2B3C,0x2B3D,0x2B3C,0x233D,0x2B1D,0x2B3C,0x233D,0x233D,
    0x2B1C,0x2B3D,0x231D,0x2B3C,0x2B1D,0x233C,0x2B3D,0x2B3D,0x231C,0x2B3D,0x2B1C,0x233D,0x2B3D,0x2B1C,0x233D,0x2B1D,
    0x233C,0x2B3D,0x233C,0x2B3D,0x231D,0x2B3C,0x2B3D,0x233C,0x2B3D,0x231C,0x233D,0x2B1C,0x2B3D,0x233C,0x2B3D,0x2B3D,
    0x233D,0x2B3C,0x2B3D,0x2B3C,0x2B5C,0x2B3C,0x337D,0x337D,0x2B1C,0x333C,0x2B3C,0x2B3C,0x2B3C,0x2B3D,0x2B5D,0x233C,
    0x2B5D,0x2B3D,0x2B5C,0x2B5D,0x2B5C,0x2B3D,0x235D,0x2B3C,0x2B3D,0x233C,0x2B3D,0x2B3C,0x2B3D,0x235D,0x2B3C,0x2B3D,
    0x2B5C,0x2B3D,0x337C,0x2B5D,0x2B3C,0x2B5D,0x337D,0x337D,0x3B9D,0x43BD,0x43DD,0x5BFD,0x74DE,0x74FE,0x749D,0x7CDD,
    0x5CBE,0x5CBE,0x64BE,0x5CBE,0x5CBE,0x64BE,0x5CBD,0x64BE,0x5C9E,0x5CBD,0x5C9E,0x5CBD,0x5C9E,0x5C9D,0x5C9E,0x5C7D,
    0x5C9E,0x5C9D,0x5C7E,0x5C9E,0x5C9E,0x5C9E,0x5C9E,0x5C7E,0x5C9E,0x5C9E,0x5C9E,0x5C7D,0x5C7E,0x5C7E,0x547D,0x5C9E,
    0x5C7E,0x5C7D,0x5C9D,0x547E,0x5C9E,0x5C9D,0x547E,0x547E,0x5C5D,0x547E,0x5C7E,0x547E,0x5C7D,0x5C7E,0x547E,0x5C7E,
    0x547E,0x5C7D,0x547E,0x545D,0x545E,0x545D,0x545E,0x545D,0x545D,0x543E,0x545D,0x543E,0x545D,0x543D,0x4C5E,0x543D,
    0x543E,0x543D,0x543E,0x4C3D,0x543E,0x543D,0x4C3D,0x541D,0x4C3D,0x543E,0x543D,0x4C1E,0x4C1D,0x4C3D,0x4C1D,0x4C1E,
    0x4C1D,0x4C1D,0x4C1D,0x4C1E,0x4C1D,0x4C1D,0x441D,0x4C1D,0x4C1D,0x4BFD,0x4BFD,0x4BFD,0x4BFD,0x43FD,0x43FD,0x441D,
    0x4BFE,0x43FE,0x43FD,0x43FD,0x43DD,0x43DD,0x43FD,0x3BDD,0x43FD,0x43DD,0x3BDD,0x43FD,0x43DD,0x43DD,0x3BDD,0x43DD,
    0x3BBD,0x43DD,0x3BDD,0x43DD,0x3BBD,0x43BD,0x3BDD,0x3BBD,0x3BDD,0x43BD,0x3BDE,0x3BBD,0x3BBE,0x3BBD,0x3B9D,0x3BBD,
    0x3BBE,0x3BBD,0x33DE,0x3BBD,0x33BD,0x3BBD,0x3BBE,0x3BDD,0x3BBD,0x3BBE,0x3BBD,0x33BD,0x3BBD,0x3B9D,0x3BBD,0x339D,
    0x3B9D,0x3BBD,0x3B9D,0x339D,0x3B9D,0x339D,0x3B9D,0x3B9D,0x339D,0x3BBE,0x3B9D,0x3BBD,0x3BBE,0x3BBD,0x3BBE,0x3B9D,
    0x3B9D,0x439D,0x3BBD,0x439D,0x3B9D,0x439D,0x3BBD,0x43BD,0x3BBD,0x43BD,0x3BBD,0x43BD,0x3BBD,0x43BD,0x3BBD,0x43BD,
    0x43BC,0x4BBC,0x4BDD,0x53FD,0x53FE,0x5C1D,0x645C,0x74DD,0x7CFE,0x851D,0x955E,0x959E,0x957E,0x9D9E,0x9DDE,0x9D9D,
    0x8D3D,0x853E,0x74BD,0x74BD,0x6C9D,0x647D,0x541D,0x4BDE,0x43DD,0x43BD,0x3B9D,0x339D,0x337D,0x335D,0x335D,0x337D,
    0x337C,0x2B5D,0x2B5C,0x2B5D,0x335D,0x2B3D,0x2B5C,0x335D,0x2B5D,0x2B3C,0x2B5D,0x2B3C,0x2B3C,0x2B5D,0x233C,0x2B5D,
    0x233C,0x2B3D,0x233D,0x2B3C,0x2B3D,0x2B3D,0x2B3C,0x2B3D,0x2B3D,0x233D,0x2B1C,0x2B3D,0x233C,0x2B1D,0x2B3C,0x2B1D,
    0x233C,0x2B3D,0x2B3C,0x233D,0x2B3D,0x2B1C,0x233D,0x2B1C,0x233D,0x2B3C,0x233D,0x2B1C,0x233D,0x2B3C,0x2B3D,0x233C,
    0x2B1D,0x233C,0x2B1D,0x2B3C,0x2B3D,0x231C,0x2B3D,0x2B3D,0x2B3D,0x2B3D,0x2B3C,0x233D,0x2B3C,0x2B3D,0x233D,0x2B3C,
    0x2B3D,0x2B3D,0x233D,0x2B3C,0x2B3B,0x2B3C,0x2B1B,0x337D,0x333C,0x2B3C,0x2B3C,0x2B5D,0x2B3D,0x2B5C,0x233D,0x2B5D,
    0x2B5D,0x2B5D,0x2B5D,0x2B5D,0x2B5D,0x2B5D,0x2B3C,0x2B5D,0x2B3C,0x2B3D,0x2B5C,0x2B3D,0x2B5C,0x233D,0x233C,0x2B3D,
    0x2B5C,0x335D,0x337D,0x2B5D,0x2B5D,0x2B5C,0x3B9D,0x3BBD,0x4BBD,0x545D,0x6C9E,0x749E,0x7CDE,0x74BE,0x645E,0x74BD,
    0x64BE,0x64BD,0x5CBE,0x64BD,0x5CBE,0x5CBE,0x649E,0x5CBD,0x5CBE,0x64BE,0x5CBD,0x5C9E,0x64BD,0x5C9E,0x5CBE,0x5C9E,
    0x5C9D,0x5C9E,0x5C9D,0x5C9E,0x5C9D,0x5C9E,0x5C7D,0x549E,0x5C9D,0x5C7E,0x549D,0x5C9E,0x5C9D,0x5C9E,0x5C9E,0x5C7D,
    0x5C9E,0x549E,0x5C7E,0x5C9D,0x5C7E,0x5C9E,0x5C7D,0x547E,0x5C7D,0x547E,0x5C7D,0x5C9E,0x5C9E,0x5C7E,0x5C7D,0x547D,
    0x5C7E,0x547D,0x5C5E,0x545D,0x547E,0x5C5D,0x545D,0x545E,0x545D,0x545D,0x543D,0x545D,0x4C3E,0x545D,0x543D,0x545D,
    0x543E,0x4C3D,0x543E,0x543D,0x4C3D,0x541D,0x4C3E,0x541D,0x541D,0x4C3D,0x543E,0x543D,0x543D,0x4C1E,0x4C3D,0x4C1D,
    0x4C3E,0x4C1D,0x4C3D,0x4C1D,0x4C1D,0x4C1D,0x4C1D,0x4C1D,0x4BFD,0x441D,0x4C1D,0x43FD,0x43FE,0x43FE,0x4C1D,0x43FC,
    0x43DE,0x441E,0x441E,0x3C1E,0x43FD,0x43DD,0x43FD,0x43FD,0x43DD,0x43DD,0x43DD,0x3BDD,0x43DD,0x43DD,0x43DE,0x3BDE,
    0x43DD,0x43DE,0x43DE,0x3BDD,0x43DE,0x3BBD,0x3BDD,0x43BD,0x43DD,0x3BDE,0x3BBD,0x43BE,0x3BBD,0x3BBE,0x3BBD,0x3BBE,
    0x3BBD,0x3BBD,0x3BBD,0x3BBD,0x3BBE,0x3BBD,0x33BD,0x3BBD,0x33BD,0x3BBD,0x3BBE,0x3BBD,0x3BBE,0x3B9D,0x3BBE,0x3B9D,
    0x3B9D,0x3B9D,0x3B9D,0x3B9D,0x339D,0x3B9D,0x339D,0x3B9D,0x3B9D,0x3B9D,0x339D,0x3B9D,0x339D,0x3B9D,0x3BBD,0x3BBD,
    0x43BD,0x43BD,0x3BBD,0x439D,0x3BBC,0x3B9D,0x43BD,0x3BBD,0x3B9D,0x3BBD,0x439D,0x3BBD,0x3B9D,0x43BD,0x3BBD,0x43BD,
    0x43BD,0x43BD,0x43BD,0x43DC,0x43DD,0x4BFC,0x53FD,0x5C1D,0x5BFC,0x641C,0x6C7D,0x84FE,0x8D5E,0x9DBE,0x9DDD,0x9DDD,
    0x9DDD,0x959D,0x851D,0x74BC,0x6C7D,0x645D,0x541D,0x4BFD,0x43BD,0x3B9C,0x337C,0x337D,0x335C,0x335D,0x335C,0x2B5D,
    0x335D,0x2B7D,0x2B7D,0x335C,0x2B3D,0x2B5D,0x335D,0x2B3C,0x2B5D,0x2B5D,0x2B3C,0x2B5D,0x2B5D,0x2B5C,0x2B3D,0x2B5C,
    0x2B3D,0x2B3D,0x2B3C,0x233D,0x2B3D,0x233C,0x2B3D,0x233D,0x2B3C,0x2B3D,0x233D,0x2B3D,0x2B3D,0x233C,0x2B3D,0x2B3D,
    0x233C,0x2B1D,0x233D,0x2B1C,0x233D,0x2B3C,0x2B3D,0x233C,0x2B3D,0x2B1D,0x2B3D,0x2B3D,0x2B3C,0x233D,0x2B1D,0x2B3C,
    0x233D,0x2B1D,0x2B3C,0x233D,0x2B1C,0x233D,0x2B3D,0x233C,0x2B3D,0x233C,0x2B1D,0x2B3C,0x231D,0x2B3C,0x2B1D,0x233C,
    0x2B3D,0x2B3D,0x2B3D,0x2B3C,0x2B3D,0x2B3C,0x335C,0x43DE,0x543E,0x3BBD,0x333C,0x2B3C,0x2B5D,0x2B5D,0x2B5D,0x2B5D,
    0x2B5D,0x2B5C,0x2B3C,0x2B5D,0x2B3C,0x2B5D,0x2B5C,0x2B3D,0x2B5C,0x2B5D,0x2B5C,0x2B3D,0x2B5D,0x2B5D,0x2B5D,0x2B5D,
    0x2B5D,0x2B5C,0x3B9D,0x337D,0x2B5C,0x2B5C,0x337D,0x43DD,0x543E,0x541C,0x647E,0x6C7E,0x5C5D,0x5C3D,0x5C1E,0x6C9E,
    0x5CDE,0x64BE,0x64DE,0x5CBD,0x64BE,0x5CBD,0x5CBE,0x64BE,0x5CBE,0x64BE,0x5CBD,0x5CBE,0x5CBE,0x5CBD,0x64BE,0x5CBD,
    0x5C9E,0x5CBD,0x5C9E,0x5C9E,0x5C9E,0x5C9E,0x5C9E,0x5C9E,0x5C9E,0x5C9E,0x5C7E,0x5C9E,0x5C9E,0x5C7E,0x5C9E,0x5C9E,
    0x5C9D,0x5C9E,0x5C9E,0x5C9E,0x5C9E,0x547D,0x5C9E,0x5C7D,0x5C7E,0x5C9E,0x5C9E,0x5C9E,0x5CBE,0x5CBE,0x5C9E,0x5C9E,
    0x547D,0x5C7D,0x547E,0x5C7D,0x545E,0x547D,0x547E,0x5C5D,0x545D,0x545E,0x543D,0x545E,0x543D,0x545E,0x543D,0x545E,
    0x543D,0x545D,0x543D,0x545E,0x543D,0x543D,0x4C3D,0x543D,0x543D,0x541D,0x543D,0x4C1D,0x543D,0x4C3D,0x543E,0x4C3D,
    0x4C1D,0x4C3D,0x4C1E,0x4C3D,0x4C1D,0x4C1D,0x4C1D,0x4C1D,0x4C1D,0x43FD,0x441E,0x43FE,0x4C1E,0x541D,0x5C5D,0x647C,
    0x5C5C,0x4BFC,0x43FD,0x441E,0x441D,0x4BFD,0x4BFD,0x43FE,0x43DD,0x3BFD,0x43DD,0x43FD,0x43DD,0x43DD,0x43DD,0x43DD,
    0x43DD,0x43DD,0x43DD,0x43DD,0x43DD,0x43DD,0x43DD,0x43DD,0x43DD,0x3BBD,0x43BE,0x3BDE,0x43BE,0x3BBD,0x3BBE,0x3BBD,
    0x3BBE,0x3BDD,0x3BBE,0x33BD,0x3BBD,0x3BBD,0x3BBE,0x3BBD,0x3BBE,0x33BD,0x3BBD,0x33BD,0x3BBD,0x3BBD,0x3BBD,0x3BBE,
    0x3B9D,0x339D,0x3B9D,0x3B9D,0x3B9D,0x3B9D,0x3B9D,0x3B9D,0x339D,0x3B9D,0x3B9D,0x3B9D,0x3B9D,0x3B9D,0x3BBE,0x3BBD,
    0x43BD,0x3BBD,0x43BC,0x3BBD,0x43BD,0x43BC,0x3BBD,0x43BD,0x3BBD,0x43BD,0x3BBD,0x43BD,0x3BBD,0x43BD,0x43BD,0x43BD,
    0x43DD,0x43BE,0x43DD,0x43DC,0x43DC,0x4BDD,0x4BDE,0x4BDD,0x4BFD,0x53DD,0x5BFD,0x645D,0x74BD,0x853D,0x959D,0x9DDE,
    0xA5DE,0x9DDE,0x8D7D,0x84FD,0x749D,0x643E,0x5C1D,0x53FD,0x4BDD,0x43BC,0x337D,0x335C,0x335D,0x337D,0x335D,0x335D,
    0x2B5C,0x335D,0x2B7C,0x2B5D,0x335D,0x2B5C,0x2B3D,0x335D,0x2B5C,0x333D,0x2B5D,0x2B5C,0x2B3D,0x2B5C,0x2B5D,0x2B3D,
    0x2B3D,0x2B3D,0x2B3D,0x2B3D,0x2B3C,0x2B3D,0x2B3D,0x2B3C,0x233D,0x2B3D,0x2B3C,0x2B3D,0x2B3C,0x2B3D,0x233D,0x2B3D,
    0x2B3D,0x2B3C,0x2B3D,0x2B3D,0x2B3C,0x233D,0x2B3D,0x2B3D,0x2B3C,0x233D,0x2B3C,0x233D,0x2B3D,0x2B3C,0x233D,0x2B3D,
    0x2B3C,0x2B3D,0x233D,0x2B3D,0x2B3D,0x2B3C,0x2B3D,0x2B3D,0x2B3C,0x2B3D,0x233D,0x2B3D,0x2B3D,0x233D,0x2B3D,0x2B3D,
    0x2B3D,0x2B5D,0x2B5D,0x2B3D,0x2B5D,0x2B5D,0x335C,0x337C,0x3BBD,0x43FF,0x339D,0x335D,0x2B5D,0x2B5D,0x235C,0x2B5D,
    0x337D,0x337D,0x2B3C,0x2B3C,0x2B5D,0x2B5C,0x2B5D,0x2B5D,0x2B5D,0x2B5D,0x2B5D,0x2B5C,0x2B5D,0x235D,0x2B5D,0x2B5C,
    0x2B5D,0x2B3C,0x3B9E,0x43DD,0x43BD,0x33BD,0x337C,0x337C,0x4BBC,0x53FD,0x6C9E,0x6C9E,0x647D,0x53FD,0x4BBB,0x74BD,
    0x64DD,0x64DE,0x64DD,0x5CDE,0x64DD,0x64DE,0x64DD,0x64BE,0x5CDE,0x64BE,0x5CBE,0x64BE,0x64BE,0x5CBE,0x5CBE,0x64BE,
    0x5CBD,0x5C9E,0x5CBD,0x5CBE,0x5C9E,0x5CBE,0x5C9E,0x5C9E,0x5C9E,0x5C9D,0x5C9E,0x5C9E,0x5C9E,0x5C9E,0x5C9D,0x5C9E,
    0x5C9E,0x5C9E,0x5C9E,0x5CBE,0x5C9E,0x5C9D,0x5C7E,0x5C9E,0x5C9D,0x5C9D,0x5C9E,0x5C9E,0x5C9E,0x64BE,0x5C9E,0x5C7D,
    0x5C9E,0x5C7D,0x5C9D,0x547E,0x5C7D,0x5C7E,0x5C7D,0x547E,0x545D,0x545D,0x545E,0x545E,0x545D,0x545E,0x545E,0x545D,
    0x545E,0x545D,0x545E,0x545D,0x543D,0x4C5D,0x543E,0x543D,0x543D,0x543D,0x4C1D,0x543D,0x543D,0x4C1D,0x4C3D,0x543D,
    0x4C3D,0x543E,0x543D,0x545E,0x4C5E,0x543D,0x4C3E,0x4C3D,0x4C1D,0x4C1D,0x441E,0x543E,0x5C3D,0x7D1E,0xA63E,0xB69E,
    0xB69F,0x853D,0x545C,0x4BFD,0x4C1D,0x4BFD,0x43FD,0x43FD,0x43FD,0x43FD,0x43FD,0x43DD,0x43FD,0x43FD,0x43DD,0x43FD,
    0x43DD,0x43DD,0x43DD,0x43BD,0x43DD,0x43DD,0x43FD,0x43DD,0x43DD,0x43BD,0x3BDE,0x43DD,0x3BBE,0x43BE,0x3BBD,0x43BE,
    0x3BDD,0x3BDE,0x3BDE,0x3BDD,0x3BBE,0x3BDD,0x3BBE,0x3BDD,0x3BBD,0x3BDE,0x3BBD,0x3BBE,0x3BBD,0x3BBE,0x3BBD,0x3BBD,
    0x3BBD,0x3BBE,0x3BBD,0x3B9D,0x3BBE,0x3BBD,0x3BBD,0x3BBE,0x3BBD,0x3BBD,0x3BBE,0x3B9D,0x3BBD,0x3B9D,0x3BBD,0x3BBE,
    0x43BC,0x43BD,0x43BD,0x43DC,0x43BD,0x3BDD,0x43BD,0x3BDD,0x43DD,0x3BDD,0x3BDD,0x43DD,0x43BD,0x43BC,0x4BBD,0x4BBD,
    0x4BDD,0x4BDD,0x43BE,0x4BDC,0x4BDD,0x43BD,0x43DD,0x4BDD,0x4BFD,0x4BDD,0x53DD,0x5C1E,0x645D,0x74BE,0x851E,0x8D5E,
    0x9D9E,0x9DBE,0x959E,0x8D3E,0x7CFE,0x749E,0x645E,0x543D,0x4BDC,0x43BC,0x439D,0x3B7D,0x337D,0x337D,0x337D,0x335D,
    0x2B5C,0x2B7D,0x2B5D,0x335C,0x2B3D,0x2B5D,0x335C,0x2B3D,0x2B5D,0x2B5C,0x2B5D,0x2B3C,0x2B5D,0x2B5D,0x2B3C,0x2B5C,
    0x2B5D,0x2B5D,0x2B5D,0x2B3D,0x233D,0x2B3C,0x231D,0x2B3D,0x2B3C,0x2B3D,0x233D,0x2B3C,0x233D,0x2B3D,0x2B3C,0x2B3D,
    0x233D,0x2B3D,0x2B3D,0x233D,0x2B3D,0x2B3D,0x2B3C,0x2B3D,0x2B3D,0x2B3D,0x2B3D,0x2B3C,0x2B3D,0x2B3D,0x2B3D,0x2B3D,
    0x2B3D,0x2B3D,0x2B3C,0x2B3D,0x2B3D,0x233D,0x2B3C,0x233D,0x2B3D,0x2B3D,0x2B3C,0x2B3D,0x2B3D,0x2B3C,0x2B3D,0x2B3C,
    0x2B5D,0x2B3D,0x2B3D,0x2B5D,0x2B5C,0x2B5D,0x2B3C,0x335D,0x2B5D,0x335D,0x337D,0x337D,0x2B5D,0x2B5D,0x2B5D,0x2B5D,
    0x337D,0x3BBE,0x339E,0x335C,0x335D,0x335C,0x2B5D,0x2B5C,0x2B5D,0x2B5C,0x2B5D,0x2B5D,0x2B5D,0x2B7D,0x2B5D,0x2B5D,
    0x2B5D,0x335D,0x2B5C,0x439C,0x4C1D,0x43FE,0x337D,0x337C,0x43DD,0x5C3D,0x6C7E,0x74BD,0x6CBD,0x645E,0x747E,0x8D3D,
    0x64DE,0x5CDD,0x64DE,0x64DE,0x64DD,0x64DE,0x5CDE,0x64DE,0x64BE,0x64DD,0x5CBE,0x64BD,0x5CBE,0x64BE,0x64BE,0x64BE,
    0x64BE,0x64BE,0x64BE,0x649E,0x5C9E,0x649E,0x5C9E,0x649E,0x5C9E,0x5C9E,0x649E,0x5C9D,0x5C9E,0x5CBD,0x5C9E,0x5C9E,
    0x5CBD,0x5C9E,0x5C9D,0x5CBE,0x5C9E,0x5CBE,0x5C9D,0x5CBE,0x5C9E,0x5C9E,0x5C9D,0x5C9E,0x5C9D,0x5C9E,0x5CBE,0x5C9E,
    0x547D,0x5C9E,0x5C7E,0x547D,0x5C7D,0x547E,0x547D,0x545D,0x5C7D,0x547D,0x545D,0x5C5D,0x547E,0x5C5D,0x545D,0x5C5E,
    0x5C3D,0x543D,0x541D,0x6C7E,0x855E,0x6CDE,0x545E,0x543D,0x5C5C,0x749D,0x7CBC,0x9DDE,0xAE7F,0x6CBD,0x5C3C,0x543D,
    0x4C3E,0x4C3D,0x4C3E,0x543D,0x543D,0x545F,0x545E,0x4C1D,0x4C1D,0x541D,0x541D,0x5C1D,0x74BC,0x959D,0xCEFE,0xDF5F,
    0xD71E,0xD73E,0xA63F,0x645C,0x4BFD,0x4BFD,0x43FD,0x4BFD,0x43FE,0x43FD,0x43DD,0x43FE,0x43FD,0x43DD,0x43DD,0x43DD,
    0x43DD,0x43DD,0x43DD,0x43DD,0x43DD,0x43DD,0x43DD,0x43DD,0x43DD,0x43DD,0x43DE,0x43DD,0x3BDE,0x3BDD,0x43DD,0x3BBD,
    0x3BDE,0x3BDE,0x3BDD,0x3BDE,0x3BDE,0x3BDE,0x3BBD,0x3BBE,0x3BDE,0x3BBD,0x3BBD,0x3BBD,0x3BBE,0x3BBD,0x3B9E,0x3BBD,
    0x3BBE,0x3BBD,0x3BBE,0x3BBD,0x3BBD,0x3BBD,0x3BBD,0x3BBD,0x3BBD,0x3BBD,0x3B9D,0x3BBD,0x3BBD,0x3B9D,0x3BBD,0x3B9D,
    0x3BBD,0x43BD,0x3BDD,0x43BD,0x43BD,0x43BD,0x43BD,0x3BBC,0x43BD,0x43BD,0x43BD,0x3BDD,0x43BD,0x43BC,0x43BD,0x43DD,
    0x43BD,0x43DD,0x43DD,0x43BD,0x43BC,0x43BD,0x43BD,0x43BC,0x43DD,0x43DD,0x4BDD,0x4BFD,0x5C1D,0x5C5D,0x645D,0x6C9D,
    0x7CDD,0x853E,0x8D5F,0x8D5E,0x7CFE,0x7CDD,0x74BD,0x6C7D,0x5C3D,0x4BBC,0x439C,0x3B7D,0x3B7D,0x3B7D,0x335D,0x337D,
    0x335E,0x337D,0x335D,0x2B5D,0x335D,0x2B5D,0x2B5D,0x2B5C,0x2B5D,0x2B5D,0x2B5D,0x2B5D,0x2B5C,0x2B5D,0x2B5D,0x2B5D,
    0x2B5D,0x2B3D,0x2B5C,0x2B3D,0x2B5C,0x2B3D,0x2B5D,0x2B3C,0x233D,0x2B3C,0x2B3C,0x2B3D,0x2B3C,0x2B3C,0x233D,0x2B3C,
    0x2B3C,0x2B3C,0x233C,0x2B5C,0x2B3C,0x2B3D,0x2B5D,0x2B5C,0x2B5D,0x233C,0x2B3C,0x233D,0x2B3C,0x2B5D,0x2B5C,0x2B3D,
    0x233C,0x2B5C,0x233D,0x2B3C,0x2B5C,0x2B3D,0x2B3C,0x2B3D,0x233C,0x2B3C,0x233D,0x2B3C,0x235C,0x2B5D,0x2B3D,0x2B5D,
    0x2B5D,0x2B5C,0x2B5D,0x2B5C,0x2B5D,0x2B5D,0x2B5D,0x2B5D,0x2B5D,0x2B5C,0x2B5D,0x2B5D,0x2B5C,0x2B5C,0x233C,0x337C,
    0x43FC,0x4BFD,0x43BE,0x335D,0x2B3C,0x2B5D,0x2B5D,0x2B5C,0x2B5D,0x335C,0x2B7D,0x337C,0x2B7D,0x2B7D,0x2B5D,0x337D,
    0x2B5C,0x337C,0x337D,0x3B5C,0x43DD,0x3B9D,0x337D,0x3B7D,0x3BBD,0x43DC,0x43BD,0x541D,0x5C5D,0x6C9D,0x8D5E,0x9DBE,
    0x64DD,0x64DE,0x64DD,0x64DE,0x64FE,0x64DD,0x64DE,0x5CDD,0x64DE,0x5CDD,0x64DE,0x64DD,0x64DE,0x64BE,0x5CBE,0x64BE,
    0x5CBE,0x64BD,0x5CBE,0x64BE,0x5C9E,0x649E,0x5C9E,0x649E,0x5C9E,0x649E,0x5CBD,0x64BE,0x649D,0x5C9E,0x649D,0x5CBE,
    0x649D,0x5CBE,0x5CBD,0x649E,0x5CBD,0x5C9E,0x64BE,0x5C9E,0x5C9E,0x5C9E,0x5C9E,0x5C9E,0x5C7E,0x5C9E,0x547D,0x5C9E,
    0x5C7E,0x5C9D,0x5C9E,0x547D,0x5C7E,0x547D,0x5C5D,0x547D,0x545D,0x545E,0x5C7D,0x547D,0x545D,0x5C5D,0x5C5D,0x6CBE,
    0x857E,0x6CFC,0x6CBD,0x853C,0xBEDE,0xA63E,0x541B,0x6C9D,0x95BE,0xBE9F,0xD75F,0xE75F,0xDF7E,0xC71F,0x9DFE,0x645C,
    0x541D,0x4C3E,0x4C5D,0x543D,0x4C1E,0x541E,0x4C1D,0x5C3C,0x643D,0x7CFD,0x95BE,0x855C,0xAE3E,0xCF1E,0xE75E,0xEF7F,
    0xE77E,0xD73E,0xB65E,0x6C9C,0x541D,0x43FD,0x441D,0x4BFD,0x4BFD,0x4BFD,0x4BFE,0x43FD,0x4BFE,0x43DD,0x4BFD,0x43DD,
    0x43DD,0x43DD,0x43DD,0x43DD,0x43DD,0x43DD,0x43DD,0x43DD,0x43DD,0x43DD,0x3BDD,0x43DE,0x43DD,0x3BDD,0x43BD,0x3BDD,
    0x3BDE,0x43DD,0x3BDE,0x3BDE,0x3BDD,0x3BDE,0x3BBD,0x3BBE,0x43BD,0x3BBE,0x3BBD,0x3B9E,0x3BBD,0x3B9D,0x3BBD,0x3B9E,
    0x43BD,0x3BBE,0x43BD,0x3BBD,0x3BBD,0x3BBD,0x3BBD,0x3BBD,0x3BBD,0x3BBD,0x3BBD,0x3BBD,0x3BBD,0x3BBD,0x3BBC,0x3BBD,
    0x3B9C,0x3BBD,0x439D,0x3BBD,0x3B9D,0x3BBC,0x43BD,0x43BD,0x3BBC,0x43BD,0x43DC,0x43BD,0x43DC,0x43BD,0x43BD,0x43BD,
    0x43DD,0x4BBD,0x43DD,0x43BD,0x43DD,0x43BD,0x43BC,0x43BD,0x43DD,0x4BBD,0x4BDD,0x4BDD,0x53FD,0x541D,0x541D,0x541C,
    0x641C,0x645D,0x74BD,0x74DE,0x74DE,0x74DD,0x7CFE,0x74BD,0x6C7D,0x5C1D,0x43BD,0x439D,0x3B7D,0x3B9D,0x3B7D,0x337D,
    0x335D,0x335D,0x2B5D,0x2B5D,0x2B7D,0x2B5D,0x2B5C,0x2B5D,0x335D,0x2B5C,0x2B5D,0x2B5C,0x2B5D,0x2B5D,0x2B5C,0x2B5D,
    0x2B5C,0x2B5D,0x2B5D,0x2B5C,0x2B5D,0x2B5D,0x2B5C,0x2B3D,0x2B3C,0x2B5D,0x2B3C,0x233D,0x2B3C,0x2B5D,0x2B3C,0x2B3D,
    0x2B5C,0x2B5D,0x2B3D,0x2B3C,0x2B5D,0x233C,0x2B5D,0x2B3C,0x2B5D,0x2B5D,0x2B3C,0x2B5C,0x2B3D,0x2B5C,0x2B3D,0x2B5C,
    0x2B5D,0x2B3C,0x2B5D,0x2B3C,0x233D,0x2B5C,0x2B3D,0x2B5C,0x2B3C,0x2B5D,0x2B5C,0x2B3D,0x2B3C,0x2B5D,0x2B5C,0x2B5C,
    0x2B5D,0x2B5D,0x2B5D,0x2B5D,0x2B5C,0x2B5D,0x2B5C,0x2B5D,0x2B5C,0x335D,0x2B5D,0x2B3C,0x335B,0x439C,0x543D,0x5C5D,
    0x74FE,0x5C3D,0x3B3C,0x335D,0x335C,0x2B7C,0x337D,0x337C,0x337D,0x2B5C,0x335C,0x2B5C,0x335C,0x2B5D,0x335D,0x2B5D,
    0x335D,0x337C,0x337D,0x439D,0x5C3E,0x541D,0x3B9C,0x335D,0x337C,0x2B7C,0x337C,0x3BBC,0x43DC,0x543D,0x7CDD,0x853E,
    0x64DE,0x64DE,0x5CDD,0x64FE,0x64DD,0x64DE,0x64DD,0x64DE,0x5CDD,0x64BE,0x64DE,0x5CDE,0x64DD,0x64BE,0x64BD,0x64BD,
    0x64BE,0x64BE,0x64BD,0x64BE,0x64BE,0x5CBE,0x64BE,0x649E,0x64BE,0x64BE,0x64BE,0x5CBE,0x64BE,0x5C9D,0x64BE,0x5C9D,
    0x5CBE,0x5C9E,0x5CBD,0x5C9E,0x5CBD,0x5CBD,0x5C9E,0x5C9E,0x5CBE,0x5C9E,0x5C9E,0x5C9D,0x5C9E,0x5C9E,0x5C9E,0x5C7D,
    0x5C9E,0x547E,0x5C9E,0x5C7D,0x5C7E,0x5C9D,0x547E,0x5C7D,0x547E,0x5C7D,0x547E,0x5C7D,0x5C7D,0x5C7D,0x64BD,0x6D1E,
    0x8DBE,0x8DDE,0x9DFE,0xBE7F,0xDF7F,0xC6FE,0x9D9D,0x957D,0xBE5E,0xDF5E,0xF7BD,0xEFBD,0xF79E,0xF7BD,0xE79F,0xA5FD,
    0x74BC,0x5C5D,0x4C1D,0x543D,0x543D,0x543D,0x647C,0x8D9E,0x9DDE,0xADFD,0xBE7D,0xC6DE,0xD75E,0xE79E,0xEF9E,0xEF7E,
    0xEF7E,0xD71E,0xC6DF,0x855D,0x5C3D,0x4C1D,0x441D,0x4C1D,0x4C1D,0x441D,0x4BFD,0x4BFE,0x43FD,0x4BFD,0x43DD,0x4BFD,
    0x43DD,0x4BFD,0x43DD,0x43DD,0x4BFD,0x43DD,0x43DD,0x43DD,0x43DD,0x43DD,0x43DD,0x43DD,0x3BDD,0x43DD,0x3BDD,0x43DD,
    0x3BBD,0x3BDE,0x43BD,0x3BDD,0x43BD,0x3BDD,0x43BD,0x3BDD,0x3BBD,0x3BBD,0x3BBD,0x3B9D,0x3BBD,0x3BBD,0x3BBE,0x3BBD,
    0x3BBE,0x3BBD,0x3BBE,0x3BBD,0x43BD,0x3BBD,0x43DD,0x3BBD,0x43BD,0x3BBD,0x43DD,0x43DD,0x3BDD,0x3BBD,0x3BBD,0x3BBD,
    0x43BD,0x439D,0x3BBD,0x43BD,0x439D,0x3BBD,0x43BD,0x3BBC,0x43BD,0x3BBC,0x43DD,0x3BBD,0x43BD,0x43BC,0x43BD,0x43DD,
    0x43DD,0x43DD,0x4BBD,0x43DD,0x4BDD,0x43DD,0x43BD,0x43DD,0x4BDD,0x43DD,0x43DD,0x4BFD,0x4BDD,0x4BFD,0x53FC,0x541D,
    0x5C1D,0x5C1D,0x5C3D,0x5C5D,0x647C,0x6CBE,0x74DE,0x7CDE,0x6CBE,0x645D,0x5C3E,0x4BFD,0x43DD,0x43BD,0x3B9D,0x3B7D,
    0x337D,0x337C,0x335D,0x337D,0x2B5D,0x335D,0x2B5D,0x2B5C,0x2B5D,0x2B5D,0x2B5C,0x2B5D,0x2B5D,0x2B5C,0x2B5D,0x2B5D,
    0x2B5D,0x2B5C,0x2B5D,0x2B5D,0x2B5D,0x2B5C,0x2B5D,0x2B5C,0x2B5D,0x2B3C,0x2B5D,0x2B5C,0x2B5D,0x2B5C,0x2B5D,0x2B5C,
    0x2B5D,0x2B5D,0x2B5C,0x2B5D,0x2B5D,0x2B5C,0x2B5D,0x2B5D,0x2B3C,0x2B5D,0x2B5D,0x2B3C,0x2B5D,0x2B5C,0x2B5D,0x2B5C,
    0x2B5D,0x2B5D,0x2B5D,0x2B5C,0x2B5D,0x2B5C,0x2B5D,0x2B5D,0x2B5D,0x2B5C,0x2B3D,0x2B5C,0x2B5D,0x2B5C,0x2B3D,0x2B5D,
    0x2B5C,0x2B5D,0x2B5C,0x2B5D,0x2B5D,0x2B5D,0x2B5D,0x2B5D,0x2B5D,0x2B5D,0x2B3C,0x439D,0x5C5E,0x6CBE,0x8D3E,0x8D3E,
    0x8D5E,0x7CDF,0x3B7D,0x335D,0x337D,0x339C,0x43BD,0x43DE,0x4BDE,0x3B7C,0x43DE,0x439D,0x335C,0x2B7D,0x2B7E,0x335D,
    0x2B5C,0x335C,0x43BE,0x4BFE,0x543D,0x541E,0x3B9D,0x339D,0x335D,0x339D,0x339D,0x33BC,0x3BDD,0x43BD,0x541D,0x5C5D,
    0x64FE,0x64FE,0x64DE,0x64DE,0x64DE,0x64FE,0x5CDD,0x64DE,0x64DD,0x64DD,0x64DD,0x64DD,0x64DE,0x5CBD,0x64DD,0x64BE,
    0x64BD,0x5CBE,0x64BE,0x5CBE,0x64BE,0x64BE,0x64BE,0x5C9D,0x5CBE,0x649D,0x5CBE,0x64BE,0x64BE,0x64BE,0x5CBE,0x64BE,
    0x5CBD,0x64BE,0x5CBE,0x649D,0x5CBE,0x649E,0x5CBE,0x649E,0x5CBE,0x5C9E,0x5C9E,0x5C7E,0x5C9D,0x5C7E,0x5CBE,0x5C9E,
    0x5C9D,0x5C7E,0x5C9D,0x5C9E,0x547E,0x5C7D,0x5C7E,0x5C9E,0x5C7D,0x5C7E,0x547E,0x5C7D,0x547D,0x5C7D,0x64BD,0x6CBD,
    0x7D1E,0x74FB,0x8D7E,0xBE9F,0xD71E,0xE75E,0xD75E,0xCEBD,0xD6DE,0xEF5F,0xF79E,0xEF9D,0xEF7D,0xF77F,0xEF9E,0xE79F,
    0xD75F,0xA5FE,0x7CFE,0x649D,0x5C3C,0x6CDD,0x8D9E,0x9DDD,0xAE1D,0xBE9E,0xCEFF,0xD71E,0xDF3D,0xE75D,0xEF9E,0xE77E,
    0xE73D,0xD71E,0xCEDE,0xAE5F,0x5C7D,0x4C1D,0x4C1D,0x43FD,0x4C1D,0x4BFD,0x441D,0x4BFD,0x4BFE,0x43FD,0x4BFE,0x43FD,
    0x43FD,0x4BDD,0x43FD,0x43DD,0x43FD,0x4BDD,0x43DD,0x43DD,0x43DD,0x43DD,0x43DD,0x3BDD,0x43DD,0x43DD,0x43DD,0x3BDD,
    0x43DD,0x3BDD,0x3BBD,0x43DE,0x3BDD,0x43DE,0x3BDD,0x43BD,0x3BBD,0x43BD,0x3BBD,0x3BBD,0x3BBD,0x3BBE,0x3BBD,0x3BBD,
    0x43BE,0x3BBD,0x43DE,0x3BBD,0x3BDD,0x3BBD,0x43DD,0x3BDD,0x43DD,0x3BDD,0x3BBD,0x3BBD,0x43BD,0x3BDD,0x43BD,0x3BDD,
    0x43BD,0x3BBD,0x43BD,0x43BD,0x43BD,0x43BD,0x43DD,0x43BD,0x43DD,0x43BD,0x43DC,0x43BD,0x43DC,0x43BD,0x43BC,0x43BD,
    0x4BBD,0x43DD,0x43DD,0x43DD,0x4BDD,0x43DD,0x4BDD,0x43BD,0x4BDD,0x4BFE,0x4BFD,0x4BFD,0x4BFD,0x4BFD,0x541D,0x541E,
    0x543D,0x541D,0x4BDC,0x4BDC,0x4BDC,0x53FD,0x5C5D,0x6C7C,0x647D,0x5C3D,0x541D,0x541D,0x541E,0x43FE,0x43DD,0x3B9D,
    0x339D,0x337D,0x339C,0x337D,0x2B7D,0x2B5D,0x335D,0x2B5D,0x2B5D,0x335D,0x2B5D,0x335D,0x2B5D,0x335D,0x2B5D,0x335C,
    0x2B5D,0x335D,0x2B5D,0x335C,0x2B5D,0x2B5D,0x2B5D,0x2B5D,0x2B5C,0x2B5D,0x2B5D,0x2B5D,0x2B5D,0x2B5D,0x2B5D,0x2B5D,
    0x2B3C,0x2B5D,0x2B5C,0x2B3D,0x2B5C,0x2B5D,0x2B3C,0x2B5D,0x2B5C,0x2B3D,0x2B5C,0x2B5D,0x2B5D,0x2B3D,0x2B5C,0x2B3D,
    0x2B5C,0x2B3D,0x2B5C,0x2B5D,0x2B5D,0x2B5D,0x2B3C,0x2B5D,0x2B3C,0x2B5D,0x2B5D,0x2B5D,0x2B5D,0x2B5D,0x2B5C,0x2B5D,
    0x2B5D,0x2B5D,0x2B5D,0x2B5C,0x335D,0x2B5C,0x2B5D,0x335D,0x2B5C,0x335C,0x439C,0x5C3E,0x647D,0x7CDE,0x957F,0x8D1D,
    0x957D,0x74DD,0x439C,0x2B5D,0x2B5E,0x337C,0x43BC,0x5BFC,0x5C1C,0x4BBB,0x5C1D,0x645D,0x5C5D,0x43DC,0x335C,0x43BC,
    0x543D,0x4C1C,0x4BDC,0x3B9D,0x337C,0x335D,0x337E,0x337D,0x2B9C,0x2B7D,0x337D,0x337D,0x2B9C,0x339D,0x4C1E,0x541D,
    0x64FE,0x64FE,0x64FD,0x64DE,0x64FD,0x64DE,0x64DD,0x64DE,0x64DD,0x64FE,0x64DE,0x64FD,0x64DD,0x64FD,0x64BD,0x64DD,
    0x64BE,0x64BE,0x64BE,0x64BE,0x64BD,0x64BE,0x64BD,0x64BE,0x64BD,0x5CBE,0x64BE,0x64BE,0x64BE,0x64BE,0x64BE,0x64BE,
    0x5C9E,0x5CBD,0x64BE,0x5CBD,0x5C9E,0x5CBD,0x5C9E,0x5CBE,0x649E,0x5C9E,0x5C9E,0x5C9E,0x5C9E,0x5C9E,0x5C9E,0x5C9E,
    0x5C7E,0x5C9D,0x547E,0x5C9E,0x5C9E,0x5C9D,0x547E,0x5C9D,0x5C9E,0x547E,0x5C7D,0x5C7E,0x5C7D,0x5C9D,0x649D,0x64DD,
    0x74BE,0x753D,0x8D9F,0x9DBE,0xBE7E,0xD73E,0xDF5E,0xD71D,0xDF3E,0xE77E,0xE77D,0xE77E,0xDF3E,0xD71E,0xDF3E,0xDF5E,
    0xDF7F,0xCEFE,0xBE7E,0x8DBF,0x5C7C,0x6C9E,0x7D5F,0x7D1D,0x84FD,0x9D9F,0xA5DD,0xBE9E,0xC6FD,0xCF1E,0xCEDE,0xD71E,
    0xDF3F,0xD71E,0xC6DE,0xB67F,0x74BD,0x543C,0x4C3D,0x4C1C,0x4C1D,0x4BFD,0x4C1D,0x4C1D,0x4C1E,0x43FD,0x4BFE,0x4BFD,
    0x43FE,0x43FD,0x4BFD,0x43FE,0x4BFD,0x43FE,0x43FD,0x4BDD,0x43FD,0x43DD,0x43FD,0x43DD,0x3BFD,0x43FD,0x43FD,0x43FD,
    0x43BD,0x43DD,0x43DD,0x43DD,0x43DD,0x43DD,0x3BBD,0x3BDD,0x3BBD,0x3BDD,0x3BBD,0x43DD,0x3BDD,0x43BD,0x3BBE,0x43BE,
    0x3BBD,0x3BBE,0x3BBD,0x43BD,0x3BBD,0x3BDD,0x3BBD,0x3BBD,0x3BBD,0x43BD,0x3BDD,0x3BBD,0x3BDD,0x3BBD,0x3BDD,0x3BBD,
    0x43BD,0x43BD,0x43BD,0x3BBD,0x43BD,0x3BBD,0x43BD,0x43DC,0x3BBD,0x43DD,0x43DD,0x43DD,0x43DD,0x43BD,0x43BD,0x43BC,
    0x43DD,0x43BD,0x4BDD,0x43BC,0x43BD,0x43BD,0x43BD,0x43BC,0x43DD,0x43DD,0x43FD,0x4BDD,0x43DD,0x4BDD,0x4BFD,0x53FD,
    0x4C1D,0x4BFC,0x4BFD,0x4BDD,0x43BD,0x43BD,0x4BDD,0x53FD,0x53FC,0x4BDC,0x43BC,0x4BFD,0x4C3E,0x4BFE,0x43DD,0x3B9D,
    0x3B9C,0x339D,0x337D,0x337D,0x335D,0x2B7D,0x2B7D,0x335D,0x2B7D,0x2B5D,0x2B7D,0x2B5D,0x337D,0x2B5D,0x2B7D,0x2B5D,
    0x337D,0x2B5D,0x2B7D,0x2B5D,0x337D,0x2B5D,0x335D,0x2B5D,0x2B5D,0x2B5D,0x2B5C,0x2B5D,0x2B5C,0x2B5D,0x2B5C,0x2B5D,
    0x2B5D,0x2B3C,0x2B5D,0x2B5C,0x2B3D,0x2B5D,0x2B5C,0x2B3D,0x2B5C,0x2B5D,0x2B5D,0x2B5C,0x2B5D,0x2B5C,0x2B5D,0x2B5D,
    0x2B3C,0x2B5D,0x2B5C,0x2B5D,0x2B5C,0x2B5D,0x2B5C,0x2B5D,0x2B5C,0x2B5D,0x2B5C,0x2B5D,0x2B5C,0x2B5D,0x2B5D,0x2B5C,
    0x2B5D,0x2B3C,0x335D,0x2B5D,0x2B5D,0x337D,0x2B5D,0x2B7D,0x335D,0x43DE,0x541D,0x645E,0x643D,0x74BE,0x7CDE,0x74BD,
    0x7D3E,0x6CDD,0x4BFD,0x3B9C,0x335B,0x4BDC,0x8D7E,0x9DFF,0x9DBE,0x84FC,0x7CDB,0x8D3D,0x957D,0x8D7D,0x84FC,0x9D9E,
    0xB6BF,0xBE7F,0x9D9D,0x7D1D,0x649C,0x4BDB,0x3B9B,0x2B5C,0x2B7C,0x337D,0x335C,0x339C,0x3B9D,0x339D,0x43DD,0x543D,
    0x64FE,0x6CFE,0x64FE,0x64FE,0x64FE,0x64FE,0x64FE,0x64FD,0x64FE,0x64FD,0x64FD,0x64DD,0x64FD,0x6D1E,0x755E,0x64DD,
    0x64BD,0x64DE,0x64BE,0x64DE,0x64BE,0x64DD,0x5CBE,0x64BD,0x64BE,0x64BD,0x64BE,0x64BE,0x5CBE,0x64BD,0x64BE,0x64BE,
    0x5CBD,0x5CBE,0x5C9E,0x64BE,0x5CBE,0x64BE,0x5CBE,0x64BE,0x5CBE,0x5CBE,0x5C9E,0x5CBE,0x5C9E,0x5C9E,0x5C9E,0x5C9E,
    0x5C9E,0x5C9E,0x5C9E,0x5C9E,0x5C9E,0x5C9E,0x5C9E,0x5C7E,0x5C9D,0x5C7E,0x547E,0x5C7D,0x5C7E,0x5C7E,0x5C7D,0x5C5D,
    0x649D,0x6CFD,0x6CDD,0x7D1D,0x853D,0xAE3D,0xBEBF,0xBEBE,0xCF1E,0xD73E,0xCEFE,0xC6DE,0xBE9D,0xA63D,0xAE3E,0xBE7E,
    0xB65E,0xAE1D,0xA61E,0x8D5E,0x6CBE,0x5C5D,0x5C5D,0x5C5C,0x5C3D,0x5C5D,0x5C5D,0x855E,0x9DFF,0xADFF,0x959D,0xA5FD,
    0xC6DE,0xD73E,0xD6FE,0xB65E,0x8D7E,0x74FE,0x5C9E,0x545E,0x4C3C,0x4C1D,0x4C1D,0x441D,0x4C1D,0x4BFE,0x4C1D,0x4BFE,
    0x43FD,0x4BFE,0x43FD,0x4BFE,0x4BFD,0x4BFE,0x43DD,0x4BFE,0x43DE,0x43FD,0x43FD,0x43FD,0x43FD,0x43DD,0x3BFD,0x43DD,
    0x43DD,0x43DD,0x43DD,0x43DD,0x43DD,0x43DD,0x43DD,0x43DD,0x3BDD,0x43DD,0x43DD,0x3BDD,0x43BD,0x3BBE,0x3BBD,0x3BBE,
    0x43BD,0x3BBE,0x43BE,0x3BDD,0x3BBD,0x43BD,0x3BDD,0x43BD,0x3BDD,0x3BBD,0x43DD,0x3BBD,0x43BD,0x3BDD,0x43BD,0x3BBD,
    0x43BD,0x3BBD,0x43BD,0x43BD,0x43BE,0x43DD,0x43BD,0x3BDD,0x43BC,0x43DD,0x43DD,0x43DD,0x43BD,0x43BC,0x43BD,0x43BD,
    0x43DD,0x43DD,0x43BD,0x43BD,0x4BDD,0x43DD,0x43BC,0x439D,0x439C,0x43DC,0x43DD,0x43DC,0x43DD,0x4BDD,0x43BD,0x4BDD,
    0x43DC,0x4BDD,0x43DC,0x43BD,0x43BD,0x4BBD,0x43DD,0x43DD,0x43BD,0x3BBD,0x3B9C,0x3B9C,0x43BD,0x43DD,0x43BE,0x3B9D,
    0x337D,0x337D,0x337D,0x2B7D,0x337D,0x2B5D,0x2B5D,0x2B7D,0x335C,0x2B7D,0x335D,0x2B5D,0x2B7C,0x335D,0x2B5D,0x337D,
    0x2B5D,0x2B7D,0x335D,0x2B7D,0x2B5D,0x337D,0x2B5D,0x337D,0x2B5D,0x337D,0x2B5D,0x337D,0x335D,0x2B7D,0x335D,0x2B5D,
    0x2B5D,0x2B5D,0x2B5D,0x2B5D,0x2B5D,0x2B5D,0x2B5D,0x2B5D,0x2B5D,0x2B5D,0x2B5C,0x2B5D,0x2B5D,0x2B5D,0x2B5D,0x2B5D,
    0x2B5D,0x2B5D,0x2B5D,0x2B5D,0x2B5D,0x2B5D,0x2B5D,0x2B5D,0x2B5D,0x2B5D,0x2B5D,0x2B5C,0x2B5D,0x2B5D,0x2B5C,0x2B5D,
    0x335D,0x2B5D,0x2B5C,0x2B7D,0x335D,0x2B7D,0x2B5D,0x335D,0x2B7D,0x3BBD,0x4C1D,0x4BFD,0x4BDC,0x5C5E,0x5C1D,0x53DD,
    0x5C1D,0x647D,0x647D,0x6C7D,0x749D,0x7CDC,0xA5DD,0xC6BF,0xC6BF,0xBE9E,0xBE9E,0xC6DF,0xCEDF,0xC6FE,0xC6FE,0xD71F,
    0xCEFE,0xD71E,0xD73F,0xD73E,0xCF1E,0xB67E,0xA65E,0x74DB,0x4BBB,0x4BDC,0x437B,0x4BFC,0x4BFD,0x3BBD,0x4BFE,0x541D,
    0x6CFE,0x64FE,0x6CFE,0x64FE,0x64DE,0x6CFD,0x64FE,0x64FD,0x64FD,0x64DD,0x64DD,0x64FE,0x64DD,0x64FD,0x85BF,0x755F,
    0x64BD,0x64DE,0x64DE,0x64BD,0x64BE,0x64DD,0x64BE,0x64DD,0x64BE,0x64DE,0x64BE,0x64BE,0x64BE,0x5CBE,0x64BE,0x64BE,
    0x64BE,0x64BE,0x5CBD,0x64BE,0x5CBD,0x64BE,0x5CBE,0x649E,0x5CBE,0x64BE,0x649E,0x64BE,0x5CBE,0x64BE,0x5CBE,0x649E,
    0x5C9E,0x5C9E,0x5C9E,0x64BE,0x5C9E,0x5C9E,0x5C7D,0x5C9E,0x5C7E,0x5C9D,0x547D,0x5C9E,0x547D,0x5C7E,0x5C7E,0x5C7E,
    0x5C7D,0x5C7D,0x5C7D,0x647E,0x6CBD,0x7CFE,0x959E,0xA5FE,0xA61E,0x9DBE,0x957D,0x959D,0x95BE,0x751D,0x7D1D,0x853E,
    0x851E,0x74BD,0x6C7D,0x647D,0x649D,0x647E,0x5C7D,0x545D,0x545C,0x543D,0x545E,0x5C5D,0x645D,0x747D,0x74DD,0x8D5E,
    0xBE5E,0xD73F,0xD73E,0xB65E,0x9D9E,0x855F,0x649D,0x5C5D,0x4C3E,0x4C1D,0x4C1D,0x4C3E,0x4C1E,0x4C1D,0x4BFE,0x4C1D,
    0x4BFD,0x4BFD,0x4BFE,0x43FD,0x4BFE,0x43FD,0x4BFD,0x43FD,0x4BFD,0x43FD,0x43FD,0x43FD,0x43FD,0x43DD,0x43FD,0x43FD,
    0x43DD,0x43DD,0x43DD,0x43DD,0x43DD,0x43DD,0x43DD,0x43DD,0x43DD,0x43DD,0x3BBC,0x43DD,0x43DD,0x3BBD,0x43BE,0x43BD,
    0x3BDD,0x43BE,0x3BBD,0x3BBD,0x43DD,0x3BBD,0x3BDE,0x3BBD,0x43DD,0x3BBD,0x3BBE,0x3BDD,0x43BD,0x3BBD,0x3BDD,0x3BBD,
    0x43BD,0x43BD,0x3BBD,0x43BD,0x3BBD,0x43BD,0x43BD,0x43BD,0x43BD,0x43BC,0x43BD,0x43BD,0x43DD,0x43DD,0x43BD,0x43DD,
    0x43DD,0x43DD,0x43DC,0x43DD,0x43DD,0x43DD,0x43BD,0x43BC,0x3BBD,0x43BD,0x43BC,0x43DD,0x43BC,0x43BD,0x43BD,0x43BD,
    0x43BD,0x43DD,0x43BD,0x43BD,0x43BD,0x43BD,0x3B9D,0x3BBD,0x3B9D,0x3B9D,0x3B9D,0x339C,0x3B9D,0x3B9D,0x3BBD,0x339D,
    0x337D,0x337D,0x337C,0x337D,0x337D,0x337D,0x335D,0x2B7D,0x335D,0x2B5D,0x337D,0x2B5D,0x337D,0x2B5D,0x2B7D,0x2B5D,
    0x335D,0x2B7D,0x2B5D,0x335D,0x2B7D,0x2B5D,0x337C,0x2B7D,0x337D,0x337D,0x2B7D,0x335D,0x2B7D,0x337D,0x2B7D,0x337D,
    0x2B7D,0x335C,0x2B7D,0x337D,0x2B5C,0x337D,0x2B5D,0x335C,0x2B7D,0x2B5D,0x335D,0x2B5D,0x2B5C,0x335D,0x2B5C,0x2B5D,
    0x335D,0x2B7C,0x2B5D,0x335C,0x2B5D,0x335C,0x2B5D,0x335D,0x2B5C,0x335D,0x2B5D,0x335D,0x2B5D,0x335D,0x2B5D,0x2B5D,
    0x2B5C,0x2B5D,0x2B5D,0x335D,0x2B7D,0x2B5D,0x2B5D,0x2B7D,0x2B5D,0x337D,0x339D,0x335C,0x3B9D,0x43BD,0x4B9D,0x4B9C,
    0x437B,0x53FB,0x853D,0x959E,0xA5DE,0xAE1E,0xBE9D,0xD6FD,0xD73E,0xDF5E,0xDF1E,0xD71E,0xDF3E,0xD73E,0xCF3E,0xCF3E,
    0xCF1F,0xCF1E,0xD75E,0xDF5E,0xE75E,0xE77E,0xE77E,0xD75F,0xC67E,0xA5DE,0x7CFC,0x6CDD,0x64BF,0x4BDD,0x3B9C,0x3BBD,
    0x6CFE,0x6CFD,0x64FE,0x6CFD,0x64FE,0x6CFD,0x64DE,0x6CDD,0x64DE,0x6CFD,0x64DE,0x64FD,0x6CDD,0x64DE,0x6D1E,0x6D1E,
    0x64FE,0x64DD,0x64DD,0x64DE,0x64DD,0x64DE,0x64DE,0x64DE,0x64DD,0x64DE,0x64DD,0x64BE,0x5CDD,0x64BE,0x64BD,0x64BD,
    0x5CBE,0x64BE,0x64BE,0x64BE,0x5C9E,0x64BE,0x64BE,0x64BE,0x64BE,0x64BE,0x5CBE,0x64BE,0x64BE,0x649E,0x5C9E,0x5C9E,
    0x649E,0x5CBE,0x649E,0x5C9E,0x649E,0x5C9E,0x5C9E,0x5C7D,0x5C9E,0x5C9E,0x5C9D,0x5C9D,0x649D,0x64BD,0x649D,0x647D,
    0x5C7D,0x5C5E,0x5C7D,0x5C7E,0x5C7E,0x647E,0x649E,0x74DE,0x6CBE,0x6C9C,0x6C7D,0x6CBD,0x74DE,0x6CBE,0x6CDE,0x5C7D,
    0x5C5D,0x5C5D,0x5C5D,0x545D,0x545D,0x545D,0x547D,0x545D,0x545D,0x543D,0x545E,0x545D,0x5C3E,0x5C5D,0x645B,0x7D3E,
    0xA5BE,0xB69E,0xC6FF,0xB67F,0x851C,0x84FD,0x855E,0x647C,0x541E,0x4C1D,0x4C1D,0x4C3D,0x4BFE,0x4BFD,0x4C1D,0x4BFD,
    0x4C1D,0x4BFD,0x4C1D,0x4C1D,0x4C1D,0x4C1D,0x43FD,0x4BFD,0x43FD,0x43DD,0x4BFD,0x43DD,0x43FD,0x4BFD,0x43DD,0x43FD,
    0x43DD,0x43DD,0x43DD,0x43DD,0x43DD,0x43DD,0x43DD,0x43BD,0x43DD,0x43DD,0x43BD,0x43DC,0x43DD,0x43BD,0x43DD,0x3BBD,
    0x43BD,0x43BD,0x43BD,0x3BDD,0x3BBD,0x43DD,0x3BBD,0x43BD,0x3BBD,0x3BDD,0x43BD,0x3BDD,0x3BBD,0x3BDD,0x43BD,0x3BDE,
    0x43BD,0x3BBD,0x43BD,0x3B9D,0x43BD,0x43BD,0x43BD,0x3BBC,0x43BD,0x43DD,0x43BD,0x43DD,0x4BFE,0x43DD,0x43BD,0x43DD,
    0x43DD,0x43DD,0x43DD,0x43DD,0x43DD,0x43DD,0x43DD,0x43BD,0x43DC,0x43BD,0x3BBD,0x43BD,0x3BBD,0x43BD,0x3B9C,0x3B9D,
    0x3BBD,0x43BE,0x3BBE,0x3BBD,0x3BBE,0x3BBD,0x3BBE,0x3B9D,0x3B9D,0x3B9D,0x3B9D,0x3B9D,0x3BBE,0x339D,0x3B9D,0x3BBD,
    0x339D,0x337C,0x337D,0x337D,0x337D,0x337D,0x337D,0x335D,0x337D,0x2B5C,0x337D,0x2B7D,0x335D,0x2B7D,0x337C,0x337D,
    0x2B7C,0x335D,0x2B7C,0x337D,0x337C,0x2B7D,0x335D,0x335D,0x2B5C,0x335D,0x335D,0x337D,0x335C,0x2B7D,0x335D,0x2B7C,
    0x335D,0x2B7D,0x337D,0x2B5D,0x337D,0x2B7D,0x2B5C,0x2B7D,0x335D,0x2B7C,0x337D,0x2B7D,0x337D,0x2B5D,0x337D,0x2B7C,
    0x2B5D,0x335D,0x2B7D,0x2B5D,0x337C,0x2B5D,0x2B7D,0x2B5D,0x2B7D,0x2B5D,0x2B7D,0x2B5D,0x337D,0x2B5D,0x335D,0x2B7D,
    0x335D,0x2B7D,0x335D,0x2B7D,0x2B5D,0x337D,0x337D,0x335D,0x2B7D,0x337D,0x335D,0x337D,0x335D,0x3B7C,0x439C,0x5C3E,
    0x6C7D,0x851E,0x8D9E,0x8D5D,0xA5BD,0xB63E,0xC6DE,0xCF1E,0xDF7E,0xDF7E,0xDF7D,0xE75D,0xDF5E,0xD73E,0xCEFE,0xC6DF,
    0xC6DE,0xBE7C,0xCEDD,0xD73E,0xDF9F,0xE77E,0xE75E,0xE75E,0xE79E,0xCF1D,0xBEBE,0x9DBE,0x7CFE,0x5C3D,0x43DC,0x3BDD,
    0x6D1E,0x64FD,0x6CFD,0x6CFE,0x6CFD,0x64FE,0x6CFD,0x64FE,0x6CFD,0x64FE,0x6CFD,0x6CFE,0x64DD,0x6CFD,0x64DD,0x64DD,
    0x6CFE,0x64DD,0x6CFE,0x64DE,0x64DE,0x64BD,0x64DD,0x64DE,0x64DE,0x64DD,0x64DE,0x64DE,0x6CDD,0x64DE,0x64DD,0x64DE,
    0x64BE,0x64DE,0x64BE,0x64BD,0x64BE,0x5CBD,0x64BE,0x5CBD,0x64BE,0x64BE,0x64BD,0x64BE,0x5CBE,0x64BE,0x649E,0x5CBE,
    0x649E,0x5C9E,0x5C9E,0x649D,0x5C9E,0x649E,0x5C9D,0x5C7E,0x5C9D,0x5C7E,0x649E,0x649D,0x6CBE,0x6CDE,0x857F,0x74FD,
    0x647E,0x5C9E,0x647D,0x5C5D,0x5C7D,0x647D,0x5C7D,0x5C7E,0x545D,0x5C7D,0x5C5D,0x545D,0x5C7D,0x5C7D,0x5C7D,0x545D,
    0x5C5D,0x545D,0x543D,0x5C5D,0x545D,0x547E,0x545D,0x545D,0x545D,0x545D,0x545D,0x545E,0x543D,0x5C3D,0x5C3C,0x645D,
    0x649E,0x74DD,0x7D3D,0x7D3D,0x851E,0x851D,0x9DDF,0x7D1E,0x5C3C,0x64BE,0x5C7D,0x4C3D,0x4C1E,0x4C1D,0x4BFD,0x4C1E,
    0x4C1D,0x4C1D,0x4BFD,0x4C1D,0x43FD,0x4C1D,0x4C1D,0x43FD,0x4BFD,0x43FD,0x43FD,0x4BDD,0x43FD,0x43DE,0x4BFD,0x43FD,
    0x4BDD,0x43DD,0x43DD,0x43DD,0x43DD,0x43DD,0x43DD,0x43DD,0x43DD,0x43DD,0x43DD,0x43DD,0x43DD,0x43BE,0x43BD,0x43BD,
    0x43BD,0x3BBE,0x43BD,0x43DD,0x3BBD,0x3BBD,0x3BDD,0x3BBD,0x43DD,0x3BBD,0x3BDD,0x43BD,0x3BDD,0x43BD,0x3BBD,0x3BBD,
    0x43BD,0x43BD,0x43BD,0x43BD,0x43BD,0x3BDE,0x43DD,0x43BD,0x43DD,0x43DE,0x43FD,0x43DC,0x43BC,0x43BD,0x43BD,0x43DD,
    0x43DD,0x43DD,0x3BDC,0x43DD,0x43DD,0x43DD,0x43BC,0x43DD,0x3BBD,0x43BD,0x43BD,0x3BBD,0x43BD,0x3B9D,0x3B9D,0x3B9C,
    0x3BBD,0x3BBD,0x3BBD,0x3B9D,0x3BBD,0x3B9D,0x3B9D,0x3B9D,0x337D,0x3B9D,0x339D,0x3B9D,0x337D,0x3B9D,0x339D,0x339D,
    0x339D,0x337D,0x337C,0x337D,0x337D,0x337D,0x2B5D,0x337D,0x2B5D,0x337D,0x2B5D,0x337C,0x2B7D,0x335D,0x2B7D,0x2B5D,
    0x337D,0x2B7D,0x337D,0x2B5D,0x2B7D,0x335D,0x2B7D,0x335D,0x337D,0x2B7D,0x335C,0x2B7D,0x335D,0x2B7D,0x337D,0x2B5D,
    0x337D,0x2B7D,0x335C,0x2B7D,0x337D,0x2B5D,0x337D,0x337D,0x2B5D,0x337D,0x2B5D,0x337C,0x2B5D,0x2B7C,0x2B5D,0x335D,
    0x2B7C,0x2B5D,0x337C,0x2B5D,0x2B5D,0x337C,0x2B5D,0x337D,0x335D,0x2B7D,0x335D,0x2B7D,0x2B5C,0x2B7D,0x2B5D,0x337D,
    0x2B5D,0x2B7D,0x2B5D,0x337D,0x2B5D,0x2B5D,0x2B7D,0x337D,0x2B5D,0x337D,0x337D,0x335D,0x339D,0x3BBE,0x4BDD,0x4BFC,
    0x5C7D,0x649D,0x6C5C,0x6C3B,0x8D5E,0x9DBE,0xADFD,0xBE9E,0xCEDE,0xCF1E,0xD73E,0xD75E,0xDF3E,0xD71E,0xC6FE,0xBE7E,
    0xAE1D,0xA5BC,0xAE3D,0xC6DE,0xCEFE,0xDF5E,0xDF7E,0xDF5D,0xDF7E,0xDF5E,0xCEDE,0xA5FD,0x957E,0x8D5F,0x647D,0x5C3D,
    0x6D1D,0x6D1E,0x64FD,0x6D1E,0x6D1D,0x6D1E,0x64FE,0x6CFD,0x6CFE,0x6CFE,0x64FE,0x6CFE,0x64FE,0x64DD,0x6CFE,0x64DD,
    0x64DD,0x6CFE,0x64FD,0x6CFE,0x64FE,0x64DE,0x64DE,0x64DD,0x64DE,0x6CDE,0x64DD,0x6CDD,0x6CDD,0x64BD,0x64DD,0x64BD,
    0x64DE,0x64BD,0x64BE,0x64DE,0x64BE,0x64BE,0x64BD,0x64BE,0x64BE,0x5CBD,0x64BE,0x64BE,0x64BD,0x5CBE,0x64BE,0x5C9D,
    0x649E,0x5C9D,0x649D,0x5CBE,0x64BE,0x5C9D,0x649E,0x5C9D,0x649E,0x5C9D,0x5C9D,0x649E,0x64BD,0x6CFE,0x751E,0x751F,
    0x64BD,0x649E,0x6CBE,0x649E,0x649E,0x5C7D,0x5C7E,0x5C9D,0x5C7D,0x547E,0x5C7E,0x547E,0x547E,0x547D,0x545D,0x547D,
    0x5C7E,0x545E,0x545E,0x547E,0x545D,0x5C5D,0x545D,0x545D,0x545D,0x545D,0x545D,0x545D,0x545E,0x545D,0x545E,0x543E,
    0x545E,0x543D,0x543C,0x5C5D,0x6CBE,0x7D1E,0x8D9E,0x8D5E,0x74BE,0x649D,0x64FE,0x543C,0x4C1D,0x4C1D,0x4C1D,0x4C1D,
    0x4C1E,0x4C1D,0x4C1E,0x4BFD,0x4C1D,0x4BFD,0x4C1D,0x4C1D,0x43FD,0x4BFD,0x43FD,0x4BDD,0x43FD,0x4BFD,0x43DD,0x4BFE,
    0x43DD,0x43DD,0x43DD,0x4BFD,0x43DD,0x43DD,0x43DD,0x43DD,0x43DD,0x43DD,0x43DD,0x43DD,0x43DD,0x43BD,0x3BBD,0x43BD,
    0x43BD,0x43DD,0x43BD,0x3BBE,0x43DD,0x3BDD,0x43BD,0x3BDD,0x3BBD,0x43BD,0x3BDD,0x3BBD,0x3BBD,0x3BDD,0x43BD,0x3BDD,
    0x43BD,0x3BBD,0x43BD,0x3BBE,0x43BD,0x43DD,0x43DD,0x43FD,0x4BDE,0x4BFE,0x53FC,0x751E,0x6CDD,0x4BDC,0x43BC,0x43BD,
    0x43DD,0x43DD,0x43DD,0x43DD,0x43BD,0x43DD,0x43DD,0x43BC,0x43BD,0x43BD,0x3BBD,0x43BD,0x43BD,0x43BD,0x43BD,0x3B9D,
    0x43BE,0x3BBD,0x3BBE,0x3B9D,0x3B9D,0x3BBE,0x3B9D,0x3B9D,0x337D,0x3B9D,0x337D,0x3B9D,0x337D,0x339D,0x3B9D,0x339D,
    0x3B9D,0x337D,0x339D,0x337D,0x337D,0x337D,0x337D,0x335D,0x337C,0x2B5D,0x337D,0x2B7D,0x335D,0x2B7C,0x337D,0x2B7D,
    0x335D,0x2B7C,0x335D,0x2B7D,0x337D,0x2B7C,0x335D,0x337D,0x2B5C,0x335D,0x337D,0x335D,0x337D,0x2B5C,0x337D,0x2B7D,
    0x335C,0x2B7D,0x337D,0x2B5D,0x337C,0x2B7D,0x337D,0x2B7D,0x337D,0x2B7D,0x337D,0x2B5D,0x337D,0x337D,0x2B7D,0x337D,
    0x2B5D,0x337C,0x2B5D,0x337D,0x2B5C,0x2B7D,0x335D,0x2B5D,0x2B7D,0x335D,0x2B5D,0x337D,0x2B5D,0x335D,0x2B7D,0x2B5D,
    0x335D,0x2B7D,0x335D,0x2B5C,0x335D,0x335C,0x337D,0x335D,0x2B7D,0x335D,0x3B9D,0x337D,0x337D,0x43DD,0x43BC,0x4BFC,
    0x4BDC,0x4BFD,0x5C3E,0x645D,0x7CDD,0x8D3C,0x9D9C,0xAE1E,0xAE1E,0xB65E,0xBE7E,0xBE9E,0xC6FF,0xCEDD,0xBE9E,0xA5DD,
    0x8D7D,0x8D5D,0x959D,0x9DBD,0xB63D,0xC6DF,0xD71E,0xD71F,0xCF1E,0xC6BD,0xBE7D,0xADFD,0x9D7D,0x957E,0x957E,0x7CDC,
    0x6D1E,0x6D1D,0x6D1E,0x64FD,0x6CFD,0x64FD,0x6D1E,0x6CFE,0x64FD,0x6CFE,0x64FD,0x6CFE,0x6CFD,0x64FE,0x6CFE,0x6CFE,
    0x64FD,0x6CFE,0x64DD,0x6CFE,0x64DE,0x6CFE,0x64DE,0x6CFE,0x64DE,0x64DD,0x6CFE,0x6D1E,0x7D5E,0x7D1E,0x6CDD,0x64DE,
    0x64BD,0x64DE,0x64DD,0x64BE,0x64DD,0x64DD,0x64DE,0x64BD,0x64DE,0x64DD,0x64BD,0x5CBE,0x64BD,0x64BE,0x5C9E,0x64BD,
    0x5CBE,0x64BE,0x5CBE,0x64BE,0x64BE,0x64BE,0x5CBD,0x649E,0x5CBD,0x5C9E,0x5CBD,0x649E,0x5CBE,0x649D,0x64BE,0x649E,
    0x649E,0x6CBE,0x6CDF,0x6CDE,0x64BE,0x649D,0x647D,0x6CBE,0x649D,0x5C7D,0x5C7D,0x5C9D,0x5C7D,0x5C7E,0x547D,0x5C7E,
    0x547E,0x5C7E,0x547E,0x545D,0x547D,0x545D,0x545D,0x545D,0x545D,0x547E,0x545E,0x547D,0x545E,0x545D,0x545E,0x545E,
    0x545D,0x545D,0x545D,0x545E,0x4C3D,0x545C,0x649C,0x74DD,0x7D5F,0x647C,0x5C7C,0x545D,0x543D,0x541E,0x4C1E,0x541D,
    0x4C1D,0x541E,0x4C1D,0x4C1D,0x4C1D,0x4C1E,0x43FD,0x4BFD,0x43FD,0x4BFD,0x4BFD,0x43FE,0x4BFD,0x43FE,0x4BFD,0x43FD,
    0x4BFE,0x43FD,0x43DE,0x43DD,0x43DD,0x43DD,0x43DD,0x43DD,0x43DD,0x43DD,0x43DD,0x43DD,0x43DD,0x43DE,0x43DD,0x43DE,
    0x43BD,0x3BBE,0x43BD,0x43DD,0x43DE,0x43DE,0x3BDD,0x43DE,0x3BDD,0x3BDE,0x43BD,0x3BDE,0x43DD,0x3BBE,0x3BDD,0x43DD,
    0x43BE,0x43BD,0x43BD,0x43BD,0x43DE,0x43DE,0x4BFE,0x43DD,0x43DD,0x5BFD,0x645D,0x957F,0xA61F,0x5C7E,0x4C1D,0x53FD,
    0x43DC,0x4BDD,0x43DD,0x43BD,0x43DD,0x43DD,0x43DD,0x43DD,0x43DD,0x43DD,0x43BD,0x43BD,0x3BBD,0x43BD,0x3BBD,0x43BD,
    0x3B9D,0x3BBD,0x3B9D,0x3BBE,0x3BBD,0x3BBD,0x3B9D,0x339D,0x3B9D,0x339D,0x3B7D,0x337C,0x337D,0x3B9D,0x339D,0x339D,
    0x337C,0x339D,0x337C,0x337D,0x337D,0x337D,0x337D,0x2B5D,0x335D,0x337D,0x2B5C,0x337D,0x2B7D,0x337D,0x2B5D,0x337C,
    0x337D,0x2B7D,0x337D,0x2B7D,0x335D,0x2B7D,0x335D,0x2B5D,0x337D,0x335D,0x2B7D,0x335C,0x2B7D,0x337D,0x337D,0x337D,
    0x2B7D,0x337D,0x2B5D,0x337D,0x337D,0x337D,0x2B7D,0x337C,0x2B5D,0x337D,0x337D,0x337D,0x2B7D,0x337D,0x337D,0x2B7D,
    0x337D,0x2B5D,0x337D,0x339D,0x339E,0x337D,0x2B7D,0x2B5D,0x335D,0x2B7C,0x2B5D,0x2B7D,0x335D,0x2B7D,0x337D,0x2B7D,
    0x337D,0x2B5D,0x337D,0x337D,0x2B5C,0x337D,0x337D,0x337C,0x337D,0x43BD,0x43BE,0x3B9D,0x339D,0x3B7C,0x3B9C,0x541E,
    0x543E,0x4BFE,0x5C1D,0x7CDD,0x9DBE,0xB67E,0xC6DE,0xBE9E,0xBE7E,0xADFD,0x9DBC,0xADFD,0xB65F,0xAE3D,0xA5FE,0x8D7E,
    0x851D,0x74DD,0x851D,0x957E,0x957D,0xADFE,0xB65F,0xB65E,0xAE3E,0xA5FD,0x9DDE,0xA5FD,0x95BC,0x9DBC,0xA63E,0xAE5E,
    0x6D1E,0x6D1D,0x6D1D,0x6D1D,0x6D1E,0x6D1D,0x6D1E,0x6D1E,0x6CFE,0x64FD,0x6CFE,0x6CFE,0x64FE,0x6CFD,0x64FE,0x6CFD,
    0x64FE,0x6CFD,0x64FE,0x6CFE,0x64FE,0x6CFE,0x64DE,0x64DD,0x6CFE,0x64DE,0x6D3E,0x7D3E,0x8DBF,0x859F,0x6CDD,0x64DE,
    0x64DD,0x64DE,0x64DE,0x64DD,0x64DE,0x64DE,0x64DE,0x64DE,0x64DD,0x64DE,0x64BE,0x64DD,0x64BE,0x64BD,0x64BD,0x64BE,
    0x64BD,0x64BD,0x64BD,0x64BD,0x5CBE,0x64BD,0x64BE,0x5C9D,0x64BD,0x64BE,0x5CBE,0x5CBD,0x649E,0x5C9D,0x647E,0x649D,
    0x5C9D,0x649D,0x64BE,0x64DE,0x649D,0x64BE,0x6CBD,0x853E,0x74FE,0x645C,0x647D,0x5C7D,0x5C7D,0x547D,0x5C7D,0x547D,
    0x5C7D,0x5C7D,0x547D,0x5C7E,0x5C7D,0x547E,0x5C7D,0x545D,0x545D,0x545E,0x545E,0x5C5D,0x545D,0x545D,0x545E,0x545E,
    0x5C5D,0x545D,0x5C5D,0x543D,0x545E,0x4C5D,0x545D,0x5C7C,0x6CDD,0x6CBE,0x649D,0x545D,0x4C3D,0x543E,0x4C3D,0x541E,
    0x4C1D,0x4C1E,0x541D,0x4C1D,0x4C1D,0x4C1D,0x4C1D,0x43FD,0x4C1D,0x4C1D,0x4BFE,0x4BFD,0x4BFE,0x43FD,0x4BFD,0x43FE,
    0x4BFD,0x4BFE,0x43FD,0x4BFD,0x4BFE,0x43FD,0x4BFD,0x4BFD,0x43DD,0x4BFD,0x43DD,0x43DD,0x43DD,0x43DD,0x43BE,0x43DD,
    0x43DE,0x43DD,0x43DD,0x43DE,0x3BDD,0x43DD,0x3BDD,0x43BD,0x3BDD,0x43BD,0x3BDD,0x43BD,0x3BDD,0x43DD,0x3BBD,0x3BDD,
    0x43BD,0x3BBD,0x43BE,0x43DD,0x43BD,0x43BD,0x43DD,0x43DE,0x43BD,0x4BDD,0x645E,0x6C5C,0x645D,0x5C5D,0x53FD,0x545E,
    0x541E,0x43DE,0x43BD,0x43DD,0x43DD,0x43DD,0x43DD,0x43DD,0x43DD,0x43DD,0x43DD,0x43DE,0x43BD,0x43DE,0x43BD,0x3BBD,
    0x3BBD,0x3B9E,0x3BBD,0x3BBD,0x3B9E,0x3BBD,0x3B9D,0x3B9E,0x3B9D,0x337D,0x3B9D,0x339D,0x3B9D,0x339D,0x339D,0x3B9D,
    0x337D,0x339D,0x337D,0x339D,0x337E,0x337D,0x337D,0x337D,0x337D,0x337D,0x337D,0x2B7D,0x337D,0x337D,0x2B7D,0x337D,
    0x337D,0x337D,0x337D,0x337D,0x337D,0x337D,0x337D,0x337D,0x337D,0x337D,0x337D,0x337D,0x337D,0x337D,0x2B7D,0x337D,
    0x337D,0x2B7D,0x337D,0x339D,0x2B7D,0x337D,0x337D,0x2B7D,0x337D,0x2B7D,0x337D,0x2B9D,0x337D,0x337D,0x2B7D,0x337D,
    0x2B7D,0x337D,0x339D,0x33BE,0x339D,0x337D,0x2B5D,0x337D,0x2B7D,0x337D,0x2B7D,0x335D,0x2B7D,0x337D,0x2B5D,0x337D,
    0x2B5D,0x337D,0x2B7D,0x335C,0x337D,0x3B9D,0x3B9D,0x337D,0x3B9D,0x43FE,0x543D,0x3BBC,0x3B9C,0x337C,0x3B9D,0x43BD,
    0x3B7C,0x4B9C,0x5C3C,0x95BE,0xBEBE,0xD73F,0xD75E,0xD73E,0xCF3D,0xC6DE,0xBE7E,0xA5BD,0x957C,0x851C,0x7CDC,0x7D1E,
    0x7D1F,0x7CFE,0x7CFE,0x853E,0x851E,0x8D1D,0x9D7E,0x9D9E,0x8D3D,0x957E,0x9DDD,0xA61E,0xAE5E,0xB67E,0xBE9D,0xC6FE,
    0x6D1D,0x6D1E,0x6D1D,0x6D1D,0x6D1D,0x6D1D,0x6D1E,0x6D1E,0x6CFE,0x6CFE,0x6CFD,0x6CFE,0x6CFD,0x6CFE,0x6CFE,0x6CFE,
    0x64FD,0x6CDE,0x6CFD,0x64FE,0x6CDE,0x6CFE,0x64FE,0x6CDE,0x64DE,0x64DD,0x6D1E,0x6CDC,0x7CFD,0x855E,0x7D9E,0x6D3F,
    0x64DE,0x64DD,0x64DE,0x64DD,0x64DE,0x64DD,0x64FE,0x64DD,0x64DE,0x64DD,0x64DD,0x64DD,0x64DD,0x64BE,0x64BE,0x64BD,
    0x64BE,0x64BE,0x64BE,0x64BD,0x64BD,0x64BE,0x5CBD,0x64BD,0x5CBE,0x649D,0x64BE,0x649D,0x64BD,0x6CBD,0x753E,0x74FE,
    0x649D,0x649D,0x649D,0x649D,0x649D,0x64BD,0x6C9D,0x7CFE,0x7CFE,0x6CDE,0x6CBE,0x5C7D,0x649E,0x5C7C,0x64BD,0x64DE,
    0x5C9D,0x5C7D,0x5C7E,0x547D,0x5C7E,0x5C7D,0x547E,0x5C7D,0x547E,0x5C5D,0x5C5E,0x545D,0x5C5D,0x545D,0x5C5D,0x545D,
    0x543E,0x5C3E,0x545E,0x545D,0x545D,0x543E,0x545E,0x547D,0x5C5D,0x649D,0x64BE,0x647E,0x5C5D,0x543E,0x4C1D,0x541D,
    0x4C1E,0x541D,0x4C1E,0x4C1D,0x4C1D,0x4C1D,0x4C1D,0x4C1D,0x4BFD,0x4C1D,0x441E,0x4C1D,0x4BFE,0x43FD,0x4BFD,0x43FD,
    0x4BFE,0x43FD,0x4BFE,0x43FD,0x4BDD,0x43FE,0x4BFD,0x43FE,0x4BFE,0x43DD,0x43DD,0x4BDD,0x43DD,0x43DE,0x43DD,0x43BD,
    0x43DD,0x43DE,0x43BD,0x43DD,0x43DE,0x43DD,0x43DE,0x3BDD,0x43BD,0x3BDD,0x43DD,0x3BDD,0x43BD,0x3BDE,0x43DD,0x43BD,
    0x43BE,0x43DD,0x43BD,0x3BBD,0x43DE,0x43DD,0x43DE,0x43DD,0x43DD,0x4BDD,0x4BFE,0x4BFE,0x4BDD,0x541C,0x541D,0x5C5E,
    0x543E,0x4BDD,0x43DD,0x43DD,0x43DD,0x43DD,0x43DC,0x43DD,0x43DD,0x43DD,0x43BE,0x43DD,0x43DE,0x43DD,0x43BD,0x43BD,
    0x3BBD,0x3BBE,0x3B9D,0x3BBD,0x3BBD,0x3B9E,0x3BBD,0x3B9D,0x339D,0x3B9D,0x3B9D,0x3B9D,0x339D,0x3B9D,0x339D,0x339D,
    0x337C,0x339D,0x337C,0x3B7D,0x337D,0x337D,0x337D,0x337D,0x337D,0x337D,0x339D,0x337D,0x339D,0x337D,0x339D,0x337D,
    0x2B9D,0x337D,0x337D,0x2B9D,0x339D,0x2B7D,0x337D,0x337D,0x337D,0x337D,0x337D,0x337D,0x337D,0x337D,0x337D,0x2B9D,
    0x337D,0x339D,0x337D,0x2B7D,0x337D,0x339D,0x337D,0x337D,0x339D,0x337D,0x337D,0x337D,0x2B7D,0x337D,0x339D,0x337D,
    0x337D,0x2B7D,0x337D,0x339D,0x337D,0x337D,0x2B7D,0x337D,0x2B7D,0x337D,0x337D,0x2B7D,0x337D,0x2B7D,0x335D,0x2B7D,
    0x337D,0x2B7D,0x335D,0x339D,0x3B9D,0x339D,0x337D,0x335C,0x3B9D,0x43DD,0x541D,0x4C1D,0x3BBD,0x3B9D,0x337C,0x3B5C,
    0x4BBC,0x5C3D,0x8D1E,0xA61D,0xCEDD,0xDF5E,0xD73E,0xD71E,0xD71E,0xCEFE,0xBEBE,0xAE1E,0x9D9E,0x853E,0x6C5C,0x6C9D,
    0x74BE,0x74BD,0x749C,0x7CFD,0x851E,0x84FC,0x8D3E,0x8D3D,0x8D3E,0x8D5D,0xA5FE,0xAE7D,0xBE7D,0xBE9E,0xCEDE,0xD71D,
    0x751E,0x753D,0x6D1E,0x751E,0x6D1D,0x6D1E,0x74FD,0x6D1E,0x751E,0x6D1E,0x6CFE,0x6CFD,0x6D1E,0x6CFE,0x6CFD,0x6CFE,
    0x6CFE,0x6CFE,0x6CFE,0x6CDD,0x6CFE,0x6CDD,0x6CFE,0x6CFD,0x6CFE,0x6CDD,0x6CDD,0x6CFD,0x6CDD,0x753E,0x7D7F,0x755E,
    0x74FE,0x6CFE,0x6CDD,0x6CDD,0x6CFE,0x6CFE,0x6CDD,0x6CFD,0x751D,0x7DBE,0x755E,0x6CDD,0x64BD,0x64BD,0x64DD,0x64BE,
    0x64DD,0x64BD,0x64BD,0x64BE,0x5CBD,0x64BE,0x64BD,0x64BE,0x64BD,0x64BD,0x64BE,0x64BE,0x64BD,0x64BE,0x753F,0x6CDE,
    0x5C9D,0x649E,0x649E,0x64BE,0x649E,0x5C7D,0x647E,0x647E,0x6CFF,0x6CDE,0x6CDD,0x6CBD,0x6CDD,0x74FE,0x859F,0x95BF,
    0x74DD,0x5C9D,0x549E,0x5C7D,0x5C7D,0x5C7D,0x5C7D,0x547D,0x5C7D,0x545D,0x545E,0x5C5D,0x545D,0x5C5D,0x545D,0x5C5D,
    0x545E,0x5C5D,0x545D,0x5C5D,0x545D,0x5C5D,0x545D,0x545E,0x5C5D,0x649D,0x74FE,0x6CBE,0x74DE,0x647D,0x6CBE,0x5C5D,
    0x543C,0x4C3D,0x4C1D,0x4C1D,0x4C1D,0x4C1D,0x4C1D,0x4C1D,0x4C3D,0x4C1D,0x541D,0x4BFD,0x4C1D,0x4BFD,0x4C1E,0x4BFD,
    0x4C1D,0x4C1D,0x4BFD,0x43FD,0x4BFD,0x43FD,0x43FD,0x4BDD,0x43FE,0x4BFD,0x43FE,0x43FD,0x4BFE,0x43DD,0x43DD,0x43DD,
    0x43DD,0x43DD,0x43DD,0x43DD,0x43DD,0x43DD,0x43DD,0x43DD,0x43DD,0x43DD,0x43BD,0x43BD,0x43DD,0x43DD,0x43DD,0x43DD,
    0x43DD,0x43DD,0x43DD,0x43DD,0x43DD,0x43DD,0x4BFD,0x4BFD,0x4BFD,0x43BD,0x43BD,0x43DE,0x4BFF,0x4BFC,0x543E,0x5C9F,
    0x4C1D,0x4BDC,0x4BFD,0x4BDE,0x43BD,0x53FD,0x5C7E,0x4BFC,0x43BD,0x4BDD,0x43DD,0x43DD,0x43DD,0x43BD,0x43DD,0x3BBD,
    0x3BBD,0x43BD,0x3BBD,0x3BBD,0x3BBD,0x3BBD,0x3B9D,0x3B9D,0x3B9D,0x339D,0x3B9D,0x339D,0x3B7D,0x339D,0x339C,0x3B9D,
    0x339D,0x3B9D,0x339D,0x339D,0x337E,0x337D,0x337D,0x337D,0x337D,0x339E,0x337D,0x339E,0x339D,0x337D,0x337E,0x337D,
    0x337D,0x337D,0x337E,0x337D,0x337D,0x337D,0x339D,0x339D,0x339D,0x337D,0x337D,0x3B7D,0x3B7C,0x2B9D,0x339D,0x337D,
    0x339D,0x337E,0x337D,0x339D,0x337D,0x337D,0x337D,0x337D,0x3B7E,0x337D,0x2B7D,0x337D,0x339D,0x337D,0x2B7D,0x337D,
    0x339D,0x337D,0x339D,0x337E,0x339D,0x337D,0x337D,0x337E,0x337D,0x2B5E,0x335D,0x2B7D,0x335D,0x337D,0x337D,0x2B7D,
    0x337D,0x337D,0x2B7D,0x339D,0x339D,0x337D,0x339D,0x339D,0x339D,0x339D,0x3BDC,0x4C1D,0x4BDD,0x439C,0x439D,0x43DC,
    0x645D,0x8D5F,0x959E,0xADFD,0xCEFE,0xDF1E,0xCF1E,0xC6DD,0xB67E,0xB65E,0xB67D,0xBE7E,0xAE1E,0x9DBF,0x8D3D,0x8D9F,
    0x857D,0x7CFD,0x74FE,0x84FE,0x8D1D,0x8D3D,0x9D9E,0x851C,0x853D,0xA5DE,0xB67E,0xBE9F,0xB67E,0xBEBE,0xC6FD,0xCF3E,
    0x753E,0x6D1E,0x753E,0x6D1D,0x751E,0x6D1D,0x751E,0x6D1E,0x6D1D,0x751E,0x6D1E,0x6D1E,0x74FD,0x6CFE,0x6CFE,0x6CFE,
    0x6CFD,0x6CFE,0x6CFE,0x6CFD,0x6CFE,0x6CFE,0x6CFD,0x6CDE,0x6CFD,0x6CFD,0x64FD,0x6CDD,0x64DD,0x6CFD,0x6CFD,0x6CDE,
    0x753E,0x6CFE,0x64DD,0x6CFE,0x6CFE,0x6CFD,0x6CFF,0x6CFE,0x6CFD,0x7D5E,0x7D5E,0x6CFE,0x6CDE,0x64BE,0x6CDE,0x64BD,
    0x6CBE,0x64DE,0x64BD,0x64DE,0x64BD,0x64DE,0x64BD,0x64BE,0x64BD,0x64BE,0x64BD,0x64BD,0x6CBE,0x649D,0x6CBE,0x64BD,
    0x649E,0x64BE,0x64BD,0x649E,0x649D,0x649E,0x64BE,0x5C7E,0x64BE,0x649D,0x6C9D,0x751E,0x753F,0x853E,0x7D1D,0x957D,
    0x95DF,0x6CDC,0x64BE,0x6D1F,0x647C,0x5C9D,0x5C7D,0x5C7D,0x547D,0x5C7D,0x5C5D,0x545D,0x5C7E,0x545D,0x5C5D,0x547E,
    0x5C5D,0x545D,0x5C5D,0x545E,0x5C5D,0x545D,0x545E,0x545D,0x545D,0x545D,0x645D,0x6C9D,0x6C9D,0x6CBE,0x751F,0x649E,
    0x543D,0x543D,0x4C3D,0x4C1D,0x4C1D,0x4C1D,0x541D,0x4C3D,0x541D,0x4C1D,0x4C1E,0x4C1D,0x4BFD,0x4C1D,0x4C1D,0x4C1D,
    0x4BFD,0x4C1D,0x441D,0x4BFD,0x4C1D,0x4BFD,0x43FD,0x4BFE,0x43FD,0x4BFE,0x43FD,0x4BFE,0x43FD,0x43DD,0x4BFD,0x43DD,
    0x4BFD,0x43DD,0x4BFD,0x43DD,0x43DD,0x43DC,0x43DD,0x43DD,0x43DD,0x43DD,0x43DD,0x43DD,0x3BBD,0x43DD,0x43DD,0x43DD,
    0x43DD,0x43DD,0x43DD,0x43DD,0x43DD,0x4BFE,0x545E,0x5C5E,0x647E,0x6C9E,0x541D,0x43BD,0x43DD,0x43DC,0x4BFD,0x4C1D,
    0x4C1D,0x43DC,0x43DC,0x43DE,0x4BDD,0x647D,0x6CDD,0x5BFC,0x43DC,0x4BFD,0x4BDD,0x43DD,0x43DD,0x43DD,0x3BBD,0x43DD,
    0x3BBD,0x3BBD,0x3BBD,0x3BBD,0x3BBD,0x3BBC,0x3B9D,0x3B9D,0x3B9D,0x3B9D,0x3B9D,0x3B9D,0x3B9D,0x33BD,0x3B9D,0x33BD,
    0x3B9D,0x33BD,0x3B9D,0x339D,0x3B9D,0x339D,0x337D,0x339E,0x339D,0x339D,0x3B9E,0x337D,0x3B9E,0x339D,0x339D,0x339D,
    0x339D,0x339D,0x339C,0x337D,0x337D,0x337D,0x339C,0x339D,0x337D,0x3B9D,0x339C,0x3B7E,0x337E,0x339D,0x339D,0x339D,
    0x339D,0x339D,0x339D,0x339D,0x339D,0x339D,0x339C,0x339D,0x2B7D,0x339D,0x337D,0x339D,0x337D,0x339D,0x337D,0x339D,
    0x2B7D,0x337D,0x339D,0x337D,0x2B7D,0x339D,0x337E,0x2B9D,0x337E,0x337D,0x2B7D,0x337E,0x2B7D,0x337D,0x2B9D,0x337D,
    0x337D,0x337D,0x337D,0x339D,0x337C,0x339D,0x339D,0x339D,0x339D,0x339D,0x3BBD,0x43BC,0x4BFD,0x5C3F,0x43BC,0x541C,
    0x6C7E,0x853E,0x9DFE,0xA63D,0xC6BE,0xD73E,0xBE9D,0xAE1D,0xA5DD,0xA5DD,0xAE1F,0xAE1F,0x9DBE,0x955E,0x957E,0x957E,
    0x8D9D,0x8D9E,0x8D5E,0x8D1E,0x851E,0x957E,0xA5FF,0xA5DE,0x9DBD,0xB63E,0xBE7E,0xBE7E,0xBE7E,0xC67D,0xCEFD,0xD73E,
    0x753E,0x753E,0x751E,0x753E,0x751E,0x753E,0x751E,0x753E,0x751E,0x6D1E,0x751D,0x6D1E,0x751E,0x6D1E,0x6CFD,0x751E,
    0x6CFE,0x751E,0x6CFE,0x6CFD,0x6CFE,0x6CFD,0x6CFE,0x6CFD,0x6CFE,0x6CFE,0x6CFD,0x6CFD,0x6CFD,0x6CFE,0x6CFD,0x6CFD,
    0x6CFE,0x6CFE,0x6CDD,0x6D1E,0x6CFE,0x6CDD,0x751F,0x6CDE,0x6CDD,0x64DD,0x64DD,0x64BD,0x6CDE,0x6CDE,0x64DD,0x6CDE,
    0x64DE,0x6CDE,0x6CDE,0x64BE,0x64DE,0x64BD,0x64DE,0x64DE,0x64DE,0x64BD,0x64BE,0x64BD,0x64BE,0x6CDE,0x64BD,0x64BE,
    0x64BE,0x64BE,0x64BE,0x64BD,0x649E,0x64BD,0x5C9E,0x649D,0x649E,0x64BD,0x649D,0x649D,0x7D3F,0x851D,0x8D7D,0x957D,
    0x9DDE,0x8D7E,0x6CDD,0x751F,0x6CDE,0x64BE,0x5C7D,0x5C9D,0x547E,0x5C7D,0x5C7E,0x5C7E,0x5C7D,0x5C7E,0x5C7E,0x5C7D,
    0x545D,0x5C5D,0x545D,0x545D,0x5C5D,0x545D,0x545E,0x545E,0x545E,0x5C7E,0x545D,0x545D,0x5C5D,0x5C5D,0x647D,0x649E,
    0x5C7D,0x543D,0x4C3D,0x543D,0x541D,0x4C3D,0x4C1D,0x541D,0x4C3D,0x541D,0x4C1D,0x4BFD,0x4C1D,0x4BFE,0x4C1D,0x4BFD,
    0x4C1E,0x4BFD,0x4C1D,0x4C1D,0x441D,0x4C1D,0x4BFE,0x4BFD,0x43FE,0x4BFD,0x4BFD,0x43FD,0x4BFE,0x4BFD,0x43FD,0x4BFD,
    0x43FE,0x4BFD,0x43FE,0x43DD,0x43DD,0x43DD,0x43FD,0x43DD,0x43DD,0x43DD,0x43DD,0x43DD,0x43DD,0x43DD,0x43DD,0x43DD,
    0x43DD,0x43DD,0x43DD,0x43DD,0x43DD,0x43FD,0x541D,0x5C7E,0x649E,0x649E,0x541D,0x4BBC,0x43DD,0x43DD,0x43DD,0x43DD,
    0x4BDD,0x43FD,0x4BDD,0x43FD,0x53FD,0x74FE,0x853E,0x6CBD,0x4BDC,0x43FD,0x4BDD,0x43DD,0x43DD,0x43DD,0x3BBD,0x3BBD,
    0x43DE,0x3BDD,0x43BD,0x3BBD,0x3BBD,0x3BBD,0x3BBD,0x3BBD,0x3BBD,0x3B9D,0x3BBD,0x3BBD,0x3BBD,0x339D,0x3BBD,0x33BD,
    0x3BBD,0x339D,0x3BBD,0x33BD,0x3B9E,0x339D,0x3B9D,0x339D,0x3B9E,0x339D,0x339D,0x3B9D,0x339D,0x339D,0x3B9E,0x339D,
    0x339D,0x339D,0x339D,0x339C,0x339C,0x339D,0x339D,0x3B9C,0x339D,0x3B9D,0x339D,0x3BBD,0x339D,0x3B9D,0x3B9D,0x339D,
    0x3B9D,0x339D,0x33BD,0x3B9D,0x3B7D,0x3B9D,0x339D,0x337D,0x339D,0x339D,0x339D,0x339D,0x339D,0x339D,0x339D,0x339D,
    0x337D,0x339E,0x337D,0x339D,0x337E,0x339D,0x339D,0x337D,0x339D,0x339E,0x337D,0x339D,0x337D,0x337D,0x337D,0x337D,
    0x2B7D,0x339D,0x2B7D,0x339D,0x337D,0x339C,0x339D,0x339D,0x339D,0x339D,0x339D,0x339C,0x43BD,0x541E,0x4BFD,0x541C,
    0x645D,0x74BD,0x8D5E,0x9DFD,0xAE7E,0xB69E,0xA61D,0x9DBE,0x9D9E,0x955D,0x9D9E,0x9DBD,0x957E,0x851D,0x851D,0x8D5E,
    0x957D,0x959E,0x8D5D,0x853E,0x84FD,0x853C,0x8D5C,0x95BD,0x9D9E,0xA5FE,0xAE3E,0xB67E,0xBE7E,0xBEBD,0xCEDD,0xD73D,
    0x751E,0x753D,0x6D1E,0x753E,0x751D,0x6D3E,0x751D,0x6D1E,0x753D,0x751D,0x751E,0x6D3D,0x751D,0x6D1E,0x751E,0x6D1D,
    0x6D1E,0x6D1D,0x751E,0x6CFD,0x6D1E,0x6CFD,0x6CFE,0x6CFD,0x6CFD,0x6CFD,0x6CFE,0x6CFD,0x6CFE,0x6CFD,0x6CFD,0x6CFD,
    0x6CDE,0x6CFD,0x6CFE,0x6CDD,0x6CDE,0x6CDD,0x64DE,0x6CDE,0x6CFE,0x6CFE,0x6CDE,0x6CDE,0x64DE,0x6CDE,0x6CBE,0x6CDE,
    0x6CDD,0x64BE,0x6CDD,0x64DE,0x64BD,0x64BE,0x64BD,0x64BD,0x64BE,0x64BE,0x6CBD,0x64BE,0x64BD,0x64BE,0x64BD,0x649D,
    0x6CBD,0x64BD,0x64BE,0x6CBE,0x6CDE,0x64BE,0x649D,0x5CBE,0x64BE,0x649D,0x64BD,0x649D,0x6CDD,0x8D9E,0x9DDF,0x8D7E,
    0x851C,0x8D9F,0x7D1E,0x6CDD,0x5C9D,0x5C7D,0x5C9D,0x5C9D,0x5C9E,0x5C7E,0x547D,0x5C7E,0x5C7D,0x5C7E,0x5C7D,0x545E,
    0x5C7D,0x5C5E,0x5C7E,0x545D,0x5C5D,0x545D,0x547E,0x547E,0x545E,0x545E,0x545D,0x545E,0x5C5D,0x5C5D,0x545D,0x649E,
    0x5C7E,0x543D,0x541D,0x4C3D,0x543E,0x4C3D,0x541D,0x4C3D,0x4C1D,0x4C1E,0x541E,0x4C1D,0x4C1D,0x4C1D,0x53FD,0x4C1D,
    0x4C1D,0x4C1D,0x441D,0x4BFD,0x4C1D,0x4C1D,0x441D,0x4C1D,0x4C1D,0x4BFE,0x441D,0x4BFE,0x4C1D,0x4BFE,0x4C1E,0x43DD,
    0x4BFD,0x43FD,0x4BFD,0x4BFE,0x4C1D,0x4BFE,0x4BFD,0x43FD,0x4BFD,0x43DD,0x4BFD,0x43FD,0x4BFD,0x43DD,0x43DD,0x43DD,
    0x43DD,0x43BD,0x43DD,0x43DD,0x43DD,0x43DD,0x4BFD,0x4BFD,0x4BFD,0x4BFD,0x4BFD,0x43FD,0x3BDD,0x43DD,0x43DD,0x43DD,
    0x43DD,0x43DE,0x43DD,0x43DD,0x541D,0x74BE,0x7CBD,0x74DE,0x541D,0x43FC,0x4BDD,0x43DD,0x43DD,0x43DD,0x43BD,0x3BDD,
    0x3BBD,0x3BBD,0x3BDD,0x3BBD,0x3BBC,0x3BBD,0x3BBD,0x3BBE,0x3BBE,0x3BBD,0x3B9E,0x3B9D,0x3BBD,0x3BBE,0x3BBD,0x3BBD,
    0x3BBD,0x3BBD,0x3BBD,0x339D,0x339D,0x3B9D,0x339D,0x3B9D,0x339D,0x3B9D,0x339D,0x339D,0x3B9D,0x339D,0x3B9D,0x339D,
    0x3B7D,0x337D,0x339D,0x339D,0x3BBE,0x339D,0x33BD,0x3BBD,0x3B9C,0x43BD,0x3B5C,0x335C,0x3B9D,0x3B9E,0x3B9D,0x3B9E,
    0x3B9E,0x335D,0x335E,0x3B9D,0x3B9D,0x3BBE,0x3B7D,0x339D,0x3B9C,0x339C,0x339D,0x339D,0x339D,0x339D,0x2B7D,0x339D,
    0x337D,0x2B9D,0x337D,0x339D,0x2B7D,0x337D,0x339D,0x339D,0x339D,0x339D,0x339D,0x337D,0x2B9D,0x339E,0x337D,0x339D,
    0x337E,0x339D,0x337D,0x339D,0x2B9D,0x337D,0x339D,0x339D,0x339D,0x339D,0x339D,0x339C,0x339D,0x437D,0x541D,0x649E,
    0x645D,0x6CBD,0x7D1E,0x851D,0x959E,0x959D,0x957D,0x953E,0x955F,0x955D,0x9DDE,0xA5DE,0x9DDE,0x855D,0x7D1D,0x853E,
    0x7CFD,0x7D1D,0x853E,0x851E,0x851D,0x7CFD,0x853D,0x8D5E,0x7D1E,0x74FC,0x853D,0x855C,0x95BD,0xAE1E,0xB67E,0xB67F,
    0x753E,0x753E,0x753E,0x753E,0x753E,0x751E,0x6D3D,0x751D,0x753E,0x6D1D,0x753D,0x751E,0x753D,0x751E,0x6D1D,0x751E,
    0x6D1D,0x751E,0x6D1D,0x751E,0x6D1D,0x751E,0x6D1D,0x6CFD,0x6CFD,0x6CFE,0x6D1D,0x6CFE,0x6CFD,0x6CFD,0x6CFE,0x6CFD,
    0x6CFE,0x6CFE,0x6CFE,0x6CFE,0x6CFD,0x6CFE,0x6CDE,0x6CFE,0x6CDE,0x6CDE,0x6CDE,0x6CDE,0x6CDE,0x64DE,0x6CDE,0x64DE,
    0x6CDE,0x6CDE,0x6CDE,0x64BD,0x64DE,0x64DE,0x64DE,0x64DE,0x64DD,0x64DE,0x6CDE,0x6CBE,0x6CDE,0x64BD,0x6CBE,0x64BE,
    0x64BD,0x6CBE,0x64BD,0x64BD,0x6CDE,0x6CDE,0x5CBD,0x64BD,0x64FE,0x64DE,0x64BD,0x64BE,0x649D,0x74BD,0x855F,0x7D3E,
    0x6CBC,0x74FD,0x7D3E,0x64BE,0x649D,0x5C9D,0x5C9D,0x5C7E,0x5C9D,0x5C9E,0x5C7E,0x5C7D,0x5C7E,0x5C7E,0x5C7E,0x5C7D,
    0x5C7E,0x547D,0x5C7E,0x5C5D,0x547E,0x5C5D,0x5C7E,0x545E,0x5C5D,0x545E,0x543D,0x545D,0x545E,0x545D,0x5C7E,0x545E,
    0x543D,0x4C3D,0x543D,0x543D,0x543E,0x4C1D,0x543D,0x4C1E,0x543D,0x4C3D,0x541E,0x4C3D,0x541E,0x4C1E,0x4C1D,0x4C1E,
    0x4C1D,0x4C1E,0x4C1D,0x4C1E,0x4C1D,0x4BFD,0x4C1E,0x4C1D,0x4C1D,0x43FD,0x4C1D,0x4BFD,0x441D,0x4BFD,0x4BFE,0x4C1E,
    0x43FD,0x4BFE,0x43FD,0x4BFE,0x4BFD,0x441E,0x4BFD,0x43FD,0x43DD,0x43FD,0x4BDE,0x43FD,0x43DD,0x43DD,0x43DD,0x43DD,
    0x43DD,0x43DD,0x43DD,0x43DD,0x43DD,0x43DD,0x43DE,0x43FE,0x43DD,0x4BFD,0x43FD,0x3BFE,0x43FE,0x43DD,0x43DD,0x43DD,
    0x43DD,0x43DD,0x43DE,0x4BFD,0x4C1D,0x645D,0x6C9D,0x6C9E,0x5C9E,0x4C1D,0x4BFE,0x4BFD,0x43DD,0x43DD,0x43DD,0x3BBD,
    0x43DD,0x43DD,0x3BBD,0x3BBD,0x43BD,0x3BBD,0x43BD,0x3BBE,0x43BD,0x3BBE,0x3BBD,0x3BBD,0x3BBD,0x3BBD,0x33BE,0x3BBD,
    0x3BBE,0x33BD,0x3BBE,0x3BBD,0x33BD,0x3BBD,0x33BD,0x3BBD,0x33BD,0x3B9D,0x3BBD,0x339D,0x339D,0x3BBD,0x33BD,0x3BBD,
    0x3B9C,0x3B9D,0x3B7D,0x3B9E,0x3B9E,0x3B5C,0x3B9D,0x3B5C,0x53BB,0x95BF,0x8D5D,0x74BD,0x4B9B,0x333C,0x439C,0x437B,
    0x439A,0x5C5C,0x645C,0x43BB,0x335C,0x337D,0x3B9E,0x33BD,0x33BD,0x339C,0x33BD,0x339D,0x33BD,0x339D,0x339C,0x339D,
    0x339D,0x337E,0x339D,0x337E,0x339D,0x339E,0x339D,0x339D,0x337D,0x339D,0x2B9D,0x339D,0x339D,0x339D,0x339E,0x339D,
    0x339D,0x337E,0x339D,0x339D,0x339D,0x339C,0x339D,0x33BD,0x339D,0x339D,0x339C,0x339D,0x339D,0x3B7D,0x43DD,0x6CBF,
    0x751E,0x647D,0x643C,0x749E,0x8D3E,0x955E,0x8D5C,0x7CBC,0x7CDD,0x8D5E,0x959D,0x9DDD,0x9DDE,0x8DBE,0x7D1E,0x74BD,
    0x6C9C,0x6C7D,0x6C7E,0x74DE,0x7CFE,0x6CBD,0x74FE,0x6C9D,0x5C5C,0x5C3D,0x5C3D,0x6C9D,0x6CBD,0x6C7C,0x7CFE,0x74DD,
    0x753E,0x753E,0x753E,0x753E,0x753E,0x753E,0x753E,0x753E,0x753D,0x753E,0x753D,0x753E,0x6D3D,0x753E,0x6D1E,0x751D,
    0x751E,0x6D1E,0x753E,0x6D1D,0x751D,0x6D1D,0x751E,0x6CFD,0x751D,0x6D1E,0x74FD,0x6D1E,0x751D,0x6CFD,0x6CFD,0x6CFE,
    0x6CFE,0x74FE,0x6CFE,0x6CFE,0x6CFE,0x6CFE,0x6CFD,0x6CFE,0x6CFE,0x6CFE,0x6CFE,0x6CDD,0x6CFE,0x6CDE,0x6CFE,0x6CDE,
    0x64DE,0x6CDD,0x64DE,0x64DE,0x64BE,0x64DE,0x64BE,0x64DE,0x64BE,0x64DE,0x64BD,0x64DE,0x6CBE,0x64BE,0x64BD,0x6CDE,
    0x64BD,0x64BE,0x6CBD,0x64BE,0x64BD,0x6CDE,0x64BD,0x64DE,0x64DE,0x64BD,0x64BE,0x64BE,0x649E,0x649E,0x64BE,0x5CBD,
    0x64BD,0x649E,0x6C9E,0x64BD,0x64BE,0x649D,0x649E,0x5C9D,0x5CBE,0x5C9E,0x5C7E,0x5C7E,0x5C7E,0x5C9E,0x5C7E,0x5C7E,
    0x5C7E,0x5C7D,0x5C7E,0x5C7D,0x5C5E,0x547D,0x5C5D,0x5C5D,0x5C7E,0x5C7E,0x5C7E,0x545D,0x545E,0x545E,0x545D,0x545E,
    0x543D,0x543D,0x545D,0x545E,0x543D,0x4C3E,0x543D,0x543D,0x4C3D,0x543E,0x541D,0x543E,0x4C1E,0x541D,0x4C1E,0x541D,
    0x4C3E,0x4C1D,0x4C3E,0x4C1D,0x4C1E,0x4C1D,0x4C1D,0x4C1E,0x4C1D,0x4C1E,0x4C1D,0x4C1E,0x4C1D,0x4BFE,0x43FD,0x4BFD,
    0x43FD,0x4BDD,0x43FD,0x4C1E,0x4BFD,0x4BFE,0x4BFE,0x43FD,0x4BDD,0x43DD,0x43FD,0x4BFE,0x43FD,0x4BDD,0x43DD,0x43DD,
    0x4BFD,0x43DD,0x4BFD,0x43DD,0x43DD,0x4BDD,0x43DE,0x4BFE,0x4BDD,0x43DD,0x43DD,0x43FE,0x43FD,0x43FD,0x43FD,0x43FD,
    0x43FD,0x43FD,0x43FD,0x43DD,0x4BDD,0x53FD,0x4BDC,0x541D,0x541D,0x4BFD,0x541E,0x4C1E,0x43DD,0x43DE,0x43DD,0x3BDE,
    0x43DD,0x3BDE,0x43DD,0x3BDD,0x3BBD,0x3BDD,0x3BBE,0x3BBD,0x3BBE,0x3BBD,0x3BBE,0x3BBD,0x3BBE,0x3BBD,0x3BBD,0x3BBD,
    0x3BDE,0x3BBD,0x3BDD,0x3BBD,0x3BBD,0x3BBD,0x3BBD,0x3BBD,0x3BBD,0x33BD,0x3BBD,0x3B9D,0x33BD,0x3BBD,0x3BBD,0x33BD,
    0x3BBC,0x339D,0x439D,0x437D,0x4BBC,0x6C9D,0x53DB,0x84FD,0xB61D,0xDF1E,0xF7DF,0xEF9F,0xC67D,0x9DDE,0x955C,0xAE1D,
    0xC69E,0xDF5F,0xE77F,0xC6BE,0x8D7C,0x6C5B,0x4BBC,0x3B7C,0x339D,0x33BD,0x3BBD,0x33BD,0x3BBD,0x339D,0x339D,0x339D,
    0x339D,0x339E,0x339D,0x339E,0x339D,0x339E,0x339D,0x339D,0x339D,0x339D,0x339D,0x339D,0x339D,0x339E,0x339D,0x339E,
    0x339D,0x339E,0x339D,0x339D,0x339D,0x339D,0x339D,0x339D,0x339D,0x3BBC,0x3B9C,0x339C,0x339D,0x339E,0x3B7C,0x4C1C,
    0x649D,0x5C5D,0x645C,0x853E,0x9D9F,0xA5BE,0x9DBE,0x8D7E,0x84FD,0x851E,0x8D5E,0x8D7E,0x853D,0x7D1D,0x6C9D,0x5C3D,
    0x647E,0x5C3D,0x541D,0x541D,0x5C5D,0x5C5D,0x5C7D,0x543D,0x541D,0x5C3E,0x6CBE,0x74FF,0x74FE,0x649C,0x645D,0x647D,
    0x753E,0x753E,0x753E,0x755E,0x753E,0x753E,0x753E,0x753D,0x753E,0x6D3E,0x753E,0x6D3D,0x751E,0x753E,0x751D,0x751E,
    0x753D,0x751D,0x751E,0x6D1E,0x753E,0x6D1D,0x6D1D,0x751D,0x6D1D,0x6D1D,0x6D1E,0x6CFD,0x6D1E,0x6CFE,0x6D1E,0x6D1D,
    0x6D1E,0x6D1D,0x6D1E,0x6CFD,0x6CFE,0x6CFE,0x6D1E,0x6CFD,0x6CFD,0x6CFD,0x6D1E,0x651D,0x6CFD,0x6CFD,0x6CDE,0x6CFD,
    0x6CDD,0x6CDD,0x6CDD,0x6CDE,0x6CDE,0x64DD,0x6CDE,0x64DD,0x6CDE,0x6CDE,0x64DE,0x6CDD,0x64DE,0x6CDE,0x64DE,0x64DE,
    0x6CBE,0x6CDD,0x64DE,0x6CBD,0x64DE,0x64BD,0x64DE,0x64DD,0x64DE,0x64BD,0x64BD,0x64BD,0x64BE,0x64BE,0x64BE,0x649E,
    0x649D,0x649D,0x64BE,0x649D,0x64BD,0x64BD,0x5C9D,0x5CBE,0x5C9D,0x649D,0x5C9E,0x5C9E,0x5C9E,0x5C7D,0x5C9E,0x5C7D,
    0x5C7E,0x5C7D,0x5C7E,0x5C7E,0x5C7D,0x5C7E,0x5C7E,0x547E,0x5C7E,0x649D,0x647C,0x5C3D,0x5C3D,0x545E,0x543E,0x545D,
    0x545E,0x545D,0x543D,0x543D,0x543E,0x543D,0x543D,0x543E,0x543D,0x543E,0x4C3E,0x543D,0x4C3D,0x543E,0x4C3D,0x541E,
    0x4C1D,0x4C3E,0x541D,0x4C1D,0x4C1E,0x4C1D,0x4C1D,0x4C1D,0x4C1D,0x4C1D,0x4C1E,0x4C1D,0x4C1E,0x4C1E,0x4BFD,0x43FE,
    0x4BFD,0x4BFE,0x43FD,0x4BFE,0x43FD,0x4BFD,0x43FD,0x4BFD,0x43FD,0x4BFE,0x43DD,0x4BFD,0x43DE,0x43FD,0x4BDE,0x43FD,
    0x43DE,0x4BFD,0x43DE,0x43FD,0x4BDD,0x43FD,0x43DE,0x4BFE,0x4BDD,0x4BDD,0x4BFD,0x43FE,0x43FE,0x43DD,0x43FD,0x43DD,
    0x43DD,0x43DD,0x43DD,0x43DD,0x43FE,0x4BDD,0x4BDD,0x43DD,0x43FD,0x4BFD,0x43FD,0x4BFD,0x43DD,0x43DD,0x43DD,0x43DD,
    0x43DD,0x43DD,0x43DD,0x43BD,0x43DD,0x43BD,0x43BD,0x43BD,0x43BD,0x3BBD,0x43BD,0x43BD,0x3BBD,0x3BBE,0x3BBD,0x3BBD,
    0x3BBD,0x3BBE,0x3BBD,0x3BBE,0x3BBD,0x33BE,0x3BBD,0x3BBE,0x3BBD,0x3B9D,0x33BD,0x3B9D,0x3BBD,0x3BBD,0x3BBD,0x3BBD,
    0x33BD,0x3BBD,0x3B9E,0x435B,0x7CFD,0xCF3F,0xB5FB,0xE75E,0xF7FF,0xF7BE,0xF79D,0xF7BE,0xFFDE,0xF7DF,0xE77E,0xF7BE,
    0xFFDF,0xF7BE,0xFFBD,0xFFDE,0xFFDF,0xE75F,0xC6BF,0x957D,0x53DC,0x3B7C,0x339D,0x3B9D,0x337C,0x33BD,0x3BBD,0x3BBC,
    0x339E,0x33BD,0x3B9D,0x3B9D,0x3BBD,0x339D,0x3B9D,0x33BD,0x339D,0x33BD,0x3B9D,0x33BD,0x3B9D,0x33BD,0x339D,0x339D,
    0x33BD,0x339D,0x33BD,0x339D,0x33BD,0x3B9D,0x33BD,0x3B9D,0x33BD,0x339D,0x3B9D,0x33BD,0x3B9D,0x339D,0x3BBD,0x3BBD,
    0x43BC,0x5C5D,0x7CDE,0x959E,0x9DBE,0x9DBD,0x9DDE,0x9DBF,0x853E,0x7CDD,0x7CDD,0x74DE,0x6C7D,0x5C5D,0x541D,0x53DD,
    0x649F,0x543E,0x43DD,0x43DD,0x3BBC,0x43DD,0x545E,0x5C7E,0x645E,0x645D,0x647D,0x649D,0x64BD,0x649E,0x649D,0x647D,
    0x7D5E,0x753E,0x7D5E,0x753D,0x753E,0x753D,0x753E,0x753E,0x755E,0x753E,0x753E,0x753E,0x753E,0x751E,0x753E,0x751E,
    0x751E,0x751E,0x753E,0x751D,0x6D3E,0x751E,0x6D1D,0x751D,0x751D,0x751E,0x74FD,0x751D,0x6D1D,0x6CFF,0x751E,0x6D1E,
    0x6CFE,0x74FE,0x6D1E,0x751E,0x6D1E,0x74FE,0x6CFE,0x6CFE,0x6CFE,0x6D1E,0x6D1E,0x6CFD,0x64FE,0x6CFD,0x6CDD,0x6CFE,
    0x6CDD,0x6CDD,0x64DD,0x6CDE,0x6CDE,0x6CDE,0x64DE,0x6CDE,0x64DE,0x64DD,0x64DE,0x64DE,0x64DD,0x64DE,0x6CDD,0x64DE,
    0x64DE,0x6CBE,0x64DE,0x6CBE,0x64DE,0x6CBE,0x6CDE,0x6CBE,0x64DD,0x6CBE,0x64BE,0x6CBD,0x64BE,0x64BD,0x64BD,0x64BD,
    0x64BE,0x64BD,0x649D,0x64BD,0x5C9E,0x5C9D,0x64BD,0x5C9D,0x649D,0x5C9E,0x5C9E,0x647E,0x5C9E,0x5C7E,0x5C7D,0x5C9E,
    0x5C7E,0x5C7E,0x5C7D,0x5C7E,0x5C7E,0x5C9E,0x5C7D,0x5C7E,0x5C5E,0x6CDD,0x857E,0x7CFE,0x5C7E,0x5C5D,0x545E,0x5C5E,
    0x545D,0x5C3E,0x545E,0x545D,0x543D,0x545E,0x543D,0x543E,0x543D,0x545D,0x543E,0x543D,0x543E,0x4C3D,0x543D,0x4C3D,
    0x541E,0x4C1D,0x4C1E,0x541D,0x4C1D,0x541E,0x4C1D,0x4C1E,0x4C1D,0x541E,0x4C1D,0x4C1D,0x541D,0x4C1E,0x4BFD,0x4BFE,
    0x4BFD,0x4BFD,0x4BFE,0x4BFD,0x43FE,0x4BFD,0x43FE,0x43DD,0x43FD,0x4BDD,0x43FE,0x43DD,0x4BFE,0x43FD,0x43FD,0x4BFE,
    0x43FD,0x43FD,0x4BFE,0x43FD,0x4BFE,0x43FD,0x4BFD,0x43DE,0x43FD,0x43FE,0x4BFE,0x43FD,0x4BFD,0x43DD,0x43DD,0x43FE,
    0x43DD,0x43FD,0x43DD,0x4BFE,0x43FD,0x43FD,0x43FE,0x4BFE,0x43DD,0x43FE,0x4BDD,0x43FD,0x43FD,0x43DD,0x43DD,0x43DD,
    0x43DD,0x43DD,0x43DD,0x43DD,0x43BD,0x43DD,0x43DD,0x43BD,0x3BBD,0x43BD,0x43BD,0x3BBD,0x43BD,0x3BBE,0x3BBD,0x3BBE,
    0x3BBD,0x3BBE,0x3BBD,0x3BBD,0x3BBE,0x3B9D,0x3BBD,0x3B9D,0x3BBE,0x3BBD,0x3B9E,0x3B9D,0x3BBE,0x3B9D,0x3BBE,0x3B9D,
    0x3BBD,0x43BD,0x4BFE,0x643D,0x957D,0xE79F,0xF7BD,0xF79E,0xF77E,0xF79E,0xF7BE,0xF79E,0xF79D,0xF79E,0xF79E,0xEF9E,
    0xF7BE,0xF7BE,0xF7BE,0xF79E,0xFF7E,0xF77E,0xF7BE,0xE7DF,0xA63E,0x6CBE,0x3B9B,0x5C3C,0x6CBD,0x43BA,0x3B9C,0x3BBD,
    0x3BBD,0x3BBC,0x339D,0x3B9D,0x3B9D,0x3BBD,0x3B9D,0x33BD,0x3BBD,0x3B9D,0x33BD,0x3BBD,0x339D,0x3BBD,0x3BBD,0x3BBD,
    0x3B9D,0x3BBD,0x3BBD,0x3B9D,0x33BD,0x3BBD,0x33BD,0x3B9D,0x33BD,0x3BBD,0x339D,0x3BBD,0x33BD,0x3B9D,0x33BD,0x3BBD,
    0x3BBE,0x53FD,0x749D,0x8D3E,0x8D7E,0x8D7D,0x855E,0x84FD,0x74DD,0x6C9D,0x6C9E,0x5C5E,0x541D,0x43BC,0x43BC,0x43BD,
    0x4BFD,0x4BFD,0x43DD,0x3BBD,0x3BDD,0x43DD,0x4BFD,0x4BDC,0x541D,0x5C7E,0x545E,0x5C7E,0x5C7E,0x5C7E,0x543D,0x4C1D,
    0x7D5E,0x755E,0x7D5E,0x753E,0x7D5E,0x7D3E,0x755E,0x753E,0x755E,0x753E,0x753E,0x753E,0x753D,0x753E,0x753E,0x753E,
    0x755E,0x753E,0x753E,0x753E,0x753D,0x755E,0x7D3D,0x7D3D,0x7D3D,0x7D3D,0x855E,0x7D5D,0x7D3D,0x74FD,0x6CFD,0x751D,
    0x6D1D,0x751E,0x6CFE,0x6D1E,0x74FE,0x6D1E,0x74FE,0x74FE,0x74FE,0x6CFE,0x6CFE,0x6CFE,0x6CFE,0x6CFE,0x6CFE,0x6CFD,
    0x6CFE,0x64FE,0x6CFD,0x6CFE,0x6CFE,0x6CDD,0x6CDE,0x6CDD,0x6CDE,0x6CDD,0x64FE,0x6CDD,0x64FE,0x64DD,0x64FE,0x6CDD,
    0x64DE,0x6CBE,0x64DE,0x6CBE,0x64DE,0x6CBE,0x64DD,0x6CBE,0x64DE,0x6CBD,0x64BE,0x64BD,0x64BD,0x64BE,0x64BD,0x649E,
    0x64BD,0x64BE,0x64BD,0x64BE,0x64BD,0x5C9D,0x64BD,0x64BD,0x5CBD,0x649E,0x5C9D,0x649E,0x5C9D,0x649E,0x5C9D,0x5C9E,
    0x5C7D,0x5C7E,0x5C7E,0x5C9E,0x5C7D,0x5C7E,0x5C7E,0x547E,0x5C7D,0x6CDD,0x95DF,0x7D1D,0x64BE,0x5C5E,0x5C5D,0x5C7E,
    0x5C5E,0x545D,0x5C5E,0x545D,0x5C3E,0x545D,0x5C5D,0x545E,0x5C5D,0x545E,0x545E,0x543D,0x4C3E,0x543D,0x543E,0x543D,
    0x4C3D,0x543E,0x543D,0x4C3E,0x543D,0x543E,0x4C1D,0x541D,0x4C1D,0x4C1D,0x541D,0x4C3D,0x4C1D,0x4C1E,0x4C1D,0x4C1D,
    0x4BFE,0x4C1D,0x4BFD,0x4C1D,0x4C1D,0x4C1E,0x4BFD,0x4C1D,0x4BFD,0x43FE,0x4BFD,0x4BFE,0x43FD,0x4BFE,0x4BFD,0x43FD,
    0x4BFE,0x4BFD,0x43FE,0x4BFD,0x43FE,0x4BFD,0x43FE,0x4BFD,0x4BFE,0x43FD,0x4BFD,0x43DE,0x4BFD,0x43FE,0x4BFD,0x4BDD,
    0x43FD,0x4BFE,0x43FD,0x4BDD,0x43FE,0x4BDD,0x43FD,0x4BDD,0x43FD,0x4BFD,0x43FE,0x4BDD,0x43FD,0x4BDD,0x43DD,0x43FD,
    0x43DD,0x4BDD,0x43DD,0x43DD,0x43DD,0x43DD,0x43DD,0x43DD,0x43BD,0x3BBD,0x43BD,0x43DD,0x43BD,0x3BBD,0x3BBE,0x43BD,
    0x3BBD,0x3BBD,0x3BBE,0x43BD,0x3BBD,0x43DE,0x3BBD,0x3BBD,0x3B9D,0x3BBD,0x3BBD,0x3BBD,0x3BBD,0x3BBD,0x3B9D,0x3BBD,
    0x43BE,0x43BD,0x4BBC,0x74BE,0xADDE,0xDF3E,0xF79F,0xF7BE,0xFFBE,0xF7BE,0xFF9D,0xF79E,0xF79E,0xF7BE,0xF7BE,0xF7BD,
    0xF7BE,0xF7BE,0xF7BE,0xF7BE,0xF79E,0xF79E,0xF7BD,0xE79D,0xCF5F,0xAE7E,0x74BA,0xA63E,0xD77F,0xB69E,0x645B,0x3B7D,
    0x3BBE,0x3BBE,0x3B9D,0x3BBD,0x3B9E,0x3B9E,0x3B9E,0x3BBD,0x33BD,0x3BBD,0x3BBD,0x33BD,0x3BBE,0x3BBD,0x33BD,0x3BBE,
    0x33BD,0x3BBE,0x33BD,0x3BBD,0x3BBE,0x3BBD,0x3BBD,0x33BD,0x3BBD,0x3BBD,0x3BBD,0x3BBD,0x3BBD,0x33BD,0x3BBD,0x3BBD,
    0x3BBD,0x43BD,0x5C3D,0x74DE,0x74FE,0x74BE,0x649E,0x5C1D,0x53FD,0x4BDD,0x4BFD,0x4BFE,0x4BFE,0x3BDD,0x3BBD,0x3BDD,
    0x3BBD,0x3BBD,0x3BBD,0x3BDD,0x3BDD,0x3BDD,0x43DD,0x43DC,0x4BFD,0x4C1D,0x4C1D,0x441D,0x4C1D,0x4C1D,0x43FD,0x441C,
    0x7D5E,0x7D5E,0x7D5E,0x7D5D,0x755E,0x755D,0x7D3E,0x7D5E,0x7D3E,0x755E,0x7D3E,0x753E,0x753E,0x7D5E,0x7D3E,0x755E,
    0x7D3E,0x7D5E,0x7D5E,0x7D5D,0x859E,0x8DBE,0x8DDE,0x8DBE,0x8DBE,0x8D9E,0x9DBE,0x9DFF,0x95BE,0x855E,0x7D3D,0x7D3D,
    0x857D,0x7D7E,0x857E,0x7D3E,0x7D3E,0x751E,0x751D,0x74FD,0x6CFD,0x751E,0x74FD,0x6D1E,0x6CFD,0x6D1E,0x6D1E,0x6CFE,
    0x6CFD,0x6CFE,0x6CFD,0x6CFE,0x6CDD,0x6CFE,0x6CDD,0x6CDD,0x6CDD,0x6CDE,0x6CDD,0x6CFE,0x6CDD,0x6CFE,0x6CDD,0x64DD,
    0x6CDE,0x64DD,0x6CDE,0x64DD,0x6CBD,0x64DE,0x6CDE,0x64BD,0x6CDE,0x64BD,0x6CBE,0x64DD,0x6CBE,0x64BD,0x6CBE,0x64BD,
    0x6CBE,0x64BD,0x64BE,0x64BD,0x64BD,0x5C9D,0x64BD,0x5C9E,0x64BD,0x64BD,0x5C9E,0x64BE,0x5CBE,0x5C9D,0x649E,0x5C9D,
    0x649E,0x5C9E,0x5C9E,0x5C7D,0x5C9E,0x5C7D,0x5C7E,0x5C7E,0x5C7D,0x649D,0x7D3F,0x649D,0x545D,0x5C7E,0x5C7E,0x545D,
    0x5C5E,0x547D,0x5C5E,0x5C5D,0x545D,0x5C5E,0x545D,0x5C3D,0x545D,0x545D,0x545E,0x545D,0x545D,0x543D,0x545D,0x543D,
    0x543E,0x543D,0x4C3E,0x543D,0x4C3E,0x543D,0x4C3E,0x543D,0x543E,0x4C3D,0x543E,0x4C1D,0x543E,0x541D,0x4C1E,0x4C1D,
    0x4C1D,0x4C1E,0x4C1D,0x4C1E,0x4C1D,0x441D,0x4BFD,0x441D,0x4BFD,0x4C1D,0x43FD,0x4C1E,0x4BFD,0x441D,0x4BFE,0x4BFD,
    0x43FE,0x4BFD,0x4BFD,0x4C1E,0x4BFD,0x4BFE,0x4BFD,0x441E,0x4BFD,0x4BFE,0x43FD,0x4BFD,0x4BFD,0x43FD,0x4BFE,0x43FD,
    0x4BFD,0x43FD,0x4BFD,0x43FD,0x4BFD,0x43FD,0x4BDD,0x43FD,0x43DD,0x43DD,0x43DD,0x43FD,0x4BDD,0x43DD,0x43DD,0x43DD,
    0x4BFD,0x43DD,0x43FD,0x43DD,0x43DD,0x43DD,0x43DD,0x43DD,0x43DD,0x43DD,0x43BD,0x43DD,0x43DD,0x43DE,0x3BDD,0x43DD,
    0x3BDE,0x43DD,0x3BBD,0x43DD,0x3BDD,0x3BBD,0x3BBD,0x3BBD,0x3BBD,0x3BBD,0x43BD,0x3BBD,0x3BBD,0x3BBD,0x3BBD,0x3BBD,
    0x439D,0x43BE,0x4BFE,0x74DE,0x953B,0xD6FE,0xF79E,0xFFBE,0xF79E,0xF79E,0xF7BE,0xF7BE,0xF79E,0xF7BE,0xF7BE,0xF79E,
    0xF7BE,0xF7BE,0xF7BE,0xF7BE,0xF79E,0xF79F,0xF7BF,0xEF9F,0xD73E,0xCEFE,0xD71F,0xCF1E,0xD71D,0xE7DE,0xAE3D,0x4BBB,
    0x439C,0x3B9D,0x3BBE,0x339D,0x3BBD,0x3B9E,0x3BBD,0x3BBD,0x3BBE,0x3BBD,0x3BBE,0x3BBD,0x3BBD,0x3BBE,0x3BBD,0x3BBD,
    0x3BBD,0x3BBD,0x3BBE,0x3BBD,0x33BD,0x3BBD,0x3BBE,0x3BBD,0x3BBD,0x3BBE,0x33BD,0x3BBE,0x3BBD,0x3BBD,0x3BBE,0x3BBE,
    0x3BBD,0x3BBD,0x43DD,0x5C7F,0x5C3E,0x4BFE,0x43DD,0x43BE,0x3BDD,0x3BBD,0x3BBD,0x3BDE,0x3BDE,0x3BDE,0x3BBE,0x3BDE,
    0x3BBD,0x3BDE,0x3BDE,0x3BDE,0x3BDE,0x3BDD,0x3BBD,0x3BDD,0x3BDD,0x3BDD,0x3BDD,0x3BDD,0x3BDD,0x3BDD,0x43FD,0x3BFD,
    0x7D7E,0x7D7D,0x7D7E,0x755D,0x7D5D,0x7D5E,0x7D5D,0x755E,0x7D5E,0x7D3E,0x755D,0x7D5E,0x7D5E,0x753D,0x7D5E,0x7D5D,
    0x755E,0x7D5E,0x755E,0x7D7D,0x857D,0x859D,0x859D,0x8DDE,0x95DE,0x95DE,0x959E,0x9E1E,0x9DDE,0x8D5D,0x959E,0x95DE,
    0x9E1D,0x9E1E,0x9DFE,0x95FE,0x8D5D,0x8D5E,0x855E,0x7D5E,0x751D,0x751E,0x753E,0x6D1E,0x751E,0x6D1D,0x751D,0x6D1D,
    0x6CFD,0x6D1D,0x6CFD,0x74FE,0x6CFE,0x74DD,0x6CFE,0x6CDE,0x6CDD,0x6CDD,0x6CFE,0x6CFD,0x6CFE,0x6CFD,0x6CDE,0x6CDD,
    0x6CDE,0x6CDD,0x6CDE,0x64DD,0x6CDE,0x64DD,0x6CBD,0x64DE,0x6CBE,0x64DE,0x6CDD,0x64BE,0x6CDE,0x64BD,0x64BE,0x64BD,
    0x64BE,0x6CBD,0x64BE,0x64BD,0x64BE,0x64BE,0x5C9D,0x649D,0x5C9D,0x5C9D,0x64BE,0x5C9D,0x649D,0x5C9D,0x649E,0x64BE,
    0x5CBE,0x64BE,0x5C9D,0x649E,0x5C9D,0x5C9E,0x5C9D,0x5C9D,0x5C7E,0x5C7E,0x6C9E,0x5C7F,0x5C7E,0x5C7E,0x5C7D,0x5C7E,
    0x5C7D,0x5C5D,0x547D,0x5C5D,0x545D,0x5C5D,0x545D,0x545D,0x5C5D,0x545D,0x5C5E,0x545D,0x547E,0x545D,0x545D,0x4C5D,
    0x543E,0x545D,0x545D,0x543D,0x543D,0x543D,0x543E,0x545D,0x4C3D,0x543D,0x541D,0x4C3D,0x543D,0x4C1D,0x541D,0x4C1E,
    0x541D,0x4C1D,0x541D,0x4C1D,0x4C1D,0x4C1D,0x4C1D,0x4BFD,0x441D,0x4C1D,0x4C1D,0x4BFD,0x441E,0x4BFD,0x4C1D,0x4C1E,
    0x4C1D,0x4C1D,0x441E,0x4C1D,0x4C1E,0x4C3E,0x4C1D,0x4C1D,0x4C1D,0x4C1D,0x4C1E,0x4C1D,0x441E,0x4BFD,0x43FD,0x4C1D,
    0x4BFD,0x4BFD,0x43FD,0x4BFE,0x43FD,0x4C1D,0x43FD,0x4BFD,0x43FD,0x4BFD,0x4BFE,0x43FD,0x43DD,0x43FD,0x4BFD,0x43DD,
    0x43FE,0x43FD,0x4BDE,0x43FD,0x43DD,0x43DD,0x43DD,0x43DD,0x43DD,0x43DD,0x43DD,0x43DD,0x43DD,0x3BDD,0x43DD,0x43DE,
    0x3BDD,0x43DD,0x3BDD,0x3BBD,0x43BD,0x3BDD,0x43BD,0x3BDD,0x43BD,0x3BDD,0x3BBD,0x3BDD,0x43BD,0x43DD,0x3BBD,0x3BBC,
    0x43DD,0x43DE,0x4BDE,0x645C,0x9DBD,0xD71E,0xF79E,0xF79E,0xF7BE,0xFFBE,0xF79E,0xFFBE,0xF7BE,0xF79D,0xEFBE,0xF7BE,
    0xF79E,0xEFBE,0xF79D,0xEF9E,0xEF9E,0xEF9F,0xEF7E,0xE77E,0xDF3E,0xE75E,0xE77E,0xDF3E,0xCF1D,0xD73E,0xCF1E,0xB67F,
    0x9DFE,0x53FB,0x437C,0x3BBE,0x3BBE,0x3BBD,0x3BBD,0x33BD,0x3BBD,0x33BD,0x3BBE,0x3BDD,0x3BBD,0x33DE,0x3BBD,0x3BBE,
    0x33BD,0x3BBD,0x33BD,0x3BBD,0x3BBE,0x33BD,0x3BBD,0x3BBE,0x3BDD,0x3BBE,0x3BBD,0x3BBD,0x33BE,0x3BDD,0x3BDE,0x3BDD,
    0x3BBD,0x3BDD,0x3BBD,0x43DD,0x43DE,0x43BE,0x43DD,0x3BDE,0x3BDD,0x3BDE,0x3BDD,0x3BDD,0x3BBD,0x3BDD,0x3BDE,0x3BDD,
    0x3BDE,0x43DD,0x3BDE,0x3BDD,0x3BDD,0x3BDE,0x3BDD,0x3BDD,0x3BBD,0x3BDD,0x43FE,0x3BFD,0x3BFE,0x3BFD,0x3BDE,0x3BFE,
    0x7D7E,0x7D5E,0x7D7E,0x7D5D,0x7D5E,0x755D,0x7D5E,0x7D5E,0x7D5E,0x7D5E,0x7D3E,0x7D3E,0x7D5E,0x755E,0x7D5E,0x755E,
    0x7D3D,0x755E,0x7D3D,0x7D5E,0x7D5D,0x753D,0x7D3D,0x855D,0x857E,0x8D9E,0x8D9D,0x8DBE,0x9DFE,0x95BE,0x9DDE,0xA63E,
    0xAE1D,0xA63D,0xAE3D,0xAE3E,0xA61D,0xA5FD,0x95BD,0x8D9D,0x857C,0x855D,0x855D,0x7D3D,0x7D1D,0x753D,0x751D,0x7D3D,
    0x751D,0x7D1D,0x753D,0x751E,0x751E,0x751E,0x74FE,0x751D,0x74FE,0x74FD,0x6D1E,0x74FE,0x74FD,0x6D1E,0x751E,0x6CFD,
    0x6CFE,0x6CFD,0x6CDE,0x6CDD,0x6CDD,0x64DE,0x6CDE,0x6CDE,0x6CDE,0x64DE,0x6CBE,0x64DD,0x6CBE,0x64BE,0x6CBD,0x64BE,
    0x64BD,0x64BE,0x6CBD,0x64BE,0x64BD,0x64BD,0x64BD,0x5CBD,0x64BD,0x64BE,0x5CBD,0x64BD,0x64BD,0x5C9D,0x5CBD,0x64BD,
    0x64BE,0x64BE,0x64BE,0x5C9E,0x5C9D,0x5C9D,0x5C7E,0x5C9D,0x5C9E,0x647E,0x5C5D,0x5C7E,0x549E,0x5C9E,0x5C7D,0x5C9E,
    0x5C7D,0x5C7E,0x5C7E,0x5C7D,0x5C7E,0x545D,0x5C7D,0x545D,0x5C5D,0x545D,0x545D,0x547D,0x545D,0x545E,0x545D,0x545D,
    0x545D,0x545E,0x545E,0x543D,0x545E,0x4C5D,0x543D,0x545E,0x543D,0x543D,0x4C3D,0x543D,0x543D,0x4C3E,0x543D,0x4C3D,
    0x543D,0x4C3E,0x4C3D,0x4C3D,0x4C1D,0x4C3D,0x4C1D,0x4C3D,0x4C1D,0x4C1D,0x4C1E,0x4C1D,0x4C1D,0x4C1E,0x4C1D,0x441D,
    0x4C1E,0x4C1D,0x4C1D,0x4C1E,0x4C3D,0x4C1D,0x4C1E,0x4C1D,0x43FE,0x4C1D,0x4C1D,0x4C1D,0x4BFD,0x4C1D,0x4C1D,0x43FD,
    0x4C1D,0x4C1D,0x4C1D,0x4C1D,0x4C1D,0x4BFD,0x4C1D,0x4BFD,0x4C1D,0x4C1E,0x4C1E,0x4BFD,0x43FE,0x4BDD,0x43FD,0x43DD,
    0x4BFD,0x43DD,0x4BFD,0x43DD,0x43DD,0x43DD,0x43DD,0x43DD,0x43DD,0x43DD,0x43DD,0x43DD,0x43DD,0x43DD,0x3BDD,0x43DD,
    0x43DD,0x3BDD,0x43DD,0x43DD,0x3BDD,0x3BBD,0x43DD,0x3BDD,0x3BBC,0x43DD,0x3BDD,0x43BC,0x3BDD,0x3BDC,0x43DD,0x43DD,
    0x3BBC,0x43BD,0x3B9C,0x6C7C,0xB63D,0xDF1E,0xEF9E,0xF79E,0xF79E,0xF7BE,0xFFBE,0xF7BE,0xF7BE,0xF79E,0xF7BE,0xF79D,
    0xEF9E,0xF79D,0xEF9E,0xF79E,0xEF9E,0xE77E,0xE77E,0xD73D,0xD73D,0xD73D,0xDF1D,0xCEFE,0xCEFE,0xC6DE,0xC6DE,0xCF1E,
    0xDF9F,0xAE5E,0x649D,0x3B9D,0x3BBE,0x3BDE,0x3BBD,0x3BBE,0x3BDE,0x3BBD,0x3BDE,0x3BDE,0x3BBD,0x3BDE,0x3BDD,0x3BDE,
    0x3BBD,0x3BBE,0x3BBD,0x33BD,0x3BBD,0x3BBD,0x3BDE,0x3BDD,0x3BBE,0x3BDD,0x33BD,0x3BBD,0x3BBD,0x3BDE,0x3BBD,0x3BDE,
    0x3BBD,0x3BBD,0x3BBD,0x3BBE,0x43BD,0x3BBE,0x3BDD,0x3BDD,0x3BDD,0x3BDD,0x3BBD,0x3BDE,0x3BBE,0x3BBD,0x3BBD,0x43BD,
    0x3BDE,0x3BBD,0x3BDE,0x43BD,0x3BDD,0x3BDD,0x3BDD,0x43DD,0x3BDD,0x43DE,0x3BDD,0x43DE,0x3BDE,0x43FE,0x43DD,0x3BDE,
    0x7D7D,0x7D7E,0x7D7D,0x7D5E,0x7D7D,0x7D5E,0x7D5D,0x7D5E,0x7D5E,0x7D5D,0x7D5E,0x7D3D,0x7D5E,0x755D,0x7D5E,0x7D5D,
    0x753E,0x7D5D,0x753E,0x753E,0x753E,0x7D3E,0x7D3E,0x7D3E,0x7D3E,0x7D3E,0x7D7E,0x8D9E,0x8DBE,0x95BE,0x9DDE,0xB65F,
    0xB67E,0xBE9E,0xBEBE,0xC6BE,0xC6FF,0xCEFE,0xBEBD,0xBE9D,0xB69D,0xB69E,0xB67D,0xAE5D,0xA63E,0x9DFF,0x8D9D,0x855D,
    0x855D,0x855E,0x855D,0x7D3E,0x7D3E,0x7D3E,0x7D1E,0x751E,0x751E,0x751E,0x74FE,0x6D1D,0x751E,0x751E,0x751E,0x74FE,
    0x6CDD,0x6CFE,0x6CFE,0x6CDD,0x6CDE,0x6CDD,0x6CDD,0x64DE,0x6CDD,0x6CDE,0x64BD,0x6CDE,0x64BE,0x6CBD,0x64BE,0x64BE,
    0x6CBE,0x64BD,0x64BE,0x64BD,0x64BE,0x5CBE,0x64BD,0x64BE,0x64BD,0x649D,0x64BD,0x5C9E,0x649D,0x64BE,0x64BD,0x64BE,
    0x64BD,0x5C9D,0x5C9D,0x649D,0x5C9E,0x647D,0x5C9D,0x649E,0x5C9D,0x5C7E,0x649D,0x5C9D,0x5C9D,0x5C7D,0x5C9E,0x5C7D,
    0x5C7E,0x5C7D,0x5C7D,0x547D,0x5C7D,0x5C7D,0x5C5E,0x5C5D,0x545D,0x5C7E,0x545D,0x545D,0x5C5D,0x547D,0x5C5D,0x545D,
    0x545E,0x545D,0x5C5E,0x545D,0x543D,0x545E,0x545D,0x545E,0x545D,0x543D,0x545D,0x543D,0x543D,0x4C3E,0x543D,0x543D,
    0x541D,0x543D,0x543D,0x543D,0x543D,0x4C3D,0x4C1D,0x4C1D,0x4C1D,0x4C1D,0x4C1D,0x4C1E,0x4C1D,0x4C1E,0x4C1D,0x4C1D,
    0x4C1D,0x4C1E,0x4C1D,0x4C1E,0x4C1D,0x4C1E,0x4C1D,0x4C1D,0x4C1E,0x4C1D,0x4C1E,0x4C1E,0x4C1D,0x4C1E,0x4C1D,0x4BFD,
    0x4C1E,0x4C1D,0x4C1D,0x4BFD,0x4C1E,0x4C1D,0x43FD,0x4C1D,0x43FD,0x4BFD,0x43FD,0x4BFD,0x43FD,0x4BFE,0x43FD,0x4BFE,
    0x43FD,0x4BFE,0x43DD,0x43FD,0x43DD,0x43DD,0x4BDD,0x43DD,0x43DD,0x43DD,0x43DD,0x43DD,0x43DC,0x43DD,0x43DD,0x43DD,
    0x43DD,0x43FD,0x43DD,0x3BDD,0x43DD,0x43DC,0x3BDD,0x43DD,0x43DD,0x43DD,0x43DD,0x43DD,0x43DD,0x3BBD,0x43BC,0x43FC,
    0x541D,0x5C1C,0x749C,0xAE7F,0xCEFE,0xDF3E,0xEF7E,0xF7BE,0xF7BE,0xF79D,0xF7BE,0xF79E,0xF7BE,0xF7BE,0xF79E,0xEFBE,
    0xF79E,0xEF9D,0xEF7D,0xEF9E,0xE77E,0xDF5D,0xD75E,0xD73E,0xCEFE,0xC6DD,0xC6DD,0xC6BD,0xBE9E,0xBE9E,0xB67E,0xBE5D,
    0xCEBE,0xBE9E,0xA63F,0x5C9D,0x3B9C,0x3BDE,0x3BBD,0x3BDD,0x3BBD,0x3BDE,0x3BDD,0x3BBD,0x3BDE,0x3BBD,0x3BDE,0x3BBE,
    0x3BDD,0x3BBD,0x3BDE,0x3BBE,0x3BDD,0x3BBE,0x3BDD,0x3BDE,0x3BDE,0x3BBD,0x3BDE,0x3BBE,0x3BDD,0x3BDE,0x3BBE,0x3BDD,
    0x3BBD,0x3BDD,0x3BDE,0x3BDE,0x3BDD,0x43BE,0x3BDD,0x43DC,0x3BDD,0x3BBD,0x43BE,0x3BBD,0x3BBE,0x43DD,0x3BDD,0x3BBD,
    0x43DD,0x3BDD,0x43DD,0x3BDD,0x43DC,0x43DD,0x3BDD,0x3BDD,0x3BDD,0x3BDD,0x43FE,0x3BFD,0x43DD,0x3BDD,0x3BFE,0x43DD,
    0x7D7E,0x7D5E,0x7D7E,0x7D5E,0x7D7E,0x7D7E,0x7D5E,0x7D5E,0x7D5E,0x7D3E,0x7D5E,0x7D5E,0x7D5E,0x7D3E,0x7D3E,0x7D5E,
    0x7D3E,0x7D5E,0x7D3D,0x7D5E,0x7D3E,0x753E,0x7D3E,0x753D,0x753E,0x7D3E,0x7D3E,0x855E,0x857D,0x95BE,0x95FD,0x9E1E,
    0xAE7D,0xB6BE,0xC6DF,0xCEFE,0xD71E,0xD71E,0xDF3E,0xDF5E,0xDF5E,0xDF7E,0xDF9F,0xDF7E,0xD75E,0xD71E,0xC6BE,0xB67E,
    0xAE3E,0xA5FE,0x9DDE,0x95BE,0x8D9E,0x8D7E,0x857D,0x857E,0x857E,0x7D3D,0x855E,0x7D3E,0x7D3E,0x7D1E,0x7D1E,0x7CFD,
    0x74FE,0x751E,0x74DD,0x6CFE,0x6CFD,0x6CDE,0x6CDD,0x6CFE,0x64DD,0x64DE,0x6CDE,0x64BE,0x6CDE,0x64DE,0x6CDE,0x64BD,
    0x64BE,0x6CBE,0x64BE,0x64BE,0x64BD,0x64BE,0x64BD,0x649E,0x64BE,0x64BE,0x649E,0x649D,0x649E,0x649E,0x64BE,0x649E,
    0x649D,0x649E,0x649D,0x649D,0x649D,0x649D,0x5C9E,0x5C9E,0x5C9E,0x5C7E,0x5C9E,0x5C7E,0x5C9E,0x5C7E,0x5C7E,0x5C9E,
    0x5C7D,0x5C7D,0x5C7E,0x5C7E,0x5C7E,0x5C7D,0x547D,0x5C7E,0x5C7D,0x545D,0x5C5D,0x545E,0x5C5D,0x545D,0x5C5E,0x545D,
    0x5C5E,0x545E,0x545E,0x545D,0x545E,0x5C3D,0x545E,0x545D,0x545E,0x545E,0x543D,0x543E,0x543D,0x5C5E,0x5C5E,0x543C,
    0x5C3D,0x5C5D,0x5C9D,0x5C7D,0x645E,0x647E,0x647E,0x5C3D,0x541D,0x541D,0x541D,0x4C1E,0x541E,0x4C1E,0x4C3D,0x4C3D,
    0x541D,0x4C1D,0x4C1D,0x4C3D,0x4C3D,0x541D,0x541E,0x4C1D,0x541E,0x4C1D,0x4C1E,0x541D,0x4C1E,0x4C1D,0x4C1E,0x4C1D,
    0x4C1D,0x4C1E,0x4C1E,0x4C1D,0x4C1D,0x4BFD,0x4BFD,0x4BFD,0x4C1D,0x4BFD,0x43FE,0x4BFD,0x43FE,0x4BFD,0x43FD,0x4BFD,
    0x43FD,0x43FD,0x43FE,0x4BFD,0x43FD,0x43FD,0x43DD,0x43DD,0x43DD,0x4BDD,0x43FD,0x4BDD,0x43DD,0x43DD,0x43DD,0x43DD,
    0x43DD,0x43BD,0x43DD,0x43DD,0x43FD,0x43DD,0x43DD,0x43DC,0x43BD,0x43DD,0x43DD,0x43DD,0x43BD,0x5C1D,0x6C7B,0x9DFE,
    0xA5FE,0xAE1D,0xCEFF,0xE75E,0xDF5E,0xE75D,0xDF3D,0xE75E,0xEF9E,0xEF9D,0xEF9D,0xEF7E,0xF7BE,0xF7BE,0xEF9E,0xEF9E,
    0xEF9E,0xEF9E,0xE77D,0xE77D,0xDF5D,0xD75D,0xCF3D,0xCF1D,0xCEFE,0xC6DE,0xC6BE,0xBE9D,0xB65E,0xB65E,0xB63D,0xAE3D,
    0xB63D,0xAE3D,0xA63E,0x95BF,0x5C5C,0x3B9C,0x3BBD,0x3BBE,0x3BDE,0x3BBD,0x3BBE,0x43BD,0x43BD,0x3BBD,0x43BE,0x3BBD,
    0x3BBE,0x3BBE,0x3BBD,0x3BDE,0x3BBD,0x3BDE,0x3BBE,0x3BDD,0x3BBE,0x3BDD,0x3BDE,0x3BDE,0x3BDD,0x3BBE,0x3BDD,0x3BDE,
    0x3BBD,0x3BDE,0x3BBD,0x43DE,0x3BDE,0x3BDD,0x3BBD,0x3BDD,0x3BDD,0x3BDD,0x3BDD,0x3BDD,0x3BDD,0x3BDD,0x3BDD,0x3BDE,
    0x43DD,0x3BDE,0x43DD,0x3BFE,0x3BDD,0x3BFD,0x3BFE,0x3BFD,0x43FE,0x3BFD,0x3BDE,0x43DD,0x3BFE,0x3BDD,0x43DD,0x3BFE,
    0x857E,0x857E,0x857E,0x7D7D,0x7D7E,0x855D,0x7D7E,0x7D5E,0x7D5E,0x7D5E,0x7D5E,0x7D5E,0x7D5E,0x7D5D,0x7D5E,0x7D5E,
    0x7D5D,0x7D5E,0x7D5E,0x753E,0x7D5E,0x7D3E,0x7D5E,0x7D5E,0x7D5E,0x7D3D,0x7D5E,0x855E,0x857E,0x8D7E,0x8D9E,0x8D9D,
    0x95DD,0xA63D,0xB69E,0xC6FF,0xCF1F,0xD75F,0xDF5E,0xE77E,0xE79E,0xEF9F,0xEF9E,0xEFBE,0xE79E,0xE79E,0xDF7E,0xDF3E,
    0xCF1E,0xC6DD,0xBE9D,0xAE5E,0xA61E,0x9DFD,0x9DFD,0x9DDD,0x95BC,0x8D9D,0x8D7D,0x8D7D,0x855D,0x8D7E,0x855E,0x7D3E,
    0x7D1D,0x751D,0x6CFD,0x74FD,0x6CFD,0x6CFD,0x6CFD,0x6CFE,0x6CDD,0x6CDE,0x64DE,0x6CDE,0x64DE,0x6CDE,0x6CDE,0x6CDE,
    0x64BE,0x6CDE,0x64DD,0x6CBE,0x64BD,0x6CBE,0x64BD,0x64BE,0x64BD,0x64BD,0x649E,0x64BE,0x64BE,0x64BE,0x64BE,0x64BE,
    0x64BD,0x649D,0x649D,0x649D,0x64BD,0x649D,0x649D,0x5C9E,0x649E,0x649D,0x5C9E,0x649E,0x5C9E,0x5C9D,0x5C9D,0x5C7E,
    0x5C7E,0x5C7D,0x5C7E,0x5C7D,0x5C7E,0x5C7E,0x5C7D,0x5C5D,0x5C7E,0x5C7D,0x5C7E,0x5C5D,0x5C7E,0x5C7D,0x545D,0x5C7E,
    0x5C5D,0x5C7E,0x5C5D,0x5C5E,0x545D,0x5C5E,0x545D,0x547E,0x545D,0x545E,0x545D,0x5C5E,0x545E,0x5C7E,0x649D,0x6CBE,
    0x6CBE,0x5C7D,0x5C7D,0x649D,0x6C7D,0x649E,0x64BD,0x647E,0x5C7D,0x5C7D,0x5C5E,0x5C3D,0x541E,0x541D,0x543D,0x541D,
    0x541D,0x543E,0x4C3D,0x4C3D,0x541D,0x541D,0x543E,0x4C1D,0x543E,0x541D,0x543D,0x4C1E,0x543D,0x541D,0x541D,0x4C1E,
    0x541D,0x541D,0x4C1D,0x541D,0x4C1E,0x4C1D,0x4C1D,0x4C1D,0x4BFD,0x4C1D,0x4C1D,0x4BFD,0x4C1D,0x4BFE,0x4C1D,0x4BFE,
    0x43FD,0x4BFD,0x4BFD,0x4C1E,0x4BFE,0x4BFD,0x43DD,0x43DD,0x43DD,0x43DD,0x43DD,0x43DD,0x43DD,0x4BDD,0x43DD,0x4BDD,
    0x43BD,0x4BDD,0x43DD,0x43DD,0x43FD,0x43DD,0x4BDD,0x43DC,0x5C5C,0x541D,0x3BBD,0x4BBD,0x645D,0xA5FF,0xBE5D,0xDF3E,
    0xDF7F,0xDF3E,0xDF5E,0xE77E,0xE77E,0xDF5E,0xDF5E,0xE75E,0xDF5D,0xDF3D,0xE75E,0xE75F,0xE75E,0xEF9E,0xEF9F,0xEF9E,
    0xE77E,0xE77F,0xDF5D,0xDF3E,0xD73D,0xCF1D,0xCF1E,0xC6FD,0xC6DE,0xC6BD,0xBE9E,0xB67D,0xB65E,0xAE3D,0xAE1E,0xA61D,
    0xA5FE,0x9DFE,0x9DDE,0x95DE,0x74DE,0x541C,0x543D,0x43BC,0x43DD,0x3BDE,0x3BDD,0x3BDD,0x43DD,0x3BBE,0x43DD,0x3BDE,
    0x43BD,0x43DE,0x3BBD,0x43DE,0x3BDD,0x3BDE,0x3BDD,0x3BDE,0x3BDD,0x3BDE,0x3BDD,0x3BDE,0x3BDD,0x3BDE,0x3BDD,0x3BDE,
    0x3BDD,0x3BDE,0x3BDD,0x3BDD,0x3BDE,0x3BDD,0x3BDE,0x3BDD,0x3BDD,0x3BDD,0x3BDD,0x3BDD,0x3BDD,0x43DD,0x3BDD,0x43DD,
    0x3BFD,0x3BFE,0x3BFD,0x3BDD,0x3BFE,0x3BFD,0x3BDD,0x3BFD,0x3BDD,0x3BFE,0x43FD,0x3BFE,0x43FD,0x3BFE,0x43FD,0x43FE,
    0x859E,0x7D9E,0x857E,0x7D7D,0x857E,0x7D7E,0x7D7D,0x855E,0x7D7E,0x857D,0x7D7E,0x7D7E,0x7D7E,0x7D5D,0x7D5E,0x7D5D,
    0x7D5E,0x7D5D,0x7D5E,0x7D5E,0x7D5D,0x7D5E,0x7D5E,0x7D3E,0x7D5E,0x7D5E,0x7D5D,0x7D5E,0x7D5D,0x857E,0x857E,0x857E,
    0x8D9E,0x95DE,0x9DFD,0xAE5E,0xB69E,0xBEBE,0xCF1E,0xD71D,0xDF5E,0xE77E,0xEF9E,0xEF9D,0xF77D,0xEF9E,0xE77E,0xE79E,
    0xE75E,0xD73E,0xD6FE,0xC6BD,0xBEBE,0xBE9D,0xB69D,0xBE9E,0xB69E,0xB67E,0xB63E,0xA61E,0x9DDE,0x95BE,0x95BE,0x857D,
    0x7D3E,0x7D1D,0x751E,0x751E,0x74FE,0x6CFD,0x6CFE,0x6CFD,0x6CDE,0x6CDD,0x6CDE,0x6CDD,0x6CDE,0x6CDE,0x6CDE,0x64DE,
    0x6CDD,0x6CDE,0x64BE,0x64BD,0x6CBE,0x64BD,0x6CDE,0x64BD,0x6CBE,0x64DE,0x6CBE,0x64BD,0x64BE,0x64BD,0x649E,0x64BD,
    0x64BE,0x64BD,0x649D,0x64BE,0x649D,0x64BE,0x649D,0x5CBE,0x649E,0x5CBE,0x64BD,0x5C9E,0x64BD,0x649E,0x5C9D,0x649D,
    0x5C9D,0x5C9E,0x5C9D,0x5C9E,0x5C9E,0x5C7D,0x5C7E,0x5C7E,0x5C7D,0x5C7E,0x547D,0x5C7E,0x547D,0x5C7E,0x5C7D,0x5C7E,
    0x5C5D,0x5C7E,0x545E,0x5C5D,0x545E,0x5C5E,0x547D,0x545E,0x547D,0x5C5E,0x545D,0x5C5D,0x5C3D,0x5C5D,0x647C,0x74DD,
    0x6CDD,0x6CBE,0x6CDE,0x6CBD,0x6CBD,0x649D,0x647D,0x647C,0x5C7D,0x649D,0x647E,0x5C5D,0x5C5D,0x545D,0x545D,0x545D,
    0x543D,0x543D,0x4C1D,0x4C3D,0x543E,0x4C3D,0x541D,0x541D,0x543D,0x4C3E,0x541D,0x543D,0x543E,0x4C1D,0x541D,0x541D,
    0x4C1D,0x541E,0x541D,0x4C1D,0x541D,0x541E,0x541D,0x541D,0x4C1E,0x53FD,0x4C1D,0x4C1E,0x4BFD,0x4C1D,0x4C1D,0x4C1D,
    0x4BFD,0x4BFD,0x4BFD,0x4BFD,0x4BFD,0x4BFD,0x43FD,0x4BFD,0x43DD,0x4BFD,0x43FE,0x4BFD,0x4BFE,0x4BFE,0x4BFD,0x4BFE,
    0x4BFD,0x43DD,0x4BFD,0x43DD,0x43DD,0x43DD,0x4BDD,0x645E,0x7D1F,0x853E,0x7CBE,0x747C,0x8D3D,0xBE9E,0xCF1E,0xDF1E,
    0xE77E,0xE75E,0xE73E,0xDF3E,0xDF1E,0xD73E,0xDF3F,0xD73E,0xDF3E,0xDF5E,0xE77E,0xE75F,0xDF3E,0xE75D,0xE77E,0xDF7D,
    0xDF5E,0xDF5E,0xCEFE,0xC6DE,0xBE9F,0xBE9F,0xB67E,0xB69E,0xC69E,0xBE9E,0xBE7E,0xBE7D,0xB65D,0xAE3D,0xA63E,0xA61E,
    0x9E1E,0x9DDD,0x9DBE,0x959E,0x7D1D,0x6C9D,0x74DF,0x5C5D,0x43BC,0x43DD,0x3BDD,0x43DE,0x3BDD,0x43DD,0x3BDD,0x43DE,
    0x3BDD,0x43DD,0x3BDD,0x43DD,0x3BDE,0x3BDD,0x43DD,0x3BDD,0x43DE,0x3BDD,0x43DD,0x3BDD,0x43DD,0x3BDD,0x43DE,0x3BDD,
    0x43DD,0x3BDD,0x43DE,0x3BDD,0x3BDD,0x43DD,0x3BDD,0x43DD,0x3BDD,0x43FD,0x3BDD,0x43DD,0x3BFD,0x43FE,0x3BFD,0x43FE,
    0x3BFD,0x43DD,0x43FD,0x3BDD,0x43FD,0x3BDD,0x43FD,0x43DE,0x3BFD,0x43FD,0x43FD,0x43FE,0x3BFD,0x43FD,0x3BFE,0x43FD,
    0x857E,0x7D7D,0x859E,0x857D,0x7D7E,0x857D,0x7D7E,0x7D7E,0x7D7E,0x7D7E,0x855E,0x7D7D,0x857E,0x7D5E,0x7D7D,0x7D5E,
    0x7D7E,0x7D5E,0x7D7D,0x7D5E,0x7D5E,0x7D5E,0x7D5E,0x7D5E,0x7D5E,0x7D5D,0x7D5D,0x7D7D,0x855E,0x7D5E,0x855E,0x855E,
    0x8D7E,0x8D9E,0x8DBD,0x9DFE,0x9E1D,0xA63E,0xAE5D,0xB67D,0xC6BD,0xD71D,0xE75E,0xEF9D,0xEF9E,0xEF7E,0xEF7E,0xEF7E,
    0xE77F,0xE75F,0xDF3E,0xD73E,0xD6FE,0xCEDD,0xC6DE,0xC6DE,0xC6FE,0xCEDE,0xC6FE,0xC6DF,0xBEBF,0xB67E,0xA63E,0x9DDD,
    0x8D7E,0x853E,0x7D1D,0x74FD,0x74FD,0x6CFE,0x74DD,0x6CFD,0x6CFD,0x74DE,0x6CDE,0x6CDE,0x6CDE,0x6CFE,0x6CDE,0x6CDE,
    0x64DD,0x6CDE,0x6CDD,0x6CDE,0x64DD,0x6CDE,0x64DD,0x6CDE,0x64DD,0x6CBD,0x64BE,0x64BD,0x6CBE,0x64BD,0x6CBD,0x64BE,
    0x64BD,0x64BE,0x64BE,0x64BD,0x649D,0x649D,0x5CBE,0x649D,0x5C9D,0x649E,0x5C9D,0x64BE,0x5C9D,0x5C9E,0x649E,0x5CBE,
    0x5C9D,0x5C9D,0x5C9D,0x5C7E,0x5C7D,0x5C9E,0x5C7E,0x5C9D,0x5C7E,0x5C7D,0x5C7D,0x5C7D,0x5C5D,0x5C7D,0x5C7D,0x547D,
    0x5C5E,0x547D,0x5C7E,0x5C7D,0x5C5D,0x5C9E,0x5C9E,0x5C5D,0x5C7E,0x5C5D,0x5C5D,0x5C5E,0x543D,0x6C9D,0x857E,0x95BF,
    0x853D,0x7CFE,0x6CBD,0x6C7D,0x6C9D,0x6C9E,0x647D,0x647D,0x645E,0x647D,0x5C5D,0x5C7D,0x5C5D,0x5C5E,0x5C5D,0x545E,
    0x547E,0x545D,0x545E,0x543E,0x545E,0x545D,0x547E,0x545E,0x543D,0x543D,0x5C5E,0x543D,0x543D,0x543D,0x541E,0x543D,
    0x543E,0x543D,0x4C1D,0x541D,0x541D,0x541D,0x4C1D,0x541D,0x541D,0x4C3D,0x541E,0x4C1D,0x4C1D,0x4C1E,0x4BFD,0x4BFD,
    0x4C1D,0x4BFD,0x4C1D,0x4BFD,0x4C1D,0x4BFD,0x4BFD,0x441D,0x4BFD,0x43FD,0x4BFD,0x43FD,0x43FD,0x4BFD,0x4BFD,0x4BFD,
    0x4C1E,0x4C1E,0x4C1D,0x4C1D,0x441C,0x4BDD,0x53DD,0x5C3D,0x6C7D,0x7CBD,0x9D7E,0x959E,0xA5FF,0xB63E,0xB63D,0xC69E,
    0xDF3F,0xDF1F,0xDEFE,0xD6FE,0xCEBD,0xC6BE,0xBE9E,0xC69D,0xC6DE,0xD73E,0xDF7E,0xDF5E,0xDF3E,0xD73D,0xD73C,0xD75D,
    0xDF5E,0xCF1E,0xC6BD,0xAE1E,0x9D7D,0x851C,0x84FC,0x8D5D,0x959E,0xAE1F,0xB63E,0xB65E,0xB65D,0xAE3E,0xAE1D,0xADFE,
    0x9E1D,0x9DDE,0x95BD,0x8D7D,0x851E,0x74DD,0x74DE,0x6CBE,0x5C5E,0x4BFD,0x3BDD,0x43FD,0x3BDD,0x43DD,0x43DE,0x3BDD,
    0x43DE,0x43DD,0x3BDE,0x43DD,0x3BDE,0x43FD,0x3BDE,0x43FD,0x3BDD,0x3BDE,0x3BDD,0x3BDD,0x3BDE,0x43DD,0x3BDD,0x43FE,
    0x3BDD,0x3BDD,0x3BDD,0x43DD,0x3BDE,0x3BDD,0x43FD,0x3BFD,0x43FD,0x3BDD,0x43FD,0x3BFD,0x43DD,0x3BFD,0x43DD,0x3BFD,
    0x43DD,0x3BFD,0x3BFD,0x43DD,0x43FD,0x43FD,0x3BFD,0x43FD,0x43FD,0x43FE,0x3BFD,0x43FD,0x43FD,0x43FD,0x441D,0x43FE,
    0x859E,0x859D,0x859E,0x7D9E,0x859D,0x859E,0x857D,0x857E,0x857D,0x7D7E,0x857D,0x7D7E,0x857E,0x7D7D,0x857E,0x7D7D,
    0x857D,0x7D7D,0x855E,0x7D7E,0x857E,0x7D7D,0x7D7E,0x857D,0x7D7E,0x7D7E,0x7D7D,0x857E,0x7D9E,0x857E,0x857E,0x859E,
    0x8D9E,0x8D9E,0x8D9D,0x95BE,0x95BD,0x9DFE,0xA61E,0xA63E,0xB65E,0xBE9E,0xCEDE,0xD73E,0xE77F,0xE77E,0xE77E,0xE77E,
    0xE77E,0xE77E,0xE75D,0xDF5E,0xDF3E,0xD73E,0xD71D,0xD71E,0xCEDD,0xCEDD,0xCEFD,0xCEFE,0xCEFE,0xC6DE,0xBEBE,0xB65D,
    0xA5DE,0x959D,0x957D,0x8D7E,0x855E,0x7D5E,0x7D5E,0x751E,0x74FE,0x6CFD,0x74FE,0x74FE,0x6CDE,0x6CFD,0x6CFE,0x6CFE,
    0x6CDE,0x6CDD,0x64FE,0x6CDD,0x64DE,0x6CDD,0x6CDE,0x64DD,0x6CDE,0x64DD,0x6CBE,0x64BD,0x64BE,0x64BD,0x64BE,0x6CBD,
    0x64BE,0x6CBD,0x64BE,0x649D,0x64BD,0x64BE,0x649D,0x5CBD,0x64BE,0x5CBD,0x649D,0x5CBD,0x649E,0x64BD,0x5CBD,0x649D,
    0x5C9D,0x649D,0x5C9D,0x649E,0x5C7E,0x5C9E,0x5C7E,0x5C9E,0x5C7E,0x5C9E,0x5C7D,0x5C7D,0x5C9D,0x5C7D,0x5C7D,0x5C7D,
    0x5C7D,0x5C7E,0x5C7D,0x5C7E,0x547D,0x5C7E,0x5C7E,0x5C7D,0x547D,0x5C7E,0x649E,0x5C7E,0x6C9D,0x855E,0x9E1F,0x8D7D,
    0x7CDB,0x855E,0x7D1E,0x6C9D,0x6C7D,0x647C,0x6C7D,0x6C9E,0x649E,0x6C9E,0x6C9D,0x647D,0x645D,0x5C5D,0x647E,0x5C5E,
    0x5C5E,0x5C3E,0x5C3D,0x5C3D,0x5C3D,0x5C7E,0x647E,0x647E,0x5C7D,0x5C7E,0x5C7D,0x5C5E,0x5C5D,0x5C3E,0x545D,0x5C3E,
    0x543D,0x5C3E,0x543D,0x543D,0x543E,0x543D,0x5C3E,0x543D,0x543D,0x543E,0x543D,0x541E,0x541D,0x543D,0x541D,0x4C1D,
    0x541D,0x4C1D,0x541D,0x4BFD,0x4C1D,0x4C1D,0x4C1D,0x4BFD,0x43FD,0x4BFD,0x43FD,0x4BFD,0x43FD,0x4BFD,0x43FD,0x4BFD,
    0x4BFD,0x4C1D,0x4BFE,0x4C1D,0x4C1D,0x4C1D,0x541D,0x5C1D,0x53FC,0x5C1C,0x6C5C,0x7CDE,0x8D5E,0x8D5D,0x8D3B,0xB61E,
    0xC69E,0xC6DE,0xCEDD,0xCEFE,0xB65D,0xA5DD,0xA5FE,0xB63D,0xB65D,0xC6DE,0xCEFE,0xD73E,0xCF1E,0xD71F,0xCEFE,0xD73E,
    0xCF1E,0xC6BE,0xAE3D,0x9D9D,0x8CFD,0x6C7C,0x645D,0x645C,0x645D,0x749C,0x957E,0xAE3F,0xB63F,0xAE3E,0xADFE,0xA5FE,
    0xA5FD,0x9DFD,0x9DBE,0x957E,0x851E,0x74FD,0x74BE,0x74BE,0x645D,0x545E,0x43FD,0x4C1D,0x43FD,0x43DD,0x3BDD,0x43DD,
    0x43DD,0x43FD,0x43DD,0x43FD,0x3BFD,0x43FD,0x3BFD,0x43FD,0x3BFD,0x43FD,0x3BDD,0x43DD,0x3BDD,0x43FD,0x3BFD,0x43FD,
    0x3BDD,0x3BDD,0x3BFD,0x43FD,0x43FD,0x3BFD,0x43FD,0x3BFD,0x43FD,0x3BFD,0x43FD,0x3BFD,0x43FD,0x3BFD,0x43FD,0x3BFD,
    0x43FD,0x3BFD,0x43FD,0x43FD,0x3BFD,0x43FD,0x43FD,0x43FD,0x441E,0x441D,0x43FD,0x43FD,0x3BFD,0x441E,0x441D,0x441D,
    0x859E,0x85BE,0x859D,0x859E,0x859D,0x859E,0x7D9D,0x857E,0x7D9D,0x857E,0x859D,0x7D7E,0x857D,0x7D7D,0x7D7E,0x857D,
    0x7D7E,0x7D7D,0x857D,0x7D7E,0x7D7E,0x857E,0x7D7E,0x857E,0x7D7E,0x857D,0x7D7D,0x7D9D,0x857D,0x859D,0x85BE,0x8D9E,
    0x8DBE,0x95BE,0x95DE,0x95DF,0x95DE,0x95BE,0x95DE,0x9DDD,0x9DFE,0xA61D,0xAE5E,0xB65E,0xC6BE,0xCEFD,0xD73E,0xDF5E,
    0xDF7E,0xDF5E,0xDF5E,0xE77E,0xDF5D,0xE77E,0xDF7E,0xDF7E,0xDF5E,0xD73E,0xD73E,0xD73E,0xD71D,0xD71E,0xD71E,0xD71E,
    0xCEDF,0xB65E,0xAE1D,0xA61E,0x95FE,0x8D9D,0x857E,0x7D3E,0x751E,0x74FE,0x751E,0x74FE,0x74FE,0x6CFE,0x6CFE,0x6CFD,
    0x6CFE,0x6CFD,0x6CFE,0x6CDD,0x6CDE,0x6CDD,0x64DD,0x6CDE,0x6CDD,0x6CDE,0x64DD,0x6CDE,0x6CDD,0x6CDE,0x64BD,0x64DE,
    0x64BD,0x64BE,0x6CBD,0x64BE,0x64BE,0x64BD,0x64BE,0x64BD,0x64BD,0x64BD,0x5CBE,0x64BD,0x64BD,0x5CBD,0x64BE,0x64BD,
    0x5C9E,0x64BD,0x5C9D,0x5C9E,0x649E,0x5C9D,0x649E,0x5C9E,0x5C9E,0x5C9D,0x5C7D,0x5C9E,0x5C9D,0x5C9D,0x5C9E,0x5C9D,
    0x5C7E,0x5C7D,0x5C7D,0x5C7E,0x5C7D,0x5C7E,0x5C7D,0x5C7E,0x5C7D,0x5C5D,0x649E,0x6CBF,0x647D,0x74DD,0x959D,0x8D5B,
    0x853C,0x8D3E,0x7CFE,0x74DD,0x74BD,0x74DD,0x6CDD,0x6C9C,0x649C,0x74DD,0x957D,0x95BE,0x8D9D,0x853C,0x7CDD,0x74BD,
    0x6C9C,0x74BB,0xA5FE,0x9DFD,0x8D3C,0x74BC,0x5C3C,0x5C7D,0x5C7E,0x647D,0x647E,0x5C7D,0x5C5D,0x5C5E,0x5C3D,0x5C5E,
    0x5C5E,0x5C5E,0x5C5D,0x5C3E,0x5C5D,0x5C3E,0x5C5D,0x5C3E,0x5C5E,0x5C3D,0x543E,0x543D,0x543E,0x543E,0x543D,0x541E,
    0x541D,0x543D,0x541E,0x4C1D,0x541D,0x4C1D,0x541D,0x4C1D,0x4BFD,0x441D,0x4BFD,0x4C1D,0x4BFD,0x4BFD,0x4BFD,0x43FD,
    0x4BFD,0x4C1D,0x4C1D,0x541D,0x4BFD,0x541E,0x543D,0x543E,0x5C7E,0x5C5E,0x5C3E,0x543D,0x5C3D,0x647D,0x851E,0x959E,
    0x9DBD,0xA61E,0xB67E,0xB65E,0x9D9D,0x84DE,0x8D3D,0xA5DE,0xB63E,0xBE7E,0xB67E,0xBE7E,0xBE7E,0xADDE,0xB61E,0xB67D,
    0xB65E,0xB65D,0xADFE,0x9DBD,0x959F,0x74DD,0x5C5D,0x545E,0x545D,0x543D,0x645C,0x7D1E,0x8D7D,0x959D,0x957D,0x9D9E,
    0x959C,0x9DBD,0xA5DF,0x957E,0x855E,0x853E,0x6CBC,0x6C7D,0x5C5D,0x4BFC,0x4BFC,0x541D,0x545E,0x4C3F,0x43FD,0x43FD,
    0x43FD,0x43DE,0x3BFD,0x43FD,0x43FE,0x3BFD,0x43FD,0x43FE,0x43FD,0x3BFD,0x43FD,0x3BFD,0x43FD,0x3BFD,0x43FE,0x3BFD,
    0x43FD,0x43FD,0x43DD,0x3BFE,0x43FD,0x43FE,0x3BFD,0x43FD,0x43FD,0x3BFD,0x43FD,0x43FD,0x3BFD,0x43FD,0x43FD,0x3BFD,
    0x43FD,0x43FD,0x3BFD,0x43FD,0x43DC,0x43FD,0x43FD,0x43FD,0x43FD,0x43FD,0x441D,0x441E,0x443D,0x441D,0x441E,0x441D,
    0x85BD,0x85DE,0x85BE,0x85BD,0x7DBE,0x859D,0x859E,0x859E,0x859E,0x859E,0x7D7E,0x859E,0x859E,0x857E,0x7D7D,0x857E,
    0x857E,0x7D7E,0x857E,0x857E,0x7D7E,0x857E,0x857E,0x7D7E,0x857E,0x7D7E,0x7D7E,0x857D,0x7D9E,0x857D,0x859E,0x857D,
    0x859D,0x8D9D,0x8DBE,0x95DE,0x9DDE,0x9DFF,0x9DFE,0x9DFE,0x9DFE,0xA61E,0xA61D,0xA61E,0xAE3D,0xB67D,0xC6BD,0xCEFE,
    0xDF3E,0xDF5E,0xE75D,0xE75D,0xE77E,0xEF7D,0xE75E,0xE75D,0xE77E,0xE75D,0xDF7E,0xDF5E,0xDF3D,0xD73D,0xDF1D,0xD71D,
    0xD71E,0xD71E,0xBEBE,0xAE9F,0xA63E,0x95BD,0x753C,0x753E,0x753E,0x751E,0x74FE,0x74FD,0x6CFD,0x6CFD,0x74FD,0x6CFE,
    0x6CFD,0x6CFD,0x6CDE,0x6CFD,0x6CDE,0x6CFD,0x6CDE,0x6CFD,0x6CDE,0x6CDD,0x6CDE,0x6CDE,0x6CDE,0x64BD,0x6CDE,0x6CBD,
    0x64BE,0x64BE,0x64BE,0x64DE,0x64BE,0x6CDE,0x64BD,0x64BE,0x649E,0x64BD,0x649E,0x649D,0x649E,0x649D,0x649D,0x649D,
    0x64BD,0x649D,0x64BD,0x649E,0x649D,0x647E,0x649D,0x647E,0x647E,0x647E,0x5C9E,0x5C9D,0x649D,0x5C7D,0x647D,0x5C7E,
    0x5C7D,0x5C7E,0x5C7E,0x5C7D,0x647E,0x5C9E,0x5C7E,0x5C7D,0x5C5D,0x647D,0x6C9D,0x7CDD,0x851D,0x7CDC,0xA61E,0xBEBE,
    0xAE3E,0x8D5E,0x8D3D,0x955D,0x8D5C,0x9DBE,0x9DBE,0x957D,0x95BD,0xAE1E,0xCEDE,0xDF7F,0xE77E,0xD73F,0xC69D,0xADDC,
    0xB61D,0xC6DE,0xDF5D,0xEFFF,0xE7BF,0xCE9D,0xAE3D,0x8D9D,0x74BC,0x6C5D,0x5C3D,0x5C5D,0x5C7D,0x5C5D,0x5C5E,0x5C5D,
    0x5C7C,0x647D,0x645E,0x5C5E,0x5C5D,0x5C7E,0x5C5D,0x5C5D,0x5C5D,0x647E,0x5C5D,0x647D,0x5C5D,0x645D,0x5C5D,0x5C5D,
    0x5C5E,0x543D,0x541D,0x543D,0x4C1D,0x4C1D,0x4BFD,0x4C1D,0x4BFD,0x4BFD,0x4BFD,0x4BFD,0x4BFD,0x4BFD,0x4BFD,0x4BFD,
    0x4BFD,0x4BFD,0x4BFD,0x4C1E,0x4C1D,0x4C1C,0x541D,0x543D,0x543D,0x53FC,0x541D,0x4C1D,0x4C1E,0x5C3E,0x643D,0x7CFE,
    0x8D7E,0x855D,0x855E,0x7CFD,0x6C7D,0x643D,0x749E,0x7D3D,0x8D5F,0x8D5D,0x9D9D,0xA5DD,0xA5DE,0x9D9E,0x8D3C,0x955D,
    0xA5BF,0xADDE,0xA5BE,0x9D9E,0x957E,0x853E,0x6CBD,0x5C3D,0x543E,0x541D,0x53FD,0x5C3D,0x5C5C,0x6CBD,0x6CBC,0x74FD,
    0x7D1C,0x8D5C,0x9DBE,0x957D,0x853D,0x853D,0x74BD,0x647E,0x649D,0x543D,0x541D,0x4C1D,0x543E,0x5C5E,0x53FD,0x43DD,
    0x43FE,0x4C1E,0x43FD,0x43DD,0x43FD,0x43FD,0x43FD,0x43FD,0x43FD,0x43FD,0x4BFD,0x43FD,0x43FD,0x43FD,0x4BFD,0x43FD,
    0x43DD,0x43FE,0x43FD,0x43FD,0x43FD,0x43FD,0x4BFD,0x441D,0x43FD,0x441D,0x43FD,0x441D,0x43FD,0x43FC,0x43FD,0x43FC,
    0x43FC,0x4C1D,0x441D,0x4C1D,0x5C7C,0x7D3D,0x8D9F,0x8D5E,0x7D3D,0x6CFC,0x5C3C,0x545D,0x4C1D,0x441E,0x441D,0x441D,
    0x85BE,0x85DD,0x85BE,0x85BD,0x85BD,0x85BE,0x85BE,0x859E,0x859E,0x859E,0x859E,0x857E,0x7D9E,0x857D,0x859E,0x7D7E,
    0x859D,0x859E,0x7D7D,0x859E,0x7D7E,0x857E,0x7D9E,0x857E,0x7D7E,0x859E,0x857D,0x7D7E,0x857E,0x7D7D,0x7D7E,0x857D,
    0x857D,0x857D,0x857D,0x8D9D,0x8D9D,0x8DBD,0x95BD,0x95DE,0x9DFD,0x9E1E,0xA61E,0xAE3E,0xAE5E,0xBE9E,0xBEDF,0xCEDE,
    0xD71D,0xDF7E,0xEF9E,0xEF7E,0xEF7E,0xEF7E,0xEF9E,0xEF7E,0xEF9E,0xEF7E,0xE79E,0xE77D,0xDF5E,0xDF3E,0xDF3E,0xD71D,
    0xDF1E,0xCEDE,0xAE5E,0x9DDD,0x859E,0x855D,0x753E,0x753D,0x751E,0x751E,0x751E,0x751E,0x751D,0x6CFE,0x6CFD,0x74FE,
    0x6CFD,0x74FE,0x6CFD,0x6CFE,0x6CDD,0x6CFE,0x6CDD,0x6CFE,0x6CFD,0x6CDE,0x6CDE,0x6CDE,0x6CDE,0x6CDE,0x6CDE,0x6CDE,
    0x64DD,0x64DE,0x64BD,0x64DE,0x64DD,0x64DE,0x6CBE,0x64BD,0x6C9E,0x64BD,0x649D,0x649E,0x64BD,0x64BD,0x64BE,0x649D,
    0x64BE,0x649D,0x64BE,0x649D,0x649E,0x5C9D,0x649D,0x649D,0x649D,0x649D,0x649E,0x649D,0x5C9D,0x649D,0x647E,0x649E,
    0x647E,0x649E,0x647D,0x5C7E,0x647D,0x5C7E,0x649E,0x649D,0x647D,0x74DE,0x851E,0x8D7F,0xA5FF,0xAE1E,0xBEBF,0xC6BE,
    0xA61E,0x9DBE,0xAE5E,0xCEBE,0xBE7C,0xCEFE,0xD71E,0xC6BE,0xCEFD,0xD73E,0xE75F,0xEF9E,0xE7BE,0xEFBE,0xEFBF,0xEF9F,
    0xEF9F,0xEFBF,0xEFBE,0xF7BE,0xF7BE,0xF7BF,0xF7BF,0xD73E,0xC6BE,0xB65E,0x9D9D,0x751D,0x5C9D,0x649E,0x647E,0x649E,
    0x649D,0x647D,0x647D,0x647E,0x645D,0x647E,0x645D,0x5C7E,0x647E,0x647D,0x649E,0x6C9E,0x6C9D,0x649E,0x6C9D,0x649E,
    0x5C5D,0x543D,0x543D,0x543D,0x541D,0x4C1D,0x541D,0x4C1E,0x541D,0x541E,0x4BFD,0x4C1D,0x4BFD,0x4C1D,0x4C1D,0x4C1D,
    0x4C1D,0x4BFD,0x4C1D,0x4BFD,0x541C,0x4C1C,0x4C1D,0x53FD,0x5C3D,0x6CBE,0x5C3D,0x4BFC,0x4C3D,0x4C1D,0x53DC,0x53FC,
    0x5C3C,0x543C,0x543C,0x541D,0x4C3C,0x4C3D,0x541C,0x543C,0x541E,0x5C5D,0x6CBC,0x7CDE,0x74DD,0x74FD,0x7CFD,0x6C9C,
    0x7D1D,0x959E,0x9D7D,0x8D3E,0x7CBD,0x7CFD,0x74FF,0x645D,0x5C3E,0x543E,0x5C5E,0x543E,0x541E,0x543D,0x545D,0x5C7C,
    0x74DD,0x855D,0x9DBE,0xA5FE,0x9DDE,0x8D5E,0x74DD,0x649E,0x5C5E,0x541D,0x4C3D,0x4C1D,0x545D,0x5C5D,0x545D,0x4C1D,
    0x43FD,0x443D,0x441D,0x43FD,0x4BFD,0x4BFE,0x43FD,0x4BFE,0x43FD,0x4BFE,0x43FD,0x4C1D,0x4BFD,0x43FD,0x43FD,0x4BFD,
    0x43FD,0x4BFD,0x43FD,0x4BFE,0x43FD,0x4C1E,0x441E,0x43FE,0x441D,0x4C1E,0x43FD,0x441E,0x43FD,0x441D,0x4C1D,0x441D,
    0x541D,0x543D,0x5C5D,0x7D3E,0xA63F,0xAE3D,0xB61E,0xA5FE,0xAE7F,0xAE7E,0x95DE,0x6CBC,0x541D,0x4C1D,0x441E,0x4C3D,
    0x85BE,0x85BE,0x85BD,0x85BE,0x85BD,0x85BD,0x859E,0x85BE,0x859E,0x85BE,0x859E,0x859E,0x859E,0x859E,0x859D,0x859E,
    0x857E,0x859D,0x859E,0x7D7E,0x857E,0x7D7E,0x857E,0x7D7E,0x859E,0x7D7D,0x857E,0x7D9D,0x857E,0x7D7D,0x857D,0x7D7E,
    0x7D7E,0x857E,0x7D7D,0x857D,0x857E,0x857D,0x855D,0x857D,0x8D9D,0x8D9D,0x95BD,0x9DFD,0xA61E,0xAE3E,0xBE9E,0xC6DE,
    0xCEFE,0xD75D,0xE79E,0xEF9E,0xE77E,0xEF9E,0xEF7E,0xEF9E,0xEF7E,0xE79E,0xE77E,0xDF5E,0xDF5D,0xDF3E,0xDF5E,0xE75E,
    0xDF3F,0xC6BE,0xA61D,0x8D9D,0x7D5D,0x7D3E,0x7D3D,0x753D,0x7D1E,0x751E,0x751E,0x751E,0x751D,0x74FE,0x6CFD,0x74FE,
    0x6CFD,0x74FE,0x74FD,0x6CFE,0x74FD,0x6CFE,0x74FE,0x74FD,0x6CFE,0x74FD,0x6CFE,0x6CDE,0x6CFD,0x6CDE,0x6CDD,0x6CDE,
    0x64DE,0x6CDE,0x64DE,0x6CDE,0x64DE,0x64DE,0x6CBD,0x64BE,0x6CBD,0x6CBE,0x64BD,0x6CBE,0x6CBD,0x649E,0x64BD,0x64BD,
    0x64BE,0x64BD,0x64BE,0x64BD,0x64BD,0x649D,0x64BD,0x5CBD,0x5C9C,0x64BD,0x647E,0x649E,0x649E,0x649E,0x649E,0x5C9E,
    0x647E,0x5C9D,0x649E,0x649E,0x649D,0x647E,0x5C9D,0x649D,0x6CBD,0x7D3F,0x851F,0x7CFC,0x955D,0xB61E,0xA5DE,0xA59D,
    0x9D7F,0x84FD,0xAE3E,0xDF7F,0xE77E,0xE79D,0xE79F,0xDF5E,0xD71C,0xE77D,0xE79E,0xEF7D,0xEF9D,0xEF9E,0xEF9D,0xEF9E,
    0xEF9E,0xEF9E,0xF79D,0xEF9D,0xF7BE,0xF79E,0xF79D,0xEFBE,0xEFBE,0xEFBE,0xF7FF,0x9DFD,0x643C,0x649E,0x647D,0x647E,
    0x647E,0x647D,0x647D,0x647E,0x5C7E,0x647E,0x5C7E,0x647D,0x647E,0x647D,0x649D,0x649D,0x649D,0x649D,0x647D,0x6C9D,
    0x5C7E,0x5C3D,0x543D,0x543D,0x4C3D,0x543D,0x4C1D,0x541D,0x4C1D,0x541D,0x541D,0x4BFD,0x541D,0x4C1D,0x53FD,0x4C1D,
    0x541D,0x4C1D,0x541D,0x4BFD,0x4BFD,0x541D,0x541D,0x53FD,0x6C7D,0x853E,0x8D5D,0x649C,0x5C5D,0x5C5D,0x649E,0x6C9E,
    0x647D,0x6C9D,0x5C3D,0x4C1C,0x4C1C,0x4C3D,0x4C3D,0x541E,0x541F,0x4BFD,0x541D,0x541D,0x543C,0x5C1C,0x6CDF,0x645D,
    0x647D,0x853F,0x7D1D,0x6C9C,0x6C7C,0x6C9D,0x6C7D,0x645D,0x643E,0x645E,0x543D,0x541D,0x5C3E,0x541D,0x541E,0x5C3C,
    0x74DD,0x8D3F,0x95BE,0xAE1E,0xAE5D,0xA5FF,0x9D7E,0x853E,0x6C7D,0x5C5E,0x4C1E,0x4BFC,0x543D,0x4C3E,0x4C1D,0x4C1E,
    0x4C1D,0x4BFD,0x4C1D,0x441E,0x43FD,0x43FE,0x43FD,0x43FE,0x43FD,0x441D,0x4C1E,0x441D,0x441E,0x441D,0x441D,0x441D,
    0x43FE,0x43FE,0x43FD,0x43FE,0x4C1E,0x441E,0x4C1D,0x4C1D,0x4C1D,0x441D,0x4C1D,0x4C1D,0x4C1D,0x4C1E,0x4C3D,0x4C1C,
    0x5C7D,0x6C9D,0x74DE,0x957E,0xB63E,0xBE7E,0xBE5D,0xA5DC,0xA61D,0xB67D,0xAE5D,0x95BE,0x647C,0x4BFD,0x4C1D,0x441D,
    0x85BD,0x85BE,0x85BE,0x85BD,0x85BE,0x85BE,0x85BE,0x859E,0x85BE,0x859E,0x85BD,0x85BE,0x859D,0x859E,0x859D,0x859E,
    0x7D9D,0x859E,0x859D,0x859E,0x859D,0x859E,0x859D,0x857E,0x859D,0x857E,0x7D9E,0x857E,0x859D,0x7D7E,0x7D7D,0x857E,
    0x7D7E,0x7D9E,0x857E,0x7D9E,0x857D,0x859E,0x857D,0x859E,0x8D7E,0x8DBD,0x8D9D,0x8DBD,0x95BD,0x9DDD,0xA61D,0xB67E,
    0xC6BD,0xD73D,0xDF7D,0xE77E,0xEF7E,0xE77E,0xE75E,0xE77E,0xE75E,0xE77E,0xDF5D,0xE77E,0xDF5D,0xDF5E,0xDF3D,0xD71D,
    0xD71E,0xC6BD,0xB67D,0xA61E,0x9DDE,0x9DDD,0x8D7E,0x7D7D,0x7D3E,0x751E,0x751E,0x751E,0x751D,0x6CFE,0x751E,0x6D1D,
    0x74FE,0x6D1E,0x751E,0x6CFE,0x74FE,0x6D1D,0x74FE,0x6CFD,0x74FE,0x6CFE,0x6CDD,0x6CDE,0x6CDD,0x6CDE,0x6CDD,0x6CDD,
    0x6CDD,0x64DE,0x6CDD,0x64DD,0x6CBE,0x6CDD,0x64DE,0x6CBD,0x6CDE,0x6CBD,0x6CBD,0x64BD,0x64BD,0x64BE,0x6CBE,0x64BD,
    0x64BE,0x6CBD,0x64BE,0x6CBD,0x64BD,0x64BE,0x649E,0x5C9E,0x649E,0x649D,0x647E,0x649E,0x649E,0x649D,0x649E,0x64BD,
    0x649E,0x649D,0x5C7E,0x647D,0x5C7D,0x5C7D,0x647D,0x6C9D,0x74FE,0x7CFE,0x749D,0x7CFD,0x959E,0x9DBE,0x8D5D,0xA5BE,
    0x8D5E,0x649C,0x8D5D,0xC6DD,0xE77F,0xE79E,0xE77F,0xE75E,0xE75E,0xE77E,0xEF9D,0xEF7E,0xEF9E,0xF7BE,0xEF9E,0xF7BE,
    0xEF9E,0xF7BE,0xEF9E,0xF79E,0xEF9E,0xEF9E,0xEFBE,0xEF9E,0xF79D,0xF77D,0xF7DE,0xCEFF,0x6C9D,0x6C7D,0x6C7D,0x6C5D,
    0x645D,0x649E,0x647D,0x647D,0x647E,0x647D,0x5C5D,0x645E,0x5C7E,0x647D,0x647D,0x647D,0x649D,0x6C9D,0x649D,0x649D,
    0x5C5D,0x5C5D,0x543D,0x543D,0x543D,0x4C1D,0x543E,0x541D,0x541D,0x4C1D,0x541D,0x541D,0x4C1D,0x541D,0x4C1D,0x541D,
    0x541D,0x541E,0x543D,0x541D,0x4C1D,0x4C1C,0x543D,0x5C1C,0x74BC,0x959D,0xA5FE,0x84FB,0x6CBD,0x74DE,0x74BE,0x74BD,
    0x851D,0x8D7F,0x7D1E,0x645C,0x541D,0x543D,0x541E,0x541D,0x53FC,0x751D,0x74FD,0x53FB,0x5C7B,0x851D,0x74DD,0x645D,
    0x6C7D,0x7CFE,0x8D1D,0x7CFC,0x853D,0x855D,0x853C,0x7CFC,0x7CFC,0x8D3D,0xAE1E,0x9D9D,0x7C9A,0xA5DD,0xAE3D,0x9D9C,
    0x84FB,0x84DC,0x9D9F,0xB65F,0xBE7E,0xB65D,0xA5DE,0x8D5D,0x7CDD,0x649F,0x5C5E,0x543E,0x541D,0x4C3D,0x4C1E,0x541E,
    0x541E,0x541E,0x4C1D,0x4C1D,0x4C1D,0x4C1D,0x4C1D,0x4C3D,0x4C1E,0x4C1D,0x441D,0x4C1D,0x4C1E,0x4C1D,0x4C1D,0x4C1D,
    0x441E,0x4C1D,0x441E,0x441D,0x441D,0x4C1E,0x4C1D,0x4C1D,0x4C1E,0x4C1D,0x4C1E,0x4C1D,0x4C1E,0x4C5D,0x547E,0x649E,
    0x6C9E,0x6C9D,0x74DE,0x7CFC,0x9DBE,0xAE1E,0xAE3F,0xB61E,0xAE3E,0xB63D,0xAE1D,0xAE3F,0x857E,0x541B,0x5C5D,0x545C,
    0x8DBE,0x8DBD,0x8DBE,0x8DBE,0x85BD,0x8DBE,0x85BD,0x85BE,0x85BD,0x85BE,0x859E,0x85BE,0x85BE,0x859D,0x85BE,0x859D,
    0x85BE,0x859D,0x859E,0x7D9E,0x859D,0x7D9E,0x859D,0x7D9E,0x859E,0x859D,0x859E,0x859E,0x857E,0x859D,0x857E,0x7D9D,
    0x859E,0x7D7E,0x7D9E,0x859E,0x859E,0x859E,0x859E,0x857E,0x8D9E,0x8D9D,0x8D9E,0x95BD,0x95DE,0x9DBD,0x9DFD,0xAE1D,
    0xB67C,0xCEFE,0xD75E,0xE75E,0xDF5E,0xE75E,0xDF3D,0xE75E,0xDF5D,0xDF5E,0xDF5D,0xDF5D,0xDF5E,0xE73E,0xDF5E,0xDF3E,
    0xD71D,0xC6BD,0xBE7D,0xBE9E,0xB65E,0xB65E,0xA61F,0x8DBE,0x853D,0x751D,0x751E,0x751E,0x751E,0x751E,0x751E,0x751E,
    0x74FD,0x6D1E,0x74FD,0x751D,0x6D1E,0x74FD,0x6CFE,0x751D,0x6CFD,0x74FD,0x6CFE,0x6CFD,0x74FE,0x6CFD,0x6CFE,0x6CDE,
    0x6CDD,0x6CDE,0x6CDE,0x6CDD,0x6CDE,0x6CDD,0x6CBD,0x6CDE,0x64DD,0x6CDE,0x6CDE,0x64BD,0x6CBD,0x64BE,0x6CBD,0x64BE,
    0x64BD,0x64BE,0x64BD,0x64BD,0x64BD,0x649E,0x6C9F,0x647D,0x6CBD,0x647D,0x6C7D,0x6C9D,0x647E,0x649D,0x64BD,0x5C9D,
    0x649D,0x649D,0x649D,0x5C9D,0x649E,0x649D,0x649E,0x649D,0x74FE,0x6CBE,0x6C7D,0x7D1E,0x855E,0x855E,0x7D1C,0x95BE,
    0x8D9E,0x6C7B,0x8D5D,0xBE7D,0xD77F,0xD73D,0xDF5E,0xE77F,0xE79E,0xEF7D,0xF77E,0xF79E,0xEF7E,0xF7BF,0xF79E,0xF79E,
    0xEFBE,0xEF9E,0xEFBF,0xEF9F,0xEF9E,0xE79E,0xE79E,0xE79E,0xE77E,0xEF7D,0xF7BD,0xE7BF,0x9DBD,0x647C,0xA5DF,0x8D3D,
    0x643D,0x647E,0x647D,0x5C5D,0x5C7E,0x645D,0x5C5D,0x5C5D,0x5C5D,0x647D,0x5C7D,0x649D,0x649E,0x649D,0x5C7D,0x5C5D,
    0x5C5D,0x545D,0x543D,0x543D,0x541E,0x4C3D,0x543D,0x543E,0x541D,0x4C1D,0x541D,0x4C1D,0x541D,0x541D,0x541D,0x541D,
    0x541D,0x4C1D,0x541D,0x545D,0x543D,0x543D,0x5C1D,0x6CBE,0x8D7F,0x959D,0xA5DE,0xB63F,0xA61E,0x853D,0x7CBD,0x6C7D,
    0x6C5C,0x74BE,0x6CBE,0x647D,0x5C7E,0x543D,0x5C3D,0x74BD,0x955D,0xCF3F,0xBE9E,0x8D7C,0xAE7E,0xD73E,0xBE7E,0x957C,
    0x955C,0xADDC,0xBE9E,0xCEDE,0xD71F,0xE75F,0xE79F,0xDF3E,0xE75F,0xE73F,0xF7DF,0xF7BF,0xE75E,0xF7DF,0xF7DE,0xF7DF,
    0xD75F,0x9D7B,0xA59D,0xB65F,0xB67E,0xBE9E,0xADFE,0x851C,0x6C9B,0x645B,0x5C3C,0x543D,0x545E,0x545D,0x5C3C,0x5C1C,
    0x5C1D,0x543E,0x5C5E,0x543E,0x545D,0x543D,0x545D,0x543D,0x543D,0x543D,0x543E,0x543D,0x541D,0x543D,0x541D,0x4C1D,
    0x4C1D,0x4C1D,0x4C3D,0x4C1D,0x4C1D,0x4C1D,0x4C1D,0x4C1D,0x4C1D,0x4C1D,0x543D,0x4C3D,0x4C3D,0x4C1E,0x545D,0x5C7E,
    0x5C7D,0x645C,0x645C,0x647D,0x6CBE,0x74FE,0x7CFD,0x853E,0x959E,0x959E,0xA5BF,0x8D7D,0x8D9F,0x751C,0x855F,0x7D3E,
    0x8DBE,0x85BE,0x8DBE,0x8DBE,0x8DBE,0x8DBE,0x85BE,0x8DBE,0x85BE,0x8DBE,0x85BD,0x8DBE,0x85BD,0x85BE,0x859D,0x85BE,
    0x85BD,0x85BE,0x85BD,0x859E,0x859E,0x859E,0x859E,0x859E,0x859E,0x859E,0x859E,0x859E,0x7D9E,0x859E,0x7D9E,0x857E,
    0x859E,0x859E,0x859E,0x857D,0x859E,0x857D,0x8D7D,0x8D7E,0x8D9E,0x8D9D,0x959D,0x95DE,0x9DFE,0x9E1E,0xA63E,0xB65D,
    0xB69E,0xC6DD,0xD73E,0xDF5E,0xE77E,0xE75E,0xE77E,0xDF5E,0xDF3D,0xDF3D,0xDF5D,0xE75D,0xDF5D,0xE77E,0xE77E,0xDF5E,
    0xD6FD,0xBE9D,0xB67D,0xAE5E,0xA63E,0xAE1E,0x9DFE,0x8D7D,0x7D1D,0x7D1E,0x751E,0x751E,0x6D3E,0x751E,0x751E,0x6D1E,
    0x74FE,0x751E,0x6CFE,0x751D,0x74FD,0x6D1D,0x74FD,0x6CFD,0x751E,0x6CFD,0x74FD,0x6CFE,0x6CFD,0x74FD,0x6CFD,0x74FE,
    0x6CDD,0x6CDE,0x6CDD,0x6CDE,0x6CDD,0x6CDE,0x6CDD,0x6CDD,0x6CDE,0x6CDD,0x6CBD,0x6CDD,0x6CBD,0x64DE,0x6CDE,0x64DE,
    0x6CBE,0x64BD,0x64BE,0x64DD,0x64DD,0x6CBE,0x6CBD,0x74DD,0x8D5E,0x8D7D,0x751D,0x6C9C,0x6C9C,0x649D,0x649D,0x5CBD,
    0x64BD,0x649E,0x64BD,0x649D,0x649D,0x649D,0x649E,0x649D,0x6CDE,0x649D,0x649E,0x6CBD,0x6CDC,0x7CFD,0x7D1E,0x955E,
    0x8D7E,0x7CFD,0x9DDE,0xC6BF,0xD6FD,0xD73D,0xDF5E,0xE77E,0xEF9D,0xF79D,0xF79F,0xF79E,0xF79E,0xF79E,0xF79E,0xF79E,
    0xFF9E,0xF79E,0xF79E,0xF79E,0xEF9E,0xEF7F,0xEF7F,0xEF7E,0xEF7D,0xEF7E,0xEF9D,0xEFBE,0xA61D,0x6C7B,0xAE1E,0xADFF,
    0x6C9C,0x647E,0x5C5E,0x645D,0x5C7D,0x5C5D,0x5C5E,0x5C3D,0x5C5D,0x645E,0x5C7E,0x5C7D,0x5C5E,0x5C5D,0x5C5E,0x5C5D,
    0x5C3D,0x5C5D,0x543D,0x543D,0x543D,0x543E,0x543D,0x543D,0x543D,0x541D,0x543D,0x543D,0x541D,0x541D,0x541D,0x541D,
    0x541D,0x541D,0x5C3D,0x53FD,0x5BFC,0x6C7B,0x7CDC,0x747B,0x74DC,0x7D1D,0x955E,0x959E,0x957E,0x853D,0x7D1E,0x74BE,
    0x5C3D,0x5C5E,0x5C3D,0x5C7E,0x5C7D,0x545D,0x645C,0xA5FE,0xBE9D,0xDF1E,0xD71D,0xDF3E,0xE77F,0xEF7E,0xEFBF,0xEFBF,
    0xE75E,0xDF5E,0xEF9E,0xF79F,0xF79E,0xF79D,0xF79E,0xF7DE,0xF7BE,0xF7BE,0xF79D,0xFF9E,0xFF9F,0xF77E,0xF77E,0xF79D,
    0xF7BF,0xDF5F,0xC6BE,0xA5DC,0xAE3E,0xB63D,0xADFE,0xA5DE,0xB65D,0xC6DE,0xA5FD,0x957E,0x7D1D,0x7CFB,0xAE5E,0xAE1D,
    0x8D7C,0x7D1C,0x647D,0x649D,0x5C7E,0x5C7D,0x5C5E,0x5C5D,0x5C7D,0x5C7E,0x5C5D,0x5C5D,0x5C5D,0x5C5D,0x5C3D,0x5C5D,
    0x543D,0x543D,0x543D,0x543D,0x545D,0x543D,0x543E,0x4C3E,0x543D,0x543E,0x545E,0x545E,0x545E,0x545D,0x545E,0x5C5D,
    0x5C5D,0x5C5D,0x5C5D,0x5C5D,0x5C5D,0x647E,0x649D,0x649C,0x6CDD,0x7CFD,0x7D1E,0x74FD,0x7D1D,0x851D,0x8D7E,0xA5DF,
    0x8DDE,0x8DBE,0x8DDE,0x8DDD,0x85BE,0x8DDE,0x8DBD,0x85BE,0x8DBD,0x85BD,0x8DBE,0x85BD,0x8DBE,0x85BE,0x85BD,0x859E,
    0x85BE,0x859D,0x85BE,0x859D,0x85BE,0x859D,0x85BD,0x859E,0x85BD,0x859E,0x859E,0x859E,0x859E,0x859D,0x859E,0x859E,
    0x859D,0x857E,0x859E,0x859D,0x8D9E,0x859D,0x8D9E,0x859E,0x8DBE,0x8DBE,0x95BE,0x95DE,0x9DFE,0x9E1E,0xA61E,0xAE5E,
    0xB67E,0xBE9E,0xC6BF,0xCEFE,0xDF1E,0xDF5E,0xDF5E,0xE75E,0xDF3E,0xE75E,0xDF5D,0xDF3E,0xDF3E,0xDF5E,0xDF1E,0xD6FE,
    0xC6BE,0xBE9E,0xB63E,0xA5FE,0x95BE,0x8D7D,0x8D7D,0x8D7D,0x857D,0x853E,0x7D5E,0x7D3E,0x753E,0x751D,0x751E,0x751D,
    0x751D,0x6CFD,0x751D,0x6CFE,0x751D,0x751E,0x6D1D,0x74FD,0x6D1D,0x74FE,0x6CFD,0x74FE,0x6CFD,0x6CFE,0x74FD,0x6CFE,
    0x6CFD,0x6CFE,0x74FD,0x6CDD,0x6CDD,0x6CDD,0x6CDE,0x6CDE,0x6CDD,0x6CDE,0x6CDE,0x6CDD,0x64BE,0x6CDE,0x6CDE,0x6CBD,
    0x64DE,0x6CBE,0x6CBD,0x64DD,0x64BE,0x6CBE,0x6CBD,0x8D5D,0xB6BF,0xBEDF,0xA61E,0x853D,0x6C9C,0x649E,0x649E,0x64BE,
    0x649D,0x649E,0x649D,0x649E,0x649D,0x64BD,0x649E,0x6CBE,0x6CDE,0x649E,0x647E,0x647D,0x74FD,0x857E,0x74DC,0x851C,
    0x9DBE,0x9DDE,0xAE1E,0xCEBF,0xCEFF,0xD71E,0xDF3D,0xE75D,0xEF9E,0xF7BE,0xF7BE,0xFFBD,0xF7BE,0xF79D,0xF79E,0xF79E,
    0xFF9E,0xF79E,0xFFBE,0xF79E,0xF79E,0xF79F,0xF79E,0xF77E,0xF79E,0xEF7F,0xEF9E,0xE79E,0xBEBE,0x7D1C,0xA5DD,0xBE9F,
    0x853D,0x6CDE,0x647E,0x645E,0x5C3D,0x5C5D,0x5C5D,0x5C5D,0x5C5D,0x5C5E,0x645D,0x5C5E,0x5C3D,0x545D,0x5C5D,0x5C5E,
    0x545D,0x5C5D,0x543D,0x543E,0x543D,0x545E,0x543D,0x543D,0x543D,0x543D,0x543D,0x543D,0x543D,0x543D,0x543D,0x543D,
    0x543E,0x541D,0x643C,0x957D,0xB63E,0xDF3E,0xEFBF,0xD71E,0xADFC,0x957C,0x857E,0x749C,0x5C1B,0x6C5D,0x751E,0x6CBD,
    0x5C3D,0x5C3D,0x5C3C,0x5C3D,0x5C3D,0x5C3C,0x74BC,0xBE9F,0xDF1E,0xDF1D,0xEF7E,0xEF7E,0xE77E,0xF77E,0xEF9E,0xF79E,
    0xF7DE,0xEF9E,0xF79E,0xEF9E,0xF7BE,0xEF9E,0xEF7D,0xEF9E,0xF79E,0xF7BE,0xF79D,0xF7BE,0xF79E,0xF79E,0xF79E,0xEF9E,
    0xEF9D,0xDF7D,0xD71E,0xB65D,0xADFC,0xB65F,0xAE1D,0xB61C,0xDF1E,0xF7BF,0xEF9E,0xDF5F,0xCEBD,0xDF5E,0xF7FE,0xF7BE,
    0xF7DE,0xDF5F,0xB65D,0x8D5E,0x74FF,0x7CFE,0x74FE,0x74FE,0x74DE,0x74DE,0x6CBE,0x74DE,0x6CDE,0x6CBD,0x6CBE,0x6CBD,
    0x649D,0x649D,0x6C9D,0x649E,0x649D,0x647D,0x5C9D,0x647E,0x5C9E,0x5C7E,0x647E,0x5C7E,0x647E,0x5C7D,0x5C5D,0x5C5D,
    0x5C7D,0x5C9E,0x649E,0x647E,0x5C7D,0x5C7D,0x5C7D,0x5C7D,0x547C,0x649D,0x64BD,0x6CBD,0x6CBD,0x74DD,0x8D3D,0x9DBE,
    0x8DDE,0x8DDD,0x8DBE,0x8DDE,0x8DDD,0x8DDE,0x8DBD,0x85BD,0x8DBE,0x85BD,0x8DBE,0x8DBD,0x85BE,0x8DBD,0x8DBE,0x8DBE,
    0x8DBD,0x8DBE,0x8DBE,0x85BD,0x8DBD,0x85BE,0x8D9D,0x859D,0x859D,0x85BE,0x859D,0x85BE,0x8D9E,0x859E,0x859E,0x859E,
    0x859E,0x859E,0x859E,0x859E,0x859E,0x859E,0x859E,0x859D,0x8D9E,0x859E,0x859E,0x8DBE,0x8D9E,0x959E,0x95BE,0x9DDD,
    0x9DFE,0xA61D,0xAE3E,0xB65D,0xBE9E,0xCF1E,0xD73E,0xDF3D,0xDF3D,0xDF5D,0xD73D,0xD73D,0xD71E,0xCF1E,0xCEDE,0xC6BE,
    0xBE9F,0xB65E,0xAE3E,0x9DDD,0x95BD,0x959D,0x95BE,0x95DE,0x95DF,0x8D9E,0x8D9E,0x857E,0x853D,0x751E,0x751D,0x751D,
    0x74FD,0x751D,0x751D,0x751D,0x74FE,0x6D1D,0x74FE,0x6CFD,0x74FD,0x6CFE,0x751E,0x6D1D,0x74FE,0x6CFD,0x6CFD,0x6CFD,
    0x74FD,0x6CFD,0x6CFE,0x6CFD,0x6CFE,0x6CDD,0x6CFE,0x6CDE,0x6CDE,0x6CDE,0x6CDE,0x6CDE,0x6CDE,0x6CDD,0x64BE,0x6CDE,
    0x6CBD,0x6CDE,0x64DE,0x6CBD,0x6CBE,0x64BE,0x6CBD,0x7CFC,0x9DDD,0xBE9F,0xB65E,0x959E,0x6CBD,0x6C9E,0x6CBD,0x6C9D,
    0x6C9D,0x649D,0x649D,0x64BD,0x649E,0x649D,0x649E,0x64BE,0x6C9D,0x649D,0x6C7E,0x6C9D,0x7D1F,0x7D3E,0x7D1D,0x857D,
    0xA5FE,0xA5DE,0x9D7C,0xAE3E,0xA5DD,0xA5FD,0xBEBD,0xE79E,0xEFBE,0xFFBE,0xF7BE,0xF79E,0xFFBE,0xF79E,0xFFBE,0xF79E,
    0xF7BE,0xF79E,0xEF9E,0xF7BE,0xF79E,0xEF9E,0xF7BE,0xF79E,0xEF9F,0xF79E,0xE79E,0xDF9E,0xC6DE,0x955C,0x9DDE,0xAE5F,
    0x959C,0x7D1C,0x6C9E,0x5C1C,0x645D,0x5C5E,0x5C7D,0x5C5E,0x5C5E,0x645D,0x5C5D,0x647D,0x5C5E,0x5C5D,0x5C5E,0x545D,
    0x5C3D,0x543D,0x5C3D,0x5C5D,0x5C5D,0x5C3E,0x545D,0x545D,0x545D,0x543D,0x543D,0x543D,0x543E,0x543D,0x545C,0x5C3D,
    0x543E,0x5C3D,0xB61D,0xF7DF,0xF7DF,0xFFBE,0xFF7D,0xFFDE,0xF7BF,0xBE5C,0x7CBC,0x851E,0x74DE,0x6C7D,0x6C9E,0x5C7D,
    0x547D,0x647D,0x6C9D,0x5C3D,0x5C3D,0x6C7D,0x7CBD,0x9D9C,0xCEBE,0xEF7E,0xEF9E,0xEF9E,0xEF9E,0xEF7D,0xF79E,0xEF9E,
    0xF79E,0xF79E,0xEF7E,0xEF9E,0xEF9E,0xEF9E,0xEF9E,0xEF9E,0xF79E,0xF7BE,0xF7BE,0xF7BE,0xF7BE,0xF7BE,0xEF9D,0xEF7D,
    0xE79E,0xDF7D,0xD75E,0xCF1D,0xC6DE,0xCEFE,0xC6FE,0xCEFD,0xDF5E,0xEF9E,0xF77E,0xF79E,0xF7DE,0xFFBE,0xF79D,0xF79D,
    0xF7BE,0xF7BE,0xEFDF,0xAE1E,0x84FD,0x851E,0x7D3D,0x7D3E,0x7D3E,0x7D1E,0x7D1D,0x7CFD,0x751D,0x7D1D,0x74FD,0x7D1E,
    0x7CFD,0x7CFD,0x74FD,0x74DD,0x74BD,0x6CBD,0x6CBD,0x6CBD,0x6CDD,0x74DD,0x6CDD,0x74DD,0x6CBD,0x6C9D,0x64BD,0x649D,
    0x649E,0x64BE,0x64BD,0x5C9E,0x647D,0x5C7D,0x5C7D,0x547E,0x5C7E,0x545D,0x5C9D,0x5C9D,0x649D,0x6CBD,0x7CFD,0x8D5E,
    0x8DDE,0x8DBD,0x8DDE,0x8DDD,0x8DBE,0x8DDE,0x8DBE,0x85BD,0x8DBD,0x8DBE,0x85DD,0x8DBD,0x8DBE,0x85BE,0x8DBE,0x85BE,
    0x85BE,0x85BD,0x8DBE,0x85BE,0x8DBE,0x85BE,0x8DBD,0x85BE,0x85BE,0x8D9D,0x859E,0x8D9E,0x859E,0x859E,0x859D,0x859E,
    0x859D,0x859E,0x859D,0x859E,0x8D9D,0x859E,0x859D,0x857E,0x857D,0x859E,0x859D,0x859E,0x859E,0x8D9D,0x8DBE,0x95BD,
    0x95BD,0x95DD,0x9DDD,0x9DFD,0xAE3D,0xBE9E,0xBEDD,0xC6DD,0xCEFE,0xC6FD,0xCEFD,0xC6DD,0xBEBE,0xB67E,0xAE5D,0xAE3D,
    0xA61E,0xA61E,0x9E1E,0x9DDD,0x95BE,0x959D,0x95BE,0x959E,0x8D9D,0x8DBE,0x8D9F,0x8D7E,0x7D3D,0x751D,0x753E,0x751D,
    0x751D,0x751D,0x751D,0x751E,0x751E,0x751E,0x751D,0x751E,0x6D1D,0x74FE,0x751D,0x74FE,0x751E,0x6CFE,0x74FE,0x74FE,
    0x6CFE,0x74FD,0x74FE,0x6CFD,0x6CFD,0x6CFD,0x6CDE,0x6CFE,0x6CFE,0x6CFE,0x6CDE,0x6CDE,0x6CDE,0x6CDE,0x6CDD,0x6CDE,
    0x6CDE,0x6CDD,0x6CBE,0x6CBD,0x6CBE,0x6CBE,0x6CBE,0x6CBD,0x6C9C,0x853D,0xA5DF,0x95BF,0x7CFE,0x6C9D,0x6CBE,0x6CBE,
    0x64BD,0x6CBE,0x649E,0x6CBD,0x6C9E,0x64BD,0x6C9E,0x649E,0x649D,0x6C9D,0x6CBE,0x6C9D,0x6CBD,0x6CBE,0x7D1E,0x959F,
    0x9E1E,0xA5FE,0x9DDD,0xB69E,0x8D5C,0x9D9C,0xB67D,0xE77E,0xEFBE,0xF7BE,0xFFBE,0xF7BE,0xFFBE,0xF79E,0xF79D,0xF79E,
    0xF79E,0xF7BE,0xF79F,0xF79E,0xF7BF,0xF79E,0xF7BE,0xF79E,0xEF7F,0xEF9E,0xEF9E,0xDF5E,0xC6DF,0xAE3E,0x9D9D,0x9D9D,
    0x9DBC,0x9DBE,0x8D7E,0x6C9C,0x645D,0x5C7D,0x5C7D,0x5C7D,0x647E,0x5C5E,0x5C7D,0x5C7D,0x5C7E,0x5C5D,0x545E,0x5C7E,
    0x5C5D,0x5C7D,0x5C5D,0x5C5E,0x543D,0x5C5E,0x5C5D,0x543C,0x5C5D,0x545D,0x5C5D,0x545D,0x5C5D,0x5C5D,0x545C,0x5C5D,
    0x543C,0x74BC,0xEF9F,0xF7BF,0xEF9E,0xF79E,0xFF9D,0xF79E,0xEFBE,0xDF1F,0x8D1C,0x7CDC,0x7D1D,0x6C9C,0x645C,0x645E,
    0x5C7E,0x74BE,0x74DF,0x5C5C,0x645D,0x74DE,0x855E,0x95BE,0xBE5E,0xE79F,0xF7BE,0xEF9E,0xEF9E,0xEF7E,0xEF7E,0xF79E,
    0xF79E,0xEF9E,0xF79E,0xEF9E,0xE77D,0xEF7E,0xEF9D,0xEF9E,0xF79E,0xF7BE,0xF7BE,0xF7BE,0xF7BE,0xF79E,0xEF9D,0xEF7D,
    0xE79D,0xE77D,0xE77D,0xE7BF,0xE79E,0xD73E,0xD73E,0xD75F,0xE77E,0xEF7E,0xEFBE,0xF79E,0xF79E,0xF79D,0xF79D,0xFF9D,
    0xF7BE,0xEFBE,0xE79F,0xBEDE,0x8D3D,0x7D1E,0x7D1E,0x7CFD,0x7CFD,0x7D1D,0x7CFE,0x7D1D,0x853D,0x7D1D,0x7CFD,0x7D1E,
    0x851E,0x7D1E,0x851E,0x7D3E,0x7D1E,0x7D1E,0x7D1E,0x7D1D,0x7D3E,0x7D1D,0x7D3E,0x7D3D,0x7D1E,0x74FE,0x74FE,0x6CDE,
    0x6CDD,0x64BD,0x649D,0x649D,0x5C9D,0x5C9E,0x5C7D,0x5C7D,0x5C7E,0x545D,0x5C7D,0x5C7D,0x5C7D,0x649C,0x74DD,0x7CFD,
    0x8DDE,0x8DDE,0x85DD,0x8DBE,0x8DDE,0x85DD,0x8DBE,0x8DDD,0x8DDE,0x8DBD,0x85BE,0x8DBD,0x85DE,0x8DDE,0x8DBD,0x8DDE,
    0x8DBD,0x8DBE,0x85BE,0x8DBD,0x8DBE,0x8DBE,0x85BE,0x8D9D,0x85BE,0x85BE,0x859E,0x859E,0x85BE,0x859E,0x8D9E,0x859E,
    0x859E,0x8D9E,0x859E,0x859E,0x859E,0x859E,0x859E,0x859E,0x859E,0x857D,0x857E,0x859E,0x859D,0x859E,0x857E,0x8D9D,
    0x8D9E,0x8D9D,0x8D9D,0x8D7D,0x95BE,0x9DDD,0xA5FE,0xA5FD,0xAE1D,0xB65E,0xAE3D,0xAE3E,0xAE3E,0xA5FD,0x9DDD,0x959D,
    0x95BD,0x95DD,0x9DFE,0xA61F,0x9DDE,0x95BD,0x959D,0x8DBE,0x8DBE,0x8D7E,0x855E,0x7D5D,0x7D3E,0x7D3E,0x751D,0x7D1E,
    0x753D,0x751E,0x7D1D,0x751E,0x751D,0x751E,0x751E,0x6D1D,0x751E,0x751D,0x6CFE,0x6D1E,0x74FD,0x751E,0x6D1D,0x74FE,
    0x751D,0x6D1E,0x751E,0x6CFD,0x74FE,0x6CFD,0x74FE,0x74DE,0x6CFE,0x74FD,0x6CDE,0x6CFD,0x74FE,0x6CDD,0x6CDE,0x6CDD,
    0x6CDE,0x6CDD,0x6CDE,0x6CDE,0x6CDE,0x6CDD,0x64DD,0x6CDE,0x6CDD,0x6C9D,0x74BD,0x853E,0x74FE,0x6CBD,0x64BD,0x6C9E,
    0x64BD,0x6CBD,0x64BE,0x6CBD,0x64BD,0x6CBD,0x64BE,0x6C9D,0x64BD,0x6CBE,0x6CBD,0x6C9D,0x6C9D,0x649E,0x6CBE,0x7D1E,
    0x7CFC,0x851C,0x959D,0xA63E,0x8D3B,0x9DBE,0xCEDF,0xE79E,0xF79E,0xF7BE,0xFFBE,0xF79E,0xF7BE,0xF79E,0xF7BE,0xF79E,
    0xF79E,0xEF9E,0xF79E,0xEFBF,0xF79E,0xF79E,0xEF9E,0xF79F,0xEF9E,0xEF7E,0xDF5E,0xCF1E,0xC6BE,0xAE1E,0xA5DD,0xADFE,
    0xAE1E,0xAE5E,0xAE3E,0x95DE,0x647B,0x5C5D,0x647D,0x5C7C,0x645D,0x645E,0x5C5E,0x5C5E,0x5C5D,0x5C7D,0x5C7D,0x5C7D,
    0x5C7D,0x6C9E,0x5C7E,0x5C5D,0x645D,0x5C3D,0x5C5D,0x5C5D,0x545D,0x5C5D,0x5C5D,0x5C5D,0x543E,0x5C5D,0x545D,0x5C5E,
    0x5C3D,0x6C3A,0xDEDE,0xFFDF,0xF79E,0xF79D,0xFF9D,0xF79E,0xF79E,0xEF9F,0xBE3E,0x749B,0x6C9D,0x6CBD,0x6CBE,0x6C9E,
    0x647E,0x647D,0x6C9D,0x647D,0x647D,0x74BD,0x855E,0x8D7E,0x8D1C,0xB5FD,0xE75F,0xEF7E,0xEF9E,0xF79E,0xEF9E,0xF79E,
    0xF79E,0xF79E,0xEF9E,0xEF9E,0xE77E,0xEF7D,0xEF9E,0xF79E,0xEF9E,0xF7BF,0xF7BE,0xF7BE,0xF7BE,0xF7BE,0xF7BE,0xF79E,
    0xEF9E,0xEF7D,0xEF9E,0xEF9E,0xEFBE,0xE77E,0xDF3D,0xDF3D,0xE75E,0xEF7D,0xEF9D,0xF79D,0xEF9E,0xF7BE,0xF79D,0xF7BE,
    0xF7BE,0xEF9F,0xE77E,0xCF3E,0x957D,0x851D,0x855F,0x7D1E,0x7CFE,0x7D1D,0x851D,0x855D,0x8D5E,0x8D7D,0x853D,0x851D,
    0x853D,0x851D,0x7D1E,0x7D1D,0x7D1E,0x7D1E,0x7D1D,0x7D1D,0x853D,0x853E,0x855E,0x853E,0x853E,0x751D,0x74FD,0x6CDD,
    0x6CDD,0x6C9D,0x64BD,0x649D,0x649D,0x647D,0x5C7E,0x5C7D,0x5C7E,0x5C7D,0x5C9D,0x5C7D,0x5C7D,0x5C7D,0x6CBD,0x853E,
    0x8DDE,0x8DDE,0x8DDE,0x8DDE,0x8DDE,0x8DDE,0x8DDD,0x8DDE,0x8DBE,0x8DDE,0x8DDD,0x8DDE,0x8DBD,0x8DBE,0x85BE,0x8DBE,
    0x85BE,0x85BD,0x8DBE,0x85BE,0x8DBD,0x85BE,0x85BD,0x859E,0x8DBD,0x859E,0x8D9E,0x859E,0x8D9E,0x859D,0x859E,0x859D,
    0x859E,0x859E,0x859D,0x857E,0x857D,0x859D,0x857E,0x857D,0x859D,0x857E,0x859D,0x857E,0x859E,0x859E,0x859D,0x859E,
    0x859D,0x8D9E,0x8D9D,0x8D9E,0x8D9E,0x8D9E,0x95BE,0x9DFE,0xA61E,0xAE3E,0xB63D,0xAE3D,0xB63E,0xAE3E,0xAE3E,0xA5FE,
    0x9DFD,0x9DFE,0x9DDD,0x9DDE,0x9DDE,0x95BD,0x959E,0x857D,0x8D7D,0x855E,0x7D3D,0x7D3E,0x7D3E,0x7D3E,0x753D,0x753E,
    0x7D1D,0x753D,0x751D,0x753E,0x751E,0x753E,0x751D,0x751E,0x751E,0x751E,0x751E,0x751E,0x751E,0x6CFD,0x751E,0x6CFE,
    0x751E,0x6CFD,0x74FE,0x6CFD,0x74FE,0x6CFD,0x6CFE,0x6CFD,0x6CFE,0x6CFE,0x74FD,0x6CFE,0x6CFD,0x6CDE,0x6CDD,0x6CDD,
    0x6CFE,0x6CDD,0x6CFE,0x6CDD,0x6CDD,0x6CBD,0x6CDD,0x64DD,0x64DD,0x6CDD,0x6C9D,0x74BD,0x74DE,0x6CBD,0x6CBE,0x64DE,
    0x6CBD,0x64BD,0x6CBD,0x64BD,0x6CBD,0x64BD,0x6CBD,0x649E,0x6CBE,0x6CBD,0x6CBD,0x6CBD,0x6C9D,0x649E,0x6C9E,0x649C,
    0x74DE,0x74BD,0x74DE,0x959E,0xA5FE,0xA5DD,0xCEFE,0xEF7E,0xF79E,0xFF9E,0xF7BE,0xFFBE,0xF7BE,0xF79E,0xF79D,0xF7BE,
    0xF79E,0xF7BF,0xF79E,0xF79E,0xF79E,0xEFBF,0xF7BE,0xEF9E,0xEF7F,0xE75E,0xDF3E,0xCEDE,0xBE7E,0xAE1D,0xA59E,0x9DBF,
    0xA5FE,0xAE5E,0xB65E,0xA63E,0x853D,0x74BC,0x74DD,0x74DC,0x6CBD,0x6C7D,0x6C9D,0x7CFD,0x649C,0x645C,0x5C5D,0x643E,
    0x649D,0x647E,0x645D,0x5C5D,0x645E,0x645E,0x5C5D,0x5C7C,0x647D,0x5C5D,0x5C5D,0x5C3D,0x5C5D,0x5C5E,0x545E,0x643D,
    0x74BC,0x7CDB,0xBE5D,0xF7BE,0xF79E,0xF79E,0xF79D,0xF79E,0xF79D,0xF7BE,0xD71E,0x7CFB,0x645C,0x6C9E,0x6CBD,0x649D,
    0x647D,0x647D,0x749D,0x74DE,0x6CBD,0x7CFD,0x853D,0x855D,0x955C,0xA5DC,0xDF1E,0xEF9E,0xEF9F,0xF79E,0xF79E,0xEF9E,
    0xF79F,0xEF9E,0xF79E,0xEF9E,0xEF9D,0xE77E,0xEF9E,0xF79E,0xF79E,0xF7BE,0xF79E,0xF7BE,0xF7BE,0xF79E,0xF7BE,0xF79E,
    0xF79E,0xEF9F,0xEF9E,0xEF7E,0xEF7E,0xE75D,0xDF5D,0xDF5D,0xDF5D,0xE75E,0xE77E,0xEF9E,0xF7BD,0xF7BE,0xF7BE,0xF7BE,
    0xEFBE,0xEF9E,0xD75E,0xC6FD,0xA63E,0x851D,0x7D1E,0x853F,0x855E,0x853D,0x855D,0x8D7E,0x8D7D,0x957E,0x8D7E,0x8D5E,
    0x855D,0x8D3E,0x855D,0x851D,0x7D1D,0x7D1D,0x7CFD,0x851E,0x851E,0x853E,0x851E,0x851D,0x7CFD,0x7D1E,0x74DD,0x74DD,
    0x6CFD,0x6CDD,0x6CBD,0x64BD,0x649D,0x647D,0x5C7D,0x5C7D,0x5C9D,0x5C7D,0x5C9E,0x5C7E,0x547D,0x5C9D,0x6CBD,0x6CFE,
    0x8DDE,0x8DDD,0x8DDE,0x8DDD,0x8DDE,0x8DDE,0x8DBE,0x8DDD,0x85DE,0x8DDD,0x8DBE,0x8DDE,0x8DDE,0x85BE,0x8DDE,0x8DBD,
    0x8DBE,0x8DBE,0x8DBE,0x85BE,0x8DBE,0x8DBE,0x8DBD,0x85BE,0x8DBD,0x85BE,0x8DBE,0x85BE,0x8DBE,0x859E,0x8D9E,0x859E,
    0x8D9E,0x859E,0x8D9E,0x859E,0x859E,0x859E,0x859E,0x859E,0x859E,0x859E,0x857D,0x859E,0x857D,0x859D,0x859E,0x859D,
    0x8D9E,0x857D,0x857E,0x859D,0x8DBD,0x8D9D,0x95BD,0x9DDE,0xA61E,0xA65E,0xAE5E,0xAE5E,0xB67E,0xBE9E,0xC6BE,0xBEBF,
    0xB67E,0xAE3E,0x9DFD,0x9DBD,0x95BE,0x95BD,0x857D,0x855D,0x855D,0x7D5D,0x7D3E,0x753D,0x753E,0x7D3E,0x7D3E,0x7D5E,
    0x753E,0x7D3E,0x751D,0x751E,0x751E,0x751E,0x751E,0x751D,0x751E,0x751D,0x751E,0x751E,0x751E,0x751E,0x751E,0x751E,
    0x751D,0x74FE,0x6D1E,0x751E,0x751E,0x74FE,0x751D,0x74FE,0x74FD,0x6CFE,0x74FD,0x6CFE,0x74FE,0x6CFD,0x6CFD,0x6CFE,
    0x6CFD,0x74FD,0x6CFD,0x6CFE,0x6CDD,0x6CDD,0x74DD,0x6CDD,0x6CDC,0x6CDD,0x6CDD,0x6CDD,0x6CBD,0x6CBE,0x6CDE,0x6CDD,
    0x64DE,0x6CBD,0x6CDD,0x64BD,0x6CBD,0x64BD,0x6CBD,0x64BD,0x649E,0x6CDE,0x7D3E,0x7D1F,0x6CBD,0x64BE,0x6CBD,0x6CFE,
    0x74FE,0x6CBD,0x6C9E,0x74DD,0x95BE,0x9DDD,0xBE9E,0xDF5F,0xF77E,0xF79E,0xFFBE,0xF79E,0xFFBE,0xF79E,0xF79E,0xF79E,
    0xF79E,0xF79E,0xEFBF,0xF79E,0xEF9E,0xF79E,0xEF9E,0xEF9E,0xEF5E,0xE75E,0xD6FE,0xC6BE,0xAE3D,0xA5DD,0x9DBE,0x9D9E,
    0x9DDE,0xAE1E,0xADFD,0xAE1E,0xA5FF,0x8D5E,0x853D,0x8D9E,0x9DBE,0x8D3D,0x959D,0xB6BF,0x9DDE,0x851C,0x7CDC,0x6C9D,
    0x645C,0x5C5D,0x647D,0x645D,0x647D,0x5C7E,0x649D,0x6CDE,0x64BE,0x647D,0x5C5D,0x5C5D,0x5C5D,0x645E,0x5C3D,0x7CBB,
    0xD75F,0xDF9F,0xD6FE,0xF79D,0xF79D,0xFF9E,0xF79D,0xFF9E,0xF79D,0xF7BE,0xE7BE,0xBE9E,0x957D,0x853D,0x6C9C,0x64BC,
    0x647D,0x74BD,0x74BD,0x74FE,0x74DD,0x7CFE,0x84FC,0x9DBE,0xB67E,0xC6FD,0xE77E,0xE77D,0xF79E,0xF79E,0xF7BF,0xF79E,
    0xF7BE,0xF79E,0xEF7E,0xEF9E,0xEF9E,0xEF7D,0xEF9E,0xEF9E,0xF79E,0xEF9E,0xF7BE,0xEF9E,0xF7BD,0xEF9E,0xF7BD,0xEFBE,
    0xF7BE,0xF79E,0xEF9E,0xEF9F,0xE79E,0xE77E,0xDF3D,0xDF5D,0xD75E,0xDF5E,0xDF9E,0xEF9E,0xEF9E,0xF7BE,0xF7BE,0xF79E,
    0xEF9E,0xE77E,0xDF3D,0xC71E,0xAE5F,0x8D3D,0x853D,0x7D3D,0x853D,0x8D5D,0x957D,0x959E,0x959D,0x959D,0x8D7D,0x957E,
    0x8D5D,0x8D5E,0x853D,0x853E,0x853D,0x7D3E,0x851E,0x7D1E,0x853E,0x7D1E,0x7D1D,0x7CFD,0x74FD,0x74FD,0x7CFE,0x74FE,
    0x74DD,0x6CBD,0x6CBD,0x6CBE,0x6CBD,0x6CBE,0x649D,0x649D,0x647E,0x5C7D,0x5C9D,0x5C9E,0x5C9E,0x5C9E,0x5C7D,0x649D,
    0x8DDE,0x8DDE,0x8DDE,0x8DDE,0x8DDE,0x8DDD,0x8DDE,0x8DBE,0x8DDE,0x8DDE,0x8DDD,0x8DDE,0x8DDD,0x8DBE,0x85BD,0x8DBE,
    0x85DE,0x8DDE,0x8DBE,0x8DDD,0x8DDE,0x85BE,0x8DBE,0x8DBE,0x8DBE,0x8DBE,0x85BE,0x8DBE,0x8DBE,0x859E,0x85BE,0x8D9E,
    0x85BE,0x8D9E,0x85BE,0x859E,0x8D9D,0x859E,0x8D9E,0x859E,0x8D9E,0x859E,0x859D,0x857E,0x859D,0x859D,0x859D,0x8D9D,
    0x857E,0x857D,0x8D7E,0x8D9D,0x859D,0x8D9E,0x8D7E,0x8D7D,0x8D9C,0x959D,0x95DE,0x9DBD,0x9DDD,0xA61D,0xB65E,0xBE9E,
    0xBE9F,0xB65E,0xAE3E,0xA61F,0xA61F,0x9DFE,0x95DE,0x8D9E,0x857E,0x7D5D,0x7D5E,0x7D3E,0x7D3E,0x755D,0x7D3E,0x751D,
    0x7D3E,0x7D3D,0x753E,0x751D,0x753E,0x751D,0x751E,0x6D1E,0x751D,0x6D1E,0x751E,0x751E,0x6D1D,0x751E,0x751E,0x751E,
    0x6D1E,0x74FD,0x751E,0x6CFD,0x751E,0x6D1E,0x74FD,0x6CFE,0x751E,0x6CFD,0x751E,0x74FE,0x6CFD,0x74FE,0x6CFD,0x74FD,
    0x6CFE,0x6CDD,0x74FE,0x6CFD,0x6CFD,0x74DE,0x74BE,0x6CBE,0x6CDE,0x6CFD,0x64DD,0x6CDD,0x6CBE,0x6CDE,0x6CDE,0x64DD,
    0x6CDD,0x6CDE,0x6CDD,0x6CBD,0x64BD,0x6CBD,0x64BD,0x6CBD,0x6C9E,0x6CDD,0x7D3E,0x74FD,0x6CBD,0x6CBD,0x64DC,0x751E,
    0x6CDD,0x64BD,0x6CDE,0x6CBD,0x7D3D,0x855D,0x957D,0xCEBE,0xE77E,0xF77E,0xF7BE,0xF7BE,0xFFBE,0xF79E,0xF7BD,0xF79E,
    0xF7BE,0xF79E,0xF79E,0xEF9E,0xF79E,0xEF7E,0xEF9E,0xE77E,0xE73E,0xDF3E,0xCEDD,0xBE9E,0xA5FD,0x9DBD,0x957E,0x853D,
    0x8D5C,0x9DBD,0xA5BD,0xA5BD,0xA5DD,0x9D9E,0x957D,0x957D,0x9D9D,0x9D9C,0x9D9C,0xAE3E,0xBEBE,0xBEBE,0xB6BF,0x9DBD,
    0x74FD,0x6CBE,0x6C9D,0x5C5C,0x645D,0x647E,0x6CBE,0x6CBE,0x647D,0x647D,0x5C5E,0x647D,0x5C5D,0x5C7D,0x6C9D,0xB63F,
    0xF7DE,0xF7BE,0xFF9F,0xFF9E,0xF79D,0xF79E,0xF7BD,0xF79E,0xFF9D,0xF79D,0xF77E,0xDF5D,0xD71E,0xC6DF,0x8D5D,0x6C5D,
    0x6CBD,0x74FD,0x7D1E,0x7CFE,0x74DE,0x7CFE,0x8D3D,0xA5BD,0xB67E,0xCEFE,0xD71E,0xE75E,0xEF9E,0xEFBE,0xF79E,0xF79E,
    0xEF9F,0xF79E,0xEF9E,0xEF9E,0xEF9E,0xEF9E,0xEF7E,0xEF9E,0xEF9E,0xF79E,0xF7BE,0xF79E,0xF7BE,0xF79E,0xF7BE,0xF79E,
    0xEFBD,0xEF9E,0xEF9D,0xEF9E,0xEF9E,0xE77E,0xE77E,0xDF7E,0xDF5E,0xD75E,0xDF7E,0xDF7E,0xEF9E,0xEF9E,0xEF9E,0xEF9E,
    0xEF9E,0xE77E,0xD73E,0xC6DD,0xAE5E,0x9DDE,0x8D9E,0x8D7E,0x8D7D,0x8D7D,0x957D,0x959E,0x9DBD,0x9DDE,0x9D9E,0x959E,
    0x959E,0x8D7D,0x8D5D,0x855D,0x855D,0x853D,0x855D,0x7D3E,0x853D,0x7D3E,0x7D1D,0x7D1D,0x7D1E,0x7CFE,0x74FE,0x74DE,
    0x74DE,0x6CDE,0x6CBE,0x6C9D,0x649D,0x6CBE,0x64BE,0x649D,0x649D,0x5C7D,0x5C9D,0x547E,0x549E,0x547E,0x547D,0x5C7D,
    0x8DDD,0x95DE,0x8DBD,0x8DDD,0x95BE,0x8DDD,0x8DDD,0x8DBD,0x8DDD,0x8DBD,0x8DBE,0x8DBD,0x8DBE,0x8DBD,0x8DBE,0x8DBD,
    0x8DBE,0x8DDD,0x8DBE,0x8DBE,0x85BD,0x8DDD,0x85BD,0x85BD,0x85BD,0x8DBD,0x8DBE,0x85BE,0x8DBE,0x85BD,0x859E,0x85BD,
    0x859E,0x85BD,0x8D9D,0x859D,0x85BE,0x859D,0x85BD,0x8D9E,0x859D,0x857E,0x859D,0x857E,0x859E,0x8D9E,0x859E,0x8D7E,
    0x859E,0x8D7E,0x859D,0x8D9E,0x8D9E,0x8D9E,0x8DBE,0x8DBE,0x8D9E,0x8D9E,0x959E,0x959E,0x95BD,0x9DDD,0x9E1E,0xA63E,
    0xA61D,0xA5FE,0xA61D,0xA61E,0xA61D,0xAE3F,0xA65F,0x9DDF,0x8D9E,0x855D,0x7D5E,0x7D5E,0x755E,0x7D3E,0x753D,0x7D3E,
    0x753D,0x753E,0x7D3D,0x751E,0x751E,0x751E,0x753E,0x751E,0x751E,0x751E,0x751D,0x751D,0x753E,0x751D,0x751D,0x751D,
    0x751E,0x751E,0x751D,0x74FE,0x74FD,0x751D,0x74FE,0x6CFD,0x74FE,0x74FE,0x74FD,0x6CFE,0x74FD,0x6CFD,0x74DD,0x6CFD,
    0x74FD,0x74FD,0x6CFD,0x74DE,0x6CDD,0x6CDE,0x74DD,0x6CDE,0x74DE,0x6CDD,0x6CFD,0x74DE,0x6CDD,0x74DD,0x6CDD,0x74DD,
    0x6CDE,0x6CBE,0x6CBE,0x6CBE,0x6CBE,0x6CBE,0x6CBE,0x6CBD,0x6CBE,0x6CBE,0x6CBD,0x6CBE,0x6CBE,0x6CBD,0x6CBD,0x649D,
    0x6CBD,0x6CBE,0x6CBD,0x6C9D,0x74DD,0x853D,0x855D,0x9D7E,0xB65D,0xEFBF,0xF79F,0xF79D,0xF79D,0xF79E,0xF79E,0xF7BE,
    0xF7BE,0xEFBE,0xF79E,0xEF9E,0xE77D,0xEF7D,0xE75D,0xDF1E,0xD73E,0xD71E,0xC6DD,0xBE7E,0xA5DD,0x9DBD,0x959E,0x7D1C,
    0x74DC,0x957D,0x9D9D,0x957D,0x9DBE,0x9DBE,0x959D,0x957E,0x8D9D,0x957D,0x955D,0xA5BE,0xAE1E,0xBEDE,0xCF1F,0xBE5D,
    0x959C,0x959E,0x8D5E,0x8D5D,0x74DC,0x647D,0x645D,0x649D,0x647D,0x5C5D,0x5C3D,0x5C5D,0x5C7D,0x5C7C,0x6C7D,0xADFD,
    0xF7BE,0xF79D,0xF79E,0xF79E,0xF79E,0xFF9E,0xF79E,0xF79E,0xF79E,0xF79E,0xEFBD,0xE77E,0xD71D,0xCF1E,0xB65F,0x7CDC,
    0x74DD,0x7CFE,0x853E,0x851E,0x7CFD,0x851D,0x957E,0x959E,0x9D9E,0xADDD,0xC69D,0xCEFD,0xE73E,0xF7BF,0xEF9E,0xF79E,
    0xEFBE,0xEFBE,0xEF9E,0xEF9D,0xEF9E,0xE77D,0xEF9E,0xEF7D,0xEF9E,0xEF9E,0xF77D,0xF79E,0xF79D,0xF7BE,0xF79E,0xF79D,
    0xEF9E,0xF7BD,0xF79E,0xF79E,0xEFBF,0xEF9E,0xDF7E,0xDF5E,0xD73D,0xD73D,0xDF5E,0xDF7E,0xE79E,0xE79D,0xE77E,0xE75D,
    0xDF5E,0xD73F,0xCEDE,0xBEBE,0xAE5E,0xA5FE,0x95BE,0x8D5D,0x8D5D,0x95BE,0x9DBE,0x9D9E,0x9DBD,0xA5BE,0xA5DE,0x9DBD,
    0x9DBE,0x8D9E,0x8D3D,0x853E,0x8D7E,0x857D,0x855D,0x853E,0x853D,0x853E,0x7D1D,0x7D1E,0x7CFD,0x74FE,0x74DD,0x6CDD,
    0x6CDE,0x6CBD,0x649D,0x649D,0x649D,0x649D,0x6CBD,0x6CFE,0x74FE,0x6CFE,0x5CBE,0x5C7D,0x5C9D,0x5C9D,0x5C7E,0x5C9D,
    0x95DE,0x8DDD,0x95DE,0x8DDE,0x95DE,0x8DDE,0x95DE,0x8DDE,0x95BE,0x8DDD,0x95DE,0x8DDD,0x8DDE,0x8DBD,0x8DBE,0x8DDD,
    0x8DBE,0x95DE,0x8DBD,0x8DDE,0x8DBD,0x8DBE,0x8DBE,0x8DDD,0x8DBE,0x85BE,0x8DDE,0x8DBD,0x85BE,0x8DBE,0x8DBD,0x85BE,
    0x8DBD,0x85BE,0x85BE,0x8D9D,0x85BD,0x8D9E,0x85BE,0x859E,0x859E,0x859E,0x859D,0x859E,0x857D,0x859E,0x8D7D,0x859E,
    0x8D7D,0x8D9E,0x857E,0x8D9E,0x859D,0x8D9D,0x8D9E,0x8DBE,0x95DE,0x95BE,0x95BF,0x95BE,0x95BE,0x9DDE,0x95BD,0x9DBD,
    0x9DDD,0x95DE,0x9DFE,0xA5FE,0x9DFE,0x9DFE,0x9DDE,0x8D9D,0x855D,0x855D,0x7D5D,0x7D5E,0x7D5E,0x7D3E,0x7D5E,0x753E,
    0x7D3E,0x753D,0x7D3E,0x753E,0x753E,0x751E,0x753D,0x751E,0x753E,0x7D3D,0x753E,0x7D1D,0x753E,0x7D1D,0x751E,0x753D,
    0x751E,0x751D,0x751E,0x751D,0x74FE,0x751D,0x74FE,0x74FE,0x74FD,0x74FE,0x74FE,0x751E,0x74FD,0x74FE,0x6CFD,0x74FD,
    0x74FE,0x74FD,0x74FE,0x6CFD,0x74DE,0x6CFD,0x74DE,0x6CDD,0x74FE,0x74DD,0x6CDD,0x74FD,0x6CDD,0x6CFD,0x74DD,0x6CDE,
    0x6CDE,0x6CBE,0x6CDE,0x6CBD,0x6CDE,0x6CBD,0x6CDE,0x6CBE,0x6CDD,0x6CBE,0x6CBE,0x6CBD,0x6CBE,0x6CBE,0x6CBE,0x6CBE,
    0x6CBE,0x6CBD,0x6CBE,0x6CBE,0x74DC,0x74FD,0x853E,0x84FD,0x9D9D,0xBE7D,0xE71E,0xF7BF,0xF7BE,0xEF5E,0xEF5E,0xF79F,
    0xEF9E,0xF79E,0xEFBF,0xEF7E,0xE77E,0xDF3E,0xDF1E,0xD6DE,0xCEDE,0xCEDE,0xC6BE,0xB65E,0xA5BE,0x9D7D,0x959F,0x853E,
    0x6CBC,0x7CDD,0x8D5E,0x955D,0x959D,0x9D7D,0x8D7D,0x955D,0x8D5D,0x955D,0x957D,0x9DBE,0xA5BD,0xBE9E,0xD73F,0xCEFE,
    0xB65D,0xA5BE,0x955D,0xA5BE,0x959F,0x74BD,0x647D,0x647D,0x645D,0x74DD,0x855E,0x74BD,0x645C,0x645E,0x6C7C,0xA5BB,
    0xF79F,0xFF7E,0xF79E,0xF79E,0xF7BD,0xF79E,0xF7BE,0xF79D,0xF7BE,0xF79E,0xF7BE,0xE77E,0xDF5D,0xCF1E,0xD77F,0xAE5D,
    0x7D1C,0x853E,0x853E,0x8D3E,0x8D5E,0x8D3D,0x8D7D,0x8D5D,0x957D,0xADDC,0xD71F,0xE75E,0xE75E,0xF7BE,0xF79E,0xEFBE,
    0xF79E,0xF79E,0xEF9D,0xEF7E,0xEF7D,0xEF9E,0xEF7E,0xEF9E,0xEF9E,0xF79E,0xF79D,0xF79E,0xF79E,0xF7BE,0xF79E,0xF79D,
    0xF7BE,0xEF9E,0xF79E,0xEF9E,0xEFBE,0xEF9E,0xDF7E,0xDF5E,0xD73E,0xD73D,0xD73E,0xDF3D,0xD73E,0xDF5D,0xD73E,0xD73E,
    0xCF1E,0xCEFE,0xC6BE,0xB69E,0xAE5E,0xA61E,0x9DBE,0x959E,0x8D5D,0x8D5E,0x9D9E,0x9DDE,0xA5DD,0xA61D,0xAE1D,0xA5FE,
    0xA5FE,0x95BD,0x8D7D,0x8D5D,0x8D7E,0x8D5D,0x8D3D,0x853E,0x853E,0x7D1E,0x7D1E,0x7CFD,0x74FE,0x74DD,0x6CBD,0x6CBD,
    0x649C,0x6CBD,0x64BD,0x649E,0x647E,0x647D,0x649E,0x6CBE,0x64BD,0x64BD,0x649D,0x649D,0x647C,0x649D,0x64BD,0x6CBE,
    0x95DE,0x95DE,0x95FE,0x95DE,0x95FE,0x95DD,0x8DDE,0x95DD,0x8DDE,0x95DE,0x8DDE,0x95DE,0x95DD,0x8DDE,0x95DE,0x8DBE,
    0x95DD,0x8DBE,0x8DDE,0x8DDE,0x8DDE,0x8DDE,0x8DDD,0x85BE,0x8DDD,0x8DBE,0x85BE,0x8DBE,0x8DBE,0x85BE,0x8DBE,0x8DBE,
    0x8DBE,0x8DBE,0x8DBE,0x85BE,0x85BD,0x8DBE,0x859E,0x8DBE,0x859E,0x859E,0x859E,0x859E,0x8D9E,0x857E,0x8D9E,0x8D7E,
    0x859E,0x8D7E,0x859D,0x8D9E,0x859D,0x8D9E,0x859D,0x8D9E,0x8DBE,0x8DBF,0x959E,0x95BE,0x95BE,0x95BE,0x95DE,0x95FE,
    0x9DDE,0x9DDE,0x95BE,0x95BE,0x95BE,0x95BD,0x8D5D,0x8D5D,0x855D,0x855D,0x855E,0x7D3D,0x7D5E,0x7D5E,0x7D3E,0x7D3D,
    0x7D3E,0x7D3E,0x7D3E,0x753E,0x7D3E,0x7D3E,0x753E,0x7D3E,0x753E,0x7D3E,0x753E,0x7D3D,0x7D3E,0x753D,0x751D,0x7D3E,
    0x751D,0x7D1E,0x751E,0x751D,0x751E,0x751D,0x751E,0x751D,0x751E,0x751E,0x74FD,0x751E,0x74FD,0x74FE,0x74FD,0x74FE,
    0x6CFD,0x74FD,0x74FD,0x6CFE,0x74DD,0x74FE,0x6CDD,0x74DE,0x6CDD,0x6CFE,0x74DD,0x6CDD,0x74DE,0x6CDD,0x6CFD,0x74DD,
    0x6CDD,0x74DE,0x74DD,0x6CDE,0x74DE,0x6CDD,0x74DE,0x6CDD,0x6CDE,0x74DD,0x6CDE,0x6CDD,0x6CDE,0x6CBD,0x6CBD,0x6CBD,
    0x6CDD,0x6CBE,0x6CBD,0x6CDD,0x6CBD,0x6CDD,0x74DE,0x74DE,0x851E,0x955C,0xCEBE,0xE7BF,0xEFBE,0xE75D,0xE71D,0xE75E,
    0xEFBE,0xE79E,0xE77E,0xDF5E,0xDF5F,0xD73E,0xD73F,0xD71F,0xCEBE,0xBE9E,0xBE7E,0xAE1D,0xA5DD,0x953D,0x84FD,0x7CDE,
    0x6C9D,0x6C9D,0x7CFF,0x8D5E,0x955D,0x8D5D,0x955D,0x955D,0x8D5C,0x8D5C,0x957D,0x959E,0xA5DE,0xAE1D,0xC6DE,0xD75E,
    0xD75E,0xCEFF,0xBE3E,0xADFE,0x851C,0x6C7C,0x6C7D,0x74DE,0x7CFD,0xA5FF,0xB67F,0xA63F,0x7CBC,0x643B,0x959E,0xDF7F,
    0xF7BE,0xFF9D,0xF79D,0xF7BD,0xF79E,0xF79E,0xFF9E,0xF79E,0xF79D,0xF79E,0xF79E,0xEF7E,0xE75E,0xD73D,0xD73E,0xCF1E,
    0x9DBD,0x8D5C,0x851D,0x851E,0x7CFD,0x851D,0x8D5D,0x8D7D,0x9D9D,0xBE5D,0xD71F,0xF79E,0xF79E,0xEF9D,0xF7BD,0xF79D,
    0xF79E,0xEF9E,0xF79E,0xEF9E,0xEF7E,0xEF9E,0xEF7D,0xF79E,0xEF9E,0xF79E,0xEF7D,0xF79E,0xF79D,0xF7BE,0xF79E,0xF79E,
    0xEFBD,0xF79E,0xF79E,0xF79E,0xEF9E,0xEF9E,0xDF7E,0xD73E,0xD73E,0xD71D,0xD73E,0xD73E,0xCEFD,0xCEFD,0xCF1E,0xC6DD,
    0xC6DE,0xBE9E,0xB69D,0xB67E,0xAE3D,0xA61E,0x9DDE,0x95BE,0x957D,0x959E,0x957E,0x95BD,0xA5FD,0xA61D,0xAE3E,0xAE1D,
    0xA61E,0x9DDE,0x9D9E,0x8D7E,0x8D3E,0x8D3D,0x853E,0x7D1E,0x7CFE,0x7CFE,0x7CFE,0x74DD,0x6CDD,0x6CBD,0x6CBD,0x6C9D,
    0x6CDD,0x6CBE,0x64BD,0x6C9E,0x5C7E,0x647E,0x649D,0x647D,0x647D,0x647D,0x74BE,0x7D3E,0x7D5E,0x751D,0x74DD,0x7CFF,
    0x95FE,0x8DDE,0x95FE,0x8DDE,0x95DE,0x95FE,0x95DE,0x95FE,0x95DE,0x95DE,0x8DDD,0x95DE,0x8DDE,0x95DE,0x95DE,0x8DDE,
    0x8DDE,0x8DBD,0x8DBE,0x8DDD,0x8DDE,0x8DDE,0x8DDE,0x8DDD,0x8DDE,0x8DBD,0x8DDE,0x85BD,0x8DDE,0x85BD,0x8DBE,0x85BD,
    0x85BE,0x8DBD,0x85BE,0x8DBE,0x8DBE,0x85BD,0x8DBE,0x859E,0x8D9E,0x85BE,0x8D9E,0x859E,0x859E,0x8D9D,0x857E,0x8D9E,
    0x857D,0x8D9E,0x857E,0x857D,0x8D7E,0x857D,0x857E,0x857D,0x857E,0x857D,0x857E,0x857D,0x8D7D,0x8D9E,0x8D9D,0x8D9D,
    0x8D7E,0x8D7E,0x8D7D,0x8D7D,0x8D7D,0x8D7E,0x857D,0x855D,0x855D,0x855E,0x7D5D,0x855D,0x7D3D,0x7D3E,0x7D3D,0x7D5E,
    0x7D3D,0x7D3D,0x7D3E,0x7D3D,0x753E,0x7D3D,0x7D3E,0x753D,0x7D3E,0x7D3D,0x753E,0x753D,0x7D1E,0x753E,0x7D3D,0x753E,
    0x7D3D,0x753E,0x7D3D,0x751E,0x7D1D,0x751D,0x751E,0x751D,0x751E,0x751D,0x751E,0x751D,0x751E,0x751D,0x751E,0x751D,
    0x74FE,0x74FD,0x6CFE,0x74FD,0x74FE,0x6CFD,0x74FE,0x6CFD,0x74FD,0x6CDD,0x74FE,0x6CFD,0x74FD,0x6CDD,0x74DD,0x6CDE,
    0x74DD,0x6CDE,0x6CDE,0x74DD,0x6CDE,0x6CDD,0x6CDE,0x6CBD,0x6CBD,0x6CDE,0x74DD,0x6CDE,0x74DD,0x6CBD,0x6CDD,0x6CBD,
    0x6CBD,0x6CDD,0x6CBD,0x6CDD,0x6CDD,0x64DC,0x6CDD,0x6CBD,0x853D,0x95BF,0xADFE,0xB69D,0xCEFE,0xD73E,0xD71E,0xD71E,
    0xCF1E,0xC6BD,0xBE9D,0xB67E,0xB65E,0xB63E,0xB65E,0xBEBE,0xBEBF,0xAE1D,0x9DBC,0xA5DE,0xA5DE,0x8D5E,0x851D,0x74BC,
    0x649D,0x6C7D,0x6CBD,0x851D,0x853D,0x8D3D,0x8D5E,0x8D5D,0x955D,0x957D,0x95BD,0x9D9D,0x9DBE,0xA5DD,0xAE3D,0xC6DE,
    0xDF3D,0xD71E,0xCEFE,0xC6BE,0xAE1D,0x957D,0x74DC,0x853D,0x955E,0x9D9D,0xAE3D,0xB63D,0xA5DD,0x851D,0x84FB,0xBE9D,
    0xF7BD,0xF79D,0xF79E,0xF79E,0xFF9E,0xF7BE,0xF79D,0xF7BE,0xFF9E,0xF79E,0xEF7D,0xEF5E,0xDF1F,0xDF1E,0xD6FE,0xCF1D,
    0xC6BE,0xAE1E,0x957E,0x7CDD,0x74BC,0x84FD,0x8D3D,0x8D7C,0xA5DE,0xB61D,0xCEDE,0xE75E,0xEF7D,0xEFBE,0xF79D,0xEFBE,
    0xF7BE,0xF79E,0xFF9E,0xF79E,0xF79E,0xF79E,0xF79E,0xF7BF,0xF79E,0xF79E,0xF79E,0xF7BE,0xF79E,0xFF9E,0xF79D,0xF79E,
    0xF7BE,0xEFBE,0xF79E,0xF7BE,0xEF9E,0xE79E,0xDF5E,0xDF5E,0xD71E,0xCF1E,0xCEFE,0xCF1E,0xC6FE,0xC6DE,0xBEBE,0xB69D,
    0xB67D,0xB67D,0xAE5E,0xAE5D,0xA63E,0xA5FE,0x9DDE,0x95BD,0x957D,0x95BD,0xA5FE,0x9DDD,0xA5DD,0xA5FD,0xADFD,0xA61D,
    0x9DDD,0x9DDE,0x95BE,0x8D5E,0x853E,0x7D3D,0x7CFE,0x7CDD,0x7CFE,0x74DD,0x74DE,0x6CBD,0x74DE,0x7D1E,0x74FE,0x6CBD,
    0x6CDE,0x74FE,0x649D,0x6CBD,0x64BD,0x64BD,0x6C9D,0x64BE,0x649D,0x6C9D,0x6C9D,0x751D,0x857E,0x8D9F,0x7CFE,0x6CBE,
    0x95DE,0x95FE,0x95DE,0x95FE,0x8DDE,0x95FE,0x8DDE,0x95DE,0x8DFE,0x95FE,0x95DE,0x8DDE,0x95DE,0x8DDE,0x95FE,0x95DE,
    0x8DDE,0x95DE,0x95DE,0x8DDE,0x8DDE,0x8DDD,0x8DDE,0x8DBE,0x8DDE,0x8DDE,0x8DBE,0x8DDE,0x8DBE,0x8DBE,0x85BE,0x8DBE,
    0x8DBE,0x8DDE,0x8DBE,0x85BD,0x8DBE,0x8DBE,0x85BE,0x8DBE,0x859E,0x85BE,0x8D9E,0x85BE,0x8D9E,0x8D9E,0x859E,0x8D7E,
    0x8D9E,0x859E,0x8D9E,0x8D7E,0x857E,0x857E,0x8D7E,0x857E,0x8D7D,0x857E,0x857D,0x857E,0x857E,0x857D,0x857E,0x857D,
    0x855D,0x855D,0x855D,0x8D9E,0x95DF,0x95BF,0x8DBF,0x8D7E,0x855D,0x857D,0x855E,0x7D5D,0x855D,0x7D3D,0x853E,0x7D3D,
    0x853E,0x7D5D,0x853E,0x7D3D,0x7D3E,0x7D3E,0x7D3D,0x7D1E,0x751D,0x7D3D,0x751E,0x7D3D,0x753E,0x7D3D,0x751E,0x7D3D,
    0x751E,0x7D3D,0x753E,0x7D1D,0x753D,0x753E,0x7D1D,0x751E,0x751D,0x751E,0x751D,0x74FD,0x751E,0x751E,0x74FE,0x751E,
    0x74FD,0x74FD,0x74FE,0x74FD,0x74FE,0x74FD,0x74FD,0x74FD,0x6CFE,0x74FD,0x74DD,0x6CFE,0x74FD,0x6CDE,0x74FD,0x6CFD,
    0x6CDE,0x74FD,0x6CDD,0x74DD,0x6CDE,0x74DD,0x6CDD,0x74DD,0x6CDD,0x6CDD,0x74DD,0x6CDD,0x6CDE,0x6CDD,0x6CBD,0x6CDD,
    0x6CBD,0x6CDD,0x6CBD,0x6CDE,0x6CBD,0x6CDD,0x6CDD,0x6CDC,0x74DC,0x7CFE,0x7CFD,0x84FC,0x853C,0x959E,0x9DBE,0xB65E,
    0xA5DF,0x8D3D,0x8D3D,0x8D5E,0x7CFD,0x7CDD,0x7CBB,0x8D7D,0x9DBF,0x853D,0x7CBD,0x853E,0x957E,0x855E,0x7D1D,0x7CFD,
    0x6CDD,0x6CBE,0x6CBD,0x6C9D,0x6CBD,0x7CDD,0x7CFD,0x8D1D,0x8D5E,0x959E,0x95BE,0x9DBE,0x9DDE,0xA5DF,0xAE1E,0xB65E,
    0xCEDD,0xCEFE,0xD71E,0xD71F,0xCEDE,0xBEBE,0xAE5D,0xA5FE,0x8D3E,0x8CFB,0x9DBC,0xB63D,0xBEBE,0xBEDF,0x8CFB,0xA5DC,
    0xEFBF,0xF7BE,0xEFBE,0xF7BE,0xFFBE,0xF7BE,0xFFBE,0xF7BE,0xF7BE,0xF7BE,0xF79F,0xE75E,0xDF1E,0xD6FF,0xCEFE,0xDF5F,
    0xE77F,0xC69E,0x9DBE,0x7CDD,0x851E,0x853E,0x8D5D,0x955D,0x9DBD,0xA5BD,0xB63D,0xD6FF,0xDF5E,0xE79E,0xEF9F,0xEFBE,
    0xF7BE,0xF7BE,0xF79D,0xF7BE,0xF79E,0xF7BF,0xF79E,0xF79E,0xF7BE,0xF79E,0xF7BE,0xF79E,0xF79D,0xF7BE,0xF79E,0xF7BE,
    0xF7BE,0xF7BE,0xF79E,0xEF9E,0xEF9E,0xE77E,0xE75E,0xD75E,0xD71E,0xCEFD,0xC6DD,0xC6DE,0xBEDE,0xC6BE,0xBE9E,0xB67E,
    0xB67E,0xB69E,0xB69E,0xAE5E,0xAE3D,0xA61E,0x9DDE,0x95BD,0x959D,0xAE5E,0xC6FF,0xB63D,0xA5BD,0xB63D,0xBE7E,0xC69D,
    0xBE5D,0xA5BC,0x955C,0x855D,0x7D1D,0x751D,0x7D1D,0x7CFE,0x74FD,0x74FE,0x74FE,0x74DE,0x74FE,0x74DD,0x74FE,0x74FE,
    0x6CDD,0x6CDE,0x6CDE,0x6CDD,0x6CDD,0x6CBD,0x64BD,0x64BD,0x6CBE,0x64BD,0x6C9D,0x649D,0x649C,0x6CBD,0x64BD,0x649D,
    0x95FE,0x8DDE,0x95FE,0x95DD,0x95FE,0x95DE,0x95FE,0x95DE,0x95FD,0x8DDE,0x95DE,0x95FD,0x95DE,0x95DE,0x8DDE,0x95DE,
    0x95DE,0x8DDE,0x8DDE,0x8DDD,0x8DDE,0x8DDE,0x8DBD,0x8DDE,0x8DDD,0x85BE,0x8DDE,0x8DDE,0x8DDE,0x85BE,0x8DDE,0x8DDE,
    0x85BD,0x8DBE,0x85BE,0x8DDE,0x85BE,0x8DDE,0x85BE,0x8DBE,0x85BE,0x8DBE,0x85BE,0x8DBE,0x859E,0x8D9E,0x8D9E,0x8D9E,
    0x859E,0x8D9E,0x8D9E,0x857E,0x8D9E,0x8D9E,0x857E,0x857D,0x857E,0x857E,0x859D,0x859E,0x857E,0x857E,0x7D7E,0x857E,
    0x857D,0x857E,0x7D5D,0x857E,0x8D9E,0x855D,0x857D,0x855E,0x7D7E,0x857E,0x855D,0x853D,0x855D,0x853E,0x7D5D,0x855E,
    0x853D,0x7D5E,0x853D,0x7D5E,0x7D5E,0x7D3D,0x7D3E,0x7D3D,0x7D3E,0x7D3E,0x753D,0x7D3E,0x751D,0x7D3E,0x753D,0x7D3E,
    0x753D,0x7D1D,0x753D,0x7D3E,0x753D,0x7D3D,0x751D,0x751E,0x7D1D,0x751D,0x751D,0x751D,0x751D,0x751E,0x751D,0x751E,
    0x751D,0x751E,0x751D,0x751E,0x751D,0x751E,0x74FD,0x6CFD,0x74FD,0x74FE,0x74FE,0x74FD,0x74FE,0x74FD,0x6CFE,0x74FD,
    0x74FD,0x74FE,0x6CFD,0x74FE,0x74FD,0x74FE,0x6CFD,0x74DE,0x6CFD,0x74DD,0x6CDE,0x74DD,0x6CDD,0x74DD,0x6CDD,0x6CDD,
    0x74DD,0x6CDD,0x74DD,0x74BD,0x6CDE,0x6CDD,0x6CDD,0x6CBD,0x6C9D,0x74BD,0x6CBD,0x749C,0x6C9E,0x6C9E,0x6C9D,0x74DD,
    0x74FD,0x74DD,0x7CFD,0x74FE,0x74DD,0x6CDD,0x6CBD,0x74DC,0x6CBD,0x6C9D,0x749E,0x6C9D,0x74BD,0x6CDD,0x74DE,0x74FE,
    0x7CFE,0x74DE,0x649D,0x647D,0x649D,0x6C9D,0x6C9C,0x7CDD,0x7CDD,0x851E,0x851D,0x8D5D,0x957D,0x9D7D,0xA5BD,0xA5DD,
    0xB65D,0xC69E,0xC6BE,0xCEBD,0xBE7D,0xBE7D,0xB63D,0xB61D,0x959E,0x84FD,0x957D,0xB63E,0xC6BE,0xBEBD,0x95BD,0xADFE,
    0xC67E,0xDF1F,0xEF9E,0xEF9E,0xF77D,0xF7BE,0xF79E,0xF79E,0xFF9D,0xEF9E,0xE77F,0xE75D,0xDF3E,0xD6FE,0xCEDD,0xDF3D,
    0xEF9D,0xD6FE,0x9DBD,0x7CFD,0x853F,0x8D5E,0x8D5E,0x955E,0x959D,0x9D9D,0xA5BD,0xAE3D,0xC6BD,0xD73E,0xD75E,0xE75E,
    0xE79E,0xF79E,0xF7BD,0xF79E,0xF79F,0xF79E,0xF79E,0xF79F,0xF79E,0xF79E,0xF79E,0xFF9E,0xF7BE,0xF79E,0xF79E,0xF79D,
    0xEFBE,0xF7BE,0xF79E,0xF79E,0xEF9E,0xE79D,0xE75E,0xDF3E,0xD71E,0xCEFE,0xC6DE,0xBEBE,0xBE9D,0xB67E,0xB65D,0xB67E,
    0xB67E,0xBEBF,0xB69F,0xAE5E,0xAE3E,0xA61D,0x9DDE,0x9DDD,0x95DD,0xB65D,0xCEFE,0xCEFE,0xCEDD,0xDF5F,0xDF9E,0xE7BE,
    0xEF9F,0xE75F,0xCEDE,0xA5BD,0x853D,0x7D3D,0x7D1E,0x7D1D,0x74FE,0x74FD,0x74FE,0x751E,0x6CDD,0x74DD,0x74FE,0x6CDD,
    0x6CDD,0x6CBE,0x6CDE,0x64BD,0x6CBE,0x64BD,0x6C9E,0x64BE,0x6C9E,0x649E,0x5CBE,0x64DE,0x64BD,0x5C9D,0x649D,0x5C9D,
    0x95DE,0x95FE,0x8DDE,0x95DE,0x8DFE,0x95DE,0x8DFD,0x95DE,0x95DE,0x95FE,0x8DDE,0x95DE,0x8DDE,0x95FE,0x8DDE,0x95DE,
    0x8DDD,0x95DE,0x95DE,0x8DDE,0x95DE,0x8DDE,0x8DDE,0x8DBE,0x8DDE,0x8DBD,0x8DDE,0x8DDE,0x8DBD,0x8DDE,0x8DBD,0x8DBE,
    0x8DBE,0x8DDE,0x8DBE,0x8DBD,0x8DBE,0x8DBD,0x8D9E,0x8DBE,0x8DBE,0x8D9E,0x8DBE,0x8DBE,0x8DBE,0x8D9E,0x8D9E,0x8DBE,
    0x8D9E,0x8D9E,0x8D9E,0x8D9E,0x859E,0x8D7E,0x859E,0x8D7E,0x857D,0x8D7E,0x859E,0x857D,0x857E,0x857D,0x859E,0x857E,
    0x857D,0x857E,0x857D,0x857D,0x857D,0x857E,0x855D,0x857E,0x855D,0x855D,0x855D,0x855D,0x855D,0x7D5E,0x855D,0x855E,
    0x855E,0x855E,0x855E,0x855E,0x7D3D,0x7D3D,0x7D3E,0x7D3D,0x7D5E,0x7D3D,0x7D3E,0x7D1E,0x7D1D,0x7D1E,0x7D1D,0x751E,
    0x7D3D,0x753E,0x753D,0x7D3E,0x753D,0x7D3E,0x753D,0x7D1D,0x751E,0x7D1D,0x751E,0x7D1D,0x751D,0x7CFE,0x74FE,0x751D,
    0x74FE,0x74FD,0x74FE,0x74FD,0x751D,0x74FD,0x751D,0x74FD,0x74FD,0x74FD,0x6D1D,0x74FE,0x6CFD,0x74FE,0x74FD,0x74DE,
    0x6CDE,0x74DD,0x74FE,0x6CDD,0x74DD,0x74DD,0x74DE,0x6CDD,0x74DE,0x6CFD,0x74DD,0x6CDD,0x74DE,0x6CDD,0x74DE,0x6CDD,
    0x74DE,0x6CDD,0x6CDE,0x74BD,0x6CBE,0x74DD,0x6CDE,0x74DD,0x74BE,0x74DD,0x74DD,0x6CDD,0x74DD,0x74DE,0x6CDE,0x6CBD,
    0x74DD,0x74DD,0x74DD,0x74DD,0x7D1E,0x74FE,0x7D1E,0x74FD,0x74DD,0x6CDE,0x74DE,0x6C9E,0x6CBD,0x6C9D,0x6C9D,0x6C9D,
    0x6C9D,0x6C9D,0x649D,0x6C9E,0x649D,0x649D,0x6C9D,0x6C9D,0x6C9D,0x749D,0x7CFD,0x7CFC,0x84DC,0x84DD,0x8D3D,0x9D9D,
    0xADFD,0xAE5D,0xBE7D,0xB65D,0xB61C,0xC69E,0xCEFD,0xCEDE,0xBE7E,0x955C,0x957D,0xAE3F,0xB67F,0xA61E,0x957E,0x8D1E,
    0x84DC,0x9D7D,0xB65D,0xDF5E,0xEF7E,0xF77E,0xF79E,0xEF9D,0xEF9D,0xE75E,0xDF3E,0xDF5E,0xD73E,0xCEFD,0xCEDD,0xCEDD,
    0xD71D,0xCF1F,0xA5BD,0x851D,0x851D,0x8D3D,0x955D,0x9D9E,0x9D9D,0xA5BD,0xA5DE,0xADFE,0xAE3D,0xBE9D,0xCEDD,0xE7BE,
    0xEFBE,0xF79D,0xF79E,0xF7BE,0xF7BE,0xF79F,0xF79E,0xF79E,0xF79E,0xF7BD,0xF79E,0xF7BD,0xF79D,0xF7BE,0xF7BE,0xF79E,
    0xF7BE,0xEF9D,0xEFBE,0xEF9E,0xEF9E,0xE77D,0xDF5E,0xD73E,0xCEFE,0xC6FE,0xC6FE,0xB6BD,0xB67D,0xB65D,0xAE3D,0xB67E,
    0xBE9E,0xBE9E,0xB67D,0xAE5D,0xA61E,0xA5FD,0x9DDD,0x9DFD,0x9DDE,0xA63D,0xBEBD,0xC6DD,0xCF1E,0xD75E,0xDF5E,0xE73D,
    0xEF9D,0xF7DE,0xEFBF,0xC6BF,0x8D7D,0x853E,0x7D3D,0x7CFD,0x7D1E,0x7CFE,0x74DD,0x74FD,0x6CBE,0x74DD,0x6CDD,0x6CBD,
    0x6C9E,0x6CBE,0x64BE,0x649D,0x649D,0x649D,0x64BE,0x649E,0x64BE,0x5C9F,0x649D,0x649E,0x5C9E,0x649E,0x5C9E,0x649D,
    0x95FE,0x95DE,0x95FE,0x95FE,0x95FE,0x95DE,0x95FE,0x95FE,0x8DFE,0x95DE,0x95DD,0x8DFE,0x95DD,0x95DE,0x8DDD,0x95FE,
    0x95DE,0x8DDE,0x95DD,0x95DE,0x8DDE,0x95DE,0x95DE,0x8DDE,0x95DE,0x95DE,0x95DE,0x95FE,0x8DDD,0x95BE,0x8DDD,0x95DE,
    0x8DBE,0x8DBE,0x95BE,0x8DBE,0x8DBE,0x8DBE,0x8DBD,0x8D9D,0x8DBD,0x8DBD,0x8DBD,0x8D9D,0x8DBD,0x8DBE,0x859D,0x8DBE,
    0x8D9D,0x8DBD,0x8DBE,0x857D,0x8D9E,0x857E,0x8D7D,0x857E,0x8D7E,0x859E,0x8D9E,0x8D7E,0x857D,0x857E,0x8D7D,0x857E,
    0x857D,0x857E,0x8D7D,0x855E,0x857D,0x857E,0x857D,0x857E,0x857D,0x857E,0x855D,0x855E,0x855D,0x855E,0x855E,0x855E,
    0x855D,0x853E,0x7D5D,0x853D,0x853E,0x853D,0x853D,0x853E,0x853D,0x853E,0x853E,0x7D1E,0x7D1D,0x7D1E,0x7D1E,0x7D1D,
    0x7D3E,0x753D,0x7D1E,0x753D,0x7D1E,0x753D,0x7D1E,0x751D,0x7D3E,0x751D,0x751D,0x751D,0x74FE,0x7D1D,0x751E,0x7CFE,
    0x74FD,0x74FE,0x74FD,0x7D1D,0x751D,0x7D1E,0x74FD,0x751D,0x751D,0x74FD,0x751D,0x6CFD,0x74FE,0x74DE,0x74FE,0x74FE,
    0x74FE,0x74DF,0x74FE,0x74DE,0x6CFD,0x6CFD,0x74FD,0x74DD,0x74FD,0x74DE,0x74DD,0x74FE,0x74DD,0x74DE,0x74DD,0x74DE,
    0x6CBD,0x74DE,0x74DD,0x6CDE,0x74DD,0x6CBD,0x74DE,0x6CDD,0x74DE,0x6CDD,0x74DD,0x74DD,0x6CDD,0x74DD,0x74DD,0x74DD,
    0x74BD,0x74BD,0x74DE,0x74DE,0x7CFE,0x7D1E,0x7D1E,0x751D,0x74FD,0x74FD,0x74DE,0x74BD,0x6CBD,0x74DC,0x6CBC,0x6CBC,
    0x6CBD,0x6CBD,0x6CBD,0x649D,0x6CBD,0x649D,0x649E,0x649D,0x6CBE,0x6CBC,0x8D5E,0x9DBE,0x7CDC,0x84DD,0x9D7E,0xA5BC,
    0xADDD,0xBE7E,0xB65D,0xBEBE,0xBE7D,0xCEDD,0xEF9E,0xE79E,0xDF3E,0xBE7D,0xA5FD,0xA5FE,0x9DBD,0x959E,0x84FC,0x7CDD,
    0x7CDC,0x7D1D,0x7D5B,0xB63D,0xD6DE,0xEF3E,0xF79E,0xEF9E,0xE77E,0xDF3D,0xD71E,0xCEFE,0xC6DF,0xC6BE,0xC6BE,0xCEBD,
    0xC6BE,0xBE7E,0xADFE,0x955D,0x957E,0x957D,0x95BE,0xA5BE,0xA5FE,0xA5DD,0xADFD,0xADFE,0xADFE,0xB63C,0xC6BD,0xDF7E,
    0xF7BE,0xF79E,0xF79E,0xF79E,0xEF9E,0xF79E,0xEF9F,0xF79E,0xF79E,0xF79D,0xF7BE,0xFF9E,0xF79E,0xF79E,0xEFBE,0xF79E,
    0xF7BE,0xEFBE,0xF79E,0xEF9E,0xE79E,0xE77E,0xDF3D,0xCF1E,0xCEDD,0xC6BE,0xBEBE,0xBE7E,0xB67D,0xB65D,0xB67D,0xBE7E,
    0xB69E,0xB67D,0xB65E,0xAE3E,0xA5FD,0x9DBD,0x95BD,0x95BD,0x95BE,0xA5DE,0xAE5E,0x9DDD,0x9DBC,0xB63E,0xCEDE,0xE79F,
    0xE77E,0xE77D,0xE77F,0xBE9E,0x959D,0x853D,0x7D3D,0x74FC,0x74DD,0x74DD,0x74DD,0x6CBD,0x6CDD,0x6CBC,0x64BD,0x64BD,
    0x6C9E,0x649E,0x649E,0x649D,0x649D,0x649D,0x649C,0x64BD,0x649E,0x64BE,0x5C9D,0x649D,0x649D,0x5C9D,0x649D,0x5C7D,
    0x95FE,0x95FE,0x95FE,0x95FE,0x95FE,0x95FE,0x95FE,0x95FE,0x95FE,0x95FE,0x95FE,0x95FE,0x95FE,0x95FE,0x95FE,0x95FE,
    0x95FE,0x95FE,0x95FE,0x8DFE,0x95DE,0x95DE,0x8DDE,0x95DE,0x8DDE,0x95DE,0x8DFE,0x95DE,0x95DE,0x8DDE,0x95DD,0x8DDE,
    0x95DE,0x8DDE,0x95DE,0x8DBE,0x8DBE,0x8DBE,0x8DBE,0x8DBD,0x8DBE,0x8DBE,0x8DBD,0x8DBE,0x8DBD,0x8D9E,0x8DBE,0x8D9D,
    0x8DBE,0x8D9E,0x8D9E,0x8D9E,0x8D9D,0x8DBE,0x859D,0x8D9E,0x859D,0x8D9E,0x857E,0x8D7D,0x857E,0x857D,0x857E,0x8D7D,
    0x857E,0x8D7D,0x857E,0x857D,0x857E,0x855D,0x857E,0x855D,0x857E,0x855D,0x857D,0x855D,0x855E,0x855E,0x855E,0x855D,
    0x7D5E,0x855E,0x855E,0x7D3D,0x855E,0x7D3E,0x7D5D,0x853D,0x7D5E,0x7D3E,0x7D3E,0x853E,0x7D3E,0x7D3D,0x7D3E,0x7D1E,
    0x7D3E,0x7D3E,0x7D3E,0x753E,0x7D3D,0x753E,0x7D3E,0x7D1D,0x7D3E,0x7D1D,0x7D1E,0x7D1D,0x7D1E,0x751D,0x7D1E,0x751D,
    0x7D1E,0x751D,0x7CFE,0x751D,0x751D,0x751D,0x7D1D,0x74FD,0x7D1E,0x751D,0x74FD,0x7CFD,0x74FE,0x7CDE,0x74DE,0x7CDD,
    0x74BD,0x74FE,0x74DE,0x74FE,0x74FE,0x6D1D,0x6CFD,0x74DE,0x6CDD,0x74DD,0x6CFD,0x74DD,0x6CDD,0x74DE,0x74DD,0x74DE,
    0x74DD,0x6CDD,0x74DD,0x74BD,0x6CDE,0x74DD,0x74DD,0x6CBD,0x74DD,0x6CDE,0x74DD,0x6CDD,0x74DE,0x6CDD,0x74DD,0x6CDE,
    0x6CBD,0x74DD,0x74DD,0x74DD,0x74DD,0x74DD,0x74DD,0x7CFD,0x7CDD,0x74DD,0x74DD,0x74DD,0x7CDD,0x74DC,0x74DD,0x7CDD,
    0x74DD,0x74BD,0x74BD,0x6CBD,0x6CBD,0x6CBD,0x6CBD,0x6CBD,0x6CBD,0x74BD,0x8D5D,0xA5DF,0xA5DE,0x957D,0x9DBD,0xB65E,
    0xB63D,0xC69E,0xBE9E,0xC6BF,0xCEBE,0xCEBD,0xD6FD,0xE75E,0xDF5E,0xCF1D,0xC6BD,0xB65E,0x9DBC,0x855D,0x8D5D,0x853E,
    0x74DD,0x7CDC,0x74DC,0x84FC,0xB61D,0xE75E,0xEFBF,0xDF3E,0xD71E,0xD71E,0xBE7E,0xADDC,0xA5DD,0xAE1E,0xB63E,0xBE7D,
    0xBE7E,0xB63D,0x9D9D,0x9D9E,0x957E,0x955D,0x957D,0x9DBE,0xAE1E,0xB65E,0xA5FD,0xADFD,0xADFD,0xB65E,0xB65D,0xBE5C,
    0xDF1E,0xF7BE,0xF79E,0xF7BD,0xF79D,0xEF9E,0xF79E,0xEF9E,0xEF9E,0xEF9E,0xEF7E,0xEF9E,0xF79F,0xF79E,0xF79E,0xF79F,
    0xF79E,0xF79E,0xEF9E,0xEF7E,0xEF7E,0xEF9E,0xDF5E,0xCEFD,0xC6BE,0xC6BE,0xBE9E,0xBE9E,0xB67D,0xB67D,0xB67E,0xB65E,
    0xB63D,0xAE3E,0xAE1E,0xAE1E,0xA5FE,0x9DBD,0x959D,0x8D5D,0x8D7D,0x959E,0xA5DE,0x959E,0x8D1D,0x84FC,0xA5FC,0xDF7F,
    0xDF7F,0xD71D,0xD71E,0xB67E,0x9DBD,0x855E,0x7D1C,0x7CFD,0x74DD,0x6CBD,0x64BD,0x6CBD,0x64BD,0x64BE,0x5CBE,0x5CBE,
    0x649D,0x647D,0x5C7E,0x649D,0x649D,0x649C,0x64BD,0x64DE,0x64BE,0x5C9E,0x649D,0x5CBE,0x5C9D,0x5C9E,0x5C9D,0x5C9D,
    0x961E,0x95FE,0x961E,0x95FD,0x961E,0x961E,0x95FE,0x961E,0x95FE,0x961E,0x95FE,0x95FD,0x95FE,0x8DFE,0x95FD,0x95FE,
    0x95FD,0x95FE,0x95FD,0x95DE,0x8DFE,0x95FE,0x95FE,0x95DE,0x95FD,0x8DDE,0x95DE,0x8DDD,0x95DE,0x8DDD,0x95DE,0x8DDD,
    0x95BE,0x8DDE,0x95BE,0x8DDD,0x95BE,0x8DDD,0x95BE,0x8DDE,0x8DBD,0x8DBE,0x8DDD,0x8DBE,0x8DBE,0x8DBD,0x8D9E,0x8DBE,
    0x8D9D,0x8DBE,0x85BD,0x8D9E,0x859D,0x8D9E,0x8D9D,0x8D9D,0x859E,0x8D9D,0x8D7E,0x859E,0x8D7E,0x857E,0x8D7D,0x857E,
    0x857E,0x857D,0x857E,0x857D,0x855E,0x8D7D,0x857E,0x857D,0x8D7E,0x855D,0x855E,0x857D,0x855D,0x857E,0x855E,0x7D3D,
    0x855E,0x853D,0x855E,0x853D,0x7D5E,0x853D,0x853E,0x7D3D,0x853D,0x855D,0x7D3E,0x853D,0x7D3E,0x853E,0x853D,0x7D3E,
    0x7D3D,0x7D3D,0x7D3E,0x7D3D,0x7D1D,0x7D1D,0x7D3E,0x753D,0x7D3E,0x751E,0x7D3D,0x751D,0x7D3E,0x751E,0x7D1D,0x7D1E,
    0x751D,0x7D1E,0x751D,0x7D1E,0x74FD,0x7D1D,0x751E,0x7D1D,0x751D,0x7CFD,0x74FD,0x7CFE,0x7CFD,0x851E,0x851C,0x855D,
    0x9DBD,0x851D,0x7CDD,0x74DE,0x74FE,0x751D,0x74FD,0x74FD,0x74DD,0x74FD,0x74DD,0x74FD,0x74FD,0x74DE,0x6CFD,0x74DD,
    0x6CDE,0x74DD,0x6CDE,0x74DD,0x74DD,0x6CDE,0x74DD,0x74DE,0x6CDD,0x74BD,0x74DD,0x6CDD,0x74DD,0x74DD,0x6CDD,0x74DD,
    0x74DD,0x6CDD,0x74DD,0x74DE,0x74DD,0x74DE,0x74FD,0x7CFD,0x7CFD,0x7CFD,0x7CFD,0x7CFD,0x7CFD,0x7CFE,0x7D1D,0x84FD,
    0x84FD,0x7CDD,0x84DE,0x74BD,0x74DE,0x74BD,0x74BD,0x749D,0x6CBD,0x7CBD,0x8D3D,0x8D7E,0x959D,0x957E,0x8D5D,0xA5FE,
    0xB65F,0xADDD,0xA5BD,0x9D9D,0xADDE,0xC6BE,0xCEDE,0xBE7E,0xC69D,0xC6BE,0xB67D,0xB65D,0xAE3E,0x853D,0x853C,0x853D,
    0x7D1D,0x74FE,0x74BE,0x7D1D,0xAE3F,0xCF1E,0xCEFE,0xB65C,0xBE7D,0xC6BE,0xAE1D,0x8D5C,0x8D1D,0x8D3D,0x9D7C,0xAE1E,
    0xB63E,0xA5FE,0x9D9D,0x957E,0x955D,0x8D3D,0x957E,0x955D,0x957C,0xAE1E,0xAE1E,0x9D9C,0xA5DC,0xAE1E,0xB63E,0xB61C,
    0xBE7C,0xE77F,0xEFDE,0xEF9E,0xEF9D,0xEF7D,0xEF9E,0xEF9D,0xEF9E,0xEF9E,0xEF7E,0xEF7E,0xF79E,0xF79E,0xFF9E,0xF79D,
    0xEF9D,0xEF9E,0xEF7D,0xE77D,0xE79E,0xEFBE,0xE79F,0xDF3E,0xCEBD,0xC69D,0xBE7D,0xB67E,0xBE9E,0xB67D,0xB63D,0xAE1D,
    0xA5FD,0xA5DD,0xA5DE,0xA5DE,0x9DDE,0x959E,0x959D,0x8D5D,0x8D3D,0x8D5D,0x8D7E,0x95BD,0x957E,0x8D3E,0x957C,0xB69E,
    0xCEFF,0xCF1F,0xC6DE,0xB63D,0x959D,0x8D9E,0x8D5E,0x7D1D,0x74BD,0x649E,0x649D,0x647D,0x6C9D,0x647D,0x5C5D,0x5C9C,
    0x74FD,0x857E,0x74FD,0x649D,0x649D,0x649D,0x64DD,0x64DE,0x64BE,0x5C9E,0x649E,0x5C9D,0x649E,0x64BE,0x64BE,0x64BE,
    0x95FE,0x961D,0x95FE,0x961E,0x95FD,0x95FE,0x95FD,0x95FE,0x95FD,0x95FD,0x95FE,0x95FD,0x95FE,0x95FD,0x95FE,0x95FD,
    0x8DFD,0x95FD,0x8DFE,0x95FD,0x95FE,0x95FD,0x8DDD,0x95FE,0x8DDD,0x95FE,0x95DE,0x95FE,0x8DDE,0x95DE,0x8DDE,0x95DE,
    0x8DDE,0x95DD,0x8DDE,0x8DBD,0x8DDE,0x8DBE,0x8DDD,0x8DBE,0x8DDD,0x95BE,0x8DBD,0x8DBD,0x8DBE,0x8DBE,0x8DBE,0x8DBE,
    0x8D9E,0x8D9D,0x8DBE,0x8D9D,0x8DBE,0x8DBD,0x8D9E,0x859D,0x8D9D,0x8D9E,0x859E,0x8D9E,0x8D9E,0x859E,0x8D9E,0x8D7E,
    0x857D,0x8D7E,0x8D7E,0x857D,0x857D,0x857E,0x855D,0x857E,0x857D,0x857E,0x855D,0x857E,0x855D,0x855E,0x855E,0x855E,
    0x855D,0x855E,0x7D5E,0x855E,0x855D,0x855E,0x855D,0x855E,0x7D3E,0x853D,0x7D3E,0x853D,0x7D3E,0x853D,0x7D3E,0x855D,
    0x7D3D,0x7D3D,0x7D3D,0x7D3D,0x7D3D,0x751D,0x7D3D,0x7D3E,0x7D1D,0x7D3E,0x751E,0x7D3D,0x7D1E,0x7D3D,0x7D3E,0x7D3E,
    0x7D1D,0x751D,0x751D,0x7D1D,0x751D,0x751D,0x74FD,0x751D,0x7D1D,0x74FE,0x7CFD,0x7CDD,0x74FD,0x855D,0x95BE,0xAE5F,
    0xBEBF,0x959D,0x851C,0x84FD,0x7D1E,0x851D,0x74FD,0x74FD,0x74FD,0x74DD,0x74FD,0x74FD,0x74DD,0x74FD,0x74DD,0x74FD,
    0x74DD,0x74FD,0x74DD,0x74FE,0x74DD,0x74FD,0x74DD,0x6CDD,0x74DD,0x6CDD,0x74DE,0x74DD,0x6CDD,0x74DE,0x74DD,0x6CDD,
    0x74FE,0x74FD,0x74FE,0x6CFD,0x6CDD,0x74FD,0x74DD,0x74DD,0x7CFD,0x7D1D,0x7D1E,0x853E,0x853E,0x8D5E,0x8D5D,0x959D,
    0x9D9D,0x9D7D,0x953D,0x8D1E,0x8D3D,0x851E,0x84FD,0x851D,0x84FD,0x84FD,0x851D,0x8D3D,0x851C,0x851D,0x7CDC,0x851D,
    0x9D9E,0x9DBE,0x8D5D,0x8CFD,0x953D,0xA5DE,0xB61E,0xAE1D,0xA5FD,0xA5DE,0x9DBD,0x959D,0x9DDE,0x959E,0x857E,0x851D,
    0x74DD,0x74DD,0x74BE,0x74DE,0x7CFD,0x8D5D,0x851C,0x84FC,0xA5BF,0xADFE,0x9DDE,0x8D3D,0x84FD,0x7CDD,0x8D3D,0x957E,
    0x9DBE,0x957E,0x8D3D,0x8D3E,0x851D,0x8D5E,0x851D,0x8D3E,0x959D,0xA5DE,0xA5DD,0xA5DD,0xA5FD,0xAE1D,0xAE1E,0xADFE,
    0xB61D,0xC69D,0xDF7F,0xE75E,0xE77E,0xEF7E,0xEF9E,0xEF9E,0xEF7E,0xE77D,0xE75D,0xE77D,0xEFBE,0xF7BE,0xF7BE,0xF7BE,
    0xEF9E,0xEF9E,0xDF5D,0xDF5D,0xDF5E,0xDF3D,0xD73E,0xD71E,0xC6DE,0xBE7E,0xB65D,0xB65D,0xAE5D,0xADFD,0xA5FD,0xA5DD,
    0xA5BD,0x9DBD,0x9D9D,0x9D9D,0x959D,0x957D,0x957D,0x8D5E,0x8D5D,0x8D5E,0x8D5E,0x957D,0x959D,0x955E,0x853D,0x8D5D,
    0x9DBC,0xB65E,0xB69E,0xAE1E,0x8D7D,0x959D,0x95BE,0x957E,0x853D,0x74DD,0x74DC,0x8D7D,0xA61E,0xA5FE,0x853C,0x7CFC,
    0x9DFE,0xB6BF,0x8D7D,0x6C9C,0x6CDD,0x6CDD,0x64BC,0x64DD,0x5C9D,0x649D,0x64BE,0x6C9E,0x64BD,0x647D,0x649E,0x6CBE,
    0x961E,0x9E1E,0x961D,0x9E1E,0x961E,0x9E1E,0x961E,0x961D,0x961E,0x961E,0x961D,0x961E,0x961D,0x95FE,0x95FD,0x95FE,
    0x95FE,0x95FD,0x95FE,0x95FD,0x95FE,0x95FE,0x95FE,0x95FD,0x95FE,0x95FE,0x8DDE,0x95FE,0x95DE,0x95FE,0x95DE,0x95FE,
    0x8DDE,0x95DE,0x95DE,0x8DDD,0x95DE,0x95DD,0x8DBE,0x95DE,0x8DDE,0x8DDE,0x8DBE,0x8DDE,0x8DBE,0x8DBE,0x8DBE,0x8DBE,
    0x8DBE,0x8DBE,0x8DBE,0x8DBE,0x8DBD,0x8DBE,0x8DBD,0x8D9E,0x8DBD,0x8D9E,0x8D9E,0x857D,0x8D9E,0x8D7E,0x859E,0x8D9E,
    0x859E,0x8D9E,0x857E,0x8D7D,0x857E,0x8D7D,0x857E,0x8D7E,0x857E,0x8D7E,0x857D,0x855E,0x857D,0x855E,0x855E,0x855D,
    0x855E,0x855E,0x855E,0x855D,0x855E,0x855E,0x7D3E,0x855E,0x855D,0x855E,0x7D3D,0x855E,0x7D5D,0x853E,0x7D3D,0x853E,
    0x7D3D,0x7D3E,0x7D3D,0x7D3E,0x7D3D,0x7D1D,0x7D3E,0x7D3E,0x751E,0x7D3D,0x7D3E,0x7D3E,0x7D3E,0x753D,0x7D1E,0x7D3D,
    0x7D3E,0x7D3E,0x7D1D,0x751E,0x7D1D,0x751E,0x7D1D,0x7D1E,0x751D,0x7D1D,0x751E,0x7CFE,0x7CFE,0x7CFD,0x855D,0x8D9D,
    0x8D9D,0x855D,0x855E,0x8D5E,0x7CFD,0x7D3E,0x7D1D,0x74FD,0x74FD,0x74FD,0x74FD,0x74FD,0x74FD,0x74FE,0x74FD,0x74FE,
    0x74FD,0x74FE,0x74FD,0x74FD,0x74FD,0x74FD,0x74DD,0x74DD,0x74DD,0x74FD,0x74DD,0x74FE,0x74DD,0x6CDD,0x74DD,0x74DD,
    0x6CFD,0x6CDD,0x6CDD,0x74FE,0x6CDD,0x74FE,0x74DD,0x74BE,0x74DD,0x74DD,0x74DD,0x74FD,0x7D1D,0x957E,0xA5BE,0xAE5E,
    0xB65E,0xBE5E,0xB63E,0xB63E,0xAE1E,0xA5DD,0xA5BD,0x9DBC,0xA5BD,0xA59D,0x9D9C,0x9DBD,0x9D9C,0x957D,0x8D5D,0x8D3E,
    0x9D9E,0xA5FE,0x959D,0x955C,0x953D,0xA59D,0xA5DC,0xA5BC,0x9D9D,0x9D9D,0x9D9D,0x953D,0x8D3C,0x851C,0x851C,0x7CFD,
    0x7CBC,0x74DD,0x74BD,0x74BE,0x6CBD,0x74BD,0x74BD,0x6CDD,0x74DD,0x7CFD,0x84FC,0x7CFD,0x7CFE,0x74BD,0x853E,0x8D1E,
    0x74FD,0x7CFD,0x74DD,0x74FD,0x7CFD,0x851E,0x84FE,0x84FD,0x955E,0x9DDE,0xA5DD,0xA5FE,0xA5DE,0xA5DD,0xA5FE,0xA5FD,
    0xB61E,0xB63D,0xBE9D,0xCEDE,0xD6FE,0xDF3D,0xE77E,0xF79E,0xEF7E,0xEF5E,0xDF3D,0xDF3D,0xE75E,0xE77E,0xDF7E,0xDF5E,
    0xDF5E,0xDF1E,0xD71E,0xD6FE,0xCEDD,0xC69D,0xC69D,0xBE7E,0xB61D,0xA5DD,0xA5DE,0x9DDD,0x9DBD,0x9D9C,0xA5BD,0x9DBD,
    0x9D9D,0xA59D,0x9D9D,0x9D9D,0x959C,0x957D,0x959D,0x959E,0x8D7D,0x8D3E,0x855F,0x955D,0x9DBE,0x9DBF,0x8D5D,0x855D,
    0x8D5D,0x95BD,0xAE3E,0xA5FD,0x957C,0x9DDE,0xA5FF,0xA5DD,0xA61E,0x9DBE,0x9D9D,0xCEFF,0xE73F,0xDF5F,0xB69E,0x95DE,
    0x95BD,0x9DFE,0x959E,0x853D,0x8D7F,0x95BF,0x8D7E,0x7D1D,0x74DC,0x74DD,0x7D1E,0x7D3E,0x855F,0x74DD,0x74DD,0x6CBC,
    0x9E1E,0x961E,0x9E1E,0x9E1E,0x961E,0x9E1D,0x961E,0x9E1E,0x961D,0x961E,0x95FE,0x9E1D,0x95FE,0x95FD,0x961E,0x95FD,
    0x961D,0x95FE,0x961D,0x95FE,0x95FE,0x961E,0x95FD,0x95FE,0x95FD,0x95FE,0x95FD,0x95FE,0x95FE,0x95FE,0x95FE,0x95FE,
    0x95FD,0x95DE,0x95FD,0x95DE,0x8DDD,0x95DE,0x95DD,0x8DDE,0x95DE,0x95DD,0x8DBE,0x95DD,0x95DE,0x8DDE,0x95BE,0x8DDE,
    0x8DBE,0x8DBE,0x8DBE,0x8DBD,0x8DBE,0x8DBE,0x8DBD,0x8DBD,0x8DBE,0x8D9D,0x8D9E,0x8D9E,0x859E,0x8D9E,0x8D9E,0x8D9E,
    0x8D7E,0x859D,0x8D9E,0x857E,0x8D7E,0x857E,0x8D7E,0x857D,0x8D7E,0x857E,0x857E,0x8D7D,0x857E,0x855E,0x855E,0x855E,
    0x855E,0x855E,0x855E,0x855E,0x855E,0x855E,0x855E,0x855D,0x855E,0x855E,0x853D,0x855E,0x853D,0x7D5D,0x853E,0x7D5D,
    0x853E,0x853D,0x853E,0x853D,0x7D3E,0x853D,0x7D3D,0x7D3E,0x7D3D,0x7D1E,0x7D3E,0x7D3D,0x7D3E,0x7D3D,0x7D3D,0x7D3D,
    0x7D3D,0x7D1D,0x753D,0x7D1E,0x7D1D,0x7D1E,0x751D,0x7D1E,0x7D1D,0x751E,0x7D1D,0x751E,0x7CFE,0x7D1E,0x7CFD,0x7CFD,
    0x74FE,0x751D,0x7D1D,0x751E,0x7D1D,0x7D1E,0x7D1E,0x751D,0x74FD,0x74FD,0x751D,0x751E,0x74FD,0x74FD,0x74FD,0x74FD,
    0x74FD,0x74FD,0x74FE,0x74FD,0x74FE,0x74FE,0x74FD,0x74FD,0x74DE,0x6CFD,0x74FE,0x6CDD,0x74FE,0x74FE,0x74FE,0x74FE,
    0x6CDD,0x74DD,0x6CFD,0x74DD,0x6CFD,0x6CDD,0x74DE,0x6CDE,0x74DE,0x6CDD,0x74BD,0x74DD,0x74DD,0x84FD,0x851D,0x9D9C,
    0xA5FE,0xB61E,0xB63E,0xBE5E,0xBE7E,0xBE9E,0xBE7E,0xC67E,0xC6BF,0xC6DE,0xC6BE,0xC67E,0xBE7D,0xBE3E,0xB5FE,0xADBE,
    0xADDD,0xAE3E,0xB63E,0xAE1E,0xADDD,0xB5FE,0xADFD,0xB5FE,0xA5BC,0xADDD,0xA5BD,0xA5BC,0xA5BD,0x9D9E,0x957D,0x955D,
    0x8D1D,0x851D,0x84FD,0x7CFD,0x7CDD,0x7CDD,0x74FD,0x6CDD,0x6CBC,0x74BC,0x74BC,0x7CFD,0x74DD,0x74BD,0x74DD,0x7CDD,
    0x6CDE,0x74DD,0x74DE,0x74FD,0x74DE,0x74FE,0x7CDE,0x84FE,0x851D,0x8D3D,0x959D,0xA5BD,0x9DDD,0xA5DE,0x9DDD,0xA5FD,
    0xA5FD,0xA5FD,0xADFD,0xB65D,0xC6BE,0xD6FE,0xE75E,0xEF7E,0xF77E,0xF79E,0xDF3E,0xD6FD,0xCEDD,0xCEBD,0xC6BD,0xC69D,
    0xBE5E,0xBE7E,0xBE7D,0xBE7E,0xB65D,0xAE1D,0xAE1D,0xA61E,0xA5DE,0x957D,0x957D,0x957E,0x959E,0x9D9D,0x9D9D,0xADDE,
    0xA5FE,0xA5BD,0xA5DD,0x9DBD,0x9DDD,0x9D9D,0x95BD,0x9DDE,0x959E,0x8D5D,0x8D3D,0x957D,0xA61E,0xAE5E,0xA61D,0x95BD,
    0x8D5D,0x957C,0x9DBC,0x9DBD,0x959D,0x9DDE,0xA5DE,0xA5FD,0xA5DE,0x959D,0x9D5C,0xBE5D,0xCE7D,0xCEFF,0x9D9D,0x7D1D,
    0x851D,0x853D,0x95BF,0x9D9E,0x957D,0x9D9D,0x9DDE,0xA5DE,0x9DBF,0x8D5E,0x855D,0x855E,0x8D7E,0x857D,0x853D,0x855D,
    0x9E1E,0x9E1E,0x961E,0x9E1D,0x9E1E,0x961E,0x9E1E,0x9DFD,0x9E1E,0x9DFE,0x9E1E,0x961E,0x9E1E,0x95FE,0x9DFE,0x95FE,
    0x95FE,0x9DDD,0x95FE,0x95FE,0x9DFD,0x95DE,0x95FE,0x95DD,0x95FE,0x95DD,0x95DD,0x95DD,0x95DD,0x95FD,0x95FD,0x95FD,
    0x95DE,0x95DD,0x95FE,0x95DD,0x95DD,0x95DE,0x95DE,0x95DD,0x95DE,0x95BE,0x95DD,0x8DBE,0x95BD,0x95BE,0x95DE,0x95BE,
    0x95BE,0x8DBD,0x95BE,0x95BE,0x8DBE,0x95BD,0x8DBE,0x8D9E,0x8DBD,0x8D9E,0x8D9D,0x8D9E,0x8D9D,0x8D9E,0x8D9D,0x8DBE,
    0x8D7E,0x8D9E,0x8D7E,0x8D9E,0x8D7D,0x8D7E,0x857D,0x8D7E,0x857D,0x8D7D,0x855E,0x8D7E,0x857D,0x8D5E,0x857D,0x855E,
    0x8D7D,0x855E,0x855D,0x8D5E,0x857E,0x8D5E,0x855E,0x853E,0x855E,0x853D,0x853E,0x7D3D,0x853E,0x853D,0x853E,0x853D,
    0x7D3E,0x855E,0x7D3E,0x7D3E,0x853E,0x7D3E,0x853E,0x7D3E,0x853E,0x7D3D,0x7D3E,0x7D1D,0x7D1E,0x7D3E,0x7D1E,0x7D1E,
    0x7D1E,0x7D3D,0x7D1E,0x7D1D,0x7D1E,0x7D1D,0x7D1E,0x7D1D,0x7D1D,0x7CFD,0x7D1D,0x7D1D,0x7D1D,0x7D1D,0x7D1E,0x7D1E,
    0x7D3D,0x7D1E,0x7D1D,0x7D1D,0x7D1D,0x7D1D,0x74FE,0x751E,0x7D1E,0x74FE,0x74FD,0x74FD,0x74FE,0x74FE,0x74FE,0x74FE,
    0x74FD,0x74FE,0x74FD,0x74FE,0x74FE,0x74FD,0x74FE,0x74FE,0x74FE,0x74FE,0x74FE,0x74FE,0x6CFD,0x74FD,0x6CDD,0x6CFD,
    0x74DE,0x74DE,0x74DD,0x74DE,0x74DE,0x74DD,0x6CDD,0x74DD,0x74DD,0x74DE,0x6CDD,0x74DD,0x6CDD,0x74BC,0x74DD,0x7CDC,
    0x7CFD,0x7CFD,0x7D1E,0x8D1D,0x8D3D,0x9D7D,0x9D9E,0x9DBD,0x9DDD,0xA5FD,0xAE3D,0xBE7E,0xC6BF,0xC6BF,0xCEBE,0xC69E,
    0xC69E,0xC69D,0xC69E,0xBE9E,0xB63D,0xB65D,0xBE3D,0xBE5E,0xBE5E,0xBE3D,0xB63D,0xBE5D,0xBE7D,0xBE5E,0xBE5E,0xBE5F,
    0xAE1E,0xADDE,0x9DBD,0x9D7E,0x8D5D,0x8D5E,0x8D5E,0x7D1D,0x7CFD,0x74FD,0x7CDD,0x74DD,0x74FD,0x74DD,0x74BD,0x6CBD,
    0x6CDD,0x6CFD,0x6CDD,0x74FE,0x74FD,0x7CDD,0x74FD,0x7D1E,0x7D1E,0x853D,0x8D7D,0x9DBD,0x9DDD,0x9DDD,0xA5DE,0x9DDD,
    0xA5DE,0xA5DE,0xA5DE,0xAE1E,0xB63D,0xBE5D,0xCEDE,0xE77E,0xE79E,0xE79F,0xDF5F,0xCEDD,0xBE9D,0xBE9E,0xB65E,0xAE3E,
    0xADFD,0xAE3D,0xB65D,0xB65D,0xAE1C,0xA5FD,0x9DBD,0x9DDE,0x9DDE,0x9DBE,0x957D,0x955D,0xA5DF,0xA5FE,0x9DDC,0xB63E,
    0xB67E,0xAE1D,0xA5DD,0x9D9C,0x9DBC,0x9DBC,0x9D9C,0x9DBD,0x9DBD,0x9D9D,0x959D,0x9D9D,0xA5FE,0xB65E,0xB65E,0xAE1C,
    0xA5FE,0xA5DD,0xA5DE,0x9D9D,0x957D,0x9DBF,0x9DDD,0x9DDD,0x9DBD,0x957E,0x9DBE,0xA5DE,0x8D5C,0x959D,0x853D,0x7CDC,
    0x7CDD,0x851C,0x8D3D,0x8D3C,0x8D3C,0x8D1C,0x8D5D,0x957E,0x957E,0x8D7E,0x8D3E,0x8D5E,0x957E,0x8D9E,0x8D5D,0x8D7D,
    0x9E1E,0x9E3E,0x9E1E,0x9E1E,0x961E,0x9E1E,0x9E1E,0x961E,0x9E1E,0x961E,0x9E1D,0x95FE,0x9E1D,0x95FE,0x9DFE,0x9DFE,
    0x95FE,0x95FE,0x9DFE,0x95FE,0x95FE,0x9DFD,0x95FE,0x9DFE,0x95FE,0x95FE,0x95FD,0x95FE,0x95FD,0x95FE,0x95FD,0x95FE,
    0x95FD,0x95FE,0x95DD,0x95FE,0x95DD,0x95FD,0x95DE,0x95DE,0x95DE,0x95DE,0x95DD,0x95DE,0x95DE,0x95DE,0x8DDE,0x95BE,
    0x95BE,0x95BE,0x8DBE,0x95BD,0x95BE,0x95BE,0x8DBE,0x95BD,0x95BE,0x8DBE,0x95BD,0x8DBE,0x95BE,0x8DBD,0x8D9E,0x8DBD,
    0x8D9E,0x8D9E,0x8D9E,0x8D7E,0x8D9E,0x8D9E,0x8D7E,0x8D7D,0x8D7E,0x8D7E,0x8D7D,0x8D7E,0x8D7E,0x857E,0x8D7E,0x855E,
    0x8D7E,0x857D,0x8D7E,0x855E,0x8D5E,0x855E,0x855D,0x855E,0x855D,0x855E,0x853D,0x855E,0x853D,0x855D,0x853E,0x855D,
    0x855E,0x855E,0x855E,0x853E,0x7D5D,0x853E,0x7D3E,0x853D,0x7D3E,0x853E,0x7D3E,0x853E,0x7D3D,0x853E,0x7D3D,0x853D,
    0x7D3E,0x7D1D,0x7D3E,0x7D1D,0x7D1E,0x7D3E,0x7D1D,0x7D1E,0x7D1E,0x7D1E,0x7D1D,0x7D1E,0x7D1D,0x7D1E,0x7D3D,0x7D1D,
    0x7D1E,0x7D1D,0x7D1E,0x7D1D,0x7CFD,0x7D1D,0x7D1D,0x7D1E,0x74FD,0x7D1E,0x751D,0x7CFE,0x751D,0x7D1D,0x74FD,0x7D1E,
    0x74FD,0x74FD,0x74FD,0x74FE,0x74FD,0x74FE,0x74FE,0x74FD,0x74FE,0x74FD,0x74FD,0x74FE,0x74FE,0x6CFE,0x74FE,0x74FD,
    0x74FE,0x74FD,0x74FE,0x74FD,0x74FE,0x74FE,0x74FD,0x74DE,0x6CDD,0x74DD,0x74FE,0x74DD,0x74DE,0x74DD,0x74BD,0x74DD,
    0x74BD,0x74DD,0x74BD,0x6CBD,0x74BE,0x6CBD,0x6CBD,0x74BC,0x6CBC,0x74BC,0x74BC,0x7CFB,0x8D5C,0x957C,0xA5FD,0xB65E,
    0xBE5E,0xC69F,0xCEBF,0xCEDE,0xCEDE,0xCEDE,0xCEDE,0xD6DF,0xCEFE,0xCEDE,0xCEBD,0xCEBD,0xC69D,0xBE3D,0xBE3D,0xBE7D,
    0xBE5E,0xB65E,0xB63D,0xA5FD,0xADFE,0xA5DE,0x9DBD,0x853D,0x851D,0x7D1D,0x7D1D,0x7CDD,0x74DE,0x74DE,0x74DD,0x6CDE,
    0x74FE,0x74DE,0x6CFE,0x74DD,0x6CDD,0x6CFD,0x74DD,0x74FD,0x7CFD,0x853E,0x8D5D,0x95BD,0x9DBD,0x9DBD,0x9DBD,0x9DBE,
    0x9DBD,0x9DBD,0x9DDD,0x9DDE,0xA5DD,0xA5DD,0xAE1D,0xBE7E,0xCEBE,0xC6BE,0xC69D,0xBE7D,0xBE5E,0xB65E,0xB65E,0xB63E,
    0xAE1E,0xAE1D,0xB67D,0xBE9E,0xB67E,0xADFD,0xA5BD,0x9D9D,0x9D9C,0xA5BD,0xA5FE,0xA5BC,0x9D9C,0xADFD,0xAE1D,0xB63D,
    0xBE5E,0xBE5D,0xB63D,0xB63D,0xB63D,0xB63D,0xA5DD,0xADFD,0xADDD,0xA5DD,0xA5DD,0xA5DD,0xAE1D,0xAE3E,0xB63E,0xAE1D,
    0xA5FD,0xA5FD,0x9DDE,0x9D9D,0x8D5C,0x959E,0xA5FF,0x9DBE,0x8D7D,0x957D,0x959E,0xA61F,0x9DBE,0x851C,0x84FC,0x84DD,
    0x84FC,0x7CDC,0x74DC,0x7CDC,0x7CDD,0x7CDD,0x7CDD,0x84FD,0x84FD,0x84FD,0x7CFD,0x851D,0x7D1D,0x851D,0x8D7E,0x8D7E,
    0x9E3E,0x9E3E,0x9E3E,0x9E1E,0x9E1D,0x9E1E,0x9E1E,0x9E1D,0x9E1E,0x9E1D,0x961E,0x9E1D,0x9DFE,0x9E1E,0x961E,0x9E1E,
    0x9E1D,0x95FE,0x9DFD,0x95FE,0x9DFE,0x961E,0x9DFE,0x95FD,0x9E1E,0x9DFE,0x95FD,0x9DFE,0x95FD,0x95FE,0x9DFD,0x95FE,
    0x9DFE,0x95FE,0x9DFE,0x95DD,0x95DE,0x95DD,0x95FE,0x95DE,0x95FD,0x95FE,0x95DE,0x95DD,0x95DE,0x95DE,0x95DE,0x95DE,
    0x8DDD,0x95DE,0x95DD,0x8DDE,0x95DE,0x95DD,0x95BE,0x8DBD,0x95DE,0x8DBD,0x8D9E,0x95BE,0x8D9D,0x95BE,0x8DBE,0x959E,
    0x8DBE,0x959D,0x8DBE,0x8D9D,0x8D9D,0x8D9E,0x8D9D,0x8D9E,0x859D,0x8D9D,0x8D9E,0x8D9D,0x8D9D,0x8D7E,0x857D,0x8D7D,
    0x8D7E,0x8D7E,0x8D7E,0x857E,0x855E,0x8D7E,0x855E,0x8D5D,0x855E,0x855E,0x855D,0x855E,0x855D,0x855E,0x855D,0x855E,
    0x855E,0x855E,0x855E,0x7D3D,0x855E,0x853D,0x855E,0x7D5D,0x853E,0x855D,0x7D3D,0x853D,0x855E,0x7D3D,0x853E,0x7D3D,
    0x7D3D,0x853D,0x7D3D,0x853E,0x7D3D,0x851E,0x7D3D,0x7D1E,0x7D3D,0x7D1E,0x7D3D,0x7D3E,0x7D1D,0x7D1E,0x7D1D,0x7D1E,
    0x7D3D,0x7D1E,0x7D1D,0x7D1D,0x751E,0x7D1D,0x7CFE,0x7D1D,0x7D1E,0x7D1E,0x7CFD,0x7D1E,0x7CFD,0x751E,0x7CFD,0x7D1D,
    0x74FD,0x7CFE,0x7CDD,0x7CFE,0x7CDD,0x74FE,0x7CDD,0x7CFE,0x74DD,0x74FE,0x74FD,0x74FD,0x74FD,0x74FD,0x74FD,0x74FE,
    0x74FD,0x74FE,0x74FD,0x74FE,0x74FD,0x74FD,0x74FE,0x74FD,0x74DD,0x74FD,0x6CDD,0x74FD,0x74FD,0x74DE,0x74DD,0x6CDD,
    0x6CDD,0x74DD,0x6CDD,0x74BE,0x74DE,0x74BD,0x74DD,0x74DD,0x74DC,0x74DD,0x6CDD,0x74DE,0x6CDD,0x74DD,0x74DC,0x7CDD,
    0x84FC,0x8D1C,0x957D,0x9DBD,0x9DDD,0x9DDD,0xAE3E,0xBE1E,0xB61E,0xB61D,0xBE3E,0xB63E,0xBE1D,0xB61D,0xBE5D,0xBE7E,
    0xBE5D,0xBE5D,0xBE7D,0xBE5D,0xBE7E,0xB61D,0xA5BC,0xA5BC,0xA5FD,0xA5BE,0x955D,0x8D1D,0x8D3D,0x851D,0x8D5E,0x7CFD,
    0x7CDD,0x7CFD,0x7CFD,0x74DD,0x74DE,0x74FE,0x74DD,0x7CFE,0x7CFE,0x853E,0x8D5E,0x957D,0x959E,0x9DBD,0x9DBE,0x95BD,
    0x959D,0x959D,0x9D9D,0x959E,0x9D9D,0x9DDE,0xA5DE,0xA5BD,0xA5DE,0xADFD,0xB61E,0xAE1E,0xAE1E,0xB61D,0xB63E,0xAE3D,
    0xB61E,0xB63D,0xB63D,0xB63D,0xB65D,0xB61E,0xADFE,0xA5DD,0xA5DD,0xAE1D,0xBE5E,0xB65D,0xBE3D,0xB65D,0xC69E,0xC67D,
    0xC6BD,0xCEBF,0xCE7E,0xC6BD,0xCEFF,0xCEBE,0xBE3C,0xCEDF,0xC69F,0xC69E,0xB63D,0xAE3D,0xB63D,0xB65E,0xAE3E,0xAE1D,
    0xA5FE,0xA5BE,0x9DBD,0x957D,0x8D7D,0x8D5D,0x959E,0x957E,0x8D5E,0x8D5D,0x8D3C,0x959D,0xA5FF,0xB63E,0xA5BE,0x8D1C,
    0x84FD,0x7CFC,0x7CDD,0x7CDD,0x7CDD,0x84FD,0x7CFD,0x84FD,0x7CFD,0x7CDC,0x7CFC,0x7CFD,0x7CDE,0x7CDE,0x84FD,0x8D7E,
    0x9E1E,0x9E1D,0x9E1E,0x9E3E,0x9E1E,0x9E3E,0x9E1E,0x9E3E,0x9E1E,0x9E1E,0x9E1D,0x961E,0x9E1D,0x9E1E,0x9E1E,0x961E,
    0x9E1D,0x961E,0x9E1D,0x9E1E,0x961D,0x9DFD,0x961E,0x95FD,0x95FD,0x95FE,0x9E1D,0x95FE,0x9E1D,0x95FE,0x95FD,0x9DFE,
    0x95FD,0x95FE,0x95FE,0x95FE,0x95FE,0x95FE,0x95DD,0x95DD,0x95DE,0x95DD,0x95DD,0x95FE,0x95DD,0x95DE,0x95FD,0x95DE,
    0x95DD,0x95DE,0x95DD,0x95DE,0x95DD,0x8DDE,0x95DD,0x95BD,0x95DD,0x95BE,0x8DBD,0x95BE,0x8DBE,0x95BD,0x8DBE,0x95BD,
    0x8D9E,0x8DBE,0x8D9E,0x8D9E,0x8D9D,0x8D9E,0x8D9D,0x8D9E,0x8D9D,0x8D9E,0x8D9D,0x8D7E,0x859D,0x8D7E,0x8D7D,0x8D7E,
    0x857D,0x8D7E,0x8D7D,0x857D,0x8D7E,0x855D,0x8D7E,0x855E,0x8D5D,0x855D,0x8D5E,0x8D5D,0x855E,0x8D5D,0x855E,0x855D,
    0x855E,0x855D,0x855E,0x855E,0x855D,0x7D5E,0x853E,0x855E,0x855D,0x853E,0x7D5E,0x853D,0x7D3D,0x853E,0x7D5D,0x853E,
    0x7D3D,0x853E,0x7D3D,0x853D,0x7D3E,0x7D3D,0x853E,0x7D1D,0x7D3D,0x7D1D,0x7D1E,0x7D1D,0x7D3E,0x7D3D,0x7D3E,0x851D,
    0x7D1E,0x7D3D,0x853E,0x7D1D,0x7D1E,0x7D1D,0x7D1D,0x7D1E,0x7CFD,0x751D,0x7CFD,0x751D,0x7CFE,0x7D1D,0x7CFD,0x74FE,
    0x7CFD,0x7CFD,0x74FD,0x74FD,0x7CFD,0x74FD,0x7CFD,0x74FD,0x7CFD,0x74FD,0x74FD,0x74FD,0x74FD,0x74FD,0x74FD,0x74FD,
    0x74FD,0x74FD,0x74FD,0x74FD,0x74FD,0x74FD,0x74FD,0x74FD,0x74FD,0x74FE,0x74FD,0x74FD,0x74FD,0x74DE,0x6CDD,0x74DE,
    0x74DD,0x74DE,0x74DD,0x74DD,0x74DC,0x7CDD,0x7CFD,0x7CFD,0x7CFC,0x74DD,0x74DD,0x74DD,0x74DD,0x74BE,0x74DE,0x74BE,
    0x74BE,0x6CDE,0x74DD,0x74DE,0x74DD,0x74DD,0x7CDC,0x84FC,0x84FD,0x8D3D,0x8D3D,0x957D,0x957E,0xA59D,0xA5BD,0xB5FE,
    0xADFD,0xB61E,0xB63D,0xBE1D,0xBE3D,0xBE5E,0xBE5E,0xC67E,0xC69F,0xCE9E,0xC69E,0xCE9E,0xCE9F,0xCEBF,0xBE7E,0xA59B,
    0x9D7D,0x9D7C,0x9D7C,0x9DBD,0x9D9E,0x8D3D,0x851D,0x74FC,0x84FD,0x851E,0x853D,0x8D5E,0x8D7D,0x957D,0x959D,0x959E,
    0x957D,0x957D,0x959D,0x959D,0x8D9D,0x957D,0x959D,0x959D,0x9DBE,0x9DBE,0xA5DF,0xA5DE,0xA5DD,0xADFE,0xAE1E,0xAE1D,
    0xAE1E,0xB63E,0xAE1D,0xAE1D,0xB61D,0xAE1E,0xADFE,0xA5DD,0xADFE,0xB63D,0xBE7E,0xBE7D,0xC69D,0xC67D,0xC69D,0xCEBD,
    0xCEDE,0xD6DE,0xCEBD,0xCE7E,0xC67D,0xC67D,0xC65C,0xD6FE,0xD6FE,0xD6FE,0xC6DE,0xC69D,0xBE9E,0xBE5D,0xAE3D,0xADFD,
    0xA5DE,0x9DBD,0x957D,0x955D,0x8D3D,0x8D3D,0x8D5D,0x957E,0x957D,0x8D5C,0x8D5C,0x8D7D,0x959C,0xB63D,0xBEBF,0xA61D,
    0x957D,0x8D3D,0x851D,0x851D,0x851D,0x851D,0x8D5E,0x8D5E,0x8D5D,0x853C,0x8D5D,0x855E,0x8D1E,0x84FD,0x8D1C,0x9DDE,
    0x9E3E,0x9E3D,0x9E3E,0x9E3D,0x9E3D,0x9E3D,0x9E1D,0x9E3D,0x9E3D,0x9E3D,0x9E1E,0x9E1D,0x9E3E,0x961D,0x9E1D,0x9E1E,
    0x9E1D,0x9E1E,0x961E,0x9E1D,0x9E1E,0x9E1E,0x9E1D,0x9DFE,0x961D,0x9DFD,0x961E,0x95FE,0x9DFE,0x95FD,0x9DFE,0x95FD,
    0x95FE,0x9DFE,0x95FD,0x9DFE,0x9DFE,0x95FE,0x95FD,0x95FE,0x95FD,0x95FD,0x95FE,0x95DD,0x95FD,0x95DE,0x95DD,0x95DE,
    0x95DD,0x95DE,0x95DE,0x95DD,0x95DE,0x95DD,0x95DE,0x8DDE,0x95BD,0x95DE,0x8DBD,0x95DE,0x8DBD,0x95DE,0x95BD,0x8DDE,
    0x95BD,0x8D9E,0x95BD,0x8DBD,0x8D9E,0x8DBD,0x8D9E,0x95BD,0x8D9E,0x8D9D,0x8D9D,0x8D9D,0x8D9D,0x8D7E,0x8D9E,0x8D7D,
    0x8D9E,0x8D9D,0x8D7E,0x8D7E,0x8D7D,0x8D7E,0x857D,0x8D7E,0x857D,0x8D7E,0x857D,0x8D7E,0x857D,0x855D,0x8D5D,0x855E,
    0x855D,0x857E,0x855D,0x855E,0x855D,0x855D,0x855D,0x855E,0x855D,0x855D,0x855D,0x7D5E,0x855D,0x855D,0x855D,0x855D,
    0x7D3D,0x855D,0x7D3D,0x853E,0x853D,0x7D3E,0x853D,0x7D3D,0x853D,0x7D3E,0x853D,0x7D1E,0x7D3D,0x851E,0x7D1D,0x7D3E,
    0x7D1D,0x7D3E,0x7D3E,0x7D1D,0x7D3E,0x7D3D,0x7D1E,0x7D1D,0x7D1D,0x7D1E,0x7D1D,0x851E,0x7D1D,0x7CFD,0x7CFD,0x7CFD,
    0x7CFD,0x7D1D,0x7CFD,0x7CFD,0x7CFE,0x7CFD,0x7CDE,0x7CFD,0x7CFE,0x7CFD,0x7CFE,0x74FD,0x7CFE,0x74FD,0x7CDD,0x74FD,
    0x74FD,0x74FD,0x74FD,0x74FD,0x74FD,0x74FD,0x74FD,0x74FD,0x74FD,0x74FD,0x74FD,0x74DD,0x74FD,0x74DD,0x74DD,0x74DE,
    0x74DD,0x74DD,0x74DE,0x74FC,0x74DD,0x74FD,0x751D,0x74FD,0x751D,0x7CFE,0x74DE,0x74DD,0x74DE,0x74DD,0x74DD,0x74DD,
    0x74DD,0x74DE,0x74DD,0x74DE,0x74DD,0x74DE,0x74DD,0x74DD,0x7CDD,0x74DD,0x74DC,0x7CFD,0x7D1D,0x851D,0x8D3D,0x8D3C,
    0x955D,0x9D9E,0x9D7D,0x9D9D,0xADDE,0xADFE,0xB61E,0xADFD,0xADFD,0xADFD,0xBE3E,0xBE3E,0xBE5E,0xC67E,0xCE9E,0xCEBF,
    0xC6BF,0xBE9E,0xBE9D,0xCEFF,0xBE9E,0xADDD,0x8D5C,0x851C,0x7D1D,0x7CFD,0x851D,0x7D3D,0x853D,0x8D5C,0x8D5D,0x8D5D,
    0x8D7D,0x8D7D,0x8D7D,0x957D,0x957D,0x957D,0x957D,0x959D,0x959E,0x959E,0x959D,0x9D9E,0x9DBD,0x9DDD,0xA5DD,0xA5FD,
    0xA5DD,0xA5DD,0xADFE,0xA5FE,0xADFE,0xAE1E,0xAE1E,0xA5FE,0xA5DD,0xAE1D,0xB63D,0xBE7E,0xC69E,0xC6BE,0xCEBE,0xCEDD,
    0xD6FD,0xD6FE,0xD6FE,0xD6DE,0xCE9E,0xC69C,0xCEBD,0xD6FD,0xD6FD,0xD71D,0xD6FD,0xCEDE,0xCEDE,0xBE9E,0xB67E,0xAE1D,
    0xADFD,0xA5DD,0xA59D,0x9D9C,0x957C,0x955D,0x957D,0x9DBD,0xA5DD,0xA5FE,0xA5FE,0xADFE,0xA5DD,0xA5FC,0xB65D,0xB65E,
    0xA5FD,0x9DBD,0x957D,0x957E,0x955E,0x957D,0x9DBE,0x9DDE,0xA5DD,0x9DDE,0x95BD,0x9D9E,0x959D,0x9D9D,0xB65E,0xBE9F,
    0x9E3D,0x9E3E,0x9E3D,0x9E3E,0x9E3E,0x9E3E,0x9E3D,0x9E3E,0x9E1D,0x9E3E,0x9E3D,0x9E3D,0x9E1E,0x9E1D,0x961E,0x9E1D,
    0x9E1E,0x9E1D,0x9E1E,0x9E1E,0x9E1D,0x961E,0x9E1D,0x961E,0x9E1D,0x9E1E,0x9E1E,0x9E1E,0x961E,0x9DFD,0x961E,0x95FE,
    0x9DFE,0x95FE,0x9DFE,0x95FE,0x95FD,0x9DFE,0x95FE,0x9DFD,0x95FE,0x9DFD,0x95FD,0x95FE,0x95FD,0x95DE,0x95FD,0x95DE,
    0x95FD,0x95DE,0x95FD,0x95DE,0x95FD,0x95DE,0x95DD,0x95DD,0x95DE,0x95DD,0x95DE,0x95DD,0x95DE,0x95BD,0x8DDE,0x95BD,
    0x95BE,0x95BE,0x8DBE,0x95BE,0x95BD,0x8DBE,0x95BD,0x8DBE,0x95BD,0x8DBE,0x8D9E,0x8DBD,0x8D9E,0x8D9D,0x8D9E,0x8D9D,
    0x8D9E,0x8D9D,0x8D9E,0x8D9D,0x857E,0x8D9E,0x8D7E,0x8D7E,0x857D,0x8D5E,0x857D,0x8D7E,0x8D7E,0x857D,0x8D7E,0x857D,
    0x8D7E,0x857D,0x857E,0x857D,0x855E,0x857E,0x857D,0x857D,0x855E,0x857E,0x855D,0x855D,0x855D,0x855E,0x855D,0x855D,
    0x855D,0x855D,0x855D,0x7D3D,0x855E,0x855D,0x7D3E,0x853D,0x7D3E,0x853D,0x7D3E,0x7D3E,0x853E,0x7D1D,0x7D3E,0x7D1D,
    0x7D3E,0x851D,0x7D3E,0x853E,0x7D3D,0x851E,0x7D1D,0x851E,0x7D1D,0x851D,0x7D1E,0x7D1D,0x851E,0x7D1D,0x7D1E,0x7CFD,
    0x7D1D,0x7CFE,0x7D1D,0x7CFD,0x7CFD,0x7CFD,0x7CFD,0x7CFD,0x7CFD,0x7CFD,0x7D1D,0x7CFE,0x7D1D,0x74FD,0x7CFD,0x74FD,
    0x74FD,0x751D,0x74FD,0x74FD,0x751D,0x74FD,0x74FD,0x74FD,0x74FD,0x74FD,0x74FD,0x74FD,0x74FD,0x7CFD,0x7CFD,0x7CDD,
    0x7CFD,0x7CFD,0x74DD,0x74FD,0x74FD,0x74FD,0x74FD,0x74DD,0x74DD,0x74FD,0x7CFE,0x74FD,0x74DD,0x74FD,0x74DE,0x74FD,
    0x74DE,0x74DD,0x74BD,0x74DD,0x7CFD,0x74DD,0x74DD,0x7CDE,0x74DD,0x74DE,0x7CDD,0x74FD,0x7CFD,0x7CFC,0x7D1D,0x7D1D,
    0x7CFD,0x853D,0x851D,0x853D,0x8D5E,0x8D5D,0x8D3E,0x8D5D,0x8D1D,0x853D,0x853D,0x8D3C,0x957D,0x9D9D,0xB61F,0xADFE,
    0xA5DE,0xAE1E,0xAE3D,0xB65D,0xBE7D,0xB65E,0xA5FE,0x8D7D,0x853C,0x851D,0x853D,0x853D,0x853D,0x853C,0x8D5D,0x8D5D,
    0x957E,0x959E,0x8D7E,0x957D,0x959E,0x959E,0x8D7E,0x957E,0x8D7D,0x959E,0x959D,0x95BE,0x9D9D,0x9DDD,0xB63E,0xADFE,
    0x9DDD,0x9DDD,0x9DBD,0x9DDD,0x9DDD,0x9DDE,0xA5DD,0xA5BE,0xA5FE,0xADDD,0xADFD,0xAE3D,0xBE5D,0xBE9D,0xCEBD,0xCEDD,
    0xCEFD,0xD6DD,0xD6FE,0xD6FE,0xD6FE,0xD6FE,0xD6FD,0xD6FE,0xD6FD,0xD6FD,0xD6DD,0xCEDD,0xCEBD,0xC69D,0xBE9D,0xBE9E,
    0xBE9E,0xBE5D,0xB65D,0xB63E,0xAE1D,0xADFD,0xADFD,0xB63E,0xB65E,0xB67E,0xB65E,0xAE1E,0xA5DE,0xA59E,0xA5BD,0xAE1E,
    0xAE1D,0xAE1E,0xADFD,0x9D7E,0x953D,0x957D,0xA59D,0xA5DE,0xAE1E,0xA5FE,0x9DDD,0xA5FD,0xB67E,0xC6DE,0xD73F,0xD71E,
    0xA63E,0x9E3E,0xA63E,0x9E3D,0xA63E,0x9E3D,0x9E1E,0x9E3E,0x9E3E,0x9E1E,0x9E3E,0x9E1E,0x9E3E,0x9E1D,0x9E1E,0x9E1E,
    0x9E1D,0x9E1E,0x9E1D,0x961E,0x9E1E,0x9E1E,0x9DFE,0x9DFE,0x9E1E,0x9DFE,0x9E1E,0x9E1E,0x9DFE,0x9E1E,0x9DFD,0x9E1E,
    0x95FD,0x9DFD,0x95FE,0x9DFD,0x9DFE,0x95FD,0x9DFE,0x9DDD,0x9DFE,0x95DE,0x9DFD,0x9DDE,0x9DFE,0x95FD,0x95FE,0x95FE,
    0x95FE,0x95FD,0x95FE,0x95DD,0x95DE,0x95DD,0x95DE,0x95FD,0x95DE,0x95DD,0x95DE,0x95DE,0x95DE,0x95DE,0x95DE,0x95DE,
    0x95BE,0x95BE,0x95BE,0x8DBD,0x959E,0x95BE,0x8DBD,0x8DBE,0x8DBE,0x95BD,0x8DBE,0x8DBD,0x95BE,0x8D9E,0x8D9D,0x8D9E,
    0x8D9E,0x8D9E,0x8D9D,0x8D9E,0x8D9D,0x8D9D,0x8D9E,0x8D9D,0x8D7D,0x8D9D,0x8D7E,0x857D,0x8D9D,0x8D7E,0x857D,0x8D7D,
    0x857D,0x857E,0x857D,0x857E,0x857D,0x857E,0x857D,0x857E,0x857D,0x857D,0x855D,0x855E,0x855D,0x857D,0x855D,0x8D5E,
    0x855D,0x853E,0x853E,0x853E,0x853D,0x853E,0x853E,0x853E,0x853D,0x7D3D,0x851E,0x851D,0x7D3E,0x7D1E,0x851D,0x851E,
    0x7D1D,0x7D1E,0x851D,0x7D1E,0x7D1D,0x851E,0x7D1D,0x851D,0x7D1D,0x851D,0x7D1D,0x851D,0x7D1D,0x7D1D,0x851D,0x7D1D,
    0x7D1D,0x851D,0x7D1D,0x7D1D,0x7D1D,0x7D1D,0x7D1D,0x7D1D,0x7D1D,0x7D1D,0x7CFD,0x74FD,0x7CFD,0x7CFD,0x74FD,0x7D1D,
    0x7CFD,0x751D,0x7CFD,0x751D,0x7CFD,0x74FD,0x7D1D,0x7CFE,0x74DD,0x7CFD,0x7CFD,0x74DD,0x7CFD,0x74FD,0x74FD,0x74FD,
    0x74FD,0x74FD,0x74DD,0x74FD,0x7CFD,0x7CFD,0x7CFD,0x7CFE,0x7CDE,0x74DD,0x7CFD,0x74FD,0x74FD,0x74DD,0x74DD,0x74DD,
    0x74FD,0x74FD,0x74FD,0x74FD,0x74FD,0x74FC,0x74FD,0x74DE,0x74FD,0x74FD,0x74FE,0x74DD,0x74FD,0x74FD,0x74FD,0x7CFD,
    0x74FD,0x7CFD,0x7CFD,0x7CFD,0x74FD,0x7CFD,0x7D1D,0x7CFE,0x74FD,0x7CFD,0x853D,0x851D,0x851D,0x8D3D,0x8D7E,0x8D3D,
    0x853D,0x8D3D,0x8D5D,0x957D,0xA5BE,0xADFE,0xA5FE,0xA5DD,0x9DDE,0x9D9E,0x8D3D,0x8D3E,0x8D1D,0x853D,0x8D5D,0x8D5E,
    0x8D5D,0x8D7E,0x957E,0x957E,0x959E,0x95BE,0x959E,0x959D,0x959E,0x957E,0x8D7E,0x957D,0x957D,0x9DBD,0xAE3E,0xAE5F,
    0xA5FE,0x957D,0x959D,0x957E,0x955D,0x957E,0x957E,0x95BD,0x9DBE,0x95BD,0x9DBD,0x9DDE,0x9DDD,0xADFD,0xAE3E,0xBE7E,
    0xC69E,0xCEBE,0xCEBE,0xCEDE,0xCEFD,0xD6FE,0xD6DE,0xD6DE,0xD6DE,0xD6DE,0xD6DE,0xCEBD,0xCEBD,0xC69E,0xBE9D,0xC69E,
    0xC69E,0xBE9E,0xBE7E,0xBE7E,0xAE3D,0xAE3D,0xB63E,0xAE1E,0xA5FD,0xA5DD,0x95BD,0x957D,0x957E,0x8D3D,0x955D,0x9D9E,
    0x9DDE,0xADFE,0xA61E,0x959E,0x8D5C,0x8D7D,0x959D,0x959D,0x95BE,0x9DBE,0x9DBD,0xA5FD,0xC6BE,0xD71E,0xCEFE,0xCEDE,
    0xA65E,0xA63E,0xA65E,0x9E3D,0xA63E,0x9E3E,0xA63E,0xA63E,0x9E3E,0xA63E,0x9E1D,0x9E3E,0xA61E,0x9E1E,0x9E1D,0x9E1E,
    0x9E1E,0x9E1E,0x9E1D,0x9DFE,0x9DFE,0x9DFE,0x9E1D,0x9DFE,0x9E1E,0x9DFD,0x9E1E,0x9DFE,0x9E1D,0x9E1E,0x9DFE,0x9E1E,
    0x9DFE,0x9DFE,0x9DFD,0x95FE,0x9DFE,0x9DFD,0x9DFE,0x9DDE,0x9DDD,0x9DDE,0x9DDE,0x9DDE,0x9DFE,0x95FE,0x9DFE,0x95FD,
    0x9DFE,0x95FE,0x95FE,0x9DDD,0x95FE,0x9DFD,0x9DDE,0x95FD,0x9DDE,0x95FE,0x95DE,0x9DDE,0x95DE,0x95DD,0x95DE,0x95DD,
    0x95BE,0x95DE,0x95BE,0x95BE,0x95BE,0x95BE,0x95BE,0x95BE,0x8DBE,0x95BD,0x8D9E,0x95BE,0x8D9D,0x8DBE,0x8DBE,0x8DBD,
    0x8D9E,0x8DBD,0x8DBE,0x8D9E,0x8D9E,0x8D9D,0x8D9E,0x8D9E,0x8D9E,0x8D7E,0x8D9E,0x8D7E,0x8D7E,0x8D7E,0x8D7E,0x8D9E,
    0x8D7E,0x8D7E,0x8D7E,0x857E,0x8D5E,0x855E,0x855E,0x857E,0x855E,0x855E,0x855E,0x857D,0x855D,0x857D,0x859D,0x857D,
    0x855D,0x855D,0x855D,0x855D,0x853D,0x853D,0x853D,0x853D,0x853D,0x855E,0x853E,0x853E,0x853E,0x851D,0x7D1E,0x853E,
    0x7D1E,0x853D,0x7D1E,0x851E,0x853E,0x7D1D,0x853E,0x7D1D,0x7D3D,0x851D,0x7D1D,0x7D1D,0x7D1D,0x851D,0x7D1D,0x851D,
    0x7D3D,0x851D,0x7D1D,0x851D,0x7D1D,0x851E,0x7D1D,0x851D,0x7D1E,0x7D1D,0x7D1E,0x7D1D,0x7D1E,0x7D1D,0x7CFE,0x74FD,
    0x7CFD,0x751D,0x74FE,0x751D,0x7D1D,0x74FE,0x7CFD,0x7CFE,0x7CFE,0x7CDE,0x7CFE,0x7CDE,0x74FE,0x74FD,0x74FE,0x74FE,
    0x74FD,0x74FE,0x74FD,0x74FD,0x74FD,0x74FD,0x74FD,0x74FD,0x74FD,0x7CFE,0x74DD,0x7CFE,0x7CDE,0x74FE,0x7CFE,0x74FD,
    0x7CFE,0x74FD,0x74DD,0x74FE,0x7CDD,0x7CDE,0x74FE,0x74FD,0x74FE,0x74FD,0x74FD,0x74FE,0x74FD,0x74DD,0x7CFD,0x74DC,
    0x7CFD,0x74DD,0x74FD,0x74DD,0x7CFD,0x74FD,0x74DD,0x7CFD,0x74FD,0x7CFD,0x7CFD,0x7CFD,0x7CFD,0x7D1D,0x7D1D,0x851D,
    0x7D1E,0x853D,0x853D,0x8D1D,0x8D3D,0x9D7D,0x9DBD,0xA5DD,0xA5FE,0x9DBE,0x9D9D,0x959E,0x957E,0x8D5D,0x8D3D,0x8D5D,
    0x8D3D,0x8D5D,0x8D5D,0x855D,0x8D5D,0x8D5D,0x8D7E,0x8D5D,0x8D5D,0x8D7E,0x855E,0x8D7E,0x8D5D,0x8D5C,0x8D5C,0xA5DE,
    0x9DFE,0x9DBE,0x8D7D,0x8D3D,0x8D3E,0x8D3E,0x8D5D,0x8D5D,0x8D5D,0x8D7D,0x8D7D,0x8D7D,0x957D,0x957C,0x9D9D,0xA5DC,
    0xAE1D,0xBE3E,0xC67E,0xC6BD,0xCEBD,0xCEBE,0xCEDE,0xCEDE,0xD6DE,0xD6DE,0xD6DE,0xCEBE,0xC69D,0xBE7E,0xC67D,0xBE7E,
    0xBE5D,0xBE5E,0xB65E,0xB63D,0xADFD,0xAE1D,0xA5DD,0x9DBD,0x9D9D,0x8D5D,0x855D,0x855E,0x855E,0x853D,0x851D,0x8D5D,
    0x8D3D,0x855D,0x8D3D,0x851D,0x7D1D,0x7D1C,0x7CFD,0x853D,0x853D,0x855D,0x9D9E,0x9DDD,0xAE3D,0xBE7E,0xBE5D,0xB63D,
    0xA65E,0x9E5D,0xA63E,0xA63E,0x9E3D,0xA63E,0x9E3D,0xA63E,0x9E3E,0xA63E,0x9E3E,0xA63D,0x9E3E,0x9E3D,0x9E1E,0x9E3D,
    0x9E1E,0x9E3D,0x9E1E,0x9E3E,0x9E1D,0x9E1E,0x9E1E,0x9E1E,0x9E1E,0x9E1E,0x9E1D,0x9E1E,0x9DFE,0x9E1E,0x9E1E,0x9E1E,
    0x9E1D,0x95FE,0x9E1E,0x9E1D,0x9E1E,0x9DFE,0x9DFD,0x9DFE,0x9DFE,0x9DFE,0x9DFD,0x9DFE,0x9DFD,0x95FE,0x9DFD,0x95FE,
    0x9DFE,0x9DFE,0x95FE,0x9DFE,0x95DD,0x9DFE,0x95FE,0x9DFE,0x95FD,0x9DFE,0x9DDE,0x95FE,0x9DDE,0x95DE,0x9DDE,0x95DE,
    0x95DE,0x95DE,0x95DE,0x95DE,0x95BD,0x95DE,0x95BD,0x95DE,0x95BE,0x95BE,0x8DBD,0x95BE,0x95BE,0x8D9D,0x959E,0x8DBE,
    0x959D,0x8DBE,0x959E,0x8D9D,0x8D9D,0x8D9E,0x8DBD,0x8D9E,0x8D9D,0x8D9D,0x8D9D,0x8D7D,0x8D9E,0x8D9D,0x959D,0x8D7E,
    0x8D7E,0x8D7E,0x8D9D,0x8D7D,0x8D7D,0x8D7D,0x8D7D,0x8D5E,0x8D7D,0x8D7D,0x8D7D,0x8D7D,0x857D,0x8D7E,0x855D,0x8D5E,
    0x855D,0x855E,0x855D,0x855D,0x855D,0x857D,0x855D,0x855D,0x855E,0x853D,0x853E,0x853D,0x853E,0x7D3E,0x853D,0x853D,
    0x853E,0x853D,0x853E,0x7D3D,0x853E,0x853D,0x7D1D,0x851D,0x7D1D,0x851D,0x7D3D,0x851D,0x853D,0x7D1D,0x853D,0x7D3D,
    0x851D,0x7D3D,0x853D,0x7D1E,0x7D1D,0x7D1E,0x7D1D,0x7D1E,0x7D1D,0x7D1E,0x7D1D,0x7CFD,0x7D1E,0x7D1D,0x7D1D,0x7D1D,
    0x7D1E,0x74FD,0x7D1D,0x74FD,0x7CFD,0x7D1E,0x7CFD,0x7CFE,0x7CFD,0x7CFD,0x7CFD,0x7D1D,0x7CFE,0x74FD,0x7CFD,0x74FD,
    0x7CFD,0x74FD,0x7CFE,0x7CFE,0x74DE,0x74FD,0x74FE,0x74FD,0x751D,0x751D,0x74FD,0x74FD,0x74FD,0x7CFE,0x74FD,0x751D,
    0x7CFD,0x7CFD,0x74DD,0x7CFE,0x7CFE,0x74FE,0x7CFD,0x7CFD,0x74FD,0x7CFE,0x74FD,0x7CFD,0x74FD,0x7CFD,0x74DD,0x74FD,
    0x7CFD,0x74FD,0x7CFD,0x7CFD,0x74FD,0x7CFD,0x74DC,0x74DD,0x7CFD,0x74FD,0x74DD,0x74FD,0x74FD,0x74FD,0x74DD,0x74FD,
    0x7CFE,0x751D,0x7D1D,0x851D,0x853D,0x8D7E,0x957D,0x959D,0x959D,0x8D7D,0x959E,0x959E,0x959E,0x8D5D,0x853D,0x855D,
    0x8D7D,0x8D7E,0x8D7D,0x8D7E,0x8D5E,0x851D,0x853D,0x853E,0x853D,0x853E,0x7D3D,0x853D,0x7D3D,0x851D,0x853D,0x855D,
    0x8D5D,0x855D,0x855D,0x853E,0x855E,0x853E,0x853E,0x853E,0x8D5E,0x8D5E,0x8D5E,0x8D7D,0x8D7E,0x957D,0x957D,0x957D,
    0xA5BD,0xA5FD,0xADFE,0xBE5E,0xBE7E,0xBE7E,0xC69E,0xCEBD,0xC6BE,0xCEBD,0xC6BD,0xC69D,0xC67E,0xBE7E,0xBE3E,0xB61D,
    0xAE1C,0xADDD,0xAE1E,0xBE7E,0xAE3D,0x9DBC,0x9D9D,0x959E,0x8D7D,0x8D5D,0x855E,0x853E,0x855E,0x853D,0x853D,0x7D1E,
    0x7CFE,0x7CFE,0x74DE,0x7CFD,0x7D1D,0x853E,0x853E,0x855E,0x853E,0x7D3D,0x855D,0x851D,0x851C,0x959D,0x9DDD,0xA5FD,
    0xA65E,0xA65E,0xA65D,0xA65E,0xA65D,0xA65E,0xA65E,0x9E3E,0xA65E,0xA63D,0xA63E,0x9E3E,0xA63E,0x9E3D,0xA63E,0xA63E,
    0x9E3D,0xA61E,0x9E3D,0x9E1E,0x9E3E,0x9E1E,0x9E3E,0x9E1D,0x9E1E,0x9E1E,0x9E1E,0x9E1D,0x9E1E,0x9E1D,0x9E1D,0x9E1E,
    0x9E1D,0x9E1E,0x9E1D,0x9DFE,0x9E1D,0x9E1D,0x9DFE,0x9DFE,0x9DFD,0x9DFE,0x9DFE,0x9DFE,0x9DFE,0x9DFD,0x9DFE,0x9DFD,
    0x95FD,0x9DFD,0x9DFD,0x95FE,0x9DFD,0x95FD,0x9DDD,0x95FD,0x9DFE,0x95FD,0x9DFE,0x95DE,0x9DFE,0x95FD,0x9DDE,0x95FD,
    0x9DDE,0x95DE,0x95DD,0x95DE,0x95DE,0x95DD,0x95DE,0x95BD,0x95DD,0x95DE,0x95BD,0x95BD,0x95BE,0x95BE,0x95BE,0x95BE,
    0x95BE,0x959D,0x95BE,0x8D9D,0x959E,0x959D,0x959E,0x959D,0x8D9D,0x8D9D,0x8D9E,0x8DBD,0x8DBD,0x8D9D,0x8D9D,0x8DBD,
    0x8D9D,0x8D9D,0x859D,0x859D,0x8D9D,0x859C,0x8D9D,0x8D7D,0x8D9D,0x8D9E,0x857D,0x857E,0x8D7D,0x8D5D,0x8D5D,0x8D7E,
    0x8D7E,0x855D,0x8D7E,0x855E,0x855E,0x855E,0x855D,0x855D,0x855D,0x855E,0x853E,0x855E,0x853D,0x853D,0x853E,0x7D3D,
    0x853E,0x7D3D,0x853D,0x853D,0x853D,0x7D3E,0x853D,0x853D,0x7D3D,0x851E,0x7D3D,0x851D,0x7D1D,0x853D,0x7D1D,0x851D,
    0x7D1D,0x851D,0x7D1D,0x7D3E,0x7D3D,0x7D3E,0x7D3E,0x7D1D,0x7D3D,0x7D1D,0x7D1E,0x7D1D,0x7D1D,0x7D1D,0x851E,0x7D1D,
    0x7D1D,0x7D1D,0x7D1D,0x7D1E,0x7D1D,0x7CFE,0x7CFD,0x7CFD,0x7CFE,0x7CFD,0x7CFE,0x7CFD,0x7CFD,0x7CFD,0x7CFD,0x74FD,
    0x7CFE,0x7CFD,0x74FD,0x7CFE,0x7CFE,0x7CFE,0x7CFD,0x74FE,0x74FD,0x74FE,0x74DD,0x7CDD,0x7CFD,0x7CDC,0x74FD,0x7CFE,
    0x7CFE,0x7CFE,0x7CFD,0x74FD,0x751D,0x74FD,0x74FD,0x7CFD,0x74FD,0x7CFD,0x7CFD,0x7CFD,0x7CFE,0x74FD,0x7CFD,0x74FD,
    0x7CDD,0x74FD,0x74FD,0x7CFD,0x74FD,0x7CFD,0x74FD,0x74FD,0x7CDD,0x74FD,0x74FD,0x74FE,0x74DD,0x74FE,0x7CFE,0x74FD,
    0x74FE,0x74DD,0x74FE,0x74FD,0x7D1D,0x7CFE,0x7CFD,0x7D1D,0x851D,0x853D,0x853D,0x7D1C,0x851D,0x7D3D,0x7D1D,0x853D,
    0x853E,0x853D,0x855E,0x853E,0x853E,0x7D3E,0x851E,0x7D1D,0x851E,0x7D1D,0x7D1D,0x7D1D,0x7D1D,0x751D,0x7D1D,0x7D1E,
    0x7D1D,0x7D1D,0x7D1D,0x7D1E,0x7D1D,0x7D1E,0x7D1E,0x7D1E,0x7D1E,0x7D1D,0x853E,0x855E,0x855E,0x8D5E,0x8D5E,0x955E,
    0x9DBF,0x9DBE,0x9D9E,0xA5BE,0xADFE,0xAE1E,0xB61D,0xB65D,0xC67E,0xC6BE,0xBE9D,0xBE7D,0xB63D,0xB61D,0xB63E,0xB65E,
    0xB61D,0xA5BD,0xA5BE,0xB65E,0xB67F,0x9DBD,0x957E,0x8D7D,0x8D5D,0x853D,0x851E,0x853D,0x7D1E,0x7D3D,0x7D3E,0x7D1E,
    0x7D3E,0x7D1E,0x7D1E,0x7D1D,0x853D,0x855D,0x855D,0x855D,0x855E,0x8D7E,0x853D,0x7D3D,0x7CFD,0x7D1D,0x959E,0x9E1F,
    0xA65D,0xA65E,0xA65E,0x9E5D,0xA65E,0x9E5D,0xA65E,0xA65D,0xA65E,0x9E5E,0xA63D,0x9E5E,0xA63D,0xA65E,0x9E3E,0xA63D,
    0x9E3E,0xA63D,0x9E3E,0xA63D,0xA63E,0xA63E,0x9E1D,0xA63E,0x9E3D,0x9E1E,0x9E3D,0x9E1E,0x9E3E,0x9E1D,0x9E1E,0x9E1D,
    0x9E1E,0x9E1D,0x9E1D,0x9E1D,0x9E1E,0x95FD,0x9E1D,0x9DFE,0x9DFD,0xA5FE,0x9DFD,0x9DFD,0x9DFE,0x9DFD,0x9DFD,0x9DFD,
    0x9DFE,0x9DFD,0x9DFE,0x9DFD,0x9E1D,0x9DFE,0x95FD,0x9DFD,0x95FD,0x9DFD,0x95DE,0x9DFD,0x95FE,0x9DDD,0x95FE,0x9DFE,
    0x95DD,0x95DE,0x9DDE,0x95DE,0x9DDE,0x95DE,0x95DE,0x95DE,0x95DD,0x95BE,0x95DD,0x95DE,0x95BD,0x95BD,0x95BD,0x95BD,
    0x959E,0x95BD,0x95BE,0x95BD,0x959D,0x8DBD,0x959D,0x95BD,0x95BE,0x959E,0x8D9E,0x8DBE,0x8D9E,0x8D9E,0x8DBE,0x8D9E,
    0x8D9E,0x8D9D,0x8D9E,0x8D7D,0x8D7E,0x8D9E,0x8D9E,0x8D9E,0x859E,0x8D7E,0x8D5D,0x8D7E,0x8D5E,0x8D7E,0x8D7E,0x857E,
    0x855D,0x855D,0x853D,0x853D,0x8D3D,0x8D5E,0x855E,0x853E,0x855D,0x855D,0x853D,0x855D,0x855E,0x853D,0x853D,0x855E,
    0x853D,0x853D,0x853E,0x7D3D,0x853D,0x851D,0x7D3E,0x853D,0x853E,0x853D,0x7D1D,0x853D,0x7D1D,0x853D,0x7D1E,0x853D,
    0x7D3D,0x851E,0x7D3D,0x851D,0x7D1D,0x851D,0x7D1D,0x853D,0x7D1D,0x851D,0x851D,0x851D,0x851D,0x851D,0x851D,0x853E,
    0x851D,0x7D3E,0x7D1D,0x7D1D,0x7D1E,0x7D1D,0x7D1E,0x7D1D,0x7D1D,0x7CFD,0x7CFD,0x7CFD,0x7CFD,0x7CFD,0x7D1E,0x7CFD,
    0x7CFD,0x7D1D,0x7CFD,0x7D1D,0x7CFE,0x7CFD,0x7CFD,0x7CDD,0x84FD,0x7CFD,0x851D,0x8D3C,0xB65F,0x9D9D,0x851C,0x7CDC,
    0x7CDD,0x7CDD,0x74FE,0x7CFD,0x751D,0x751D,0x74FD,0x7CFD,0x7CFD,0x74FD,0x7CFD,0x74FD,0x7D1D,0x7CFD,0x74FD,0x7CFD,
    0x74FD,0x7CFD,0x7CFD,0x74FD,0x7CFD,0x7CFD,0x7CFD,0x7CFD,0x74FD,0x7CFD,0x74FE,0x74FD,0x74FD,0x74FD,0x74FE,0x74FD,
    0x74FD,0x74DD,0x74FD,0x74FD,0x74DE,0x74FD,0x7CFE,0x7CFE,0x74FD,0x74FD,0x7CDD,0x74FD,0x74DD,0x7CFD,0x74FE,0x7CFD,
    0x751E,0x7CFE,0x751E,0x7CFD,0x7D1D,0x7D1E,0x7D1D,0x7D1D,0x751D,0x7CFE,0x7D1D,0x74FD,0x7D1E,0x751E,0x751E,0x751E,
    0x74FD,0x751D,0x74FD,0x7D1D,0x751D,0x7CFD,0x74FE,0x7CFE,0x7CFD,0x7D1E,0x7D1D,0x7D1E,0x7D1D,0x851E,0x853E,0x853E,
    0x855D,0x855E,0x855D,0x8D7E,0x957E,0x9DDE,0x9DBD,0x9DFD,0xAE3E,0xB65E,0xB65E,0xAE3D,0xADFD,0xAE1D,0xB61E,0xBE7F,
    0xB65E,0xA5BD,0x9D9D,0xA5DD,0xA5FD,0x9DBE,0x959D,0x8D7E,0x8D7E,0x8D5D,0x853D,0x853D,0x853D,0x7D1E,0x853D,0x7D3D,
    0x851D,0x7D3E,0x853D,0x853D,0x853E,0x853D,0x853E,0x853D,0x853D,0x853D,0x855D,0x851D,0x853E,0x853E,0x853D,0x8D5D,
    0xA67E,0xA67D,0xA67E,0xA65D,0xA65E,0xA65D,0xA65E,0xA65E,0xA65E,0xA65E,0xA65E,0xA65E,0x9E5E,0xA65D,0xA65E,0xA65E,
    0x9E5D,0xA63E,0xA65D,0x9E3E,0xA63E,0x9E3D,0xA63E,0x9E3E,0x9E3D,0xA63E,0x9E3D,0xA63D,0x9E3E,0x9E1D,0x9E3D,0x9E1D,
    0x9E3D,0x9E1E,0x9E3D,0x9E1D,0x9E1D,0x9E1D,0x9E1E,0xA61E,0x9E1E,0xA61D,0x9E1E,0xA61E,0x9E1D,0x9DFE,0x9DFD,0x9DFE,
    0x9DFD,0x9DFE,0x9DFD,0x9E1E,0x9E1D,0x9E1E,0x9DFD,0x9DFE,0x9DFD,0x9E1E,0x9DFD,0x95FE,0x9DFD,0x9DFE,0x9DFD,0x95FE,
    0x9DFE,0x95FD,0x9DDE,0x95FD,0x95FE,0x9DDD,0x9DDD,0x9DDE,0x9DDD,0x9DDE,0x9DBD,0x95BE,0x9DDD,0x95BE,0x95BE,0x9DDE,
    0x95BE,0x95BD,0x95BE,0x959D,0x95BE,0x95BD,0x959E,0x959D,0x8D9D,0x95BD,0x9DDE,0x959D,0x959D,0x957D,0x8D7D,0x959C,
    0x959C,0x959B,0x959C,0x9DBD,0x957D,0x955E,0x8D7E,0x8D7E,0x8D7E,0x8D5D,0x9D9D,0xA5BD,0x955C,0x855D,0x8D5D,0x957D,
    0xA5DD,0xB61D,0xBE5D,0xAE1D,0x9D9C,0x8D3D,0x8D3E,0x855D,0x857D,0x855C,0x8D7E,0x855D,0x855D,0x855E,0x855D,0x855D,
    0x855D,0x855D,0x855D,0x853D,0x855D,0x853D,0x853D,0x853E,0x853D,0x853E,0x853D,0x7D3E,0x853D,0x853E,0x853D,0x7D1D,
    0x853D,0x853D,0x853D,0x853D,0x853D,0x8D3D,0x855D,0x8D5E,0x851D,0x851D,0x7D1D,0x851D,0x7D1D,0x851E,0x853D,0x853D,
    0x8D5E,0x8D5D,0x853E,0x851D,0x851D,0x7D1E,0x84FD,0x7D1E,0x851D,0x7D1E,0x7D1D,0x7CFE,0x7CFD,0x7D1D,0x7D1D,0x7CFD,
    0x7D1D,0x7CFD,0x7D1E,0x74FE,0x7CFD,0x7CFC,0x8D5D,0x9DBD,0x9D9C,0xAE1D,0xB67D,0xCEFE,0xD71F,0xD6FE,0xC6BE,0xA61D,
    0x9DBD,0x955D,0x8D5D,0x851C,0x7CDD,0x7D1D,0x7CFD,0x7CFD,0x7CFD,0x7CFD,0x7D1E,0x7CFD,0x7CFD,0x74FD,0x7CFD,0x7CFD,
    0x74FD,0x7CFD,0x74FD,0x7CFD,0x7CFD,0x74FD,0x7CFD,0x74FD,0x7D1D,0x74FD,0x74FD,0x7CFD,0x74FE,0x74FD,0x74FD,0x74FD,
    0x7CFD,0x7CFD,0x74FE,0x7CFD,0x74FD,0x74FD,0x74FD,0x74FD,0x74FE,0x74FD,0x74FE,0x74FE,0x751D,0x74FD,0x74FD,0x74FD,
    0x751D,0x74FD,0x751D,0x74FD,0x751D,0x74FD,0x751D,0x74FD,0x751D,0x7D1D,0x7CFE,0x7CFE,0x7D1D,0x7CFE,0x751D,0x7D1D,
    0x7D1E,0x7D1D,0x7CFD,0x751D,0x7D1D,0x751D,0x7D1D,0x751E,0x751E,0x74FD,0x751D,0x7D1D,0x751E,0x7D1D,0x7D1D,0x7D1D,
    0x7D1D,0x7D1D,0x7D1D,0x7D1D,0x7D1D,0x853E,0x855E,0x8D5D,0x8D7D,0x9DDD,0xA5FD,0xAE1E,0xAE1D,0xAE1D,0xAE1D,0xB61D,
    0xA5DE,0xA5BD,0x9D9E,0x9D9D,0x9DBD,0x9D9E,0x959D,0x95BD,0x959D,0x95BE,0x9DBE,0x959E,0x959E,0x959E,0x957E,0x957D,
    0x8D7D,0x959D,0x959D,0x959E,0x957D,0x959E,0x957D,0x959E,0x957D,0x959D,0x8D7D,0x957D,0x8D7E,0x957E,0x8D5D,0x8D7E,
    0xA67E,0xAE5D,0xA67E,0xAE5D,0xA67E,0xAE5D,0xA67E,0xA65D,0xA65E,0xA65D,0xA65D,0xA63D,0xA65E,0xA63E,0xA65D,0xA63E,
    0xA65D,0xA63E,0xA63E,0xA65D,0xA63E,0xA65E,0xA63D,0xA63E,0xA63D,0xA63E,0xA61E,0xA63E,0xA63D,0xA61E,0xA63E,0xA61E,
    0x9E3D,0xA63E,0xA61E,0x9E1D,0x9E1E,0x9E1D,0xA61D,0x9E1E,0xA61D,0x9E1E,0xA5FD,0x9E1D,0xA61D,0x9E1E,0x9E1E,0x9E1D,
    0x9E1E,0x9E1D,0x9E1D,0x9DFD,0x9E1E,0x9DFD,0x961E,0x9E1D,0x9DFD,0x95FE,0x9DFD,0x9DFE,0x961D,0x9DFE,0x95FD,0x9DFE,
    0x9DFE,0x95FE,0x9DFE,0x9DFE,0x9DDE,0x95FE,0x9DFE,0x9DDD,0x95DE,0x9DDD,0x95DD,0x9DDD,0x9DDE,0x9DDE,0x9DDE,0x9DDD,
    0x95DD,0x9DDD,0x9DFE,0x9DFD,0xA5DE,0x9DBD,0x95BC,0x9DDD,0xA61D,0xB65E,0xBEDE,0xCF1E,0xC6FE,0xBE9D,0xBE5C,0xCEFF,
    0xDF5E,0xCF1E,0xDF5F,0xDF5F,0xBE7E,0xADBB,0xA5DD,0xA61E,0xAE1C,0xC69D,0xE77F,0xE77F,0xDF1E,0xBE7D,0xCEDE,0xDF3E,
    0xF79F,0xF7BF,0xFFBE,0xEFDF,0xD71E,0x9DBB,0x9D9D,0x8D7D,0x855C,0x8D7E,0x855D,0x8D5E,0x8D5E,0x855D,0x855D,0x855D,
    0x8D3E,0x853D,0x8D5E,0x853D,0x853D,0x855D,0x853E,0x855E,0x853E,0x853E,0x851D,0x853E,0x853D,0x853D,0x853D,0x853E,
    0x853D,0x853E,0x853D,0x851E,0x8D3E,0x8D5D,0x9DBE,0x9DBE,0x9DDE,0x9DBE,0x959E,0x957D,0x957E,0x8D5D,0x957E,0x957D,
    0x957D,0x957E,0x8D5D,0x853E,0x851D,0x851D,0x7D1D,0x851D,0x7D1E,0x7D1D,0x7D1D,0x853C,0x8D5D,0x851D,0x853D,0x7CFD,
    0x851D,0x7D1D,0x851C,0x851D,0x8D7E,0x8D3C,0x8D1B,0xC69E,0xD73F,0xCEDD,0xB63D,0xBE3C,0xC69E,0xC69C,0xC6BD,0xCEDE,
    0xCEDE,0xBE5C,0xC6DE,0xC6BF,0x9D9C,0x8D1B,0x8D3D,0x851C,0x851D,0x853C,0x851D,0x8D5E,0x851D,0x7CFE,0x7D1D,0x84FD,
    0x851D,0x853C,0x851C,0x7CFC,0x7D1D,0x7D1D,0x7D1E,0x7CFE,0x7D1E,0x7CFD,0x7CFD,0x7CFD,0x7CFD,0x7CFD,0x7CFE,0x7CFD,
    0x7CFD,0x7CFD,0x7CFD,0x74FD,0x7CFD,0x751D,0x74FE,0x7D1D,0x74FD,0x7CFD,0x74FD,0x7CFD,0x7D1E,0x751D,0x7D1D,0x751D,
    0x74FD,0x7D1D,0x74FD,0x7D1D,0x74FD,0x7D1D,0x7CFD,0x7D1E,0x7CFD,0x7CFD,0x7CFE,0x7CFD,0x7CFD,0x7D1D,0x7D1D,0x751D,
    0x7D1D,0x7D1D,0x7D1D,0x7D1E,0x7D1D,0x7D1D,0x7D1D,0x7CFE,0x7D1E,0x7D1D,0x7D1D,0x753D,0x7D1E,0x7D1D,0x7D1E,0x7D3E,
    0x7D1E,0x7D3E,0x7D1D,0x74FE,0x7D1E,0x751D,0x7D1D,0x751D,0x7D1C,0x7D3D,0x8D5C,0x959D,0x9DBD,0xADDD,0xAE1E,0xADDC,
    0x9DBD,0xA5BD,0x9D9D,0x957D,0x8D7D,0x957D,0x959D,0x95BE,0x9DBD,0x95BD,0x9D9D,0x9DBD,0x9DBD,0x9DBD,0x9DDD,0x9DDD,
    0xA5FE,0x9DDD,0x9DDD,0x9DDE,0x9DDD,0x9DDD,0x9DBD,0x9DBD,0x959D,0x9D9D,0x9DBE,0x9DBD,0x9DBE,0x9DBE,0x9DDE,0x9DDE,
    0xAE5D,0xAE7E,0xAE5D,0xAE5E,0xAE7D,0xAE5E,0xAE5D,0xAE5E,0xAE5D,0xAE5E,0xA65E,0xAE5D,0xA63E,0xAE5E,0xA63E,0xAE5E,
    0xA63E,0xA63E,0xA63D,0xA63E,0xAE3E,0xA63E,0xA63E,0xA63E,0xA63E,0xA63E,0xA63D,0xA61E,0xA63E,0xA61D,0xA61E,0xA61D,
    0xA61E,0xA63D,0xA61E,0x9E3D,0xA61D,0xA61E,0x9E1E,0xA61E,0x9E1D,0xA61E,0x9E1D,0x9E1D,0x9E1D,0x9DFE,0x9E1E,0x9E1D,
    0x9E1D,0x9E1E,0x9E1D,0x9DFE,0x9DFE,0x9DFE,0x9DFD,0x9DFE,0x9DFE,0x9DFD,0x9DFE,0x95FD,0x9DFE,0x9DFD,0x9DFE,0x9DFD,
    0x9DFD,0x9DDD,0x9DFD,0x9DDD,0x9DFD,0x9DDD,0x9DDE,0x95FE,0x9DDD,0x9DFE,0x95DE,0x9DDD,0x95DE,0x9DDE,0x9DDE,0x9DDE,
    0x9DDD,0x9DFD,0xA61E,0xAE1E,0xAE3E,0xB63E,0xB65D,0xB67E,0xC6DF,0xC6FE,0xD75E,0xE77F,0xE79F,0xEF9E,0xEF9E,0xF7BE,
    0xF7BE,0xF7BD,0xF79E,0xF7BE,0xF79F,0xEF7F,0xE75E,0xEF9F,0xEF9E,0xF7BE,0xF7BF,0xFF9E,0xFFBF,0xF79E,0xF7BE,0xF7DE,
    0xEF9D,0xF79D,0xEF9D,0xF7BD,0xEFBF,0xDF1E,0xCF1E,0xC6DF,0x9DDD,0x8D5C,0x955D,0x8D5D,0x853D,0x8D5E,0x8D5E,0x8D3E,
    0x855D,0x855D,0x853D,0x8D5D,0x855E,0x8D5D,0x855D,0x855D,0x855E,0x855D,0x855E,0x8D5D,0x853E,0x853D,0x7D5D,0x7D5D,
    0x853C,0x8D5D,0x957D,0x953D,0x8D3D,0x9D7C,0xA5FD,0xA5DC,0xADFC,0xA5DC,0xADFD,0xADFE,0xA5FE,0xA5DE,0x9DBD,0x9DBE,
    0x9DBD,0x9D9D,0x8D7D,0x8D3D,0x853D,0x853E,0x853D,0x851D,0x7D1E,0x7D3D,0x853D,0x8D5C,0x9DDE,0x9DBE,0x8D5D,0x8D3D,
    0x8D7D,0x9D9E,0x955D,0x9D9C,0xB65E,0xBE9F,0xBE1E,0xCEBE,0xEF7E,0xD71E,0xADFD,0xA5BC,0xAE1D,0xCEDD,0xD71E,0xDF3E,
    0xDF1E,0xD6FD,0xD6FD,0xD71E,0xCEDE,0xC69E,0xCEDF,0xAE1C,0xC6BE,0xC6DF,0xADFD,0x953C,0x955D,0x8D5D,0x955D,0xADBD,
    0xBE7D,0xD6FF,0xCF1E,0xC6BD,0xBE7E,0x9D9D,0x84FC,0x7CFD,0x851E,0x7CFD,0x7CFE,0x7D1D,0x7D1D,0x7CFD,0x7CFD,0x7D1D,
    0x7CDC,0x7CFD,0x7CFD,0x7D1E,0x751D,0x751D,0x7D1D,0x74FE,0x7D1D,0x751D,0x74FD,0x74FD,0x7CFD,0x751D,0x7CFD,0x7CFD,
    0x7CFD,0x74FC,0x7CFD,0x751D,0x751D,0x7CFE,0x7CFD,0x7CFD,0x7CFD,0x7CFD,0x7CFD,0x7CFD,0x7CFE,0x7CFE,0x7CFE,0x84FD,
    0x7D1E,0x7D1D,0x7D3D,0x7D1D,0x7D1D,0x7D3D,0x7D1D,0x7CFD,0x7D1D,0x7D1D,0x7D3D,0x753D,0x7D3D,0x7D1E,0x7D3D,0x753E,
    0x751D,0x751D,0x7D1D,0x751D,0x751E,0x7CFE,0x751D,0x7D1D,0x751D,0x7D1D,0x7D1E,0x851E,0x853D,0x8D5D,0x959D,0x957D,
    0x9D9E,0x95BE,0x957D,0x8D5D,0x8D5D,0x8D5D,0x8D7D,0x959D,0x95BE,0x9DBD,0x9DBE,0x9DDD,0x9DDD,0x9DBD,0x9DDD,0x9DDD,
    0xA5DD,0xA5DD,0xA5DE,0xA5DD,0xA5FC,0xA5DD,0xA5FE,0xA5DD,0x9DBD,0x9DBD,0x9DDE,0x9DDE,0xA5DD,0x9DDD,0xA5FE,0xA61E,
    0xAE7E,0xAE5D,0xAE7E,0xAE5D,0xAE5D,0xAE7E,0xAE5D,0xAE5E,0xAE7E,0xAE5E,0xAE5D,0xA65E,0xAE5D,0xAE5E,0xAE5E,0xA65E,
    0xAE3D,0xAE3E,0xAE5E,0xA63E,0xAE5D,0xA63E,0xAE5D,0xAE3E,0xAE5D,0xA63E,0xAE3E,0xA63E,0xA63E,0xA63E,0xA63E,0xA63E,
    0xA63D,0xA63E,0xA63E,0xA63D,0x9E3E,0xA61D,0xA63E,0xA61E,0xA63E,0xA61E,0xA61E,0xA61E,0xA61E,0xA61E,0xA61D,0xA61E,
    0xA61E,0xA5FE,0xA61E,0xA61E,0xA5FD,0xA61D,0xA5FE,0xA5FD,0xA61D,0xA5FE,0x9DFE,0xA5FE,0x9DFE,0x9DFE,0x9DFE,0x9DFE,
    0x9DFE,0xA5FD,0x9DFE,0x9DFD,0x9DFD,0x9DFD,0x9DFE,0x9DFE,0x9DDE,0x95FE,0x9DDE,0x95FE,0x9DDD,0x95DE,0x9DFD,0x95FD,
    0x9DFD,0x95FD,0x95DC,0x9DBD,0x9DBE,0x9DDD,0xA5FE,0x9DFD,0xA61D,0xAE3D,0xBE5D,0xC6BE,0xD6FF,0xDF3F,0xDF3E,0xDF1E,
    0xDF3D,0xE75E,0xE77E,0xE77E,0xEF7D,0xE79E,0xEF7E,0xE77E,0xEF7D,0xEF7D,0xF79E,0xF77E,0xF77E,0xEF9E,0xE77D,0xEF9E,
    0xF7BE,0xEFBE,0xEFBF,0xEF7E,0xDF3D,0xDF1E,0xCEBD,0xC6DE,0xBE5D,0xA5BD,0xA5FF,0xA5FE,0x959C,0x957C,0x8D5D,0x8D5E,
    0x8D5E,0x8D7E,0x8D5D,0x8D5D,0x853D,0x8D3D,0x855E,0x855D,0x855C,0x855C,0x853D,0x853E,0x853E,0x853D,0x855E,0x8D5D,
    0x8D5C,0xA5DD,0xBE7E,0xBE7E,0xC69E,0xCF1F,0xCF1E,0xCEDE,0xCEDD,0xC6BE,0xB61D,0xA5DC,0xA59C,0xA5DD,0xA5DD,0xADDD,
    0xA5DE,0xA5DD,0x959E,0x957D,0x8D5D,0x8D5D,0x853D,0x851D,0x853D,0x851D,0x851E,0x851D,0x8D3D,0x955D,0x8D5D,0x8D5E,
    0x8D5E,0x8D7E,0x957D,0xAE5E,0xBEBC,0xC6DD,0xCEDF,0xCEDE,0xDF3E,0xCEBD,0xAE1C,0xAE1D,0xB65C,0xDF5F,0xEF9E,0xEF5E,
    0xE77E,0xE77E,0xDF5E,0xDF3E,0xD6DD,0xCEDE,0xD71E,0xD6FD,0xD71E,0xD71E,0xCEDE,0xB63D,0xADDC,0xA5DD,0xB63D,0xCE9E,
    0xD6FE,0xD71D,0xDF3C,0xE79D,0xEFBF,0xBEBE,0x8D1B,0x7D1D,0x7CFD,0x7CFD,0x7D1D,0x851E,0x851D,0x8D5E,0x851C,0x84FC,
    0x959C,0x853C,0x7CFD,0x7D1E,0x751E,0x753D,0x751D,0x7D1D,0x7D1D,0x7D1D,0x7D1C,0x751D,0x7D1C,0x7CFD,0x7D1D,0x7D1D,
    0x7CFC,0x7CFD,0x7CFD,0x7CFD,0x7D1D,0x7D1D,0x7D1D,0x7D1D,0x7D1E,0x7D1D,0x7D1D,0x7D1E,0x7CFD,0x7D1E,0x7D1E,0x7D1E,
    0x7D1E,0x7D1E,0x851E,0x7D3E,0x7D3D,0x851E,0x7D1D,0x7D1D,0x7D1E,0x7D1D,0x7D3D,0x7D3D,0x7D1C,0x7CFE,0x7D1D,0x751D,
    0x753D,0x753D,0x751D,0x751D,0x7D1D,0x753D,0x753D,0x751C,0x753C,0x7D1D,0x751E,0x7D1E,0x751E,0x7D1E,0x7D1D,0x7D3E,
    0x853D,0x8D5E,0x8D5D,0x8D5D,0x8D5E,0x8D5D,0x8D7D,0x957D,0x959D,0x959E,0x9DDE,0xA5BE,0xA5DE,0xA5DE,0xA5DE,0xA5DE,
    0xA5BD,0xA5DE,0xA5FD,0xA5FD,0xA5FD,0xA5FD,0xADFD,0xA5FE,0xA5DE,0xA5DE,0xADFE,0xADFE,0xA61E,0xADFD,0xA5FD,0xAE1E,
    0xAE7E,0xAE7E,0xAE7D,0xAE7E,0xAE5D,0xAE7E,0xAE7E,0xAE7E,0xAE5E,0xAE5E,0xA65D,0xAE5E,0xAE5E,0xAE5D,0xAE5E,0xAE5D,
    0xA65E,0xAE5D,0xAE5D,0xAE5E,0xA65D,0xAE5E,0xAE5D,0xA65E,0xAE5D,0xA63E,0xAE3E,0xA63D,0xAE3E,0xA63D,0xAE3E,0xA63D,
    0xA63E,0xA63E,0xA63D,0xA61E,0xA63D,0xA63D,0xA63D,0xA63D,0xA61D,0xA61D,0x9E1D,0xA61D,0x9E1D,0xA63D,0x9E1E,0xA61E,
    0x9E1E,0xA61E,0x9E1E,0xA61D,0x9DFD,0xA5FD,0x9DFD,0xA61D,0x9DFD,0x9DFD,0xA5FD,0x9DFD,0x9DFD,0xA5FD,0x9DFD,0x9DFD,
    0x9DFD,0x9E1E,0x9DFD,0x9DFD,0x9DFE,0x95FD,0x9DFD,0x9DDD,0x9DFD,0x9DFD,0x9DFD,0x9DDD,0x9DFD,0x9DFE,0x95FE,0x9DDE,
    0x95FE,0x9DFD,0x9DDE,0x9DFE,0x9DDE,0x9DBE,0x9DDD,0x9DDE,0x9DBD,0x9DDD,0x9DBE,0x9DDE,0x9DFD,0xAE1E,0xA61D,0xAE1D,
    0xAE1D,0xAE3E,0xB67D,0xAE5E,0xB67D,0xB65D,0xB65D,0xCEBE,0xCEFE,0xDF5F,0xE77E,0xE77E,0xE75E,0xE75F,0xE73E,0xE75E,
    0xEF5E,0xE75E,0xE73D,0xD71D,0xCEDE,0xC69E,0xBE9D,0xC67D,0xBE7D,0xADFD,0xA5DD,0xAE5D,0xBEBF,0xA61D,0x9DDD,0x959D,
    0x955D,0x8D5D,0x955D,0x957D,0x957D,0x959C,0x9D9C,0x9D9C,0xAE3D,0xBEBE,0xADFC,0xADBD,0xA5BD,0x8D7C,0x959D,0x959E,
    0x959D,0xA5DD,0xBE7E,0xD6FE,0xCEFE,0xD71E,0xD71D,0xDEFD,0xD6FD,0xD71E,0xCF1E,0xC67D,0xBE5F,0xB63E,0xB61E,0xAE1D,
    0xADFE,0x9DBD,0x9D9D,0x959D,0x959D,0x957C,0x959D,0x955C,0x8D5C,0x8D3D,0x851C,0x851E,0x851D,0x8D3D,0x853C,0x853D,
    0x853C,0x853D,0x955D,0xB65E,0xC6BE,0xB63C,0xADBD,0xBE5D,0xDF3F,0xC67D,0xC69D,0xB65D,0xBE7D,0xC69D,0xD6FD,0xE73E,
    0xE73D,0xEF7D,0xEF9E,0xEFBF,0xE75E,0xD6FE,0xD6BE,0xCE9E,0xD6DE,0xC69D,0xC67C,0xD71F,0xCEDF,0xCEBE,0xCE9E,0xCE9D,
    0xDF1E,0xEF7E,0xE73D,0xE75E,0xDEFD,0xC6BD,0xADFD,0x9DDD,0x95BD,0x95BE,0x8D5C,0x8D3C,0x957C,0xC6BF,0xBE5D,0xADFC,
    0xD71E,0xCF1E,0xB65E,0x84FB,0x7CFD,0x7D1E,0x7D1E,0x753C,0x7D1D,0x751D,0x7D1E,0x7CFD,0x7D1D,0x7D1E,0x851D,0x7CFD,
    0x7D1D,0x7D1D,0x7D1E,0x7D1D,0x7D1E,0x7D1D,0x7D1D,0x7CFE,0x7CFD,0x7D1E,0x84FE,0x84FE,0x7CFD,0x853D,0x851D,0x851D,
    0x7D5E,0x7D3E,0x851D,0x84FB,0x851C,0x8D1C,0x7D1D,0x7D1D,0x7D3D,0x7D3D,0x7D1D,0x7D1D,0x7D1E,0x7CFD,0x7D1D,0x7D1D,
    0x7D3D,0x751D,0x751D,0x753E,0x7D1D,0x751D,0x7D3D,0x751D,0x7D1D,0x751E,0x7D1E,0x7CFD,0x7CFE,0x7CFD,0x7D1D,0x7D1E,
    0x851D,0x855E,0x853D,0x8D5E,0x8D5D,0x955E,0x957D,0x957E,0x959E,0x9D9D,0x9D9E,0x9DBD,0x9DBD,0xA5DD,0xA5DD,0xA5FD,
    0xA5FD,0xA5FD,0xA61E,0xADFD,0xADFD,0xAE1E,0xA5FD,0xADFE,0xAE1E,0xAE1D,0xADFE,0xAE1D,0xB61E,0xB63E,0xB63E,0xB63E,
    0xAE7D,0xAE5E,0xAE7D,0xAE5E,0xAE7D,0xAE5E,0xAE5D,0xAE5E,0xA67D,0xAE5E,0xAE7E,0xAE5E,0xAE7E,0xA65D,0xAE5E,0xA65D,
    0xAE5E,0xA65E,0xAE5D,0xA65E,0xAE5D,0xAE5E,0xA63D,0xAE5D,0xA65E,0xAE5D,0xA63E,0xAE5E,0xA63E,0xAE3D,0xA63E,0xAE3E,
    0xAE3D,0xA63D,0xAE3E,0xA63D,0xA63D,0xA61D,0xA61D,0xA61D,0xA63D,0xA61D,0xA63D,0xA61D,0xA61D,0xA63E,0x9E3E,0xA61E,
    0x9E3E,0xA65E,0xA63E,0xA63E,0xA61F,0xA61E,0xA63F,0xA63F,0xA63F,0xAE3F,0xA63F,0xA61F,0xA61E,0xA63F,0xAE3F,0xA61F,
    0xA61E,0xA63E,0xA61E,0x9E1E,0xA63E,0xA61E,0xA61E,0xA5FE,0xA5FD,0xA61E,0xA5FD,0xA5FE,0x9DFD,0x9DFC,0x9DDB,0x9DDC,
    0x9DDC,0x95BB,0x9DDC,0x9DBB,0x9DBC,0x9DBB,0x9DBB,0x9DBB,0x9DBB,0x95BA,0x95BA,0x95BA,0x95BA,0x95BB,0x959B,0x95BB,
    0x959C,0x95BC,0x9DDD,0x9DBD,0x9DDE,0x9DDE,0x9DBD,0x9DDE,0xAE1E,0xAE3E,0xB65F,0xAE3F,0xAE1E,0xB61D,0xBE3E,0xBE7E,
    0xC6BE,0xC6BE,0xC69D,0xBEBD,0xBE9D,0xBE9E,0xC6BE,0xB67D,0xAE3C,0xA5DD,0x9D7D,0x9D9D,0xA61D,0xA61D,0x959D,0x957D,
    0x9D7E,0x9D7E,0xA5DE,0xBE7F,0xB67F,0xB65E,0xBE5E,0xCEDF,0xD73F,0xE75E,0xE77F,0xE77F,0xDF5F,0xBEBE,0xA5DC,0x959D,
    0x957D,0x8D7C,0x9DBD,0xBE9E,0xCEDD,0xC69E,0xC69E,0xCEBE,0xCEDE,0xCEDE,0xC6DD,0xC6BE,0xB65D,0xB61D,0xB65D,0xADFE,
    0xA5BD,0x9D9D,0x9D9D,0x9D9D,0x9DBD,0xA5BC,0xA5DD,0xA61D,0xAE1D,0xA61F,0x9DBD,0x853D,0x853D,0x8D5D,0x8D3D,0x7D3D,
    0x851D,0x851D,0x8D5D,0xA5FE,0xBE5D,0xAE1C,0xB61E,0xC65E,0xD6FE,0xC65C,0xD6DE,0xDF1F,0xB63C,0xB5FC,0xBE7D,0xD6FE,
    0xE73E,0xE75D,0xEF7E,0xEF9E,0xE77E,0xDF1E,0xD6DE,0xCEDE,0xCEDE,0xBE7C,0xB63C,0xBE5E,0xC69E,0xBE5D,0xBE5D,0xC69E,
    0xD6DE,0xDF3F,0xDF1D,0xDEFD,0xD6DD,0xCEDE,0xBE5D,0xB65C,0xB63D,0xC69E,0xC69F,0xBE3D,0xBE5D,0xD71D,0xE77F,0xE73E,
    0xD6FD,0xE75E,0xDF5E,0xB65D,0xAE3E,0x8D1D,0x7CFC,0x7D1C,0x7CFD,0x7D1E,0x7D1E,0x7D1E,0x7D1E,0x7CFD,0x7D1D,0x7D1D,
    0x7D1C,0x7CFD,0x7D1E,0x7CFD,0x7D1D,0x7CFD,0x7CFE,0x7CFD,0x84FC,0x7CFC,0x7CFD,0x7CFE,0x851E,0x7D1D,0x7CFD,0x7D1E,
    0x853F,0x7CFD,0x8D1C,0xB63C,0xDF3E,0xD6FE,0xA5BC,0x8D7D,0x84FC,0x851E,0x7CFE,0x7D1E,0x7D1D,0x853E,0x7D3D,0x7D3C,
    0x7D3D,0x7D3D,0x7D3E,0x7D3E,0x7D3D,0x7D1D,0x7D1E,0x7D3E,0x7D1E,0x853D,0x851E,0x7D1E,0x853D,0x7D3E,0x853D,0x855E,
    0x7D3D,0x853D,0x8D5D,0x8D7D,0x957D,0x957D,0x957D,0x959D,0x959E,0x9DBD,0x9DBD,0x9DBD,0xA5BD,0x9DDD,0xA5FD,0xAE1E,
    0xA5FE,0xA5DE,0xA5FD,0xA5FE,0xADFD,0xADFD,0xAE3D,0xB63D,0xAE3D,0xB63E,0xAE1E,0xB61E,0xAE1D,0xB61D,0xB63E,0xB65D,
    0xAE7E,0xB67E,0xAE7E,0xAE7D,0xAE7E,0xAE7D,0xAE7E,0xAE7E,0xAE7E,0xAE5E,0xAE7E,0xAE7E,0xAE5D,0xAE5E,0xAE5D,0xAE7E,
    0xAE5D,0xAE5D,0xAE5E,0xAE5D,0xAE5E,0xAE7D,0xAE5E,0xAE5D,0xAE5D,0xAE5D,0xAE5E,0xA65D,0xAE5E,0xAE5D,0xA65E,0xAE5D,
    0xAE5E,0xAE5E,0xAE5D,0xAE3E,0xAE3E,0xAE3E,0xAE3E,0xAE5F,0xAE3E,0xAE5E,0xAE5E,0xAE5D,0xA63D,0xAE3D,0xA61C,0xA61C,
    0xA5FA,0x9DFA,0x9DD9,0x95D8,0x9DD6,0x9597,0x9596,0x9596,0x8D75,0x9595,0x8D74,0x8D53,0x8D53,0x8513,0x7D12,0x84F1,
    0x7CF1,0x7CF0,0x74D0,0x74AF,0x74AF,0x6C8F,0x748E,0x6C6D,0x6C4D,0x6C4C,0x642C,0x642C,0x640B,0x63E9,0x5BEA,0x5BEA,
    0x5BC9,0x53AA,0x53A9,0x538A,0x5389,0x5369,0x538A,0x5369,0x536A,0x5389,0x5389,0x5369,0x5349,0x5369,0x536A,0x536A,
    0x538A,0x538A,0x5BAB,0x53AB,0x5B8C,0x5BCD,0x640F,0x6C50,0x6C72,0x7493,0x7CB4,0x84F7,0x8519,0x8D3A,0x955B,0x957B,
    0x9DBD,0xA5DD,0xA5DD,0xA5FC,0xA63D,0xAE3E,0xA63F,0xA5FE,0x959E,0x959F,0x9D9F,0x959E,0x957E,0x959D,0x8D7E,0x8D7D,
    0x955D,0x9D9D,0x9DBE,0xA5DD,0x9DDD,0x9DDD,0xA5DE,0xADDD,0xAE1D,0xB63D,0xBE9E,0xC6BE,0xBE7E,0xADFE,0xA5DD,0x9DDE,
    0x959E,0x959E,0x957D,0x9DBC,0xA5DD,0xA5DD,0x9D9C,0xA5BC,0xAE1D,0xB61D,0xAE1D,0xB63D,0xB63D,0xC69D,0xAE1D,0xA5BD,
    0x957C,0x957D,0x9D9C,0x9DBD,0xA5BD,0x9DDD,0xA5BC,0xA5BC,0xA5BC,0xADFD,0xA5FE,0x8D5D,0x853D,0x8D5D,0x853D,0x853E,
    0x7D3D,0x853D,0x959E,0xA59D,0xBE7D,0xC69D,0xC69E,0xC69D,0xC69D,0xD6DE,0xDF1E,0xD6FE,0xCEBD,0xB61C,0xB61C,0xCE9D,
    0xE73E,0xE75E,0xE73E,0xDF5E,0xDF1E,0xD6FE,0xD71D,0xD71E,0xC69C,0xCEDD,0xC6BE,0xBE3D,0xAE1E,0x9D9D,0x955C,0x957D,
    0xA5DD,0xB61C,0xC69D,0xCEBD,0xCE9D,0xC69D,0xBE7D,0xB63D,0xB5DC,0xB61D,0xBE5D,0xC67D,0xCE9D,0xCE9C,0xD6FD,0xEF9E,
    0xE73E,0xE73E,0xE77F,0xE77F,0xD73F,0xC67E,0x959C,0x8D5C,0x84FD,0x84FE,0x84FE,0x851D,0x851D,0x851D,0x8D5D,0x8D7C,
    0x959D,0x8D5D,0x851C,0x7D1D,0x7D1E,0x851D,0x8D1D,0xA5DD,0xBE9F,0xB67E,0x9DFE,0x8D5D,0x84FC,0x853B,0x8D5C,0x851D,
    0x8D1C,0xA5BC,0xD6FE,0xFFBF,0xF7BF,0xF7FE,0xDF7F,0xCF1F,0x9D9C,0x84DC,0x851E,0x853D,0x7D3D,0x7D3E,0x7D1D,0x851B,
    0x8D5C,0x853C,0x851C,0x7D1B,0x7D1C,0x851D,0x851E,0x851E,0x7D1C,0x7D1D,0x7D3D,0x853D,0x7D1D,0x851C,0x855D,0x853C,
    0x957C,0x9D9D,0x9DBE,0x9DBD,0x9DBE,0x9DBD,0x9DBE,0x9DBE,0xA5DD,0x9DBE,0xA5DE,0xA5DE,0xADFE,0xA61D,0xA5FD,0xA5FD,
    0xADDC,0xB63E,0xB5FD,0xADFC,0xA5FC,0xADDC,0xAE1D,0xAE1D,0xB63D,0xAE1E,0xADFE,0xADFD,0xADFE,0xADFD,0xAE1D,0xB63E,
    0xAE7E,0xAE9D,0xB67E,0xAE7E,0xAE5E,0xAE7E,0xAE7E,0xAE5E,0xAE7E,0xB67E,0xAE7E,0xAE7E,0xAE7E,0xAE7D,0xAE7E,0xAE5D,
    0xAE7E,0xAE7E,0xAE7D,0xAE7E,0xAE7D,0xAE5D,0xA65D,0xAE5D,0xA65D,0xAE5E,0xA65D,0xAE5E,0xAE5E,0xAE7E,0xAE7E,0xAE7F,
    0xB67E,0xAE7E,0xB67D,0xAE7D,0xAE3C,0xA63B,0xA61B,0x9DF9,0x9DD7,0x8DB4,0x8D71,0x7D4F,0x7D2D,0x850D,0x7CEC,0x74CA,
    0x74A9,0x74A9,0x6C87,0x6C87,0x6C67,0x6C66,0x6446,0x6405,0x6425,0x5BE5,0x63E5,0x5BE5,0x5BE5,0x5BC4,0x5BC4,0x5BC5,
    0x5BC4,0x63C4,0x5BC4,0x5BC4,0x63E4,0x5BC4,0x5BE4,0x5BC4,0x5BE4,0x5BE5,0x5BE4,0x5BC4,0x5BE5,0x5BE5,0x63E4,0x5BE5,
    0x5BA4,0x5384,0x5364,0x5364,0x4B44,0x4B24,0x4B24,0x4B24,0x4B24,0x4B25,0x4B04,0x4B05,0x4B04,0x4B04,0x4B24,0x4304,
    0x4B24,0x42E3,0x4304,0x4B04,0x4304,0x42E4,0x42E4,0x42E3,0x42E4,0x42E4,0x3AE5,0x42E6,0x42E7,0x42C6,0x4308,0x4B09,
    0x534A,0x5BAC,0x63AE,0x63EE,0x63F0,0x63F1,0x6C32,0x7495,0x7CF7,0x8519,0x8D39,0x8D5A,0x8D5B,0x8D9B,0x959D,0x95BD,
    0x95BD,0x95BD,0x959D,0x959E,0x959E,0x959E,0x959E,0x8D9F,0x857E,0x8D5D,0x855D,0x8D7D,0x8D7D,0x8D3D,0x8D5D,0x8D7D,
    0x8D7D,0x957D,0x955C,0x8D7D,0x8D5D,0x8D5D,0x959E,0x959D,0x9DBD,0x9D9D,0x9D9D,0x9D9B,0xAE3D,0xB65E,0x9DBD,0x957D,
    0x957D,0x9D9C,0x9D9D,0xA5BD,0xA5FD,0xA5FD,0xA5DD,0xA5DD,0xADDD,0xA5BC,0x957D,0x8D5D,0x853D,0x8D5D,0x853D,0x855E,
    0x853D,0x855D,0x8D5D,0x9D9D,0xBE7D,0xC69D,0xBE5D,0xC69D,0xBE9C,0xCEDE,0xD6DD,0xC67B,0xCEFE,0xD6DE,0xCE9D,0xD6DD,
    0xDF1F,0xDF1E,0xD6DD,0xD6DD,0xD6FD,0xCEDD,0xCEDD,0xCEDD,0xCEBC,0xCEDD,0xC6BE,0xBE3D,0xAE1D,0x9DBD,0x8D5C,0x853C,
    0x8D3C,0x9DBC,0xBE9F,0xD6FE,0xD71E,0xC6DD,0xCEDD,0xCEFE,0xC6BE,0xBDFD,0xADBC,0xBE3D,0xC69E,0xC69E,0xBE7D,0xCEFE,
    0xE75E,0xD6FD,0xD6FD,0xD71E,0xCEDE,0xBE7D,0xB65D,0x9DFD,0x957D,0x851C,0x955E,0x959E,0x955C,0xA5DE,0xB63E,0xAE1D,
    0xA5FD,0xAE1E,0x9D9D,0x851D,0x7D1D,0x84FD,0x8D1B,0xB65D,0xDF5D,0xDF7E,0xCEDE,0xB61D,0xC69D,0xD73E,0xE79F,0xC67C,
    0xC69C,0xF7BF,0xFFBE,0xFF9D,0xF79E,0xF7BE,0xE79E,0xDF1E,0xBE5D,0xAE1E,0x9D9D,0x7CDC,0x7CFC,0x957B,0xB69D,0xBE7D,
    0xE77E,0xD71E,0xD6FE,0xBEDE,0x9DDC,0x8D3C,0x84FD,0x851C,0x9DBD,0x9D9C,0x8D5C,0x957C,0xB63E,0xB65E,0xCEBE,0xADDC,
    0xA5DC,0xAE1D,0xAE1E,0xADFD,0xA5FE,0xA5FE,0xA5FD,0x9DDD,0xA5BD,0xA5DC,0xA5FD,0xADDC,0xA5DC,0xA5DC,0xBE5D,0xCEDE,
    0xD6FD,0xF79F,0xEF5E,0xCEFD,0xC6DE,0xBE9D,0xADFC,0xA5DD,0xADFE,0xADFE,0xADFE,0xADFE,0xA5FD,0xADFD,0xAE1E,0xAE3E,
    0xB69D,0xAE9D,0xAE9D,0xB67E,0xAE7D,0xB65E,0xB67E,0xB65E,0xAE5E,0xB65E,0xAE5E,0xB65E,0xAE7D,0xAE7E,0xAE7D,0xAE7D,
    0xAE7D,0xAE7D,0xAE5D,0xAE5E,0xAE5E,0xAE5E,0xAE7E,0xB67F,0xAE7F,0xB67F,0xAE9E,0xAE7D,0xAE7B,0xA65A,0x9E18,0x9DF6,
    0x95B3,0x8D51,0x8D2F,0x852D,0x7D0A,0x74C9,0x74A6,0x74C6,0x74C5,0x7485,0x6CA4,0x74A5,0x74A4,0x74A4,0x7484,0x74A5,
    0x6C64,0x6C64,0x6C64,0x7484,0x6C84,0x6C63,0x6C63,0x6C84,0x6C64,0x6C84,0x6C45,0x6C45,0x6C65,0x6C45,0x6C65,0x6C45,
    0x6C45,0x6425,0x6C24,0x6425,0x6C04,0x6404,0x5BE4,0x5C05,0x5BE5,0x5BE4,0x5BC5,0x5BC5,0x5BC4,0x53C5,0x53A4,0x5385,
    0x53A5,0x5BA6,0x5385,0x5385,0x5385,0x53A5,0x5365,0x5385,0x4B45,0x5345,0x5365,0x5365,0x4B45,0x4B45,0x4B44,0x5325,
    0x4B45,0x5345,0x4B45,0x5345,0x5345,0x5365,0x5345,0x5344,0x4B45,0x4B24,0x4B45,0x4B25,0x4B04,0x4B04,0x42E3,0x42E3,
    0x42E4,0x42E4,0x42C4,0x3AA4,0x3AA4,0x3A84,0x3A84,0x3A85,0x3A85,0x42C6,0x42C6,0x42E7,0x4AE7,0x4B09,0x534B,0x5B6C,
    0x5BAE,0x63D0,0x6C12,0x7454,0x7C95,0x84D7,0x84F9,0x851A,0x8D5B,0x8D7C,0x957D,0x959D,0x9D9E,0x95BE,0x959E,0x8D9E,
    0x959E,0x8D7E,0x8D7E,0x8D5E,0x8D5D,0x853D,0x8D5D,0x8D5D,0x853D,0x8D3C,0x8D5D,0x8D5D,0x8D5C,0x8D5C,0x8D5C,0x957C,
    0x955C,0x955D,0x957C,0x959C,0x9D9D,0x9DBD,0xA5BD,0x9D9D,0x9DBD,0xADFF,0xA5FE,0x8D7D,0x8D3D,0x853C,0x853D,0x853D,
    0x853D,0x853E,0x851E,0x8D3C,0x9D9D,0xA5DE,0xA5FD,0xAE1D,0xBE9D,0xCEFF,0xD71F,0xC69D,0xCE9D,0xD6FF,0xD71F,0xD6FE,
    0xCEDD,0xC67E,0xBE5E,0xC67E,0xBE7C,0xC69D,0xCE9D,0xC69E,0xC6BE,0xC69E,0xBE7E,0xB61E,0xA5BD,0x9DBD,0x959D,0x8D5D,
    0x851D,0x957C,0xA5FD,0xC69D,0xCEDE,0xC69E,0xCEBD,0xDF3F,0xDF3E,0xD6DE,0xBE5D,0xC69E,0xBE9E,0xBE5D,0xB63D,0xB67D,
    0xBE9E,0xBE7D,0xBE7E,0xBE5D,0xB63D,0xB61C,0xBE3D,0xA5DD,0xA5DD,0x957D,0x9DBE,0xA5DE,0xB5FD,0xB65E,0xBE9E,0xC6BF,
    0xB61C,0xA5DC,0xADFD,0x9DBD,0xA5DD,0xA5FD,0xADBD,0xC69E,0xD6FE,0xD6FD,0xBE7E,0xB5FC,0xC63C,0xEF9E,0xF7DE,0xF7BE,
    0xFF9E,0xF7BE,0xF79D,0xF7BE,0xF7BD,0xF7BE,0xE77D,0xD6FE,0xD6DD,0xE77F,0xDF5E,0xB61C,0xA57B,0xC69D,0xF7FF,0xFFDE,
    0xF7BD,0xFFBE,0xF79E,0xF7DE,0xEF9F,0xC69F,0xA5BC,0xCE9D,0xEFBF,0xF7BF,0xEF5E,0xEF5E,0xF7BF,0xF7DE,0xF7DF,0xE77D,
    0xCEBD,0xB63C,0xC69D,0xD71F,0xB67C,0xA5DC,0xADFC,0xBE7D,0xD6FE,0xE75E,0xE75E,0xDF3E,0xD6DE,0xDEDD,0xF79F,0xF7BE,
    0xFFBF,0xF79E,0xF79E,0xF79E,0xE7BE,0xDF5F,0xAE3D,0xA5DD,0xA5FE,0xA5FD,0xA5DD,0xA5FD,0xAE1E,0xA5FE,0xA5FD,0xA5DD,
    0xAE7D,0xB67D,0xB67D,0xB67E,0xB65E,0xB67E,0xB65E,0xAE7D,0xB67E,0xAE7D,0xB67D,0xAE7D,0xB67D,0xAE7E,0xAE7E,0xAE5D,
    0xAE7E,0xB67E,0xAE9E,0xB67F,0xB67F,0xB67D,0xAE5B,0xAE59,0xA636,0x95D3,0x95B1,0x8D4F,0x7D2B,0x7D09,0x7506,0x74E5,
    0x74E5,0x74C4,0x74E4,0x74E4,0x7D24,0x7D24,0x7D24,0x7D04,0x8505,0x7CE4,0x74C4,0x7CC3,0x74C4,0x74C4,0x7CE4,0x7CE4,
    0x7CE4,0x7CC5,0x74C5,0x7CC5,0x74C5,0x7485,0x74A4,0x7485,0x7484,0x6C84,0x6C65,0x6C64,0x6C64,0x7465,0x6C64,0x6C44,
    0x6C45,0x6424,0x6404,0x6425,0x6404,0x6404,0x6425,0x6425,0x6405,0x6425,0x6405,0x5BE5,0x5BE5,0x5BE4,0x5BE5,0x5BE5,
    0x5BC5,0x53C4,0x5BA5,0x53C5,0x5BA5,0x53C5,0x53A5,0x5385,0x5385,0x5384,0x5384,0x5B85,0x5BA4,0x5B85,0x5BA5,0x53A4,
    0x5BA5,0x5384,0x5B85,0x5384,0x5364,0x5384,0x5364,0x5364,0x5344,0x5365,0x5365,0x5345,0x4B24,0x4B44,0x4B24,0x4B25,
    0x5325,0x4B25,0x4B25,0x4B04,0x4B04,0x4B04,0x4304,0x42C4,0x42C4,0x42A4,0x3AC4,0x42A4,0x3AA4,0x42A5,0x3AA4,0x3A84,
    0x3A84,0x3283,0x3263,0x3264,0x3A65,0x3AA6,0x3AA6,0x42C8,0x42E8,0x4B0A,0x532B,0x536D,0x5B8E,0x63F0,0x6432,0x7453,
    0x7C96,0x84D8,0x8D1A,0x8D5C,0x8D9D,0x959E,0x959E,0x8D9E,0x957F,0x8D7E,0x8D7E,0x8D5D,0x8D5E,0x853D,0x8D3E,0x853E,
    0x855D,0x855D,0x8D3D,0x855D,0x853C,0x855C,0x8D3C,0x8D1D,0x8D1D,0x8D5E,0x8D3E,0x8D3E,0x853D,0x8D3D,0x853D,0x8D3D,
    0x853E,0x8D3E,0x853E,0x8D1E,0x851D,0x8D3D,0x8D3C,0x8D3C,0xA5BD,0xADFE,0xAE1D,0xAE1D,0xA5FD,0xA5DC,0xA5DC,0xADFD,
    0xB69E,0xA5FE,0x9D7D,0x9D9D,0xA5DD,0xA5DD,0xAE1E,0xAE1D,0xAE1D,0xADFC,0xADDC,0xADDC,0xA59C,0x959C,0x9DBD,0x9D9C,
    0x9DBC,0x9D9D,0x955B,0x9D9C,0x9D9D,0xA59D,0xAE1E,0xB63E,0xB61D,0xB61E,0xAE1E,0xA5BD,0x9D9C,0x9D9C,0x95BC,0x9DBD,
    0x9D9C,0xA5BD,0xA5DD,0xADFD,0xB61D,0xB63D,0xBE5E,0xADFC,0x9D9D,0x957D,0x957D,0xADDE,0xBE3E,0xB65C,0xB63D,0xB61D,
    0xB63D,0xB61D,0xADFD,0xBE5E,0xBE7E,0xC67E,0xBE5D,0xCE9E,0xDEFE,0xDF3E,0xD6FE,0xD6DE,0xCEBD,0xE73E,0xF79E,0xEF7D,
    0xEF7E,0xF79E,0xF79F,0xF79F,0xEF9F,0xE75E,0xDF3D,0xD71E,0xD71E,0xDF5E,0xE79E,0xE77E,0xDF3F,0xDF5E,0xDF3E,0xEF9E,
    0xF79E,0xEF9E,0xF79E,0xEF7E,0xE75E,0xD6FE,0xCEDD,0xEFBF,0xEF9E,0xFFBD,0xF79E,0xF79E,0xF7BE,0xF79E,0xF79E,0xEF7E,
    0xDF3E,0xCEBD,0xDF1F,0xE77E,0xE77F,0xBE9D,0xD71E,0xF7FF,0xF7BE,0xF7BE,0xF79D,0xFFBF,0xF7BF,0xF7BF,0xF79E,0xF79E,
    0xF79E,0xF7BE,0xF77E,0xF79D,0xEF9D,0xD71D,0xB61D,0x9DDD,0xA5FF,0xA5FE,0xAE3E,0xAE1E,0xA5FD,0xA5FD,0xA5FD,0xA5FD,
    0xB6BE,0xB69E,0xB6BE,0xBE9E,0xB69E,0xBE7D,0xB67E,0xAE7E,0xB67E,0xB67E,0xB69E,0xB67E,0xB69E,0xB69F,0xBE7E,0xB69D,
    0xAE7B,0xAE59,0xA637,0x9DF3,0x9DB0,0x8D8D,0x856A,0x7D27,0x7D25,0x7D04,0x7CE2,0x74E3,0x7D03,0x7D23,0x8524,0x8544,
    0x8544,0x7D64,0x7D44,0x7D24,0x7D04,0x7504,0x7CC4,0x74C4,0x7CC4,0x7D04,0x7D04,0x7CE4,0x7D05,0x8505,0x74E4,0x7484,
    0x74A4,0x74A4,0x6C84,0x74C5,0x74A4,0x7485,0x74A4,0x7485,0x6C84,0x7484,0x7464,0x74A4,0x6C64,0x6C63,0x6C64,0x6C84,
    0x6C65,0x6C24,0x6C44,0x6C65,0x6C44,0x6C44,0x6C65,0x6444,0x6444,0x6445,0x6444,0x6425,0x6424,0x5C03,0x6424,0x6424,
    0x6424,0x6425,0x5C04,0x5C04,0x6424,0x6404,0x5C04,0x5BE4,0x5C04,0x63E5,0x63E4,0x5BE4,0x6405,0x5BE4,0x6405,0x6405,
    0x6405,0x63E5,0x6404,0x5BE5,0x5BC4,0x5BC4,0x5BA5,0x5BC5,0x53A4,0x5B85,0x5384,0x5385,0x5385,0x5364,0x5364,0x5364,
    0x5364,0x4B44,0x5344,0x4B45,0x4B25,0x4B25,0x4B04,0x4B25,0x4B25,0x4B05,0x4B06,0x4B06,0x4305,0x4B04,0x42E4,0x42E4,
    0x4AC5,0x4AC5,0x4AC5,0x4AC5,0x42C5,0x4284,0x42A4,0x4284,0x3A83,0x3A64,0x3A84,0x3A63,0x3A64,0x3263,0x3A64,0x3A65,
    0x3A66,0x3AA8,0x42A8,0x42EA,0x4B4C,0x5B8E,0x5BD1,0x6C13,0x7455,0x7C96,0x7D19,0x8D3B,0x8D7C,0x957E,0x959E,0x957F,
    0x8D9E,0x8D9E,0x8D7E,0x8D9E,0x8D7D,0x855E,0x853D,0x8D3D,0x853D,0x853C,0x853D,0x855D,0x853D,0x8D3D,0x8D3E,0x8D3D,
    0x8D3D,0x8D3D,0x8D3D,0x853D,0x8D5D,0x853D,0x8D3D,0x8D3D,0x853D,0x8D3C,0x853D,0x853C,0x8D3D,0x8D5D,0x853D,0x8D7D,
    0x8D7D,0x8D7D,0x853D,0x8D3D,0x8D1C,0x955C,0xA5FD,0xADDB,0xB63C,0xC6BD,0xCEDD,0xD6FE,0xD6FE,0xDEFE,0xDF5E,0xE77E,
    0xE7BE,0xDF1E,0xC67C,0x9DBD,0x8D3D,0x951D,0x8D1D,0x9D9D,0x9D7C,0x955B,0x9D5C,0x9D7C,0x9D7C,0x8D5C,0x8D3C,0x8D5D,
    0x955D,0x955D,0x957D,0xA5BD,0xA5FE,0xA5DD,0xADDD,0xAE1F,0x955D,0x955D,0x9D9E,0xAE1D,0xC6BE,0xCEFE,0xC6BE,0xB63E,
    0xB5FD,0xB61D,0xB63C,0xC6BD,0xD71E,0xDF3E,0xD6FD,0xCE9D,0xDEFD,0xE75D,0xEF7E,0xEF5E,0xEF9F,0xE75D,0xDF3D,0xDF1D,
    0xD6DC,0xE73D,0xE77E,0xDF1E,0xD6FD,0xD6DE,0xCE9D,0xC67D,0xBE3E,0xBE5C,0xC67C,0xCE9D,0xC69D,0xC69C,0xC67B,0xCE9C,
    0xDF1E,0xEF5E,0xE77E,0xE73E,0xD73E,0xCEDD,0xD71D,0xEF7F,0xF79D,0xF79D,0xF79D,0xF7BE,0xF79E,0xEF9E,0xEF7F,0xEF7E,
    0xDF3E,0xCEBD,0xCE7D,0xD6FD,0xDF5E,0xD6FE,0xD71D,0xEFBF,0xF7BE,0xF79D,0xFF7E,0xF77E,0xF79E,0xF79E,0xF79E,0xEF9D,
    0xEF7D,0xEF7E,0xEF7E,0xF7BF,0xF79E,0xDF5E,0xC69E,0xA5DD,0x9D9D,0x9DBD,0xAE3E,0xA5FD,0xA5FD,0xA5FD,0xA5FE,0xA5FD,
    0x8D5D,0x9DBD,0x95BD,0x957C,0xA61E,0xB69F,0xB67F,0xB67F,0xBE9E,0xB69D,0xAE7A,0xAE79,0xA637,0xA613,0x95B0,0x8DAD,
    0x8D8A,0x7D47,0x7525,0x7D25,0x7D04,0x7CE4,0x7D04,0x7D03,0x7D23,0x8544,0x7D44,0x8524,0x7D44,0x7D23,0x7D24,0x7D23,
    0x74E3,0x7CE3,0x7D04,0x74C4,0x74E4,0x7D05,0x7D05,0x7CE4,0x7CE5,0x7CE4,0x74C5,0x7CC4,0x7CC4,0x7CE5,0x7484,0x6CA4,
    0x74C5,0x74C5,0x7CC5,0x7CE5,0x7CC5,0x74C4,0x74C4,0x74A4,0x74A4,0x74A4,0x74E4,0x7CC4,0x74C4,0x74A3,0x7CC4,0x74C4,
    0x7CE4,0x74C4,0x74C4,0x7CC4,0x74C4,0x74C4,0x74A3,0x74E4,0x7D05,0x74C4,0x74C4,0x74C5,0x74C5,0x74C5,0x74C5,0x74C5,
    0x74C5,0x74C5,0x74C5,0x74C5,0x74A4,0x74C4,0x74C5,0x74A4,0x6CA5,0x74A5,0x6C85,0x6C64,0x6C65,0x7465,0x6C44,0x6423,
    0x6404,0x6424,0x6404,0x6403,0x6404,0x6403,0x6404,0x6405,0x63E5,0x5BE4,0x63E5,0x5BC4,0x5BA4,0x5B85,0x5384,0x5385,
    0x5344,0x4B44,0x5365,0x5344,0x4B45,0x4B24,0x4B45,0x5325,0x4B05,0x42E4,0x4305,0x4AE4,0x42C4,0x42C4,0x42E4,0x42C4,
    0x42A4,0x42A5,0x42C5,0x42A5,0x42A4,0x42C4,0x42A4,0x42A4,0x42A5,0x4284,0x42A5,0x4285,0x3A85,0x4285,0x3A85,0x3A84,
    0x3A85,0x3A84,0x3A85,0x3A84,0x3A63,0x3243,0x3A44,0x3A65,0x3244,0x3266,0x3AA7,0x3AC8,0x42EB,0x4B2D,0x5B8F,0x63D2,
    0x6C35,0x74B7,0x84F8,0x851A,0x8D5C,0x957D,0x9D9D,0x957E,0x959D,0x957E,0x957E,0x8D5E,0x8D3D,0x855D,0x855C,0x853D,
    0x853D,0x855D,0x853D,0x8D3E,0x853E,0x8D5E,0x8D5D,0x8D5D,0x855D,0x8D5D,0x8D5E,0x8D5D,0x855E,0x8D5D,0x8D5E,0x8D5E,
    0x8D3C,0x8D5D,0x955C,0x9D9C,0xADFD,0xC69F,0xD73F,0xDF5E,0xE77E,0xEF9D,0xEF9E,0xF77D,0xF77E,0xF79E,0xF79E,0xF7BD,
    0xF79D,0xEF9E,0xE73E,0xD6FE,0xC67E,0xBE3D,0xB61C,0xD6FE,0xDF3E,0xC63C,0xCEBD,0xD6FF,0xB65D,0xADDD,0x957D,0x955D,
    0x957E,0x8D5D,0x955C,0x9D7E,0x957D,0x953D,0x955D,0x955C,0x8D5B,0x853C,0x957D,0x9DBC,0xB67D,0xD71E,0xD6FF,0xADFD,
    0xADDD,0xC69E,0xCEBE,0xCEBD,0xDF1C,0xDF3D,0xDF3E,0xE75E,0xE77F,0xE75D,0xEF7E,0xE73C,0xDF1D,0xDEFD,0xD71E,0xDF5E,
    0xE77E,0xE75E,0xDF3E,0xD6DD,0xD6DD,0xCEDE,0xCEDD,0xC67D,0xBE3D,0xC65E,0xC67D,0xCEDE,0xCEDE,0xCEFD,0xCEFE,0xCEDE,
    0xC67D,0xCEBD,0xD6FD,0xCEFD,0xD71E,0xD6FE,0xD6FE,0xEF9E,0xF7BE,0xF7BD,0xF7BD,0xF7BE,0xEF9E,0xEF7E,0xE75E,0xDF3E,
    0xCEDE,0xBE7E,0xBE5D,0xBE7D,0xB67D,0xBE7D,0xADFD,0xC67D,0xEF9F,0xF7BF,0xF79F,0xF77E,0xF79E,0xF79D,0xEFBE,0xF79E,
    0xE75D,0xD6FC,0xDF1E,0xE73D,0xF7BE,0xEF9F,0xC69D,0xAE1E,0x9DDD,0x959D,0x959C,0x957C,0x9DBE,0xA5DE,0x9DBD,0x9DBD,
    0x4AF8,0x4B17,0x5B97,0x5BB4,0x6412,0x8D35,0x8D73,0x9DF2,0x9DD0,0x95CD,0x8DAA,0x8587,0x8566,0x8565,0x7D44,0x7D24,
    0x7D64,0x7D23,0x8563,0x8544,0x8D64,0x8D85,0x8D85,0x95A5,0x9585,0x8545,0x8565,0x7D44,0x8543,0x7D44,0x8563,0x7D43,
    0x8564,0x8544,0x7D24,0x8544,0x7D24,0x7CE4,0x74E4,0x7CE4,0x74C4,0x7CE4,0x7CE4,0x7CE4,0x7504,0x7D04,0x7D24,0x8504,
    0x8524,0x8505,0x7D05,0x8525,0x8505,0x7D25,0x8505,0x8525,0x8525,0x8525,0x8544,0x8545,0x8544,0x8545,0x8565,0x8D65,
    0x8D65,0x8544,0x8544,0x8544,0x8545,0x8544,0x7D24,0x7D24,0x7D24,0x7D24,0x7D04,0x74E4,0x7D04,0x74E4,0x74C4,0x74C4,
    0x74C4,0x74C5,0x6C84,0x6CA3,0x74C4,0x74C4,0x74C4,0x74A4,0x74A4,0x74A4,0x7485,0x7484,0x74A5,0x6C84,0x6C64,0x7484,
    0x6C64,0x7465,0x6C64,0x7465,0x6C85,0x6C65,0x6C64,0x7465,0x7486,0x6C65,0x6C45,0x6C45,0x6425,0x6405,0x63E5,0x63E5,
    0x5BE5,0x5BC5,0x5BC5,0x5BA5,0x5364,0x5B85,0x5385,0x5365,0x4B24,0x4B04,0x4B44,0x4B24,0x42E3,0x42E4,0x42E5,0x42C4,
    0x3AC5,0x42E4,0x42E5,0x42E4,0x3AC4,0x42C4,0x3AA4,0x3AA4,0x3AA4,0x3AC5,0x42C4,0x3AC4,0x42C4,0x3AC4,0x3AA4,0x3AA4,
    0x3A84,0x3AA4,0x3A84,0x3A84,0x3284,0x3AA4,0x3285,0x3AA5,0x3A85,0x3A84,0x3A63,0x3263,0x3A63,0x3244,0x3224,0x2A23,
    0x3244,0x3245,0x3246,0x3AA8,0x42CA,0x532B,0x5B6F,0x63D1,0x7434,0x7C76,0x7CB8,0x84FA,0x8D3C,0x8D7C,0x957D,0x959E,
    0x959E,0x955E,0x8D5E,0x955E,0x8D5E,0x8D5D,0x853D,0x853D,0x855D,0x8D3D,0x853D,0x8D3D,0x8D3D,0x8D5D,0x8D3D,0x8D5D,
    0x8D3C,0xA5BC,0xBE7E,0xB63D,0xCEBE,0xD71D,0xE73E,0xEF5E,0xEF5D,0xEF5D,0xF77E,0xF77E,0xF77E,0xF77D,0xF79D,0xEF9E,
    0xEFBE,0xE77E,0xDF1D,0xD6DC,0xDF1D,0xE73E,0xEFBE,0xF79D,0xF79E,0xEF9E,0xF7BE,0xE77E,0xDF1D,0xC6BE,0xA5DD,0x9D9E,
    0x959D,0x9D9D,0x959D,0x955D,0x9D7D,0x9D5C,0x9D7C,0xB63D,0xC6DE,0xAE3C,0x9D9C,0xA5DC,0xAE1C,0xBE5B,0xBE5D,0xA5DD,
    0xA5BC,0xB65E,0xCEDE,0xDEFF,0xDF1E,0xD71D,0xD6FD,0xD6DD,0xDF1E,0xDF1E,0xE75E,0xE73E,0xD71D,0xD6FD,0xCEDD,0xD6FE,
    0xD6DD,0xD6FD,0xCEFD,0xCEDD,0xC6DE,0xC6BD,0xCEBD,0xC6BC,0xC67D,0xC69D,0xC69E,0xBE7D,0xC69D,0xCEBE,0xC69E,0xBE7E,
    0xBE5E,0xBE7D,0xC69E,0xC69D,0xC69D,0xBE7D,0xC67D,0xCEBE,0xDF1E,0xE75E,0xE75E,0xDF3E,0xD6FD,0xCEFD,0xCEDD,0xCEDE,
    0xC69D,0xAE1D,0xA5FD,0xA5FD,0x9DDD,0xA5DD,0xA5DE,0xA5BC,0xC6BD,0xEFDE,0xEFBD,0xF7BD,0xF7BE,0xEF9E,0xF79E,0xE79D,
    0xDF3D,0xCEDD,0xCEBE,0xCEDD,0xDF3E,0xD73E,0xB63D,0xADFD,0x9DDD,0x9DDE,0xA5DF,0x957D,0x8D5D,0x9DDE,0x957D,0x957D,
    0x74AF,0x7CEF,0x854D,0x8DAB,0x8D88,0x8587,0x8D85,0x8543,0x7D44,0x7D44,0x8544,0x7D44,0x8543,0x8564,0x8564,0x8D84,
    0x8D84,0x8585,0x8DA4,0x8D84,0x8D83,0x8563,0x8D64,0x8D65,0x8524,0x8524,0x8544,0x8544,0x8564,0x8544,0x8563,0x8543,
    0x8524,0x7D03,0x7D04,0x7CE3,0x8524,0x8545,0x8544,0x8564,0x8D44,0x8D85,0x8D85,0x8D65,0x8D64,0x8D84,0x8DA5,0x8D85,
    0x8DA5,0x8D85,0x8DA6,0x8D85,0x8D85,0x8D65,0x8D65,0x8565,0x8565,0x8D45,0x8564,0x8544,0x8544,0x8544,0x8544,0x8544,
    0x8523,0x7D24,0x8523,0x8544,0x7D23,0x8503,0x7D24,0x7D03,0x74E4,0x74C3,0x6CC3,0x6CA3,0x74C4,0x74E4,0x74E4,0x74E4,
    0x74C4,0x6CA4,0x74A4,0x74C4,0x6CA3,0x6CA4,0x6C63,0x6484,0x6464,0x6C63,0x6C84,0x6C84,0x6C63,0x6C63,0x6C83,0x6C64,
    0x6C64,0x6C44,0x6C44,0x6443,0x6C23,0x6C44,0x6C44,0x6C64,0x6C44,0x6C65,0x7465,0x6C45,0x6C45,0x6C64,0x6C45,0x6C44,
    0x6C45,0x6C45,0x6404,0x6405,0x63E5,0x63E4,0x5BC4,0x5BA4,0x53A4,0x5BA4,0x5384,0x5364,0x4B44,0x5365,0x5344,0x4B24,
    0x4B25,0x4AE4,0x4B05,0x4B04,0x42E4,0x42E5,0x42E5,0x42C5,0x42C4,0x42C5,0x42E4,0x3AC4,0x3AA4,0x3AA4,0x3AA4,0x3AA4,
    0x3AA5,0x42C5,0x3AC5,0x3AA4,0x3A84,0x3AA4,0x3A85,0x3A85,0x3A85,0x3A85,0x3A84,0x3AA5,0x3A64,0x3A84,0x3AA4,0x3AA5,
    0x3A84,0x3A84,0x3A84,0x3A64,0x3A64,0x3244,0x3224,0x3224,0x3225,0x3226,0x3247,0x3A88,0x42A9,0x4B0C,0x536E,0x63D0,
    0x6C13,0x7475,0x84D7,0x8CFA,0x8D3B,0x957C,0x959E,0x959E,0x959F,0x8D9E,0x959D,0x8D9D,0x957D,0x8D7D,0x8D7D,0x957D,
    0x9D9D,0xAE1D,0xBE9E,0xC69D,0xD6BD,0xDF1E,0xEF5E,0xF77E,0xEF7E,0xF79E,0xF79D,0xF79D,0xF79E,0xF77E,0xF79D,0xF7BD,
    0xEF9D,0xE75D,0xCEDD,0xCEBD,0xCEBE,0xDF3E,0xE77E,0xD71C,0xD6BC,0xE73E,0xF77D,0xEF9D,0xDF7E,0xC6BD,0xADDC,0x9D9D,
    0x9D7C,0x957C,0xA5DD,0xA5DD,0xADFD,0xAE1E,0xB63D,0xDF3E,0xE79E,0xDF3D,0xD6DE,0xD6FF,0xCE9D,0xC69E,0xAE1D,0xA5FD,
    0xA5DD,0xADFC,0xBE3D,0xCE9F,0xD6DE,0xD6DE,0xD6DD,0xCEBD,0xCEBD,0xCEDE,0xCEBE,0xD6FD,0xD71D,0xCEDE,0xCEDE,0xC69D,
    0xC69D,0xC67E,0xC69E,0xC69E,0xC69D,0xBE7D,0xBE7C,0xBE7D,0xBE7D,0xBE7D,0xB63D,0xBE3D,0xBE5D,0xBE3D,0xB61C,0xAE1D,
    0xAE1D,0xB63D,0xB61D,0xB61D,0xB61E,0xB63D,0xB61C,0xAE1C,0xAE1D,0xB63D,0xB61D,0xB5FD,0xB5FC,0xB5FD,0xB61C,0xBE7E,
    0xBE7D,0xA5FD,0x9DBD,0x959D,0x9D9D,0x955E,0x9D7D,0xA5BD,0xADDC,0xDEFE,0xF7BE,0xF7BD,0xF79D,0xEF9E,0xEF9E,0xE75E,
    0xDF3E,0xD6FF,0xC67E,0xB65E,0xB63D,0xAE1C,0xADDD,0xA5DE,0x9D9E,0x95BE,0x95BD,0x9DDE,0x957C,0xA5FE,0x9DFE,0x957D,
    0x95E5,0x95E5,0x95E5,0x8DC5,0x8DA4,0x95C4,0x8584,0x8563,0x95A5,0x8D84,0x8D85,0x8DA5,0x8D86,0x8DA4,0x8584,0x8584,
    0x8D84,0x8DA4,0x8DA5,0x8D64,0x8D85,0x8544,0x8D84,0x8584,0x8D84,0x8564,0x8D84,0x8D85,0x8564,0x8D64,0x8565,0x8D64,
    0x8D84,0x8D85,0x95C5,0x95A6,0x8DA5,0x95A6,0x8DA5,0x8DA5,0x8DC5,0x8DA5,0x8DA5,0x8DA5,0x8D84,0x8D85,0x8D64,0x8D65,
    0x8564,0x8D65,0x8D64,0x8545,0x8545,0x8545,0x8544,0x8544,0x8D65,0x8544,0x8544,0x8D44,0x8524,0x8524,0x7CE4,0x7CE3,
    0x8505,0x7CE4,0x7CE4,0x7CE4,0x7CE4,0x7CE4,0x74C4,0x74A4,0x74A3,0x74A4,0x6C83,0x6C83,0x74A3,0x6C83,0x6C63,0x6CA4,
    0x6C83,0x6C84,0x74C4,0x6C63,0x5C02,0x6C64,0x6463,0x6C84,0x6C64,0x6C84,0x6C64,0x6C64,0x6C63,0x6424,0x6C64,0x6444,
    0x6423,0x6423,0x6424,0x6C44,0x6424,0x6404,0x6404,0x6424,0x6424,0x6404,0x6424,0x6403,0x6424,0x6C64,0x6424,0x6424,
    0x6424,0x6C45,0x6424,0x6404,0x6424,0x6405,0x6425,0x6405,0x6404,0x63E5,0x5BC5,0x5BA4,0x5BC5,0x5BA5,0x5BA4,0x5364,
    0x5365,0x5365,0x4B04,0x4B24,0x4B05,0x4B04,0x4AE5,0x42E5,0x42E5,0x42C5,0x42C5,0x42E5,0x4AE5,0x42E5,0x4AE5,0x42E5,
    0x42C5,0x42C5,0x42A5,0x42A4,0x42C5,0x42A5,0x42A4,0x42A5,0x42A5,0x3AA5,0x3AA5,0x3A85,0x3AA4,0x3A85,0x3A84,0x3A84,
    0x3A65,0x3A65,0x3A65,0x3A65,0x3A85,0x3A65,0x3A84,0x3A85,0x3A64,0x3A84,0x3A64,0x3A64,0x3244,0x3244,0x2A44,0x2A24,
    0x3205,0x3226,0x3246,0x3269,0x42AA,0x4B0C,0x534D,0x538F,0x63F0,0x6C33,0x7476,0x7C97,0x84F9,0x8D3B,0x957C,0x9DDE,
    0xB63E,0xC67E,0xC67D,0xD6DF,0xDF1F,0xDF3F,0xE75E,0xEF5E,0xE75D,0xEF7D,0xF79D,0xEFBD,0xF79D,0xF79D,0xFF9E,0xF7BE,
    0xEF7E,0xDF3D,0xD6DD,0xCE9E,0xCEBD,0xDF1E,0xEF9E,0xE75D,0xDF1D,0xDEFD,0xE75E,0xE77E,0xD71D,0xC69D,0xA5DC,0xA5DD,
    0xA5FD,0xADFD,0xBE7D,0xC6BE,0xC67D,0xBE5C,0xCE7D,0xD6DC,0xE73C,0xDF3C,0xE73E,0xDF1E,0xD6FE,0xCEDE,0xB65E,0xAE1D,
    0xA61D,0xADFD,0xB5FC,0xC63D,0xC65D,0xBE7D,0xC69D,0xBE7E,0xC6BD,0xC69E,0xBE7D,0xC67D,0xC67D,0xC69E,0xCEFF,0xC69D,
    0xBE7E,0xB63D,0xB65D,0xC69E,0xB65D,0xB63D,0xB65D,0xBE5D,0xBE5D,0xBE5D,0xB63D,0xB63D,0xAE1D,0xB5FD,0xADFC,0xADFC,
    0xAE1D,0xADFD,0xADBD,0xADDD,0xB63E,0xBE1E,0xB63D,0xADFC,0xA5BD,0xA59D,0xA5BC,0xA59D,0x9D9C,0x9D9C,0x9D7B,0x9D9C,
    0xA5DC,0xA59C,0x9D9D,0x9D9D,0x955E,0x9D7D,0x957D,0x9D7D,0xA5DD,0xBE1D,0xD71E,0xE77E,0xE73D,0xDF3D,0xDEFD,0xD6FD,
    0xD6FE,0xC6BE,0xBE5D,0xAE1E,0xA5DE,0xA5DD,0xADDE,0x9D9E,0x957D,0x957D,0xA5FE,0xAE3F,0x959D,0x8D5C,0x8D5D,0x8D5C,
    0x8DA5,0x8DA4,0x85A4,0x8DA4,0x8DC4,0x8DE4,0x95C4,0x95C4,0x95C4,0x8DA4,0x8DA4,0x8D64,0x8D84,0x8DA4,0x8584,0x8DA4,
    0x85A4,0x8DA5,0x8DC5,0x8DA4,0x8DA4,0x8D84,0x8DC4,0x95C5,0x95C4,0x95C5,0x95C5,0x95C5,0x95E5,0x95C5,0x95C5,0x8DC5,
    0x95E4,0x95C4,0x8DA4,0x8D84,0x8DA4,0x8D85,0x8564,0x8DA4,0x8584,0x8563,0x8584,0x8563,0x8584,0x8544,0x8544,0x8544,
    0x8523,0x8544,0x8544,0x8523,0x7D23,0x8544,0x8524,0x7D24,0x8544,0x8524,0x8523,0x8524,0x7CE4,0x7CC3,0x7CC4,0x7484,
    0x7CC4,0x7CC5,0x74A4,0x7CC4,0x7483,0x7CC4,0x74A4,0x7484,0x74C4,0x74C4,0x7483,0x74A4,0x74A4,0x6C83,0x6C84,0x6C63,
    0x6C83,0x6443,0x6443,0x6463,0x6CA4,0x6C83,0x6C64,0x6C84,0x6C64,0x6464,0x6443,0x6443,0x6464,0x6424,0x5C04,0x5BE3,
    0x63E4,0x5BE3,0x5BE4,0x5BC4,0x6405,0x6405,0x5BE4,0x5BC4,0x63E4,0x6404,0x5C04,0x6404,0x6424,0x5C03,0x5BE3,0x5BC4,
    0x53C3,0x5C03,0x6444,0x6425,0x63E4,0x5BE4,0x63E4,0x5BA3,0x53C3,0x5BC4,0x5BE4,0x63E4,0x63E5,0x5BC4,0x63E5,0x5BC4,
    0x5BC4,0x5BA4,0x5385,0x5384,0x5364,0x4B24,0x4B24,0x4B04,0x42E4,0x42E4,0x42C4,0x3AA4,0x3AA3,0x3A83,0x3AA3,0x42A4,
    0x3AA4,0x42A4,0x3AA4,0x42C4,0x42E3,0x42A3,0x3AA4,0x42C4,0x3A83,0x42A4,0x3A84,0x3A83,0x3A84,0x42A4,0x3AA4,0x42A5,
    0x3A84,0x3A64,0x3284,0x3A84,0x3A84,0x3A84,0x3A65,0x3244,0x3A65,0x3244,0x3A65,0x3265,0x3A65,0x3244,0x3A64,0x3245,
    0x3244,0x3244,0x3224,0x3224,0x2A03,0x2A03,0x2A04,0x29C3,0x2A03,0x2A04,0x2A05,0x2A26,0x3267,0x3A89,0x42AA,0x4AEB,
    0x5B2D,0x73F1,0x8CD3,0x9D56,0xB5D8,0xCE9B,0xDF1D,0xE75E,0xEF7E,0xF7BF,0xEFBF,0xEF7F,0xEF7E,0xEF7E,0xEF7E,0xE75E,
    0xDF3E,0xD6FE,0xC6BD,0xCE7D,0xD6BE,0xE73E,0xEF7E,0xEF7E,0xF79E,0xDEFD,0xD6DD,0xDF3E,0xD6FE,0xBE7E,0xAE1D,0xAE1C,
    0xC67D,0xCEFE,0xD73E,0xE77E,0xEF7F,0xE71D,0xEF5E,0xEF5D,0xE77E,0xEF7E,0xDF1D,0xD6DD,0xD6DD,0xC67D,0xBE5E,0xAE3E,
    0xADFE,0xC67E,0xD6DE,0xE73E,0xD6DD,0xBE5C,0xB65C,0xB63D,0xB61C,0xB61C,0xC65D,0xB5FC,0xB5DD,0xBE5D,0xCE7E,0xC69E,
    0xBE5D,0xB63D,0xB61C,0xC69E,0xBE5D,0xB65D,0xBE3D,0xBE5D,0xBE7E,0xB67D,0xB65E,0xAE1D,0xA5FD,0xADFD,0xA5DD,0xADFD,
    0xAE1D,0xB63E,0xA5BD,0xADFC,0xC69E,0xBE3D,0xC69D,0xC6BE,0xBE3C,0xADFD,0xA5FD,0xADDD,0xA5BD,0xA5DC,0xADFD,0xA5DD,
    0x9D9D,0x9DBC,0xA5BC,0x9D9D,0x9D7D,0x9D9D,0x9D9D,0x9D9D,0x9D9D,0xA5BC,0xB5DB,0xCEDC,0xDF1E,0xCEBD,0xC67D,0xC67D,
    0xBE7E,0xBE3D,0xB5FD,0xA5BD,0xA5BD,0xA5BD,0x9DBE,0x9D9D,0x957D,0x955C,0x9D7C,0xA5DE,0x959E,0x8D5D,0x955D,0x8D5E,
    0x8DA4,0x8563,0x8583,0x8DA3,0x8DA3,0x8D83,0x8DA3,0x8DA4,0x8DA3,0x8D83,0x8D84,0x8DA4,0x95C4,0x8DC4,0x8DC4,0x8DC4,
    0x95E5,0x8DE4,0x95E4,0x95C4,0x95E4,0x9E05,0x95E5,0x9E06,0x95C5,0x95C5,0x95E5,0x95E5,0x8DA4,0x8DA4,0x95A4,0x8DA4,
    0x95C4,0x8DA4,0x8D84,0x8D84,0x8D84,0x8D84,0x8543,0x8543,0x8543,0x7D23,0x8523,0x8563,0x7D23,0x8524,0x8544,0x8544,
    0x8524,0x8544,0x8544,0x8544,0x8545,0x8524,0x8544,0x8524,0x8524,0x7D04,0x8504,0x8525,0x8505,0x8505,0x8506,0x7CE5,
    0x7CA4,0x7CC4,0x7CE5,0x7CC4,0x7484,0x7483,0x74C4,0x74C4,0x74A4,0x74A4,0x74C5,0x7CC4,0x7CE5,0x6CA4,0x74A4,0x74C4,
    0x74A4,0x6C83,0x74A4,0x6C83,0x7483,0x6C84,0x6443,0x6C63,0x6C64,0x6C63,0x6C64,0x6C84,0x6C44,0x6C85,0x6C44,0x6444,
    0x6C64,0x7464,0x6C43,0x63E3,0x5C03,0x6403,0x63E3,0x6424,0x5BE4,0x5BE3,0x63E4,0x63E4,0x6425,0x6423,0x5C03,0x5C24,
    0x6404,0x6424,0x5C23,0x5BC3,0x63E5,0x6405,0x6404,0x63E5,0x5BE4,0x63C4,0x5BE4,0x63E4,0x5BE4,0x5BE3,0x5BE4,0x63E4,
    0x5BC4,0x5BC5,0x5BA4,0x5BC5,0x5BA4,0x5B85,0x53A5,0x5365,0x5344,0x4B44,0x4B24,0x4B04,0x4B04,0x4B24,0x4B25,0x4B04,
    0x4305,0x42E4,0x42E5,0x42E3,0x42C4,0x42C4,0x42E4,0x4AE4,0x42E4,0x42E5,0x42E4,0x42A4,0x3AA3,0x3AA4,0x3AA3,0x3AA3,
    0x3AA4,0x3AA4,0x42A4,0x3A84,0x3A84,0x3A84,0x3A84,0x3A85,0x3A64,0x3244,0x3244,0x3243,0x3264,0x3244,0x3244,0x3A64,
    0x3244,0x3245,0x3265,0x3244,0x3A64,0x3264,0x3A44,0x3244,0x3224,0x3224,0x3243,0x3223,0x3203,0x3204,0x3203,0x3204,
    0x3204,0x3203,0x31E4,0x3205,0x3A47,0x42A8,0x530A,0x638C,0x73EE,0x8471,0x8CD3,0x9D15,0xADB7,0xBE3B,0xCE9C,0xCEBD,
    0xC6BE,0xC6BF,0xC6BE,0xCEBE,0xD6DE,0xD71E,0xDF1E,0xD6FE,0xD6FE,0xDEFE,0xCEDE,0xCEDD,0xC69C,0xB63D,0xADFD,0xB61D,
    0xBE5E,0xC6BE,0xCEBD,0xC69C,0xDF3E,0xE75E,0xDF1D,0xE75E,0xE75D,0xE73D,0xDF3D,0xD6DD,0xCEBD,0xC69D,0xBE5D,0xADDE,
    0xADDD,0xCEBE,0xEF7E,0xF7DE,0xEF9E,0xD71D,0xCEFE,0xC6BE,0xBE3C,0xC67D,0xE75E,0xDF1E,0xD69C,0xE73F,0xE75F,0xDEFD,
    0xC69C,0xBE9D,0xB63C,0xB63C,0xB63D,0xBE3D,0xB61D,0xAE3C,0xB63D,0xB63D,0xAE1D,0xA5BD,0x9D7C,0x957C,0x9D9C,0x9D9D,
    0xA5DE,0x9DBD,0xA5DD,0xA5DC,0xB61D,0xB63C,0xC6BD,0xDF3E,0xCEDD,0xCEBD,0xB61D,0xADFE,0xA5BD,0xA59D,0xA5DD,0xADDE,
    0xA5DD,0xA5DC,0x9DBC,0x9D9D,0x9D7C,0x9D9D,0x9D9D,0x9D9D,0xA5BD,0xADDD,0xB61D,0xC69D,0xD6FF,0xC6BE,0xBE5D,0xB61C,
    0xB61D,0xADFD,0x9D9C,0x9D9D,0x9DBD,0x9D9D,0x9D7D,0x955D,0x8D5C,0x959D,0x959D,0x8D7C,0x8D3C,0x8D5D,0x8D5E,0x8D5D,
    0x8DA3,0x95C3,0x95E4,0x9E04,0x9604,0x95E4,0x9E04,0x9E44,0x9E25,0x95E4,0x95E4,0x9E05,0x9E25,0x9605,0x9E25,0x9625,
    0x9E05,0x9604,0x95E5,0x9604,0x95C4,0x95E4,0x95C5,0x8DA5,0x95A5,0x8DC6,0x8D85,0x95A6,0x8D86,0x8D85,0x8D86,0x8544,
    0x8545,0x8544,0x8D85,0x8545,0x8544,0x8D85,0x8545,0x8D65,0x8D86,0x8545,0x8545,0x8D85,0x8545,0x7D05,0x8525,0x8546,
    0x8546,0x8525,0x7D05,0x8526,0x8525,0x7D05,0x7D05,0x7CE4,0x74C4,0x7CE4,0x7CC4,0x7CE5,0x7CC4,0x7484,0x7484,0x7CA5,
    0x7CE5,0x7CA4,0x7484,0x7484,0x7484,0x7CA5,0x7485,0x74A5,0x6C64,0x7485,0x74A5,0x6424,0x6C44,0x6C44,0x6C44,0x6C64,
    0x6C85,0x6C44,0x6C64,0x6C64,0x74A4,0x6C64,0x6C64,0x6423,0x6423,0x6423,0x6403,0x6424,0x6C23,0x6403,0x6423,0x6C23,
    0x6444,0x6C44,0x6C65,0x6C44,0x6424,0x6C24,0x6445,0x6C44,0x6424,0x6C25,0x6405,0x6405,0x63E4,0x6424,0x6425,0x6405,
    0x5C24,0x6425,0x5BE3,0x5BE4,0x63E5,0x5BE4,0x5BA4,0x5BC4,0x5BC4,0x5BA3,0x5BC4,0x5BE4,0x5BC4,0x63E4,0x63E5,0x6405,
    0x5BC4,0x63E4,0x5BC4,0x5BC4,0x5BA4,0x53A3,0x5B84,0x53A4,0x5BA4,0x5364,0x5364,0x5364,0x4B24,0x4303,0x4B04,0x4303,
    0x4AE4,0x42E3,0x42C4,0x42E4,0x42C3,0x3AC4,0x42C4,0x42C4,0x3AC4,0x42C5,0x42C4,0x42C4,0x42E4,0x42C4,0x42E5,0x42E5,
    0x42C4,0x42C4,0x42C4,0x42C4,0x42E4,0x42C4,0x42A4,0x3AA5,0x3AA4,0x3AA5,0x3A84,0x42A5,0x3A84,0x3A84,0x3A84,0x3A64,
    0x3264,0x3A44,0x3244,0x3244,0x3263,0x3244,0x3264,0x3245,0x3265,0x3225,0x3A25,0x3A26,0x3225,0x3A25,0x3225,0x3204,
    0x3224,0x3224,0x3A44,0x3224,0x3223,0x3223,0x2A02,0x29E3,0x29E3,0x29E3,0x29C4,0x29E5,0x3226,0x3A68,0x4AA9,0x532B,
    0x5B6D,0x7430,0x7CB2,0x9516,0xA598,0xB63A,0xC67C,0xD6DD,0xD6FE,0xCEBE,0xCE9E,0xBE7E,0xBE3D,0xAE1D,0xADBD,0xA5BD,
    0x9D9C,0xA5DB,0xB63C,0xBE7C,0xBE9C,0xD6FF,0xCEBD,0xD6DD,0xCEFE,0xCEDE,0xC69E,0xBE7D,0xC67E,0xCE9E,0xBE3E,0xB5FE,
    0xADDB,0xC67C,0xEF9E,0xE75D,0xEF9E,0xE75E,0xD71D,0xD6FD,0xD6FD,0xE79E,0xF7BE,0xF7BE,0xFFDE,0xF7BE,0xF7BD,0xEF9D,
    0xDF3F,0xDF3E,0xCEFE,0xC65C,0xBE5D,0xBE5D,0xB61D,0xBE1C,0xBE5C,0xB63C,0xBE3C,0xBE3D,0xB63D,0xB63D,0xADDD,0x9D7C,
    0x9D7C,0xA59D,0xA5BD,0xADDD,0xB5FD,0xBE3D,0xC69D,0xD71F,0xD71E,0xC6BE,0xAE3C,0x9DBD,0x9D7E,0x9D7D,0x9D7D,0x9D9D,
    0xA5BD,0x9DBE,0xA5DD,0xA5DD,0x9DBD,0x9D9D,0x9D9C,0x9D9D,0xA5BD,0xADDD,0xB63E,0xBE3E,0xC67D,0xBE9D,0xB63C,0xAE1C,
    0xAE1D,0xA5FD,0xADFD,0xA5BE,0x9D9E,0x9D9E,0x959D,0x957E,0x8D5D,0x955D,0x959C,0x957D,0x8D5C,0x855D,0x853D,0x853D,
    0x9E24,0x9E24,0x9E24,0x9603,0x9E25,0x9E04,0x9624,0x9E25,0xA645,0x9E24,0x95E4,0x9E25,0x95E5,0x8DE4,0x95C5,0x8DC4,
    0x85A4,0x8DA4,0x8DC4,0x8DA4,0x8DA4,0x8DA4,0x8DA5,0x9585,0x8D85,0x8D66,0x8D67,0x8D87,0x8D46,0x8546,0x8D46,0x7D05,
    0x8546,0x8526,0x8546,0x8525,0x8525,0x8525,0x8526,0x8526,0x8526,0x8506,0x8D47,0x7D06,0x7CE5,0x7484,0x7CE6,0x7D06,
    0x7D05,0x7CE6,0x7CE5,0x7484,0x6C64,0x74A4,0x7484,0x74A4,0x74C5,0x74A4,0x7483,0x7CC4,0x7CC5,0x7CC4,0x74A4,0x84E5,
    0x7CE6,0x74A5,0x7464,0x7CA6,0x7465,0x7465,0x7CC7,0x74A5,0x7485,0x7CA7,0x74A7,0x6C46,0x6405,0x6C25,0x6425,0x6C45,
    0x6C25,0x6C25,0x6C25,0x6C64,0x6C65,0x7485,0x7485,0x6C65,0x7465,0x6424,0x6404,0x6C24,0x6424,0x6423,0x6424,0x5BE2,
    0x5BC4,0x63E4,0x5BC4,0x5BA4,0x5BC4,0x5BA4,0x5BE4,0x63E4,0x6404,0x6404,0x5BE4,0x5BA3,0x4B62,0x53C4,0x5BC4,0x53A3,
    0x5384,0x53C3,0x5BE4,0x63E4,0x5BE5,0x5BA4,0x5363,0x5BC4,0x5BC4,0x5BC4,0x5B84,0x5BA5,0x63C5,0x5BC5,0x5BA4,0x5BA4,
    0x5BA4,0x53C4,0x63E4,0x63E4,0x6404,0x5BE4,0x5BC3,0x5BC5,0x5BC4,0x5BA4,0x5BC5,0x5BC5,0x5BA4,0x5B85,0x53A5,0x5B85,
    0x4B44,0x4B24,0x4B23,0x4B04,0x42E4,0x42E4,0x42C4,0x42C4,0x42C4,0x42A4,0x3AA4,0x3A84,0x3A84,0x3A84,0x3AA4,0x4284,
    0x3AA4,0x3AA4,0x42C4,0x3AC4,0x42E5,0x42E4,0x42A4,0x3AA4,0x42A4,0x42A4,0x3A84,0x3AA4,0x3A84,0x3A83,0x3A84,0x3A84,
    0x3A84,0x3A84,0x3A64,0x3264,0x3A44,0x3244,0x3224,0x3223,0x3224,0x2A24,0x2A04,0x3224,0x2A24,0x3224,0x3224,0x3224,
    0x3224,0x3225,0x3A45,0x3224,0x3223,0x3A24,0x3244,0x3A44,0x3224,0x3244,0x3244,0x3224,0x3224,0x3224,0x3203,0x29E3,
    0x3204,0x29E3,0x29E4,0x2A05,0x3226,0x4288,0x4ACA,0x636C,0x7C2F,0x8492,0x8494,0x8495,0xADF9,0xD71E,0xC67D,0xC67E,
    0xD71F,0xD6DE,0xD71F,0xDF1E,0xCEBD,0xCE9D,0xBE7D,0xB63C,0xB61C,0xADBC,0xA5BB,0xA5FC,0xADBC,0xB5FD,0xC65E,0xCE7E,
    0xCE9D,0xCE7C,0xDEFD,0xEF5D,0xEF9E,0xDF1D,0xCEDC,0xC69C,0xD6FD,0xE77E,0xF79E,0xF79E,0xEF9E,0xF79E,0xEF7D,0xE73D,
    0xD71D,0xD6DD,0xCEBD,0xC69D,0xD6DE,0xD6FF,0xD6BE,0xD6DD,0xE75E,0xE75E,0xE75D,0xEFBE,0xF7BF,0xEF9E,0xE73E,0xD6DE,
    0xBE3C,0xC69E,0xC67D,0xDF3F,0xD6FD,0xCEBC,0xC67C,0xBE3C,0xB63C,0xB61C,0x9DDC,0x9D7C,0x955C,0x955C,0x955B,0x9D7C,
    0x9D9D,0x9D7C,0x9D7B,0xA5BC,0xADDC,0xA5BD,0xA5BD,0xADFD,0xADDD,0xADDE,0xADDD,0xB5FD,0xB5FD,0xADFC,0xAE1D,0xADFD,
    0xA5BD,0xA5BD,0xA5DE,0x9DBE,0x9D9E,0x955D,0x955D,0x8D5D,0x8D3D,0x853D,0x84FC,0x851D,0x84FD,0x7CFD,0x7CFD,0x7CDD,
    0x9E04,0x9DE4,0x95C4,0x9E05,0x9DE5,0x9DC5,0x95E5,0x95C5,0x95E5,0x95C5,0x95C5,0x8DA5,0x8D85,0x8DA5,0x8DC5,0x8D85,
    0x8DA4,0x8DA5,0x8584,0x8D85,0x8544,0x9585,0x8D65,0x8564,0x8524,0x8545,0x7CE5,0x7CC4,0x7CE5,0x7D05,0x7CE5,0x8D47,
    0x8527,0x84E6,0x8546,0x7CE5,0x7CE5,0x8546,0x7CE5,0x7484,0x7CC5,0x74A4,0x7CA4,0x7CC5,0x7484,0x74A4,0x7CE5,0x7CC5,
    0x7CE5,0x7CE5,0x7CE6,0x7CE4,0x7CE5,0x74C4,0x7CE5,0x74A4,0x7CE5,0x8505,0x8505,0x84E5,0x8505,0x8505,0x8505,0x7CE5,
    0x74A3,0x7CA4,0x7CC5,0x7485,0x7485,0x7CA6,0x7484,0x6423,0x6C44,0x7485,0x6424,0x6C24,0x63E4,0x63E4,0x6C25,0x6C25,
    0x6C45,0x6404,0x6C25,0x7445,0x6C45,0x6404,0x6C05,0x6404,0x63C4,0x6405,0x63E4,0x6C25,0x6C25,0x6C44,0x7465,0x7445,
    0x7464,0x6C85,0x6C44,0x6C65,0x6C45,0x6C65,0x6C25,0x6404,0x6425,0x6C25,0x6424,0x6424,0x6424,0x6404,0x5BE4,0x53A4,
    0x53A4,0x5BC4,0x5BC3,0x5BC5,0x5BA4,0x5383,0x53A4,0x5BC4,0x5384,0x4B43,0x5363,0x5BC4,0x5BE4,0x5383,0x5383,0x5384,
    0x5BA4,0x5383,0x5BC4,0x5BC4,0x63E4,0x5BE4,0x6C25,0x6405,0x63E5,0x5BC4,0x5BC4,0x5BA4,0x53A4,0x5BA4,0x5383,0x5384,
    0x5B84,0x5384,0x5BA5,0x5385,0x5365,0x5344,0x4B45,0x4B04,0x42E4,0x4304,0x42C4,0x42C4,0x3AA3,0x42C4,0x3AA3,0x3A83,
    0x3AA4,0x3AA3,0x3A84,0x3A83,0x42A4,0x3AA4,0x42C4,0x42C5,0x3AA4,0x3AA4,0x42C4,0x42A4,0x3AA4,0x42A4,0x3AA4,0x3AA4,
    0x3A84,0x3AA5,0x3A84,0x3A84,0x3A84,0x3A84,0x3A84,0x3A65,0x3A64,0x3A64,0x3264,0x3244,0x3264,0x3244,0x3223,0x2A24,
    0x3224,0x3A24,0x3224,0x3204,0x3224,0x3204,0x3224,0x3205,0x3204,0x3205,0x3205,0x3205,0x3204,0x3204,0x2A04,0x3204,
    0x3225,0x3205,0x3225,0x3224,0x3224,0x2A04,0x29C4,0x29C3,0x29A2,0x29C3,0x29E3,0x31E4,0x3A66,0x5308,0x5B4A,0x6BAD,
    0x8C92,0xAD75,0xBDF7,0xCE9A,0xDEFD,0xDF1E,0xDF3F,0xCEDE,0xCEBE,0xBE9E,0xC67E,0xCEDF,0xBE9E,0xCE5D,0xCEBE,0xDEFD,
    0xE77E,0xEF7E,0xE75E,0xEF9E,0xEF7E,0xD6DD,0xCEBC,0xBE9C,0xC65C,0xCE9D,0xD6BD,0xDEFD,0xE73D,0xE73E,0xDEFE,0xDEDE,
    0xD6DD,0xD71E,0xDEFD,0xCEDD,0xD6BD,0xDF1E,0xCEDD,0xD6DC,0xDF3E,0xEF9E,0xEF7E,0xEF7E,0xEF7E,0xE71C,0xE73C,0xEFBE,
    0xE75E,0xC69C,0xC69C,0xD6FD,0xE77E,0xE75E,0xCEDC,0xC67D,0xC69E,0xCEBF,0xBE5D,0xADFD,0xBE7F,0xC6BE,0xBE7E,0xB61D,
    0xBE5E,0xBE3E,0xC67D,0xCEFE,0xD71E,0xC69E,0xADFD,0xADDD,0xA5BD,0xADDD,0xB63E,0xB61D,0xB5FC,0xADDC,0xA59C,0xA59C,
    0x953C,0x953C,0x953C,0x84DC,0x8D1C,0x84FC,0x851D,0x84FC,0x7CFC,0x84FC,0x8D1C,0x84FC,0x84DC,0x7CDC,0x7CBC,0x7CBD,
    0x95A5,0x95C5,0x95C6,0x95C6,0x8D65,0x8D64,0x8D85,0x8D85,0x8D85,0x8D85,0x8D65,0x8524,0x8565,0x8DA5,0x8D85,0x8565,
    0x8D85,0x8565,0x8545,0x8565,0x8D86,0x8545,0x8565,0x8D66,0x8524,0x8545,0x8525,0x8525,0x8545,0x7CE5,0x7CE4,0x7D04,
    0x7CE5,0x7D05,0x74C4,0x7D04,0x8525,0x7D04,0x7D05,0x8526,0x8D46,0x8506,0x8506,0x8526,0x7CC5,0x8525,0x7D05,0x7D05,
    0x7CE4,0x7CE5,0x8525,0x8566,0x8505,0x7D04,0x8525,0x7D04,0x7D04,0x7CE4,0x74A4,0x74A4,0x7CE5,0x7CC4,0x74A4,0x7CC4,
    0x7CC3,0x8504,0x8505,0x7CC4,0x7CC5,0x7CC5,0x7CE5,0x7D05,0x6C84,0x74A5,0x74A6,0x7485,0x6C45,0x6C44,0x63E4,0x6C24,
    0x6404,0x6404,0x7446,0x6404,0x6C25,0x6C05,0x6C25,0x63E5,0x63E5,0x6C26,0x6C05,0x5BA4,0x6404,0x7426,0x6404,0x63E4,
    0x6404,0x6C44,0x7486,0x6C65,0x6C65,0x6404,0x6425,0x6425,0x6C24,0x6445,0x6C24,0x6C45,0x6C45,0x5C04,0x6425,0x6445,
    0x6404,0x6445,0x6403,0x5BE4,0x5363,0x5BA4,0x5BC4,0x6406,0x63E5,0x5BC4,0x6404,0x5BA4,0x53A3,0x63E4,0x5BC4,0x5BC4,
    0x5BC4,0x5BC5,0x5BA4,0x5BA4,0x5BC3,0x53A3,0x6C45,0x5BC4,0x5363,0x5BC4,0x5BC5,0x5BC5,0x5BC5,0x5BA4,0x5BC4,0x5BC4,
    0x5384,0x5384,0x5384,0x5363,0x5364,0x5384,0x5BA5,0x5364,0x5364,0x4B24,0x4B24,0x4B04,0x4304,0x4AE4,0x42E4,0x42C3,
    0x42A4,0x42C4,0x42C4,0x42C5,0x42C5,0x42C4,0x3AA4,0x3AA4,0x42C3,0x42C4,0x3AC4,0x42C4,0x42C4,0x42E4,0x42E4,0x42C4,
    0x42C5,0x42C5,0x42A4,0x42C4,0x42C4,0x3AA3,0x3AA4,0x3AA4,0x42C4,0x3AA5,0x42A4,0x4284,0x4284,0x3A64,0x3A64,0x3A64,
    0x3A43,0x3244,0x3223,0x3223,0x3224,0x3244,0x3A24,0x3224,0x3224,0x3224,0x3204,0x3225,0x3224,0x3224,0x2A24,0x3224,
    0x3225,0x3224,0x3224,0x3224,0x3A25,0x3225,0x3A25,0x3A45,0x3A44,0x3A44,0x3A44,0x3A45,0x3223,0x3203,0x3203,0x31C4,
    0x29C2,0x29C3,0x3203,0x3A66,0x4AE8,0x5B2B,0x7C0F,0x8CB2,0xA576,0xBE3A,0xC67B,0xCEDD,0xD6FD,0xD6FD,0xDF3D,0xE75E,
    0xEF9E,0xEFBE,0xEF9E,0xEF5D,0xD71D,0xCEBC,0xC69D,0xC6BD,0xC6BD,0xD6DE,0xCEDD,0xD6FD,0xD6FD,0xCEDC,0xCEBC,0xCEDD,
    0xD6DE,0xD6DD,0xD6FE,0xD6BD,0xCEBD,0xD6FD,0xCEBD,0xC69C,0xC69C,0xD6FD,0xD6DC,0xCE9C,0xD69C,0xDEDD,0xE75F,0xE75F,
    0xE75E,0xCEBE,0xBE3D,0xADFD,0xBE5D,0xCEFE,0xCEBE,0xC67E,0xCE7E,0xC67D,0xBE5C,0xB61C,0xC67D,0xC67D,0xC6BE,0xBE5D,
    0xBE1D,0xB61C,0xC67D,0xD71E,0xD73E,0xCEBE,0xBE3D,0xA5BD,0xA5DD,0xADBC,0xB61D,0xC69E,0xC69E,0xC67D,0xBE5D,0xB63D,
    0xB5FD,0xADFD,0xADFE,0x9D9D,0x957D,0x955D,0x8D3C,0x8D5D,0x957D,0x9D9D,0xA5DD,0xAE3E,0xAE1F,0x9D7D,0x955D,0x957D,
    0x95C5,0x95C4,0x95E5,0x95C4,0x95C4,0x8DA4,0x95C5,0x8D84,0x95C4,0x8D64,0x8584,0x8DA4,0x95C5,0x95A5,0x8D84,0x8564,
    0x8564,0x8544,0x8544,0x8D65,0x8565,0x8544,0x8D85,0x8D65,0x8D85,0x8DA5,0x8D64,0x8585,0x8D64,0x7D24,0x8544,0x8565,
    0x8D65,0x8D85,0x8D45,0x8545,0x8544,0x8D65,0x8D45,0x7D24,0x8505,0x7D04,0x8526,0x8526,0x8567,0x7D05,0x7CE5,0x7D05,
    0x74A4,0x7CC4,0x7CE5,0x7484,0x6C63,0x74A4,0x7CE5,0x7CC4,0x74C3,0x7CE5,0x7CC5,0x74A4,0x7484,0x6C84,0x74A4,0x74A4,
    0x7CA5,0x7483,0x7CC4,0x7CA4,0x7CE5,0x7CC4,0x74A4,0x7CC5,0x6C43,0x6C23,0x74A4,0x74A5,0x6C84,0x7485,0x6C64,0x6C65,
    0x7466,0x6C45,0x6C26,0x6C65,0x7C86,0x7486,0x7466,0x7466,0x7466,0x6C25,0x6C46,0x6405,0x6C26,0x6C46,0x5BE4,0x5BC4,
    0x5364,0x5364,0x6C05,0x6C26,0x63C4,0x63C5,0x6C25,0x6425,0x6C25,0x6405,0x5BC4,0x63E5,0x5BC4,0x63E4,0x6405,0x6404,
    0x6C25,0x6444,0x6404,0x6404,0x5BE4,0x6405,0x63E4,0x53A3,0x63E4,0x63E4,0x5BC3,0x5BC4,0x5BC3,0x5BE4,0x63E4,0x6404,
    0x5BC4,0x5BA4,0x5BC4,0x5BC4,0x5BE5,0x63E5,0x5BC4,0x5BA4,0x53A3,0x5B84,0x5364,0x5384,0x5B84,0x5363,0x5384,0x5BA4,
    0x5BA4,0x5BA4,0x5BA4,0x5BA5,0x5384,0x5363,0x5364,0x5364,0x4B64,0x5364,0x5385,0x5B85,0x5384,0x5364,0x4B24,0x4B24,
    0x4B24,0x4B24,0x4304,0x4B04,0x42E4,0x42E4,0x42E4,0x42E4,0x42E4,0x42E4,0x42E4,0x42E4,0x42C4,0x42C4,0x42C4,0x42C4,
    0x42E4,0x42E4,0x42E5,0x4B04,0x4304,0x4B04,0x4B04,0x42E4,0x42E4,0x42C4,0x42C4,0x3AC4,0x3AA4,0x3AC4,0x3AA4,0x3AA4,
    0x3AA4,0x3A84,0x3A84,0x3243,0x3A84,0x3A64,0x3264,0x3A64,0x3A64,0x3A64,0x3A64,0x3244,0x3244,0x3224,0x3224,0x3224,
    0x3224,0x3224,0x3204,0x3224,0x3224,0x3A24,0x3224,0x3224,0x3224,0x3204,0x3224,0x3224,0x3A45,0x3A24,0x3245,0x3A44,
    0x3A45,0x3A45,0x3A45,0x3204,0x3204,0x29C3,0x29C3,0x21C3,0x29E4,0x3205,0x3A48,0x52EA,0x5B4C,0x6BCE,0x94F2,0xADD6,
    0xBE38,0xCEBA,0xDF3C,0xDF5D,0xE77E,0xDF1E,0xD6DE,0xCEBE,0xD6BE,0xD71E,0xD6DD,0xD6DD,0xCEBD,0xCEBD,0xCEBD,0xCEBC,
    0xCEBD,0xCEBD,0xC67C,0xCE9C,0xCE9D,0xCEBD,0xD6DD,0xCEBC,0xCEBC,0xDEFE,0xD71E,0xDEFD,0xCEDD,0xCEBD,0xCEDD,0xD6DD,
    0xD6FD,0xCEBE,0xBE3D,0xAE1E,0xA5DD,0xB5FD,0xCE9F,0xCE7D,0xBE7D,0xBE7C,0xB65C,0xAE3C,0xADFC,0xAE1D,0xB65E,0xB61D,
    0xAE1E,0xADBD,0xADDC,0xBE3D,0xCE9E,0xC69E,0xB63D,0xADDE,0xA5BD,0xB61D,0xBE5C,0xC67D,0xCEDE,0xDEDE,0xDEFE,0xD6FD,
    0xBE7C,0xB65D,0xB61D,0xA61D,0xA5FD,0xAE1D,0xB61E,0xBE5E,0xCEBD,0xC67D,0xB61C,0xB5FC,0xB61E,0xAE1E,0xA5BE,0xA5BD,
    0x95E4,0x9E05,0x95E5,0x95C4,0x95C4,0x95E5,0x9E05,0x9605,0x95E5,0x95C4,0x95E5,0x95A4,0x95E5,0x95C3,0x95E4,0x95C4,
    0x95C4,0x95C4,0x8DA4,0x8DA4,0x8D84,0x8D84,0x8524,0x8563,0x8D64,0x8584,0x8D64,0x8D83,0x8544,0x8543,0x8D64,0x8564,
    0x8525,0x7D04,0x8544,0x8524,0x7D04,0x7D24,0x8525,0x7D04,0x8524,0x7D05,0x7D04,0x7CC4,0x74A4,0x74C4,0x7CE4,0x8505,
    0x7CE4,0x74A4,0x7D04,0x7CE5,0x74C4,0x74C4,0x6442,0x6442,0x7CE4,0x74C5,0x74A5,0x6C64,0x7CC5,0x7CC5,0x74C5,0x74A5,
    0x7CC5,0x6C63,0x7CE5,0x74A4,0x74A4,0x7CA5,0x7484,0x74E5,0x7484,0x6C84,0x74A5,0x74A5,0x7485,0x74C5,0x7CC5,0x6C84,
    0x7485,0x6C85,0x6C45,0x7485,0x7465,0x6C24,0x7465,0x7465,0x7466,0x7466,0x6C45,0x6C65,0x6C65,0x6C44,0x7486,0x6C45,
    0x63E6,0x63A5,0x63E5,0x6C05,0x6405,0x6C05,0x5BA5,0x5B85,0x5BC5,0x5BC5,0x6C26,0x6426,0x63E5,0x63E5,0x63E6,0x6405,
    0x6C26,0x6425,0x6C46,0x7466,0x6C65,0x6C24,0x6445,0x6424,0x6C44,0x6424,0x5BE3,0x6404,0x6404,0x6424,0x5BC3,0x5BC3,
    0x5BC3,0x5BA3,0x53A3,0x5BA3,0x53A3,0x5BA3,0x6404,0x63E5,0x5BC4,0x53A3,0x5BA4,0x5BA4,0x5BC4,0x5BA5,0x5BC5,0x5BC5,
    0x5BA4,0x5364,0x5BC5,0x5BC4,0x5BA4,0x5364,0x5364,0x5364,0x4B23,0x5344,0x5383,0x5384,0x5384,0x5364,0x5384,0x5365,
    0x4B44,0x5345,0x5345,0x4B45,0x4B24,0x4B04,0x4B05,0x42E4,0x42C4,0x42C4,0x42E4,0x4AE4,0x42E4,0x42C4,0x3AC4,0x42C4,
    0x42C4,0x42C4,0x3AA4,0x42C3,0x42C3,0x42C3,0x3AC3,0x42C4,0x42C4,0x42E5,0x42E5,0x4AE5,0x42C4,0x42C4,0x42C4,0x42C4,
    0x42C4,0x3AA3,0x42A4,0x3AA4,0x3AA5,0x3A84,0x3AA5,0x3A64,0x3A84,0x3A85,0x3264,0x3A64,0x3264,0x3A44,0x3A24,0x3224,
    0x3A24,0x3224,0x3203,0x3224,0x3203,0x3224,0x3224,0x3203,0x3204,0x29E3,0x3203,0x31E3,0x3204,0x3204,0x3203,0x3204,
    0x3245,0x3A45,0x3224,0x3A45,0x3A45,0x3A45,0x3A64,0x3A65,0x3A44,0x3A25,0x3225,0x31E5,0x29C4,0x29C4,0x29C4,0x29C4,
    0x3205,0x4247,0x4AA8,0x5B4B,0x740F,0x8CB3,0x9D36,0xADB9,0xBE1A,0xC67C,0xD6DE,0xD6FE,0xD6DE,0xD6DD,0xCEBE,0xCE9D,
    0xC65D,0xC69E,0xC67D,0xBE5D,0xBE7C,0xC6BE,0xD6BD,0xDEDE,0xC61C,0xBE1D,0xC65E,0xCE9D,0xC67D,0xBE7D,0xBE3C,0xB63C,
    0xB61D,0xBE5D,0xBE5E,0xB63E,0xA5FD,0xA5BC,0xB5FD,0xB63D,0xB63D,0xB65D,0xBE5D,0xBE7E,0xCEFE,0xD6FE,0xC67D,0xB5DC,
    0xA5DD,0xADDD,0xADFC,0xADDC,0xBE9E,0xD6FF,0xB65D,0xA5DC,0xADBC,0xB61D,0xCEFF,0xCEBE,0xBE3D,0xBE1C,0xC69E,0xD6FE,
    0xD71F,0xC69D,0xBE7D,0xC69D,0xBE7E,0xA57C,0xADBD,0xC65E,0xCEBE,0xCEBD,0xBE5D,0xB5FD,0xA5BD,0xA5BE,0x9DBD,0x9D9C,
    0x8DA4,0x8D83,0x8584,0x8D84,0x8583,0x8DA4,0x8DA3,0x95A3,0x8DC3,0x8DA3,0x8DA3,0x8DA3,0x8DA3,0x8D83,0x8583,0x8D83,
    0x8583,0x8563,0x8543,0x8544,0x8523,0x7D23,0x7D23,0x7D03,0x7D23,0x8524,0x7D03,0x74E3,0x7D23,0x7D04,0x7D03,0x7CE4,
    0x7D03,0x7D04,0x8524,0x7CE4,0x7CE3,0x7D04,0x8524,0x7D03,0x74C3,0x74C3,0x74C3,0x7D04,0x7D04,0x7CE4,0x7CE4,0x8505,
    0x74C3,0x74A3,0x74E4,0x8545,0x7CE3,0x7CE4,0x7CC4,0x7CE4,0x74C5,0x7483,0x74A4,0x74A4,0x74C4,0x74A5,0x7CE5,0x7CC5,
    0x6C84,0x74A4,0x7CC6,0x74A5,0x7CE5,0x74A5,0x74A4,0x7484,0x74A4,0x74A4,0x6C84,0x7485,0x74C5,0x7CC4,0x74A4,0x7484,
    0x7485,0x6C84,0x7465,0x6C64,0x6C44,0x63E3,0x6C24,0x6403,0x6C04,0x6404,0x5BC3,0x5BA2,0x6404,0x6C45,0x7486,0x6425,
    0x63E4,0x6C44,0x6C44,0x7464,0x7465,0x6C44,0x6405,0x5BC4,0x63E5,0x6425,0x6404,0x6404,0x5BC3,0x5384,0x5BC4,0x5BA4,
    0x6405,0x5BC5,0x5BC4,0x5BC4,0x5BA4,0x5BC4,0x5BC4,0x5BC4,0x63C5,0x6425,0x7465,0x6424,0x6C45,0x6403,0x5BE3,0x5BE3,
    0x6404,0x6424,0x6404,0x6C45,0x6403,0x53A3,0x5BC3,0x5BE3,0x5382,0x5383,0x5BC4,0x53A3,0x5BA4,0x53A4,0x5363,0x4B43,
    0x4B43,0x5BA4,0x5BA4,0x53A4,0x5BC4,0x63E5,0x5BA4,0x5BA5,0x5BC5,0x5BC5,0x5BA4,0x5BA4,0x5BA4,0x5BC5,0x5384,0x4B43,
    0x5344,0x5364,0x5364,0x5344,0x4B45,0x5344,0x5366,0x5325,0x4B25,0x5325,0x4B05,0x42E4,0x42C4,0x42C4,0x42C4,0x42C4,
    0x42C4,0x42E5,0x42E4,0x4AE4,0x4304,0x4305,0x4AE5,0x42E4,0x42C4,0x42E5,0x42C4,0x42C4,0x42C4,0x42C4,0x42E4,0x42C4,
    0x42E4,0x42E4,0x42E4,0x4AE5,0x42A4,0x3AA4,0x42A4,0x3AA5,0x3AA5,0x3A84,0x3A85,0x3A84,0x3A64,0x3A44,0x3A64,0x3A65,
    0x3A64,0x3A44,0x3A44,0x3244,0x3A44,0x3A64,0x3A24,0x3224,0x3223,0x3224,0x3224,0x3223,0x3203,0x3224,0x3224,0x3203,
    0x3204,0x3224,0x3204,0x3224,0x3224,0x3245,0x3204,0x3224,0x3224,0x3224,0x3A44,0x3A44,0x3A64,0x3A65,0x3A44,0x3A44,
    0x3224,0x3204,0x3204,0x29E3,0x21A2,0x29C3,0x29C4,0x31E6,0x3A47,0x4AAA,0x530D,0x6BB0,0x8473,0x9D58,0xAD99,0xADBA,
    0xB61D,0xB61E,0xB61E,0xB5FE,0xB5DE,0xADBE,0xADBD,0xBE5D,0xB61E,0xADBC,0xADDC,0xADFD,0xA5BC,0xA5BD,0xA5BD,0x9D9C,
    0x9D9C,0x9D7C,0x9D7B,0x9D9D,0x9D7C,0x9D9D,0x9D7C,0x9D5C,0x953C,0x955C,0xA57D,0xADDD,0xBE7D,0xC69D,0xBE3C,0xB5BD,
    0x9DBD,0xA5DD,0xA5DD,0x9D7C,0xA5DC,0xB61E,0xAE1D,0xADFE,0xA5DD,0x9D7C,0x9519,0x7C98,0x6375,0x4AF5,0x5356,0x5314,
    0x7C78,0xA5BD,0xB63E,0xCEDF,0xC69E,0xADDD,0xA59D,0xA59D,0xA5DE,0xB61E,0xB61D,0xADDD,0xA5DD,0xA5DE,0xA5DD,0xAE3E,
    0x95E4,0x95E4,0x95E4,0x9DE4,0x95E4,0x95E4,0x95C3,0x95E4,0x9DE4,0x95C4,0x95C3,0x8DA3,0x95C3,0x9604,0x8DA3,0x8DA3,
    0x95A4,0x8D83,0x8DC4,0x95A4,0x8D84,0x8DA4,0x95A5,0x8DA4,0x8543,0x8563,0x8543,0x8544,0x8D64,0x8544,0x8524,0x8544,
    0x8D85,0x95C6,0x8D84,0x8544,0x8584,0x8D64,0x8565,0x8D65,0x8565,0x8544,0x8D85,0x8D44,0x8544,0x7D24,0x8544,0x7D24,
    0x8D65,0x8D65,0x8544,0x8524,0x7D23,0x8544,0x7D05,0x7CE4,0x7CE5,0x7CC4,0x74C4,0x74C4,0x7CC4,0x74C4,0x7CE4,0x74A3,
    0x6C43,0x6443,0x6C43,0x6422,0x7485,0x74A4,0x74C5,0x7D05,0x7CE6,0x7CE6,0x7CC5,0x74A5,0x7CC5,0x7CC6,0x74C5,0x6C85,
    0x7485,0x6C64,0x6C44,0x6C44,0x7464,0x7CA5,0x74A5,0x7465,0x6C44,0x6C44,0x6C85,0x6424,0x6424,0x6C44,0x6C65,0x6C44,
    0x6C24,0x7464,0x7484,0x7CA5,0x6C64,0x7465,0x7485,0x6C64,0x7484,0x6C65,0x6C44,0x6C45,0x5C04,0x6C24,0x6425,0x6404,
    0x6C45,0x63E4,0x63E4,0x6425,0x63E4,0x63E5,0x5BC4,0x5383,0x5BA4,0x6405,0x6425,0x63E5,0x5BE4,0x63E4,0x63E5,0x6404,
    0x6404,0x6403,0x6404,0x6424,0x6424,0x6C24,0x6444,0x6404,0x6424,0x6404,0x6404,0x5BE4,0x5BC4,0x5BA4,0x5BA3,0x53A4,
    0x5BA4,0x63E4,0x53A4,0x5B83,0x5BE4,0x5BC4,0x5BA4,0x5BC4,0x5BC5,0x5BC4,0x5BC4,0x5BC4,0x5BE5,0x5BC4,0x5BA4,0x5BA4,
    0x5BA4,0x5384,0x4B64,0x5343,0x4B44,0x4B44,0x4B24,0x4B44,0x4B25,0x4B44,0x5345,0x4B45,0x4B24,0x4B24,0x4304,0x42E4,
    0x4B04,0x42E3,0x42E4,0x42E4,0x42C4,0x42C3,0x42C4,0x3AA4,0x42A4,0x3AA4,0x42C4,0x42C4,0x3AC4,0x3AA4,0x3AA4,0x3AA4,
    0x42A3,0x3AA3,0x3AA3,0x3AA3,0x3AA3,0x3A83,0x3A84,0x3A84,0x3A64,0x3A63,0x3A84,0x3A84,0x3A84,0x3A64,0x3A64,0x4284,
    0x3A85,0x3A64,0x3A64,0x3A64,0x4284,0x3A64,0x3244,0x3A63,0x3A64,0x3A44,0x3A44,0x3244,0x3A44,0x3244,0x3A44,0x3244,
    0x3224,0x3224,0x3224,0x3224,0x3204,0x3203,0x3204,0x31E4,0x3203,0x3204,0x3204,0x3204,0x3223,0x3203,0x3224,0x3244,
    0x3245,0x3A44,0x3245,0x3A44,0x3A45,0x3A44,0x3244,0x3204,0x3204,0x29E3,0x29E3,0x29C4,0x29C4,0x31E5,0x3207,0x4289,
    0x4AED,0x5B4F,0x6BD2,0x7C35,0x84B7,0x9D3A,0x9D7B,0x9D9C,0xB61D,0xB63E,0xADBB,0x9CD8,0xA55A,0xA5BD,0xA59D,0x9D9D,
    0x957D,0xA5BD,0xADFD,0xA59D,0xADDD,0xA5DD,0xA5DC,0xA5BD,0xA59D,0xA5BD,0x9D9C,0xA5BD,0xB63E,0xBE7D,0xAE1D,0xADDD,
    0xA5BD,0x9D9D,0x959D,0x9D7D,0x8CFC,0x849B,0x7C79,0x6C18,0x5B97,0x5335,0x42F4,0x42B3,0x3AD5,0x3AD5,0x3AB5,0x3274,
    0x3234,0x3A94,0x5316,0x6C18,0x953C,0xA5DE,0x955C,0x9D9D,0x9D9D,0xA5BD,0xADBD,0xA59C,0xADDD,0x9D7B,0x8D1B,0x955C,
    0x8D83,0x8D83,0x8D83,0x8DA3,0x8DA3,0x8D83,0x8DA3,0x8D83,0x8DA3,0x8562,0x8D83,0x7D42,0x8D82,0x8DC2,0x8DA2,0x8DA2,
    0x8DC2,0x8DA2,0x95C3,0x8DC3,0x95E4,0x95C3,0x8DC3,0x95C3,0x8DC3,0x8DA3,0x8D83,0x8DA3,0x8DA3,0x8563,0x8D83,0x8D84,
    0x8563,0x8563,0x8522,0x7D23,0x8563,0x8D63,0x8544,0x8544,0x8523,0x8D64,0x8543,0x7D23,0x8523,0x8523,0x7CE3,0x7D03,
    0x8564,0x7D24,0x8523,0x7D23,0x7D03,0x8524,0x7D04,0x74C3,0x7CE4,0x74C4,0x7D04,0x7D05,0x7CC4,0x74E4,0x74A3,0x74A4,
    0x6C84,0x6C84,0x6C63,0x74E5,0x7CE5,0x74C4,0x6C63,0x74A4,0x6C23,0x7CE5,0x7484,0x6C44,0x6C64,0x6C84,0x6C44,0x6C64,
    0x6C84,0x7464,0x6C64,0x7484,0x7484,0x7484,0x7464,0x7464,0x6C44,0x6C44,0x7CC5,0x74A4,0x6C84,0x6C63,0x6C84,0x7CC5,
    0x6C44,0x7464,0x7465,0x6423,0x6C24,0x6C25,0x6C24,0x6C65,0x6C44,0x6424,0x6C45,0x6C66,0x6C45,0x6C64,0x74A5,0x74A5,
    0x7485,0x6C85,0x6C65,0x6C45,0x6C85,0x6C65,0x6C24,0x6C64,0x6C65,0x6C24,0x6425,0x6404,0x63E4,0x5BE4,0x63E5,0x6404,
    0x6425,0x6C45,0x6C44,0x6424,0x6404,0x6C45,0x6C64,0x7485,0x6C44,0x6423,0x6424,0x6C44,0x6C24,0x6405,0x6404,0x63E4,
    0x5BE4,0x5BC3,0x5BA3,0x5BE4,0x5BC3,0x5BC4,0x5BC4,0x5BC4,0x5BA4,0x5BC4,0x63E4,0x5BE5,0x63C4,0x63C5,0x6406,0x6C26,
    0x5BA4,0x5BC4,0x5BC5,0x5BA4,0x5384,0x5384,0x5B85,0x5384,0x5344,0x4B44,0x5343,0x4B23,0x4B44,0x4B44,0x5344,0x4B24,
    0x4303,0x4303,0x4B03,0x42E3,0x42E4,0x42C3,0x42E4,0x42C4,0x42C4,0x42C4,0x42C4,0x3AC4,0x42C4,0x42C4,0x42C4,0x42E4,
    0x42C4,0x42E4,0x42E4,0x42C4,0x42C4,0x3A83,0x3AA4,0x3A84,0x3A83,0x3AA4,0x3AA4,0x3AA4,0x42A5,0x42A5,0x4284,0x42A5,
    0x4284,0x3A84,0x3A84,0x4284,0x42A5,0x3A84,0x4284,0x4284,0x3A64,0x3A64,0x3A64,0x3A64,0x3A44,0x3A44,0x3A44,0x3A44,
    0x3A44,0x3A44,0x3A24,0x3A44,0x3A44,0x3A44,0x3224,0x3225,0x3224,0x3224,0x3224,0x3224,0x3224,0x3244,0x3224,0x3223,
    0x3224,0x3224,0x2A24,0x3205,0x3225,0x3225,0x3224,0x3224,0x3225,0x3A25,0x3224,0x3A44,0x3224,0x3204,0x3203,0x29C3,
    0x29E3,0x21C3,0x21C3,0x29C5,0x29C6,0x3248,0x428A,0x4AEB,0x638F,0x8C92,0x738E,0x5AE9,0x632B,0x7BF4,0x8CFA,0x7C59,
    0x5B75,0x6395,0xAD7A,0xB5BC,0xB5BB,0xBE5D,0xCEDE,0xCEFF,0xC69E,0xB5FD,0xADDD,0x955B,0x7C78,0x7C79,0x6BF8,0x6C37,
    0x63F7,0x6396,0x63B6,0x6BF8,0x5B56,0x5315,0x5315,0x4AD5,0x4AD5,0x4AD5,0x42D4,0x42D5,0x3AB4,0x3274,0x42D5,0x42F6,
    0x4AD5,0x4AD4,0x4B15,0x4AD4,0x42B4,0x5314,0x6395,0x7C58,0x8CFA,0x9D1B,0x8478,0x8C98,0x8CD8,0x84B8,0x6396,0x5335,
    0x8542,0x8562,0x8562,0x8DA3,0x8DA3,0x95C4,0x8DA3,0x8583,0x8DA4,0x8DA3,0x8562,0x8D83,0x8DA3,0x8D82,0x8D82,0x8D83,
    0x8562,0x8D83,0x8563,0x8DA3,0x8DA3,0x8D83,0x8DA3,0x8DA4,0x95A3,0x8DA3,0x8DA3,0x95C4,0x8D83,0x8D83,0x8563,0x8563,
    0x8562,0x8D83,0x8542,0x8562,0x8563,0x8562,0x8543,0x7D23,0x7D23,0x8544,0x8563,0x8D63,0x8D84,0x8584,0x8544,0x8543,
    0x8524,0x8523,0x7D23,0x8D64,0x7D23,0x8524,0x7D03,0x8524,0x74E4,0x7CE4,0x8504,0x8525,0x74C3,0x74C3,0x7CE4,0x7D04,
    0x7D05,0x74E4,0x8526,0x7D26,0x74E4,0x74C4,0x74A4,0x74A4,0x74C5,0x7484,0x74A5,0x74A5,0x74A5,0x74A4,0x74A4,0x7CC4,
    0x74C4,0x7CE4,0x74C4,0x7CC4,0x74A4,0x74A5,0x7CC5,0x6C43,0x6C44,0x7484,0x6C84,0x7484,0x7484,0x6C63,0x7484,0x6C84,
    0x7464,0x6C44,0x6C63,0x6C44,0x6C24,0x6C25,0x6C45,0x6404,0x5BE3,0x6C44,0x6C45,0x6C64,0x6C64,0x7484,0x6C64,0x6C64,
    0x6C45,0x6C45,0x6C24,0x6424,0x6C24,0x6423,0x6424,0x6C24,0x6424,0x6404,0x6C24,0x6445,0x6424,0x6404,0x6404,0x5BE3,
    0x6404,0x6425,0x5BE4,0x6C25,0x6424,0x6C25,0x6C44,0x6423,0x6403,0x6423,0x7485,0x6C45,0x6444,0x6404,0x6404,0x6C44,
    0x6C86,0x6424,0x6424,0x6404,0x6404,0x6425,0x6404,0x6405,0x6405,0x5BC4,0x5BA4,0x5BA4,0x4B63,0x4B23,0x4B63,0x5385,
    0x5BC4,0x5BC4,0x5BC4,0x5BC5,0x5BA4,0x63E5,0x5BC5,0x63C5,0x5BC5,0x5BC5,0x5BC5,0x5BC5,0x5BA4,0x5BA5,0x5BA5,0x5384,
    0x5B84,0x5384,0x5344,0x4B44,0x4B24,0x4B04,0x42E4,0x42E3,0x42E4,0x42C4,0x3AC4,0x3A83,0x3AA4,0x3AA4,0x3A83,0x3AA4,
    0x3AA3,0x42A3,0x3AA4,0x3A83,0x3AA4,0x42A4,0x3AA4,0x3AA4,0x42A5,0x42A5,0x3AA4,0x42A5,0x3AA4,0x42A4,0x3AA4,0x42A4,
    0x42A4,0x42A4,0x42A4,0x42A4,0x3A84,0x4284,0x3A84,0x3A63,0x3A83,0x3A84,0x3A64,0x3A44,0x3A44,0x3244,0x3A64,0x3244,
    0x3A44,0x3A44,0x3264,0x3224,0x3244,0x3A44,0x3A44,0x3244,0x3A44,0x3A44,0x3A64,0x3A45,0x3A44,0x3264,0x3264,0x3244,
    0x3264,0x3244,0x3224,0x3225,0x3A24,0x3224,0x3A24,0x3224,0x3205,0x3205,0x3224,0x3A24,0x3245,0x3224,0x3224,0x3A44,
    0x3A44,0x3224,0x3A45,0x3204,0x3205,0x29E4,0x29E4,0x29E4,0x21C3,0x29C4,0x29C3,0x3A24,0x3A04,0x31E6,0x3A29,0x322A,
    0x320B,0x424B,0x52CB,0x6B4C,0x6B2D,0x5AF1,0x6B55,0x73B5,0x73B1,0x6B92,0x5AF1,0x6351,0x4AB1,0x3A51,0x3A53,0x3A52,
    0x3A51,0x3A92,0x4292,0x3A51,0x4AB2,0x4AB2,0x4A92,0x4272,0x4A93,0x4AD3,0x4AD3,0x4B13,0x4AB3,0x4292,0x4A93,0x4AD4,
    0x5314,0x6375,0x6BD6,0x6395,0x73F7,0x73D7,0x6BB6,0x73D5,0x7BD6,0x8416,0x8415,0x73B4,0x6B95,0x6B95,0x52F4,0x4273,
    0x8D83,0x8DA4,0x8D83,0x8D63,0x8583,0x8563,0x8563,0x8543,0x8543,0x8563,0x8522,0x8563,0x8563,0x8542,0x8563,0x7D22,
    0x8D84,0x8564,0x8523,0x7D43,0x8543,0x7D23,0x7502,0x7D23,0x7D23,0x8543,0x8523,0x7D43,0x8523,0x8544,0x8523,0x8544,
    0x8D63,0x8583,0x8583,0x8543,0x8562,0x8563,0x8543,0x8543,0x8D64,0x8543,0x8544,0x7D24,0x7CE2,0x8543,0x8544,0x8D84,
    0x8564,0x7D23,0x8523,0x8564,0x8D85,0x8524,0x7D03,0x7D04,0x7CE3,0x7CE3,0x7D05,0x7CE4,0x74A3,0x7D05,0x7CC3,0x74C4,
    0x74A3,0x74C4,0x7CE4,0x74A4,0x6C84,0x7484,0x6C63,0x7484,0x6C84,0x6C63,0x6C64,0x6C84,0x6C63,0x7484,0x74C4,0x74A4,
    0x7CE5,0x74A4,0x74A3,0x6C83,0x7CC5,0x7CC4,0x7483,0x6C84,0x6C63,0x74A3,0x74A4,0x74A4,0x74C4,0x7484,0x6C63,0x6C63,
    0x6C64,0x7484,0x6C64,0x7484,0x7484,0x7485,0x7484,0x6C44,0x6C64,0x6C64,0x6C64,0x6C64,0x6C64,0x6C64,0x74A5,0x6C64,
    0x6C44,0x6443,0x6C44,0x6C85,0x6403,0x6C45,0x6C45,0x6424,0x6425,0x6424,0x6423,0x6443,0x6C44,0x6C64,0x6424,0x5C03,
    0x63E4,0x6424,0x6404,0x6C25,0x6404,0x5BC3,0x5BE4,0x5BE3,0x6404,0x6404,0x6C25,0x6405,0x53A3,0x6404,0x5C05,0x6405,
    0x53A3,0x5BC4,0x6404,0x6C46,0x6C45,0x6C45,0x6C66,0x6424,0x6444,0x6C45,0x6404,0x6425,0x6C25,0x6425,0x63E4,0x5BC3,
    0x63E4,0x5BC4,0x5362,0x5BA4,0x5BC5,0x5BA4,0x5384,0x5364,0x5385,0x5385,0x5B85,0x5365,0x5385,0x5BA5,0x5BA4,0x5BC5,
    0x63C6,0x5BC5,0x5BA5,0x5B85,0x5384,0x5384,0x5364,0x4B43,0x5363,0x4B23,0x42E3,0x4AC4,0x42E4,0x42C4,0x4283,0x42A4,
    0x3AA4,0x3AA4,0x3AA4,0x42A4,0x42C5,0x42E5,0x42C4,0x42C4,0x42C4,0x3AC4,0x42A4,0x42C4,0x42E4,0x42C4,0x42E4,0x42A4,
    0x3AC4,0x42C3,0x3AA4,0x42C4,0x42C4,0x3AA4,0x42C4,0x42C4,0x42A4,0x42C4,0x42C5,0x42C4,0x3AA4,0x3A84,0x3AA4,0x4284,
    0x3AA4,0x3264,0x3A84,0x3A84,0x3A84,0x3A84,0x3A64,0x3A64,0x3A64,0x3264,0x3A64,0x3A64,0x3264,0x3244,0x3A64,0x3244,
    0x3A64,0x3264,0x3A44,0x3244,0x3244,0x3244,0x3244,0x3A45,0x3245,0x3244,0x3244,0x3224,0x3204,0x3224,0x3244,0x3225,
    0x3224,0x3205,0x2A24,0x3225,0x3225,0x3245,0x3224,0x3224,0x3245,0x3244,0x3224,0x3204,0x2A24,0x3224,0x3204,0x2A25,
    0x2A25,0x3225,0x3225,0x3A25,0x3A47,0x31C8,0x29A8,0x31E9,0x532B,0x4207,0x62EB,0x738C,0x52AB,0x4A6F,0x3A0F,0x4291,
    0x4272,0x4251,0x4251,0x4AB2,0x6394,0x5B33,0x39EF,0x4272,0x4272,0x3A31,0x3A30,0x3A31,0x4272,0x4272,0x4291,0x4AD3,
    0x4272,0x4A92,0x4271,0x4271,0x5B34,0x6394,0x73F6,0x6374,0x6394,0x6B94,0x52D2,0x3A50,0x3A10,0x31D0,0x31F0,0x3A32,
    0x8583,0x8D84,0x8D84,0x8583,0x8D63,0x8D83,0x8564,0x8D64,0x8D84,0x8D84,0x8563,0x8563,0x8D63,0x8563,0x8542,0x8563,
    0x8D84,0x8523,0x7D23,0x7D23,0x7D03,0x7D23,0x7503,0x74C2,0x7D03,0x7503,0x7CE2,0x7D03,0x7D23,0x8523,0x7D23,0x74C2,
    0x8543,0x8543,0x8563,0x8522,0x8522,0x8563,0x8542,0x7D22,0x7D22,0x74C2,0x74E2,0x7CE3,0x74C2,0x7CE3,0x74C1,0x7CE2,
    0x7D23,0x8523,0x7D23,0x8522,0x8543,0x7D24,0x7D03,0x7CE3,0x7D03,0x7D03,0x74E3,0x7CE3,0x8525,0x74C3,0x74A2,0x7CE4,
    0x74A3,0x7CE4,0x74C4,0x74A3,0x74C4,0x74C5,0x74C4,0x74C4,0x7CC4,0x74C4,0x74A3,0x7CC4,0x74C4,0x74A4,0x7CC4,0x74C4,
    0x7CC4,0x7D04,0x7483,0x74E3,0x7D04,0x7D04,0x7D04,0x8545,0x8504,0x7D24,0x8544,0x7D04,0x7CE3,0x7D04,0x7D04,0x8525,
    0x7D05,0x7CC4,0x74C4,0x74A4,0x74C4,0x74C4,0x7D05,0x74C4,0x7CE5,0x74C4,0x7CC4,0x74A4,0x74A3,0x7483,0x74A4,0x7483,
    0x74A3,0x74A4,0x74C4,0x7CC4,0x6422,0x74C4,0x74A3,0x6C63,0x7483,0x74C4,0x74C3,0x6CA3,0x6C83,0x6C83,0x6C84,0x6C64,
    0x6C65,0x7465,0x6C44,0x6C65,0x6424,0x6444,0x6C44,0x6404,0x6404,0x5BE4,0x6424,0x63E4,0x6404,0x6425,0x6425,0x6405,
    0x6426,0x5BE4,0x6425,0x5C24,0x5C04,0x5C04,0x5C04,0x5BE3,0x6C65,0x6425,0x63E5,0x6425,0x6405,0x6C24,0x6C44,0x6C65,
    0x6444,0x6404,0x6424,0x6405,0x6405,0x5BA5,0x5BC5,0x5BC5,0x63A5,0x5BA5,0x5364,0x4B44,0x4B03,0x5364,0x5365,0x5344,
    0x4B65,0x5365,0x5365,0x5365,0x5384,0x5384,0x5344,0x5364,0x4B44,0x5364,0x5345,0x4B24,0x5304,0x4AE3,0x42E4,0x42C3,
    0x3AA4,0x42C4,0x42C4,0x42E4,0x42E5,0x42C4,0x3AA4,0x3AA4,0x42C4,0x42C3,0x3AA4,0x3AA3,0x3AA3,0x3AA3,0x3AA3,0x42C3,
    0x3AA4,0x42C4,0x3AA3,0x3AA3,0x42C4,0x3AA3,0x3AA3,0x42C4,0x3AC4,0x42A3,0x3AC4,0x42A4,0x3AA4,0x42A4,0x3AA3,0x3A83,
    0x3A84,0x3AA4,0x3A83,0x3A84,0x3AA4,0x3A84,0x3A84,0x3A84,0x3264,0x3A63,0x3264,0x3243,0x3264,0x3A43,0x3243,0x3264,
    0x3244,0x3243,0x3244,0x3224,0x3224,0x3224,0x3224,0x2A23,0x3224,0x3224,0x3225,0x2A24,0x3224,0x3225,0x3224,0x3225,
    0x2A24,0x2A04,0x3224,0x2A04,0x3224,0x3224,0x2A24,0x3224,0x3223,0x2A04,0x3223,0x2A03,0x3203,0x2A24,0x3204,0x3204,
    0x3224,0x3224,0x3224,0x2A24,0x3225,0x2A05,0x3226,0x3225,0x3224,0x3205,0x4205,0x4264,0x4265,0x3A49,0x428C,0x532F,
    0x426E,0x52D1,0x5B12,0x5B12,0x6354,0x6333,0x5313,0x52D3,0x4AD3,0x3A30,0x4272,0x4A92,0x4AB3,0x3A32,0x298F,0x3A31,
    0x4292,0x52D2,0x4291,0x4AB1,0x42B1,0x4AB2,0x4271,0x216D,0x218E,0x3A2F,0x3A2F,0x52B1,0x5B33,0x4AD2,0x4AD1,0x6BF6,
    0x7D23,0x7CE2,0x74C2,0x7CE3,0x8543,0x8524,0x7D02,0x7D23,0x7D22,0x7D22,0x8522,0x8543,0x8583,0x8D63,0x8543,0x8D83,
    0x8D84,0x8DA4,0x8D64,0x8543,0x8564,0x7D23,0x8523,0x7D24,0x8524,0x8564,0x8543,0x7D22,0x7D22,0x8543,0x8543,0x7D42,
    0x8563,0x8D63,0x8563,0x8543,0x8DA4,0x8563,0x8D83,0x8D82,0x8DA3,0x8563,0x8563,0x8D84,0x8563,0x8544,0x8543,0x7D23,
    0x8544,0x8543,0x7D23,0x7D02,0x7D22,0x8543,0x8544,0x8524,0x8543,0x8564,0x8524,0x7D04,0x8544,0x8524,0x7D04,0x7D03,
    0x7D04,0x7D24,0x7D04,0x8504,0x8525,0x8525,0x7CE4,0x7CE3,0x7CE4,0x7D04,0x7D04,0x8524,0x8525,0x7CE4,0x7D25,0x7CE4,
    0x7D04,0x7D04,0x7CE4,0x8544,0x8543,0x7D03,0x8523,0x7D23,0x7D23,0x8523,0x8543,0x8544,0x8543,0x8544,0x8524,0x7D03,
    0x8524,0x7CE4,0x7CE3,0x7CE4,0x7D04,0x7CE3,0x7D04,0x7CE3,0x8504,0x7CE4,0x74E3,0x7CE3,0x74C3,0x7CE4,0x7D04,0x7CE4,
    0x74E3,0x7CE3,0x74C3,0x7D05,0x7CC4,0x6C83,0x74C3,0x74A3,0x74C4,0x7D03,0x74C3,0x74E3,0x74C3,0x6CC3,0x6CA2,0x6C82,
    0x6402,0x5C23,0x6402,0x6C44,0x7484,0x6C64,0x6423,0x6C64,0x6C43,0x6C44,0x6C65,0x6C85,0x6C44,0x6444,0x6445,0x6425,
    0x6425,0x6424,0x6465,0x6424,0x6C65,0x6C65,0x6C45,0x6425,0x5BE4,0x5BE4,0x5383,0x5BC3,0x6C45,0x6C65,0x6C44,0x6C44,
    0x6C44,0x6C44,0x6C65,0x6424,0x6424,0x63E3,0x63E4,0x6425,0x6405,0x6405,0x5BC4,0x5384,0x5BE5,0x5BA4,0x5364,0x5364,
    0x5364,0x5B85,0x4B44,0x4B44,0x4B24,0x4B25,0x4B24,0x4B24,0x4B45,0x5344,0x5344,0x5344,0x5364,0x5365,0x5365,0x5324,
    0x4B24,0x4B04,0x4B04,0x4B04,0x42E4,0x42E3,0x42C4,0x3AA3,0x42A4,0x3AC4,0x42C4,0x42C4,0x42C4,0x42C4,0x42A4,0x3AC4,
    0x42C4,0x42C3,0x42C4,0x42E4,0x42C4,0x42C4,0x42A4,0x42E4,0x42C4,0x3AC4,0x42C4,0x42C4,0x42C4,0x3AA4,0x3AA4,0x3AA3,
    0x42A4,0x3AA4,0x3A84,0x3AA4,0x4284,0x3A83,0x3A84,0x3AA4,0x3AA4,0x3AA4,0x42A4,0x3A84,0x3A84,0x3A84,0x3A85,0x3A84,
    0x3A64,0x3264,0x3243,0x3244,0x3244,0x3244,0x3245,0x3A44,0x3244,0x3244,0x3245,0x3244,0x3224,0x3224,0x2A24,0x3224,
    0x3224,0x3224,0x3224,0x3224,0x3224,0x2A24,0x3204,0x2A24,0x3224,0x3224,0x3244,0x3224,0x2A24,0x3224,0x2A24,0x3224,
    0x2A24,0x2A04,0x3224,0x2A23,0x3224,0x3224,0x3205,0x2A24,0x3223,0x3224,0x3204,0x2A03,0x3223,0x3204,0x3205,0x2A05,
    0x3207,0x3A48,0x3A48,0x3A6A,0x428B,0x4A8C,0x42AE,0x426F,0x424F,0x4291,0x4AB2,0x52D3,0x4AD3,0x4AB2,0x4A92,0x4A92,
    0x4291,0x4AB3,0x4271,0x4292,0x4AB2,0x29AF,0x31EE,0x4AD1,0x6BD3,0x8495,0x8495,0x6392,0x5311,0x4AD1,0x4290,0x5312,
    0x74C3,0x74A2,0x6C81,0x6C81,0x74C3,0x7D24,0x7D02,0x8563,0x8D63,0x8D84,0x8583,0x8D83,0x8582,0x8D83,0x8562,0x8DA3,
    0x8DC4,0x8583,0x8D82,0x8562,0x8DA3,0x8D84,0x8D83,0x8D84,0x8543,0x7D23,0x8563,0x8543,0x8542,0x8D83,0x7D22,0x7D01,
    0x8543,0x8542,0x7D22,0x8543,0x8563,0x8DA4,0x8D83,0x8562,0x8D82,0x8562,0x8542,0x8D63,0x8562,0x8543,0x7D42,0x8543,
    0x8522,0x8583,0x8543,0x8563,0x8D63,0x8543,0x7D03,0x7D02,0x7D43,0x8D64,0x8D65,0x8D64,0x7D23,0x8523,0x8564,0x7D03,
    0x8564,0x8544,0x8544,0x7CE3,0x7D24,0x8524,0x8545,0x8544,0x8544,0x8544,0x8565,0x8D65,0x8545,0x8D65,0x8545,0x8525,
    0x8544,0x8D65,0x8D85,0x8565,0x8D85,0x8524,0x8544,0x8524,0x8524,0x8544,0x7D24,0x8544,0x8D45,0x7D24,0x8545,0x8525,
    0x8525,0x7D04,0x7D24,0x7D04,0x8504,0x7D04,0x7D04,0x7CE4,0x74C3,0x74A3,0x6C82,0x74A3,0x7CE4,0x74A3,0x7D04,0x7CE4,
    0x74C3,0x7483,0x74C3,0x7CC4,0x74A3,0x74C3,0x8525,0x7D03,0x7D03,0x74E3,0x74E3,0x74E3,0x74E3,0x7D03,0x7D04,0x74E3,
    0x7D05,0x74A4,0x7483,0x6C83,0x6443,0x6C42,0x7484,0x6C84,0x6C64,0x6C64,0x6C44,0x7486,0x6C65,0x6464,0x6C64,0x6444,
    0x5C04,0x6403,0x6C64,0x6C64,0x6C65,0x6465,0x6445,0x6445,0x6445,0x7486,0x6C65,0x6424,0x6C45,0x6C44,0x6445,0x6424,
    0x6C45,0x6C65,0x6C24,0x6C44,0x6C43,0x6C84,0x6C44,0x6C45,0x6424,0x6404,0x6404,0x6404,0x6404,0x6405,0x5BC3,0x5BE5,
    0x6C26,0x6405,0x5BA4,0x4B24,0x4B24,0x5344,0x4B44,0x4B24,0x4B24,0x4B24,0x4B43,0x4B44,0x5364,0x4B43,0x5364,0x4B64,
    0x5345,0x5365,0x4B44,0x4B45,0x5344,0x4B24,0x42E4,0x42E4,0x42E4,0x42C3,0x42C4,0x3AA3,0x3AC4,0x42C4,0x42C4,0x42C4,
    0x42C4,0x42C4,0x3AA4,0x42C4,0x42C4,0x3AC4,0x3AA3,0x3AA3,0x3AA4,0x42A4,0x3AA4,0x42C4,0x3AA4,0x42C4,0x42C4,0x42C4,
    0x42C4,0x42C4,0x42C4,0x42A4,0x3AA4,0x3AA4,0x3AA4,0x3A64,0x3A84,0x3A84,0x3A84,0x3A84,0x3263,0x3A84,0x3A84,0x3A84,
    0x3A64,0x3A64,0x3A84,0x3264,0x3A44,0x3244,0x3243,0x3244,0x3244,0x3244,0x3224,0x3224,0x3224,0x2A24,0x3224,0x3224,
    0x2A24,0x3224,0x3244,0x2A24,0x3244,0x3244,0x3224,0x3244,0x3244,0x3244,0x3224,0x3224,0x3224,0x3244,0x3244,0x3224,
    0x3244,0x3224,0x3244,0x3223,0x3224,0x2A24,0x3224,0x3224,0x2A24,0x2A24,0x2A24,0x2A24,0x2A04,0x2A03,0x2A24,0x3204,
    0x2A03,0x2A03,0x2A04,0x3204,0x3205,0x2A05,0x3205,0x2A06,0x2A07,0x29E8,0x29E9,0x322A,0x426D,0x3A6C,0x426D,0x428F,
    0x426F,0x426F,0x52B2,0x4A91,0x4270,0x4250,0x5B12,0x6394,0x5312,0x4290,0x4290,0x3A70,0x3210,0x3A50,0x3A91,0x3A70,
    0x7D02,0x8543,0x8564,0x8DA5,0x8523,0x7D22,0x8543,0x8543,0x8564,0x8DA3,0x8D83,0x95C4,0x8DA4,0x8DC3,0x8DA4,0x95C4,
    0x95E4,0x8DA2,0x8DA3,0x95A4,0x8D83,0x95C4,0x8DA4,0x8DA3,0x8DA4,0x95A4,0x8D83,0x8542,0x8563,0x8543,0x8542,0x8543,
    0x8D83,0x8543,0x7D22,0x8542,0x8563,0x8D63,0x8563,0x8563,0x8543,0x8563,0x8542,0x8563,0x8543,0x8D83,0x8D84,0x7D22,
    0x8DA4,0x95A4,0x8563,0x8542,0x8543,0x7D43,0x8524,0x8524,0x8544,0x8564,0x8564,0x7D03,0x7D24,0x8544,0x8524,0x8544,
    0x8543,0x8D44,0x8DA5,0x8565,0x8524,0x8544,0x7D24,0x7CE3,0x7D04,0x8544,0x8524,0x7D03,0x7CE3,0x7CE4,0x7D04,0x8545,
    0x8504,0x8565,0x8524,0x8524,0x8524,0x8D65,0x74E3,0x7CE3,0x7D04,0x74C3,0x7CE3,0x7CE4,0x7CE4,0x74C3,0x74C4,0x6C83,
    0x74C4,0x74C4,0x7CC4,0x74A4,0x74A4,0x74A4,0x74A4,0x74A3,0x74A4,0x74A3,0x6C83,0x74A4,0x6C83,0x6C83,0x74A3,0x6C83,
    0x6C63,0x6C42,0x6C83,0x6C63,0x6C63,0x7CE4,0x74C4,0x6C63,0x74A3,0x6C42,0x6483,0x74C3,0x6C83,0x74C3,0x74E3,0x6CC3,
    0x6C42,0x6C83,0x7484,0x6C62,0x6C83,0x6C63,0x6422,0x6423,0x6C64,0x6423,0x6424,0x63E3,0x6403,0x6423,0x6444,0x6444,
    0x6424,0x5C23,0x6464,0x6443,0x6444,0x6443,0x6C44,0x6423,0x6424,0x5BE3,0x63E4,0x6404,0x5BC3,0x5BA4,0x5384,0x5BA4,
    0x5BC4,0x5BC4,0x6425,0x6C64,0x6444,0x7464,0x6403,0x6C44,0x7485,0x6C65,0x6404,0x6404,0x5BC4,0x5BA4,0x5BA4,0x5BC5,
    0x5BA4,0x5BC5,0x63E6,0x5BC5,0x5BC5,0x5BA5,0x5BC5,0x5BA5,0x5BA5,0x5384,0x5364,0x4B44,0x53A5,0x5364,0x4B64,0x5364,
    0x4B44,0x5344,0x4B44,0x4B24,0x4B24,0x5344,0x4B44,0x4B24,0x4B24,0x4B44,0x4B24,0x4B04,0x42E3,0x42E4,0x42E4,0x42E4,
    0x42C4,0x42C4,0x42C3,0x42E4,0x42C4,0x42C4,0x42E4,0x42C4,0x42C4,0x42A3,0x3A83,0x3AA4,0x42C4,0x42C4,0x3AA4,0x3AA4,
    0x42C4,0x42C4,0x3AC4,0x42C4,0x42E4,0x42C4,0x42C4,0x42C4,0x3AA4,0x3AA4,0x3AA4,0x3AA4,0x3A84,0x3AA4,0x3A84,0x3264,
    0x3AA4,0x3A83,0x3263,0x3A64,0x3264,0x3244,0x3244,0x3244,0x3244,0x3244,0x3244,0x3244,0x3244,0x3244,0x3244,0x3244,
    0x3244,0x3224,0x3224,0x3223,0x3224,0x3244,0x3244,0x3244,0x3224,0x3224,0x2A23,0x2A04,0x3224,0x3224,0x3224,0x3244,
    0x3224,0x2A23,0x3204,0x2A24,0x3224,0x3224,0x2A24,0x3224,0x3224,0x3224,0x2A43,0x3244,0x3244,0x3244,0x3244,0x3224,
    0x3224,0x3224,0x2A04,0x3224,0x3244,0x3225,0x2A24,0x3243,0x2A23,0x3224,0x3224,0x2A24,0x2A04,0x2A05,0x3225,0x3226,
    0x2A06,0x3A69,0x4AEB,0x4AEB,0x534D,0x530D,0x42AD,0x3A0D,0x31CE,0x31EF,0x3A50,0x3A51,0x3231,0x3231,0x3252,0x3A71,
    0x7CE3,0x74E3,0x7CE2,0x7D23,0x8D65,0x7CE3,0x74E3,0x7CC3,0x6C62,0x6C82,0x7D03,0x74C2,0x7CE3,0x74C3,0x74A3,0x6C81,
    0x74A2,0x6C81,0x74E2,0x7CE3,0x74A2,0x7D02,0x7CC2,0x8522,0x7D01,0x7D22,0x7D02,0x8563,0x8543,0x7D22,0x8542,0x7D22,
    0x8583,0x8563,0x7D22,0x8543,0x8542,0x7D02,0x7D02,0x7D03,0x7CE2,0x7D23,0x8543,0x7D22,0x8523,0x7D23,0x7D02,0x8523,
    0x8543,0x8543,0x8564,0x8543,0x8543,0x7D03,0x7CE3,0x74E3,0x8523,0x7CE3,0x7D03,0x7CE3,0x7D03,0x7CE3,0x7D24,0x8523,
    0x7D03,0x8524,0x8565,0x8524,0x7CE3,0x7D04,0x8525,0x7CE4,0x7D04,0x7CE4,0x74A3,0x74C4,0x7CE4,0x74C4,0x7CE4,0x7D04,
    0x74A3,0x74C3,0x74C3,0x7D04,0x8524,0x7D03,0x7CE3,0x7D24,0x8524,0x7D03,0x8524,0x7D04,0x7CE4,0x74C3,0x7CC4,0x7CC4,
    0x7D04,0x7CC4,0x7CE4,0x7CE4,0x7D04,0x74A3,0x74A4,0x74C4,0x7CE4,0x74C4,0x7D05,0x7CE4,0x7CE4,0x7CE4,0x74A4,0x74A3,
    0x74A3,0x74C4,0x6C83,0x6C83,0x6C63,0x6422,0x6C63,0x6C64,0x6443,0x5BE2,0x6422,0x6C83,0x6442,0x6483,0x6C83,0x74A3,
    0x6442,0x6C63,0x6C62,0x6402,0x5C01,0x6C63,0x6C42,0x6C83,0x7463,0x6C63,0x7484,0x6C63,0x6423,0x6443,0x5C03,0x5C03,
    0x6404,0x6444,0x6443,0x6C64,0x6423,0x6C64,0x6463,0x6443,0x6463,0x6443,0x6C44,0x6444,0x63E3,0x5BE3,0x5BC3,0x5BC3,
    0x5383,0x5383,0x5BA4,0x5BA3,0x5383,0x5BA3,0x6404,0x6445,0x6C45,0x6404,0x6404,0x5BE4,0x63E5,0x63E4,0x5BC4,0x5BC4,
    0x5384,0x5BC5,0x5384,0x5344,0x5344,0x5344,0x5344,0x4B44,0x5344,0x5364,0x4B45,0x4B44,0x4B44,0x5364,0x4B64,0x5384,
    0x5345,0x5386,0x5B85,0x5365,0x4B44,0x4B25,0x5364,0x5364,0x5364,0x5344,0x5364,0x5364,0x4B44,0x4B24,0x5325,0x4B24,
    0x4304,0x4304,0x4304,0x4AE4,0x42C4,0x3AC4,0x42C4,0x42C4,0x42C4,0x3AC4,0x42E5,0x42C4,0x42E4,0x42C4,0x42C4,0x42C4,
    0x42C4,0x3AC4,0x42C4,0x42C4,0x42C4,0x42C4,0x42C4,0x3AA4,0x42A4,0x42C4,0x42A4,0x3AA3,0x42A4,0x3AA4,0x3A84,0x3A84,
    0x3A83,0x3A84,0x3263,0x3A64,0x3244,0x3244,0x3243,0x3244,0x3243,0x3224,0x3223,0x3224,0x3223,0x3224,0x3224,0x3223,
    0x3224,0x2A23,0x2A23,0x2A03,0x2A03,0x2A03,0x3224,0x3224,0x2A23,0x2A04,0x3223,0x3224,0x2A23,0x3223,0x2A23,0x3223,
    0x3224,0x3224,0x3244,0x3244,0x3244,0x3244,0x3244,0x3245,0x3244,0x3244,0x3A44,0x3244,0x3224,0x3224,0x3223,0x3224,
    0x3224,0x3224,0x2A24,0x3224,0x2A04,0x3224,0x2A04,0x3223,0x2A24,0x2A04,0x2A24,0x3224,0x3224,0x2A23,0x3224,0x2A24,
    0x3224,0x3204,0x29E4,0x29E3,0x2A03,0x3205,0x3226,0x3206,0x3207,0x3228,0x3A49,0x320A,0x322B,0x322B,0x3A4D,0x3A8D,
    0x74A3,0x6C83,0x7483,0x6C62,0x74A4,0x6442,0x74A4,0x7D05,0x7CC4,0x6CA3,0x6C43,0x6442,0x6C83,0x6C63,0x74A4,0x74A4,
    0x74C4,0x7D04,0x7CE3,0x74C3,0x7CC3,0x74A3,0x7CE3,0x7D03,0x7CE3,0x7D03,0x7CE3,0x7CE2,0x7CE2,0x7D03,0x74C3,0x7CE2,
    0x74C2,0x74C2,0x7D02,0x7CE2,0x74C2,0x7D23,0x7D03,0x7D02,0x74C2,0x7D03,0x7D03,0x7CE3,0x74E2,0x7D24,0x7CE3,0x74E3,
    0x74C3,0x74C2,0x74E3,0x7CE3,0x74C2,0x74C3,0x74C3,0x7D24,0x8544,0x7D03,0x74C4,0x7D04,0x7D04,0x7D04,0x74C3,0x74C3,
    0x74E3,0x7D03,0x74C2,0x74C3,0x74C3,0x74C3,0x74A2,0x74E3,0x74C3,0x7CE4,0x7D04,0x74E3,0x7CE4,0x7D04,0x7CE4,0x7CE4,
    0x7D04,0x7CC3,0x7D04,0x8524,0x74E3,0x7D24,0x7D03,0x7D03,0x8524,0x7D03,0x8524,0x74E3,0x7D24,0x7CE3,0x74E3,0x7CE3,
    0x7D24,0x7CE4,0x74E4,0x7CE4,0x7CE4,0x7D04,0x8525,0x7CE3,0x74C4,0x7D04,0x8504,0x8525,0x8545,0x8524,0x8524,0x8544,
    0x8545,0x8524,0x8545,0x8D65,0x8525,0x7D04,0x7D04,0x8545,0x8505,0x8525,0x7D05,0x74E4,0x7CE5,0x74C3,0x74C3,0x74E4,
    0x7CC4,0x6C83,0x7D04,0x7CE4,0x7483,0x74C3,0x7D04,0x74A3,0x6442,0x74A3,0x6C83,0x7484,0x6C83,0x6C64,0x6423,0x6C65,
    0x6444,0x6424,0x6C44,0x6464,0x6C63,0x6C84,0x6C84,0x6C83,0x6C83,0x6C83,0x6C83,0x6C63,0x6C83,0x6C83,0x6C84,0x6C64,
    0x6C44,0x6424,0x6404,0x5BE3,0x6425,0x6424,0x6404,0x6C44,0x6425,0x6404,0x63E4,0x63E4,0x6424,0x6C65,0x6C44,0x6C65,
    0x6C44,0x6404,0x6C24,0x6405,0x4B63,0x53A4,0x5BA4,0x5384,0x4B63,0x4B64,0x4B64,0x5364,0x4B43,0x4B64,0x4B63,0x4B43,
    0x4B64,0x5365,0x4303,0x4303,0x4B24,0x4B04,0x4B23,0x4B43,0x5344,0x5364,0x4B64,0x5364,0x4B43,0x4B24,0x4B23,0x4B24,
    0x4B03,0x4B24,0x4B24,0x42E4,0x4304,0x42E4,0x42C3,0x3AA3,0x42C3,0x42C4,0x3AA3,0x3AA4,0x3A83,0x3A83,0x3283,0x3A84,
    0x3AA3,0x42A4,0x3AA3,0x3A83,0x3AA3,0x3AA3,0x3A83,0x3AA3,0x3AA4,0x3AA3,0x3AA4,0x3A83,0x3AA4,0x42A4,0x3A84,0x3A84,
    0x3A84,0x3A84,0x3A84,0x3A64,0x3A64,0x3A84,0x3A84,0x3A63,0x3A84,0x3A84,0x3A84,0x3264,0x3A84,0x3264,0x3A84,0x3264,
    0x3264,0x3A64,0x3A64,0x3A65,0x3A64,0x3244,0x3224,0x3224,0x3223,0x3224,0x3224,0x3244,0x3224,0x3224,0x3224,0x2A23,
    0x3244,0x3223,0x2A23,0x3224,0x3224,0x3224,0x3223,0x3224,0x3224,0x3224,0x3204,0x3224,0x3204,0x2A04,0x3224,0x2A24,
    0x2A24,0x3204,0x3225,0x2A24,0x3205,0x2A05,0x3224,0x2A03,0x3224,0x3203,0x3224,0x3225,0x2A04,0x3224,0x2A03,0x2A04,
    0x3204,0x2A24,0x2A04,0x2A04,0x2A03,0x2A04,0x29E4,0x29E4,0x2A04,0x29E4,0x29E4,0x31E4,0x29E4,0x29E4,0x29E4,0x29E4,
    0x6422,0x6C42,0x74C3,0x74A3,0x6C62,0x6C83,0x6422,0x6C43,0x6443,0x6C63,0x7483,0x6C42,0x6C43,0x6C63,0x6422,0x6422,
    0x7484,0x7482,0x6C82,0x74A2,0x7CE4,0x6C62,0x6CA3,0x7482,0x7CE3,0x74A2,0x74C2,0x74E2,0x74E2,0x74C3,0x74C3,0x74E2,
    0x74C2,0x7D03,0x7CE3,0x6CA3,0x6C62,0x74C3,0x7D03,0x7D03,0x74A2,0x7CE4,0x74A3,0x74A2,0x7CE3,0x7D44,0x7D03,0x7D04,
    0x74E3,0x74C2,0x7D23,0x7502,0x7503,0x74C3,0x74E4,0x74E4,0x7D03,0x74E3,0x6CA4,0x74C4,0x74C4,0x74E4,0x74A2,0x74E3,
    0x74E4,0x74C4,0x74C3,0x74E4,0x74E3,0x74E4,0x7CE4,0x74E3,0x7CE3,0x7CE3,0x7D04,0x74C3,0x7CE4,0x7CE3,0x7D04,0x74E3,
    0x7D04,0x74A2,0x74C3,0x74C3,0x74A2,0x8524,0x8524,0x7D03,0x8544,0x7D03,0x8544,0x8524,0x7CE4,0x8546,0x8D65,0x8524,
    0x8545,0x8544,0x8524,0x7D25,0x7D04,0x7CE4,0x7D05,0x7CE4,0x7D24,0x7CC3,0x7CE4,0x7CE4,0x74C3,0x74E3,0x8564,0x8523,
    0x7CE4,0x74C3,0x8524,0x8544,0x7D04,0x8545,0x8504,0x7D24,0x7D04,0x7D04,0x7CE3,0x74C3,0x7CE4,0x74C4,0x7CE4,0x7CE4,
    0x7CE4,0x7D04,0x7CC4,0x6C83,0x74E3,0x7CC4,0x74C3,0x7CC4,0x6C82,0x74C4,0x74A3,0x6CA3,0x74A4,0x6C63,0x6403,0x6C64,
    0x6403,0x6403,0x6C65,0x6C64,0x6464,0x6443,0x6444,0x6C85,0x6C84,0x6C64,0x6CA4,0x6C83,0x6C84,0x6C84,0x6C84,0x6C64,
    0x6CA4,0x74A4,0x6463,0x6C64,0x6C84,0x6C85,0x7485,0x74A5,0x7485,0x6C85,0x7484,0x6C85,0x7465,0x6C64,0x6C85,0x6C45,
    0x6C65,0x6C45,0x6445,0x6C66,0x6C66,0x6445,0x6C66,0x6C65,0x6C65,0x5BE4,0x6404,0x5C04,0x6405,0x5BE4,0x5BC4,0x53A4,
    0x5BC4,0x5BE5,0x5384,0x5384,0x5384,0x4B83,0x5364,0x5364,0x4B44,0x4B43,0x4B23,0x4B23,0x4B43,0x5343,0x4B23,0x5364,
    0x4B24,0x5344,0x5365,0x5364,0x5365,0x5344,0x4B23,0x4B24,0x4B23,0x4B24,0x4B04,0x42E4,0x4B04,0x42E4,0x42C4,0x42A4,
    0x3AA3,0x3AA3,0x42C4,0x42C3,0x3AC3,0x42C3,0x42C3,0x42E4,0x42E4,0x42C5,0x42A4,0x3AA4,0x4AE5,0x42C4,0x42C4,0x42E5,
    0x42C4,0x3AA4,0x42A4,0x3283,0x3A84,0x3A83,0x3AA4,0x3A83,0x3A83,0x3AA3,0x3A84,0x3A84,0x3A84,0x3A83,0x3A84,0x3A83,
    0x3A64,0x3264,0x3A84,0x3284,0x3A63,0x3283,0x3A64,0x3264,0x3264,0x3244,0x3244,0x3244,0x2A23,0x3224,0x3223,0x3224,
    0x3224,0x3244,0x3224,0x3223,0x3244,0x3244,0x3244,0x3224,0x3244,0x3224,0x3244,0x3224,0x3224,0x3224,0x2A24,0x3204,
    0x3224,0x2A24,0x3204,0x3204,0x2A24,0x3224,0x2A04,0x3203,0x2A04,0x2A24,0x3224,0x2A24,0x3224,0x3204,0x2A04,0x3204,
    0x2A04,0x3204,0x2A24,0x3224,0x3204,0x3224,0x2A04,0x3204,0x3224,0x3204,0x2A04,0x2A04,0x3224,0x2A04,0x3204,0x2A24,
    0x6C84,0x74C4,0x74A3,0x6C82,0x74A3,0x6C82,0x7484,0x6C84,0x6C64,0x6C43,0x6443,0x6C84,0x6C83,0x6C63,0x6C43,0x6422,
    0x6422,0x6443,0x6C63,0x74A3,0x6CA2,0x74C3,0x74C2,0x8543,0x7D23,0x7D02,0x7D01,0x8D83,0x8563,0x7D03,0x8503,0x8523,
    0x7D22,0x8543,0x8D63,0x8543,0x8543,0x8544,0x7CE2,0x74E1,0x74E2,0x7D04,0x7D03,0x7D03,0x8543,0x74E2,0x6CC2,0x7D03,
    0x7503,0x7D24,0x7D23,0x7D23,0x8544,0x7D24,0x74E3,0x7D04,0x7D03,0x74E3,0x74E2,0x74E3,0x7503,0x7D03,0x74E3,0x74E3,
    0x74E4,0x74A3,0x74E4,0x7D05,0x7D05,0x7D25,0x7D04,0x7CE4,0x7D04,0x7CE4,0x74C4,0x74C4,0x7D05,0x7CE4,0x74C3,0x8505,
    0x7D04,0x7CE4,0x8525,0x8524,0x8524,0x7D03,0x74C3,0x74E3,0x7CE3,0x7D24,0x7CE4,0x74C3,0x74C4,0x7CC4,0x74C3,0x74C3,
    0x74C3,0x7CC4,0x7CE4,0x74C4,0x7CC4,0x74C4,0x7CC4,0x7CE5,0x74C5,0x74A4,0x6C83,0x74A4,0x6C83,0x74A3,0x7CE4,0x6CA3,
    0x7483,0x6C84,0x74C4,0x74C4,0x7CC3,0x7D04,0x74A3,0x74A3,0x74A3,0x7D04,0x7CE3,0x7CE3,0x7CE3,0x6CA3,0x74A3,0x74C3,
    0x74A4,0x74C4,0x7484,0x7483,0x74A4,0x74A4,0x74C4,0x74C4,0x74A3,0x7CE4,0x74C3,0x74A3,0x7CE3,0x74A3,0x74A3,0x74A4,
    0x74A4,0x6C84,0x74A4,0x6423,0x6C44,0x6424,0x6463,0x6C44,0x6444,0x6443,0x6C64,0x6443,0x6444,0x6444,0x6C64,0x6444,
    0x6423,0x5C23,0x5BE3,0x6423,0x6424,0x5C24,0x6443,0x6C44,0x6422,0x6403,0x6423,0x6423,0x6443,0x6C45,0x6C44,0x6424,
    0x6C25,0x5BE4,0x5BC3,0x5C04,0x5BE3,0x6404,0x5C24,0x5C04,0x5BE3,0x5C04,0x5BE4,0x5BE4,0x5C04,0x5C05,0x5BE5,0x5BE5,
    0x5BC4,0x53C4,0x5BE4,0x53C4,0x5BC3,0x5C04,0x5BE5,0x5BA4,0x5383,0x5363,0x5383,0x5B84,0x5363,0x4B63,0x4B63,0x4B22,
    0x4B43,0x4B63,0x4B23,0x4B23,0x4B23,0x4B23,0x4B23,0x4B23,0x4B23,0x5364,0x4B44,0x5344,0x5345,0x4B24,0x4B24,0x4B04,
    0x4B25,0x42E4,0x4B04,0x42E4,0x42E4,0x42E4,0x42E5,0x42E4,0x4AE4,0x42E4,0x42A4,0x3AA4,0x3AA4,0x3AA4,0x3AA3,0x3A83,
    0x3AA3,0x3A83,0x3283,0x3A83,0x3A84,0x3A83,0x3A84,0x3A84,0x3264,0x3A63,0x3A84,0x3A83,0x3A84,0x3263,0x3263,0x3263,
    0x3A83,0x3A63,0x3263,0x3A83,0x3A64,0x3A83,0x3A84,0x3A84,0x3A64,0x3A63,0x3284,0x3A64,0x3263,0x3244,0x3244,0x3244,
    0x3244,0x3243,0x3244,0x2A24,0x3224,0x3224,0x3224,0x2A24,0x3224,0x2A24,0x3224,0x2A23,0x2A03,0x3224,0x2A23,0x3224,
    0x2A24,0x3224,0x2A24,0x3224,0x3224,0x2A04,0x3224,0x2A04,0x2A04,0x3204,0x2A03,0x3204,0x2A04,0x2A04,0x3204,0x2A04,
    0x2A24,0x3204,0x2A04,0x3204,0x2A04,0x2A04,0x2A04,0x2A24,0x2A04,0x2A03,0x2A04,0x3203,0x2A24,0x3224,0x2A24,0x3224,
    0x6C43,0x6C43,0x6C62,0x74E3,0x7D03,0x7CE3,0x74C4,0x7483,0x6C43,0x6C63,0x6C43,0x6402,0x6C63,0x6CA2,0x7CC3,0x74C4,
    0x7CE5,0x74C3,0x74C3,0x7482,0x6C82,0x74C2,0x74C2,0x8523,0x8543,0x7D03,0x7D02,0x8563,0x8544,0x74C3,0x74C3,0x74E3,
    0x8522,0x7D22,0x7D22,0x74E1,0x7D02,0x8543,0x7D02,0x8544,0x7D04,0x7482,0x6CA3,0x7CC3,0x7504,0x7D03,0x74C3,0x6CC3,
    0x6C82,0x6CA2,0x74E3,0x74E2,0x7503,0x74E2,0x7D23,0x7502,0x7D22,0x7502,0x7503,0x74E2,0x74E3,0x74C2,0x6CC3,0x7CE4,
    0x7D24,0x7D03,0x74E3,0x74E3,0x6CA2,0x74E2,0x74E3,0x8524,0x8544,0x7D03,0x74C3,0x7CE3,0x7CE4,0x74C4,0x74A3,0x74C3,
    0x6C42,0x74C3,0x74A3,0x74C3,0x74E3,0x7CE3,0x74C4,0x74A3,0x74A3,0x74A3,0x74C3,0x74C3,0x74A3,0x74C3,0x7D04,0x7CE4,
    0x7CE4,0x74A3,0x6C83,0x7483,0x6CA3,0x6C63,0x6C63,0x6C83,0x74A3,0x74A4,0x74A4,0x74C4,0x74A4,0x74A4,0x74A3,0x7483,
    0x6C84,0x7484,0x7484,0x7CC4,0x74C4,0x74A4,0x6C83,0x6C63,0x6C63,0x74C3,0x8525,0x8545,0x7CE3,0x7D04,0x7CE4,0x74C4,
    0x74A4,0x7CE4,0x74A4,0x74C4,0x74A4,0x74C5,0x7CC4,0x74C4,0x8505,0x74C4,0x7CE4,0x7D03,0x74C3,0x7CE4,0x8524,0x8544,
    0x8545,0x8544,0x8524,0x7504,0x7504,0x7CE4,0x74E4,0x74C3,0x74C3,0x6CA4,0x74A4,0x6C83,0x6C84,0x6C64,0x6443,0x6444,
    0x6C84,0x6C63,0x6CA5,0x74C5,0x6C65,0x6C64,0x6C64,0x6C64,0x6C64,0x7484,0x6C63,0x74A5,0x74A4,0x74A4,0x6C63,0x7484,
    0x74A4,0x74A5,0x7464,0x6444,0x5C23,0x6443,0x6444,0x5BE2,0x5BE2,0x6424,0x5BC4,0x4B83,0x5363,0x5384,0x53A4,0x5384,
    0x5384,0x5384,0x53A4,0x5BC5,0x5BE5,0x5BE5,0x5BC3,0x63E4,0x6C25,0x6405,0x5BE4,0x6404,0x53A3,0x5BA3,0x63E4,0x5BC4,
    0x5BA4,0x5383,0x5BA4,0x5384,0x53A4,0x5383,0x5384,0x4B63,0x4B42,0x4B43,0x5363,0x5363,0x4B43,0x4B43,0x4B23,0x4B23,
    0x4B23,0x4B24,0x4303,0x4B04,0x4B04,0x4B04,0x4B04,0x4B23,0x4304,0x42E3,0x42E4,0x42E3,0x42E3,0x42E4,0x42E4,0x42C4,
    0x42C3,0x42A4,0x3AA3,0x3AA3,0x42C4,0x3AA4,0x3A83,0x3AA4,0x3AA5,0x3A64,0x3A85,0x3264,0x3A64,0x3A64,0x3A65,0x3A64,
    0x3A64,0x3A84,0x3A84,0x3A64,0x3263,0x3244,0x3243,0x3263,0x3243,0x3243,0x3263,0x3263,0x3243,0x3243,0x3223,0x3243,
    0x2A23,0x3224,0x3223,0x3244,0x3224,0x2A23,0x3224,0x3244,0x3244,0x3244,0x3223,0x3224,0x3224,0x2A23,0x3224,0x3224,
    0x3224,0x3224,0x3224,0x2A24,0x3224,0x3224,0x2A24,0x3224,0x3224,0x2A24,0x3224,0x2A24,0x3224,0x3224,0x2A24,0x3225,
    0x3224,0x2A24,0x3224,0x3224,0x3244,0x3244,0x3244,0x3244,0x3224,0x3224,0x3244,0x3244,0x3244,0x3245,0x3244,0x3A44,
    0x6C84,0x6C83,0x74A2,0x74A2,0x74E3,0x74A2,0x74C3,0x74A3,0x6C62,0x74C3,0x74A3,0x6C83,0x6C83,0x6C62,0x6443,0x6401,
    0x74A4,0x74A3,0x6C83,0x6C81,0x6C62,0x6C41,0x6C82,0x74A3,0x74C3,0x74C3,0x7CE3,0x7CE2,0x7D03,0x6C82,0x7482,0x7CE2,
    0x7D02,0x7D22,0x74E1,0x8503,0x7D22,0x74E2,0x7D03,0x7CE3,0x74C3,0x74C3,0x7CE4,0x74C3,0x6CA2,0x6CA3,0x6CA3,0x74A4,
    0x6CA4,0x74E4,0x74C3,0x74E3,0x74E2,0x74E2,0x7D03,0x7502,0x74E2,0x7D24,0x7D03,0x74C2,0x7D04,0x74C3,0x6CA3,0x74C3,
    0x7503,0x74E3,0x7D24,0x7D24,0x7D03,0x74C3,0x74E3,0x7D03,0x74C3,0x74A2,0x74A2,0x74E4,0x7CE3,0x74A2,0x6CA3,0x7482,
    0x74A3,0x74E4,0x7CE3,0x74C2,0x74C2,0x74A2,0x74E2,0x7CE3,0x74C3,0x74A3,0x74C3,0x8504,0x74C2,0x7D04,0x7CE3,0x74A2,
    0x7CE3,0x74C2,0x7D03,0x74C3,0x74C3,0x7CE4,0x74C3,0x7CE4,0x8545,0x8545,0x8D45,0x8D65,0x8545,0x7D05,0x7CE5,0x7CE5,
    0x8525,0x7D05,0x7CE5,0x74C5,0x7CE5,0x7D06,0x74A4,0x74C4,0x7CC5,0x74A4,0x74C4,0x7D04,0x8545,0x7D04,0x8525,0x7CE6,
    0x74C3,0x7D05,0x7CC4,0x74C4,0x7CE5,0x7CE5,0x7CC5,0x74C4,0x6C83,0x74A3,0x74A4,0x74C4,0x74A4,0x74A4,0x74A4,0x74C4,
    0x74A4,0x7D05,0x7D04,0x7D05,0x7D25,0x7D24,0x7D25,0x7D25,0x7504,0x7D04,0x74E5,0x74C4,0x74A4,0x74C4,0x6CA5,0x74A4,
    0x6CA4,0x74C4,0x74C5,0x6C84,0x74C5,0x6CA5,0x74A5,0x74A5,0x6C44,0x6C64,0x7485,0x74A5,0x74A5,0x7484,0x74C4,0x7CE5,
    0x7CE6,0x74C5,0x74A5,0x74A4,0x74A5,0x74A4,0x6C84,0x74C5,0x6C84,0x6CA5,0x6C45,0x5C24,0x6C65,0x6444,0x53C3,0x5BC3,
    0x5BE4,0x53E3,0x5BE4,0x5BE4,0x53A3,0x53A4,0x5BC4,0x5BA3,0x53A3,0x5BE3,0x5BA3,0x5BC3,0x5BC3,0x5BC4,0x63E4,0x5BE4,
    0x5BE4,0x5BC4,0x5BA4,0x5BC4,0x5BA4,0x5BA3,0x53A3,0x5383,0x5B84,0x53A3,0x53A3,0x5383,0x5363,0x5BC4,0x5BA4,0x5364,
    0x5383,0x5363,0x4B43,0x4B23,0x4B23,0x4303,0x4303,0x4304,0x42E3,0x4B04,0x4B04,0x4B04,0x42C4,0x4B04,0x4B04,0x4B05,
    0x4B24,0x4304,0x4B04,0x4B04,0x42E4,0x42E4,0x42A4,0x3AA4,0x3A83,0x3264,0x3244,0x3264,0x3224,0x3244,0x2A23,0x3224,
    0x2A23,0x2A23,0x3223,0x3243,0x3244,0x3243,0x3244,0x3244,0x3243,0x3244,0x3244,0x3A44,0x3A64,0x3A84,0x3244,0x3243,
    0x3264,0x3244,0x3264,0x3264,0x3264,0x3244,0x3244,0x3243,0x3244,0x3264,0x3244,0x3244,0x3264,0x3244,0x3223,0x3244,
    0x3223,0x2A03,0x2A04,0x3223,0x2A24,0x3223,0x3224,0x3244,0x3244,0x3224,0x3244,0x3244,0x3224,0x3244,0x3244,0x3244,
    0x3244,0x3A44,0x3A65,0x3A84,0x3A85,0x3A64,0x3A85,0x3A84,0x3A64,0x3A85,0x3A84,0x3A65,0x3A84,0x3A64,0x3A64,0x3A85,
    0x7483,0x74C3,0x74A3,0x6CA2,0x7482,0x74A3,0x74A3,0x6C63,0x6CA3,0x74C4,0x6C82,0x7CC3,0x6CA2,0x74A3,0x74A3,0x6443,
    0x6C43,0x6C63,0x6C83,0x74A3,0x74A4,0x74C4,0x6C62,0x74A3,0x6C83,0x6C82,0x7CE3,0x7501,0x74E1,0x7D02,0x8543,0x7D22,
    0x7D22,0x7D02,0x7D01,0x7D23,0x7CE2,0x74E2,0x7D02,0x74E2,0x74C2,0x6C82,0x7CE3,0x7CE3,0x7CE3,0x74E2,0x74E3,0x74C3,
    0x6CA3,0x6441,0x6CA2,0x74C3,0x74C2,0x6CC3,0x6C81,0x6C83,0x6442,0x74C3,0x6CA1,0x6CC2,0x7D03,0x6CC2,0x74E2,0x74C2,
    0x6482,0x6C62,0x74E3,0x74E3,0x6C82,0x6CC3,0x7D04,0x7CE3,0x74E3,0x7CE3,0x6C82,0x6C62,0x74C3,0x7482,0x74C2,0x7D24,
    0x7D04,0x7D03,0x7CE3,0x7D03,0x7D23,0x8523,0x8D64,0x8564,0x8D64,0x8D84,0x8543,0x8564,0x8D83,0x8D84,0x8564,0x7D23,
    0x8564,0x8543,0x7D23,0x8523,0x7D23,0x8D64,0x8524,0x7D03,0x7CC3,0x7CE3,0x7D04,0x6C82,0x74C2,0x7CC3,0x7CE5,0x74C4,
    0x7CC4,0x74C4,0x6C64,0x6C43,0x74A5,0x7CC5,0x6423,0x6C64,0x74A5,0x7CC5,0x6C84,0x7CC4,0x74E3,0x7483,0x7484,0x6C85,
    0x6C43,0x74A4,0x7CE5,0x7CC6,0x6C44,0x7486,0x7485,0x74A5,0x74A5,0x7485,0x7484,0x74C4,0x74A4,0x7485,0x6C85,0x7464,
    0x7485,0x6C44,0x6C85,0x6C43,0x6444,0x6C84,0x6C84,0x6C64,0x74A5,0x6C83,0x6C83,0x74C4,0x74C4,0x6C84,0x74C5,0x6C64,
    0x6C83,0x6463,0x5C02,0x6443,0x6443,0x6443,0x7485,0x6C24,0x6423,0x6424,0x6424,0x6403,0x5BC2,0x53A2,0x53A2,0x6404,
    0x6404,0x63C4,0x5BE4,0x5BC3,0x5C03,0x6C65,0x6C65,0x6424,0x6424,0x6C65,0x6443,0x6423,0x6424,0x6424,0x5C24,0x5C04,
    0x6423,0x5C03,0x5C03,0x5C03,0x5BE4,0x5BE3,0x5BE4,0x53A3,0x5BC3,0x63E4,0x5BA4,0x5BE4,0x5BC4,0x5BC3,0x5BE4,0x5BA3,
    0x5BA4,0x5BA4,0x5BA4,0x5BA4,0x5BC4,0x5BC4,0x5B84,0x5383,0x5383,0x5363,0x5382,0x5383,0x5BA4,0x53A3,0x5384,0x5BA4,
    0x53A4,0x5BA3,0x53A4,0x5BC4,0x5BC4,0x5383,0x5363,0x4B24,0x4B23,0x4B23,0x42E3,0x42E3,0x42E3,0x4304,0x42E3,0x42E3,
    0x4304,0x42C3,0x42E3,0x42E4,0x42E3,0x42C3,0x42C3,0x42C3,0x3AA2,0x42C4,0x42C4,0x3AA4,0x3AA4,0x42A4,0x3AA4,0x42A4,
    0x3AA4,0x3A84,0x3AA4,0x3AA4,0x3A84,0x3AA4,0x3A63,0x3A84,0x3A64,0x3243,0x3A63,0x3263,0x3A64,0x3243,0x3243,0x3264,
    0x3A64,0x3243,0x3243,0x3A64,0x3A44,0x3243,0x3264,0x3A44,0x3244,0x3243,0x3244,0x3243,0x3A64,0x3244,0x3264,0x3244,
    0x3244,0x3244,0x3244,0x3244,0x3224,0x3224,0x3244,0x3243,0x3243,0x3243,0x3243,0x3A64,0x3A84,0x3A84,0x3AA4,0x42A4,
    0x3AA4,0x3AA4,0x3AA4,0x3AA5,0x3A84,0x3AA5,0x42A5,0x3A84,0x3AA5,0x3A84,0x3A84,0x3A85,0x42A5,0x3AA5,0x3AA5,0x3A84,
    0x6C62,0x6C82,0x6C82,0x74C2,0x6C82,0x74C3,0x6C63,0x6C62,0x6C83,0x7483,0x74A4,0x6442,0x6C63,0x74C2,0x6C62,0x6C63,
    0x6C43,0x6422,0x6402,0x6443,0x6C42,0x6C83,0x6CA3,0x74C3,0x7482,0x74C2,0x6CA2,0x74A1,0x74E2,0x8523,0x7D42,0x8D82,
    0x8583,0x8542,0x8563,0x8543,0x7D22,0x8543,0x8522,0x8563,0x8543,0x8543,0x8564,0x8563,0x8563,0x8563,0x8565,0x8D85,
    0x7D44,0x8544,0x8563,0x7503,0x7D02,0x8563,0x8563,0x85A3,0x8584,0x7D23,0x74E2,0x7502,0x8564,0x8563,0x8583,0x8584,
    0x8544,0x8564,0x7D24,0x8544,0x7D03,0x7D23,0x8564,0x8563,0x8D64,0x8D64,0x8543,0x7D23,0x8544,0x7D23,0x8524,0x8524,
    0x8544,0x7D03,0x7D03,0x7CE4,0x74A3,0x6442,0x74A3,0x6C82,0x74A3,0x7D03,0x7D22,0x8562,0x8561,0x8D82,0x8562,0x8D83,
    0x8562,0x8542,0x7D42,0x8522,0x7D22,0x74E1,0x74A2,0x74C3,0x74C2,0x7D04,0x74A2,0x74C3,0x7D04,0x74C4,0x74A4,0x6C64,
    0x6C83,0x6422,0x6C64,0x6C64,0x6C44,0x6C85,0x7CC5,0x7CC6,0x7485,0x7485,0x74A5,0x7CE5,0x7CE5,0x74C4,0x7485,0x6423,
    0x7485,0x7485,0x6C44,0x5BE3,0x53A3,0x53A3,0x5BC3,0x5BC3,0x6C24,0x6C84,0x6C84,0x74A3,0x7CC4,0x74E3,0x7CC4,0x74C5,
    0x6C64,0x6C44,0x5BE3,0x6423,0x6C85,0x6C44,0x6424,0x6423,0x6C65,0x6444,0x6C84,0x6464,0x6CA4,0x6443,0x6423,0x5C23,
    0x6423,0x6444,0x6C64,0x6444,0x6424,0x6444,0x6424,0x6444,0x6C24,0x6424,0x63E3,0x6424,0x6404,0x6405,0x63E4,0x5BC4,
    0x5BE4,0x5383,0x5BE4,0x5BE5,0x53A3,0x53A3,0x53C4,0x5383,0x4B83,0x53A3,0x5BE3,0x53A3,0x4B83,0x53A3,0x5BC4,0x5BE4,
    0x53C4,0x5BE4,0x6404,0x5C04,0x6C45,0x5C03,0x6404,0x53A3,0x5BA3,0x53A3,0x5382,0x5BE3,0x5BC4,0x5BE4,0x5BC3,0x5383,
    0x4B62,0x4B42,0x5383,0x5363,0x4B63,0x5363,0x4B63,0x5BA3,0x53A4,0x5BA3,0x5BC3,0x5BC4,0x5BC3,0x5383,0x5383,0x5BA3,
    0x5BC3,0x53A3,0x5BC3,0x5BE3,0x5BE3,0x5BE3,0x63E3,0x6404,0x5BE4,0x5BE4,0x5BC4,0x5BA3,0x5383,0x4B04,0x4B04,0x4303,
    0x4B24,0x4B24,0x4B24,0x4B04,0x42E4,0x4B04,0x4323,0x4B24,0x4B44,0x4B24,0x4B24,0x42E3,0x4B04,0x4304,0x4303,0x4AE4,
    0x42E4,0x42E3,0x42C4,0x42E4,0x42E3,0x42C3,0x3AA4,0x3AA3,0x3A83,0x3A83,0x3283,0x3A83,0x3A84,0x3243,0x3243,0x3243,
    0x3263,0x3243,0x3263,0x3244,0x3264,0x3A64,0x3243,0x3243,0x3264,0x3A64,0x3243,0x3244,0x3264,0x3A44,0x3263,0x3A64,
    0x3244,0x3A64,0x3A65,0x3A85,0x3A64,0x3A85,0x3AA4,0x3A84,0x3AA4,0x3AA4,0x42A4,0x3AC4,0x42A4,0x42E4,0x3AA4,0x42A4,
    0x42E4,0x42C4,0x42C4,0x42C5,0x42C5,0x42A5,0x3AA4,0x3A84,0x42A4,0x42C5,0x42A5,0x3AA4,0x3AA4,0x42A4,0x42A5,0x3AA4,
    0x6C63,0x6C62,0x6C42,0x6C42,0x6442,0x6C63,0x6C62,0x6C82,0x6C82,0x6C82,0x7CE3,0x6C61,0x74A3,0x74C3,0x74A2,0x74E3,
    0x7CE3,0x74C3,0x74C2,0x74C4,0x6402,0x6442,0x7483,0x74C3,0x74C3,0x7CE3,0x7CE2,0x74C2,0x74C3,0x74A2,0x6C82,0x7482,
    0x74E2,0x7D03,0x74E2,0x74C2,0x74C3,0x74E3,0x74E3,0x7CC2,0x7CE3,0x7D03,0x74C2,0x7CE2,0x7CE3,0x74E3,0x7CE2,0x74C3,
    0x74C2,0x7D03,0x7D24,0x7CE2,0x7D03,0x74E3,0x74C1,0x74C2,0x7D03,0x7D03,0x8524,0x7D03,0x74E2,0x74C2,0x74E2,0x8544,
    0x7D03,0x7CE3,0x74C2,0x74E3,0x7D24,0x74C2,0x7D03,0x7D03,0x74E2,0x6CC2,0x74C2,0x74E2,0x7D03,0x7CE4,0x7CE4,0x6C82,
    0x74A2,0x74A3,0x74C3,0x6443,0x7484,0x74C3,0x6C63,0x6422,0x6442,0x6C62,0x6C83,0x6462,0x74E3,0x74E2,0x7D22,0x7D42,
    0x7D22,0x8542,0x7D22,0x8542,0x7D02,0x7D22,0x74C2,0x6C82,0x74C3,0x74A2,0x6C82,0x74C3,0x6C63,0x6C84,0x74C4,0x6CA3,
    0x74A4,0x6CA3,0x6CA4,0x6C64,0x7484,0x74A5,0x7CC5,0x74C5,0x74C4,0x74A5,0x7D05,0x7CC5,0x7CE5,0x7CC5,0x74C5,0x6C64,
    0x74C4,0x7484,0x6C84,0x74A5,0x7484,0x74C4,0x7CE5,0x6C84,0x7483,0x74A4,0x74A4,0x74C4,0x7CE5,0x74A4,0x74A4,0x6C83,
    0x6C83,0x74A4,0x7CC5,0x7CE5,0x7CE5,0x7CE6,0x74A4,0x6C85,0x6C64,0x74C5,0x6C63,0x6443,0x6C64,0x6C84,0x6CA5,0x7484,
    0x74E5,0x74A4,0x6CA4,0x6C84,0x6C64,0x6C63,0x6CA5,0x74A4,0x6CA5,0x6C84,0x6C63,0x6CA4,0x6CA4,0x74A4,0x74C4,0x6C84,
    0x6C84,0x6C63,0x6C64,0x6443,0x6C64,0x6444,0x6C85,0x6445,0x6404,0x5BE4,0x6424,0x6444,0x6C65,0x6424,0x6445,0x6444,
    0x6C64,0x6C64,0x6C65,0x6464,0x74A5,0x6C85,0x6C64,0x6CA4,0x74C5,0x6443,0x6C64,0x6443,0x6C64,0x6443,0x6C44,0x6C64,
    0x5C03,0x5C03,0x5C03,0x5C03,0x5C03,0x5BC2,0x53C3,0x5BE3,0x5BE4,0x5BE3,0x5BE4,0x5BE3,0x53E3,0x6404,0x5BE3,0x53C3,
    0x53C3,0x5BC3,0x5BE4,0x5BC3,0x5BC4,0x53C4,0x5BC4,0x53C3,0x5383,0x5BE4,0x5BC4,0x53C5,0x5BC5,0x53A5,0x5384,0x4B44,
    0x4B64,0x4B44,0x4B24,0x4304,0x4B23,0x4B24,0x42E3,0x4B24,0x4B03,0x4303,0x42E3,0x42C3,0x42E3,0x42C4,0x42C4,0x42E3,
    0x42C3,0x42E3,0x42C3,0x42C3,0x42C3,0x42C4,0x42E4,0x3A82,0x42E4,0x3AC3,0x3A83,0x42C4,0x42C4,0x42C4,0x42C4,0x3AA4,
    0x3A83,0x3A83,0x3AA4,0x3AA3,0x3A83,0x3AA3,0x3284,0x3A84,0x3284,0x3A84,0x3A84,0x3243,0x3243,0x3264,0x3223,0x3243,
    0x3244,0x3244,0x3223,0x3264,0x3A84,0x42A4,0x42C4,0x3AA4,0x42A4,0x3AA4,0x42C5,0x42C4,0x3AA4,0x42C4,0x42C4,0x3AA3,
    0x42C4,0x42E4,0x42C4,0x42C4,0x42C4,0x42C4,0x42C5,0x42C4,0x42C5,0x3AA4,0x3AA3,0x42A4,0x3AC4,0x42A4,0x3AC4,0x42C4,
    0x7483,0x6C63,0x6C63,0x6C83,0x6C63,0x6C63,0x6C63,0x74A4,0x7483,0x6C62,0x6C63,0x6C83,0x6C63,0x6C63,0x6C63,0x7484,
    0x6442,0x6C62,0x74A3,0x7484,0x6443,0x6C43,0x5BE1,0x6422,0x5BC1,0x6C83,0x74C2,0x74C3,0x6C62,0x6422,0x6403,0x6423,
    0x6441,0x6482,0x6421,0x5C21,0x6C82,0x6462,0x6442,0x6442,0x6C63,0x6C83,0x6C82,0x6C62,0x6C62,0x6C82,0x6C83,0x74A3,
    0x6C82,0x74C3,0x74A3,0x74C4,0x74C4,0x74A4,0x74A4,0x7CC4,0x6C83,0x6C62,0x6CA2,0x74C3,0x7CE4,0x74C3,0x74A3,0x7CC3,
    0x6C83,0x6C83,0x6C83,0x7463,0x6C83,0x6C63,0x74A3,0x6CA3,0x74E4,0x6C62,0x6462,0x74A3,0x6CA4,0x6C42,0x6422,0x74A4,
    0x74A4,0x6C83,0x7484,0x6C43,0x6443,0x6C83,0x6C64,0x7465,0x6C64,0x6C64,0x5BE3,0x53E2,0x6422,0x6442,0x6442,0x6462,
    0x7483,0x6C82,0x6C82,0x74A2,0x7D03,0x74C2,0x7CE3,0x74C2,0x7D03,0x74E2,0x7CE3,0x74A3,0x6C83,0x74A3,0x74E4,0x74E4,
    0x74E3,0x74A4,0x6CA3,0x74C4,0x7CE4,0x74C4,0x74A3,0x74A3,0x7D05,0x7483,0x6C64,0x6C84,0x6C63,0x7484,0x7CE5,0x8506,
    0x8545,0x8545,0x7D04,0x8525,0x8545,0x8524,0x7D04,0x8525,0x7D25,0x7CE4,0x7CE4,0x8524,0x7CE4,0x7D24,0x8D65,0x8545,
    0x8544,0x8D65,0x8565,0x8525,0x8525,0x8546,0x8525,0x7D05,0x8505,0x7D05,0x7CE5,0x74C5,0x6CA4,0x74A4,0x74E5,0x74A4,
    0x74E4,0x74C3,0x6CA3,0x74E4,0x7CE5,0x74C4,0x74C5,0x7CE5,0x74E5,0x7CE5,0x7D06,0x74E5,0x7D05,0x74E4,0x74E4,0x7D04,
    0x7D04,0x74E4,0x74E3,0x74C4,0x74C4,0x74C4,0x74E5,0x74A4,0x6C84,0x6C83,0x6443,0x6464,0x6C64,0x6463,0x6C43,0x6443,
    0x6423,0x5C03,0x5C23,0x6423,0x6444,0x6C64,0x74A4,0x6CA4,0x6C63,0x6464,0x6443,0x6444,0x74A5,0x6C65,0x6465,0x6445,
    0x6C45,0x5C05,0x63E4,0x6425,0x6404,0x5C04,0x6424,0x5BE4,0x53C3,0x5C04,0x53C3,0x5C03,0x6404,0x53E3,0x5BE3,0x5BE3,
    0x5C03,0x5BE3,0x5BE3,0x53C3,0x53A3,0x53A3,0x53A3,0x5383,0x4B83,0x4B43,0x4B43,0x4B43,0x4342,0x4B63,0x4B63,0x5364,
    0x4B64,0x4B44,0x4323,0x4303,0x42C3,0x3AC3,0x42E3,0x4B04,0x4B24,0x4B24,0x5344,0x4B44,0x4B03,0x4B24,0x4B24,0x4B24,
    0x4303,0x4B24,0x4B24,0x4304,0x42C3,0x42E4,0x4B04,0x42E3,0x4304,0x42E4,0x42E4,0x42E4,0x42C4,0x42E3,0x42E4,0x4B03,
    0x4304,0x4AE4,0x4303,0x42E4,0x3AC4,0x3AC4,0x42E4,0x3AA4,0x3AA4,0x3AA4,0x3A84,0x3AA4,0x3A84,0x42A4,0x3AA5,0x3A84,
    0x3AA4,0x3AA4,0x42C4,0x42E4,0x42E4,0x42E4,0x42E4,0x42C4,0x42C4,0x42E4,0x4B05,0x4B05,0x4B05,0x42E4,0x42E5,0x42E4,
    0x42C4,0x4B05,0x42E5,0x4B05,0x42E5,0x42E5,0x4B05,0x42E4,0x42C4,0x42C4,0x42C3,0x42E4,0x4B04,0x4304,0x42E4,0x42A3,
    0x5C02,0x5C01,0x6422,0x6C64,0x6443,0x6C43,0x6422,0x6C63,0x6422,0x6422,0x6C63,0x6C63,0x6443,0x6423,0x6C43,0x6442,
    0x6442,0x6C43,0x6C63,0x6C62,0x74A3,0x6462,0x6422,0x7483,0x6C43,0x6422,0x6C63,0x6C83,0x6C63,0x74A3,0x74A3,0x6C62,
    0x6CA3,0x6442,0x5C21,0x6C83,0x6462,0x6463,0x6C62,0x74A3,0x6C82,0x7CC2,0x6CA2,0x6C81,0x74C2,0x7483,0x6C82,0x6C82,
    0x6421,0x6421,0x6C42,0x6443,0x6C23,0x5C02,0x6423,0x6402,0x6402,0x6C63,0x7483,0x74A3,0x6C42,0x6C83,0x6C83,0x6442,
    0x6402,0x5BE1,0x6402,0x6422,0x6423,0x6C43,0x6C84,0x6463,0x6443,0x6C83,0x6463,0x6C63,0x5C02,0x6402,0x5C02,0x5C02,
    0x6C63,0x5C02,0x6422,0x6C64,0x6C43,0x6C42,0x6402,0x6443,0x6422,0x6462,0x6C63,0x6C83,0x6C83,0x6C84,0x6CA4,0x6C83,
    0x74A4,0x6C63,0x74C4,0x6C83,0x7CE3,0x74E3,0x7CE3,0x7D03,0x7D23,0x8503,0x7D03,0x74C2,0x7CE4,0x6CC2,0x7D24,0x74A2,
    0x6CA2,0x6CA4,0x6C84,0x74A3,0x74A4,0x7CE4,0x74C4,0x7CC4,0x74A3,0x7CE4,0x8544,0x8544,0x8525,0x7D24,0x7D24,0x8524,
    0x7D23,0x8524,0x7D04,0x7D04,0x8524,0x8524,0x7CE3,0x7D04,0x7D04,0x7CE4,0x74C3,0x7CE4,0x6C82,0x74A3,0x7D04,0x74C3,
    0x7CE3,0x7CE4,0x74A2,0x7D03,0x7CE4,0x7CE3,0x7CE4,0x6C83,0x6C83,0x74A4,0x74E5,0x7D05,0x74E4,0x7CE5,0x74C4,0x6CA4,
    0x74C4,0x74A5,0x6C84,0x6C63,0x6464,0x6C84,0x6C84,0x74C4,0x74C4,0x6CA4,0x6C63,0x6463,0x6C63,0x6C83,0x74A4,0x6CA4,
    0x6CA4,0x6C83,0x6C83,0x6C83,0x6CA3,0x6CA3,0x6C83,0x6C63,0x6463,0x6C83,0x6CA4,0x6C62,0x6CA3,0x74C4,0x6C83,0x6C83,
    0x6465,0x6444,0x6C44,0x6423,0x5C23,0x6424,0x6443,0x6423,0x5C23,0x6C44,0x6423,0x5C03,0x6444,0x6426,0x6425,0x53A4,
    0x5BC4,0x53A4,0x53A4,0x5383,0x5BE4,0x53C4,0x5BC3,0x53A3,0x5BE3,0x5BE3,0x5BC3,0x5BE3,0x5BE3,0x5BE3,0x5BE3,0x5BE3,
    0x5BE3,0x5C03,0x5C04,0x6404,0x5BE3,0x5BE3,0x5BC4,0x5BE4,0x53A4,0x53A3,0x53A4,0x5383,0x53A4,0x5383,0x5383,0x5384,
    0x53A4,0x4B63,0x5384,0x5B85,0x5364,0x5344,0x4B64,0x4B24,0x4B23,0x4B43,0x4B43,0x5363,0x5384,0x53A4,0x5384,0x5364,
    0x4B44,0x4B23,0x4B24,0x4B04,0x4B24,0x4303,0x4304,0x4B23,0x4AE3,0x4304,0x4B04,0x4AE4,0x4304,0x4303,0x4B03,0x4303,
    0x42E3,0x4303,0x4AE3,0x4304,0x42E4,0x3AC3,0x42C4,0x3AE4,0x42E4,0x42C4,0x3AA4,0x42C4,0x42A4,0x3AA4,0x42C4,0x42C4,
    0x42C3,0x42E4,0x4B04,0x4303,0x4B24,0x4B24,0x4304,0x4B04,0x4B45,0x4B04,0x4304,0x4B24,0x4B05,0x4B04,0x4B05,0x4B04,
    0x42E4,0x42E4,0x4B05,0x42E4,0x4B05,0x42E4,0x42C4,0x3AA4,0x3AA4,0x42C3,0x42E4,0x42E4,0x4B04,0x4B04,0x4B04,0x4B24,
    0x6402,0x6403,0x6423,0x6422,0x6422,0x6C42,0x6402,0x6443,0x6402,0x5C03,0x6423,0x6423,0x6C63,0x6422,0x6C42,0x6C63,
    0x7CE4,0x74A3,0x6C82,0x6442,0x6C63,0x6C43,0x6423,0x6443,0x6403,0x5BE3,0x5BC2,0x5BE2,0x5BE1,0x6C82,0x74C2,0x74C2,
    0x6CA2,0x6462,0x6C82,0x6C63,0x6442,0x6462,0x6422,0x6C41,0x6462,0x7482,0x74C3,0x74C2,0x74A3,0x74C2,0x74A2,0x6C82,
    0x74A2,0x7CE3,0x74A2,0x6C83,0x6C62,0x6C83,0x6C62,0x6C83,0x6C83,0x7484,0x6463,0x6C63,0x6443,0x7483,0x6C43,0x6C63,
    0x6C63,0x6C63,0x7483,0x74A4,0x6C82,0x5BE1,0x6442,0x6462,0x74A4,0x74C4,0x6CA4,0x6463,0x74A3,0x6CA3,0x6C82,0x7482,
    0x74A3,0x6C83,0x74A3,0x7CE3,0x74E2,0x7CE3,0x7D03,0x7D03,0x74E2,0x74C3,0x74E4,0x6CA3,0x74C4,0x6CA3,0x6CA3,0x74A3,
    0x6C63,0x6C62,0x7483,0x6C62,0x6C62,0x74C2,0x7D04,0x7CE2,0x7D23,0x7D02,0x8543,0x8545,0x8524,0x7D44,0x8544,0x7503,
    0x7D25,0x74A4,0x74C4,0x6C83,0x7CE4,0x7CC4,0x7CE5,0x74A4,0x6C84,0x74A4,0x7D04,0x7CC4,0x6C83,0x74A3,0x74A3,0x6C83,
    0x7CE3,0x74C3,0x7CC4,0x6C83,0x7484,0x74E4,0x74A4,0x74A4,0x7CC4,0x7D25,0x7CC4,0x74C4,0x7CC4,0x74A3,0x74C4,0x74A4,
    0x7CC4,0x74E4,0x7CC5,0x74E4,0x7CE4,0x74C4,0x74C4,0x6C83,0x7483,0x6C83,0x74A3,0x6CC4,0x74C4,0x6C83,0x6CA3,0x74C4,
    0x74C4,0x7D25,0x74E4,0x74C5,0x74C4,0x74C5,0x7CE5,0x7D05,0x74C5,0x6CA4,0x6C63,0x6C83,0x74A4,0x74C5,0x74C4,0x6CA4,
    0x74C4,0x74C5,0x6CA4,0x6CA3,0x74C4,0x74C4,0x74C4,0x6CA3,0x74C4,0x74C4,0x74A4,0x6CA4,0x6C84,0x6C83,0x6C84,0x6CA4,
    0x6C64,0x6423,0x6C65,0x6464,0x6C44,0x6444,0x6444,0x6C84,0x6C64,0x6464,0x6444,0x6C45,0x6444,0x6444,0x6424,0x6424,
    0x5C04,0x5BE4,0x6404,0x5BE5,0x5BC4,0x5BC4,0x53E4,0x6404,0x5C25,0x5BE3,0x5BE3,0x5C03,0x5C04,0x6404,0x5C24,0x6424,
    0x6424,0x5BE2,0x6423,0x5C23,0x6423,0x5C24,0x6423,0x5C03,0x6423,0x5C04,0x5C03,0x6404,0x5C04,0x5C04,0x5BE4,0x5C04,
    0x6405,0x53C4,0x5BC4,0x5BE4,0x5BE4,0x5BA4,0x5BA3,0x5BE4,0x63E4,0x5383,0x5363,0x5383,0x5364,0x5364,0x5B84,0x5364,
    0x5364,0x5364,0x5384,0x4B44,0x5364,0x5344,0x5364,0x5364,0x4B44,0x4B23,0x4B24,0x4B44,0x4B04,0x42C3,0x42E4,0x42E3,
    0x42E4,0x4AE4,0x4304,0x4304,0x4303,0x42E4,0x3AE3,0x42E4,0x3AC4,0x42E4,0x42C4,0x42E5,0x42E4,0x42C4,0x42C4,0x42E4,
    0x42E4,0x42E3,0x42E3,0x42C4,0x42E3,0x42C3,0x42C3,0x42C3,0x42E3,0x42E4,0x4AE3,0x42E4,0x4304,0x4304,0x4B04,0x4B05,
    0x4304,0x42E4,0x42C4,0x42E4,0x42C4,0x3AA3,0x42C4,0x42A3,0x3AC4,0x42C4,0x42E3,0x4B24,0x4B25,0x4B24,0x4B25,0x4B04,
    0x6404,0x5BC4,0x5BA3,0x5362,0x5363,0x4B63,0x5383,0x53A3,0x4B42,0x4B41,0x4B42,0x5362,0x5BA3,0x5BC1,0x6422,0x6C63,
    0x6443,0x7483,0x6C63,0x6C43,0x6443,0x6C63,0x6423,0x6422,0x6423,0x6C63,0x6422,0x6C84,0x6C43,0x6422,0x6423,0x6403,
    0x6C82,0x6CA3,0x74C4,0x6CA3,0x6C83,0x6C83,0x6C62,0x6CA3,0x6C62,0x74A3,0x74C3,0x74C3,0x6CA2,0x74A2,0x74C3,0x74A2,
    0x74E3,0x74A2,0x6CA2,0x74A2,0x74C3,0x74A2,0x6C62,0x6C61,0x6441,0x6442,0x6422,0x7483,0x6442,0x7484,0x74A3,0x6C83,
    0x6C82,0x6C61,0x6CA2,0x7CE3,0x74E3,0x74A3,0x6CA2,0x74A3,0x6CA2,0x6C82,0x6C82,0x6482,0x74C3,0x7CC2,0x7D03,0x7CE3,
    0x7D24,0x7CE3,0x7D03,0x7D23,0x7D02,0x7D02,0x7D22,0x7D02,0x8543,0x8543,0x7D03,0x7502,0x74E2,0x74E3,0x74C2,0x6CA2,
    0x7D03,0x8544,0x7D23,0x74A3,0x74E3,0x74A3,0x74C3,0x7CE2,0x7D03,0x7D03,0x7D03,0x7CE3,0x7D05,0x7D04,0x74E4,0x74E3,
    0x7D04,0x74C4,0x74A4,0x7CE4,0x7D03,0x74E3,0x74A3,0x6C42,0x6442,0x6C63,0x74A5,0x6423,0x6C63,0x7484,0x6423,0x7484,
    0x7CE4,0x7CE4,0x7CE5,0x74C5,0x6C64,0x7484,0x74C4,0x74A4,0x74A4,0x74A4,0x6C43,0x74C4,0x7CE5,0x74C4,0x7CE4,0x74A3,
    0x74A3,0x74C4,0x7D05,0x7D05,0x74A4,0x7CC4,0x7CC5,0x74A4,0x7485,0x74C5,0x74C4,0x6CA4,0x6C83,0x74C4,0x6C83,0x6CA4,
    0x74E4,0x7CE5,0x74C4,0x74A4,0x74C5,0x74E5,0x74C5,0x74C4,0x6CA4,0x74C4,0x74C5,0x6CA4,0x74C5,0x74C5,0x74C5,0x74A5,
    0x74E6,0x7CC5,0x74A5,0x74A5,0x6C84,0x6C64,0x6C83,0x6CA4,0x6C83,0x6CA4,0x6C84,0x6C84,0x6C64,0x6C64,0x6C84,0x6C64,
    0x5C22,0x6443,0x6463,0x6423,0x6443,0x6423,0x6443,0x6C64,0x6C84,0x6423,0x6444,0x5BE2,0x5C03,0x6C84,0x6C84,0x6443,
    0x6423,0x6423,0x5C23,0x6445,0x5C05,0x6404,0x5C04,0x5C04,0x6404,0x5BE4,0x5BE3,0x5C04,0x6444,0x6424,0x6404,0x6444,
    0x6445,0x6444,0x6424,0x6444,0x6444,0x6C64,0x6C64,0x6464,0x6C63,0x6423,0x6444,0x6424,0x5C03,0x6444,0x6424,0x6445,
    0x6C45,0x6424,0x5C04,0x6C24,0x6403,0x6404,0x6403,0x5BE3,0x5BE3,0x63E4,0x5BC4,0x5BC4,0x53A3,0x5384,0x5363,0x5363,
    0x4B63,0x5BA4,0x5BA4,0x5363,0x4B44,0x5364,0x5364,0x5363,0x5364,0x5363,0x4B44,0x5343,0x4B44,0x4B03,0x4B24,0x4304,
    0x4B03,0x4B24,0x4B24,0x4303,0x4B24,0x4304,0x42E3,0x42E4,0x3AE3,0x4304,0x4B24,0x4B04,0x4304,0x4B04,0x42E3,0x42E4,
    0x42E3,0x42C3,0x42E4,0x4B04,0x42E4,0x4AE5,0x4304,0x4B04,0x4B04,0x42E4,0x42E4,0x42C3,0x42C3,0x42C3,0x3AC3,0x42C3,
    0x42C3,0x3AA3,0x42C3,0x42E4,0x4B05,0x4B25,0x4B05,0x42E4,0x4AE4,0x4304,0x4B04,0x4B04,0x4B05,0x4304,0x4B04,0x42E4,
    0x53A2,0x5382,0x53A3,0x5BC3,0x53A3,0x53A2,0x5BA3,0x5BA3,0x5BA4,0x5BE4,0x5BA3,0x5BA4,0x5C04,0x5BC4,0x5BC4,0x5BC3,
    0x53A2,0x5382,0x5382,0x5C02,0x6402,0x6443,0x6C43,0x6402,0x6C63,0x6C63,0x6C62,0x6C62,0x6C63,0x6C83,0x6422,0x6442,
    0x6442,0x5C22,0x5C01,0x6443,0x6443,0x6443,0x6C84,0x6C43,0x6C43,0x6C63,0x6442,0x6C62,0x6C42,0x74A3,0x74A2,0x74C3,
    0x74A3,0x7CE4,0x74C3,0x74A2,0x7D03,0x7CE3,0x7D03,0x7D03,0x7D03,0x8544,0x7D04,0x7CC3,0x7D04,0x7CE4,0x74E3,0x74A3,
    0x7D23,0x7D03,0x7CE3,0x74E3,0x74A2,0x74A2,0x7D03,0x74E3,0x74E3,0x74C3,0x6CC2,0x74A2,0x74E3,0x7CE3,0x74E3,0x74A2,
    0x74E2,0x7CE3,0x7D03,0x7D03,0x74A3,0x74C3,0x74A2,0x74C2,0x7CE3,0x6CA3,0x74E3,0x74E3,0x7D03,0x74C2,0x74E2,0x74E2,
    0x74E2,0x7CE2,0x74E2,0x74C3,0x74C3,0x74A3,0x74A3,0x74C2,0x74A2,0x74C2,0x6C82,0x6C82,0x6C63,0x6463,0x6C63,0x6462,
    0x74C3,0x6CC4,0x74C4,0x74E4,0x7CE4,0x74A4,0x7484,0x6C64,0x7485,0x74C5,0x7CC4,0x6C42,0x6C84,0x74C4,0x7483,0x7D05,
    0x7CE3,0x74E4,0x7484,0x6C43,0x74A5,0x74A5,0x7CC4,0x74C3,0x7CE4,0x74C4,0x74A3,0x7CE4,0x7CE4,0x7CE5,0x7CC5,0x74C4,
    0x6C63,0x74A4,0x74A4,0x74A3,0x6C83,0x7CE5,0x7D05,0x7484,0x6CA4,0x7CE5,0x74A4,0x6C64,0x6C83,0x6C64,0x5C22,0x6C64,
    0x74C4,0x74A4,0x6CA4,0x74C4,0x74E6,0x6C84,0x6C64,0x6C63,0x6C84,0x74A4,0x6C84,0x74A4,0x7D26,0x6C84,0x6C85,0x6C84,
    0x6C64,0x74C5,0x74C5,0x74C5,0x6C84,0x6CA5,0x6C84,0x7CE5,0x74C4,0x74C4,0x74C5,0x6CA4,0x6CA4,0x6CA4,0x74C4,0x6C84,
    0x6CA4,0x74C5,0x74C5,0x74C5,0x74E5,0x74A4,0x74C4,0x74C5,0x6CA4,0x6C84,0x6443,0x6C85,0x74A4,0x74C4,0x74A4,0x6463,
    0x6C63,0x6C84,0x6C85,0x6C64,0x6444,0x6444,0x6404,0x6425,0x6424,0x5C04,0x6424,0x6404,0x6424,0x6424,0x53C2,0x5BE4,
    0x5BE3,0x6405,0x5BE3,0x5C04,0x6C64,0x6444,0x6443,0x6443,0x6444,0x6444,0x6444,0x6444,0x6424,0x6423,0x5C03,0x5C03,
    0x5C03,0x5C04,0x5BE3,0x5C03,0x63E3,0x5C03,0x5BE3,0x6403,0x6403,0x6423,0x6403,0x6404,0x63E4,0x5BE3,0x63E4,0x5BE4,
    0x5BC4,0x5BA4,0x5BC4,0x5BA4,0x5384,0x5BA4,0x5BC4,0x5BA4,0x53A4,0x5BA4,0x5BA5,0x5384,0x5364,0x5364,0x5364,0x5344,
    0x4B64,0x5364,0x4B23,0x4B44,0x4B64,0x4324,0x4B24,0x4324,0x4304,0x4B45,0x4B24,0x4B24,0x4B24,0x4B04,0x4B04,0x4B23,
    0x42E3,0x4B24,0x4B03,0x42E4,0x42E3,0x42C4,0x42C3,0x42E4,0x42E4,0x3AC3,0x42C3,0x42C3,0x42E4,0x42E4,0x42E3,0x42E4,
    0x4304,0x4B04,0x4B04,0x42E4,0x42E4,0x4B04,0x4305,0x42E4,0x42E4,0x4B05,0x4B05,0x42C4,0x3AC4,0x42C3,0x3AA4,0x42E4,
    0x53A2,0x6403,0x6403,0x6423,0x6C43,0x6422,0x5BE3,0x53A3,0x5382,0x5362,0x4B82,0x53A1,0x5361,0x4B62,0x5382,0x53A2,
    0x5BA2,0x6404,0x5C03,0x6C24,0x6423,0x6C43,0x6C64,0x6C63,0x7484,0x74C4,0x74A3,0x6C83,0x74A3,0x6C82,0x7482,0x7CE4,
    0x6CA3,0x6C43,0x6C64,0x5C02,0x5BE3,0x6403,0x5C03,0x5BE2,0x6444,0x6423,0x6423,0x6C43,0x5BE2,0x5C22,0x6C63,0x6C83,
    0x6C62,0x6C83,0x6C62,0x6C62,0x74A2,0x74A3,0x74E3,0x74A3,0x74A2,0x7CE4,0x74C3,0x74A3,0x6C82,0x74C2,0x6C61,0x74A2,
    0x74C3,0x74A3,0x74A3,0x74A3,0x6C82,0x74A2,0x6CA3,0x6C62,0x6C82,0x6CA3,0x74A3,0x6CA3,0x74C3,0x74A2,0x6C62,0x6461,
    0x6C62,0x74A3,0x74C3,0x6CA3,0x6C82,0x6C83,0x74C4,0x6CA2,0x74C4,0x74A3,0x74C3,0x74C4,0x6CA4,0x6462,0x6463,0x6C82,
    0x6462,0x7D04,0x74A3,0x6461,0x6C62,0x6C82,0x74A3,0x74E3,0x7D03,0x6CA3,0x6CA3,0x7CE4,0x6CA3,0x74A4,0x6C83,0x6CC3,
    0x7CE4,0x6C62,0x6C83,0x6CA3,0x6C83,0x6C63,0x6C83,0x6CA4,0x7483,0x74E5,0x6C63,0x74A4,0x7CC4,0x74A4,0x74C4,0x74C4,
    0x7CE5,0x74A4,0x6C63,0x6C85,0x6C43,0x7485,0x6C84,0x6C64,0x6C63,0x74A4,0x7484,0x74C4,0x74A4,0x74A4,0x6C83,0x74A3,
    0x74A4,0x74C4,0x7CC4,0x74C4,0x7CC4,0x7D04,0x7CE5,0x74A3,0x74C4,0x7484,0x6CA4,0x74A5,0x74A4,0x74A5,0x7CE5,0x74E5,
    0x6C84,0x6CA4,0x74A4,0x74C5,0x74C5,0x7CE5,0x7D25,0x74E5,0x7D25,0x7D25,0x7D05,0x7504,0x7D05,0x7CE5,0x74E5,0x74C4,
    0x74C4,0x74C4,0x74C4,0x74E5,0x6C83,0x6C83,0x6CA3,0x74C4,0x74E4,0x74C4,0x74E4,0x7CE4,0x7CE5,0x74E4,0x74A4,0x6CA3,
    0x7483,0x74C4,0x74C4,0x74A4,0x6CA4,0x6C84,0x6CA4,0x74C4,0x6C84,0x7CE5,0x74E5,0x74C4,0x74A4,0x6C84,0x6CA4,0x74A4,
    0x6CA5,0x74C4,0x6C84,0x6444,0x6C64,0x6423,0x5C03,0x6444,0x5C03,0x6404,0x5C03,0x6444,0x6424,0x5C03,0x5C03,0x6C44,
    0x6465,0x6423,0x5C23,0x6423,0x6424,0x6423,0x5C03,0x6444,0x6444,0x6C64,0x6C64,0x6C65,0x6C85,0x6C84,0x74A4,0x6C64,
    0x6C64,0x6C64,0x6464,0x6444,0x6C44,0x6444,0x6C44,0x6444,0x6424,0x6424,0x6424,0x6444,0x6403,0x6424,0x6424,0x5BE4,
    0x63E4,0x5BE4,0x5BC4,0x53A3,0x5BC4,0x53A3,0x53C4,0x5BC4,0x5BC4,0x53A4,0x53A4,0x5BA4,0x5384,0x53A4,0x53A4,0x53A4,
    0x4B43,0x5363,0x5384,0x4B44,0x4B44,0x4B43,0x4B44,0x4B23,0x4B24,0x4B44,0x4B44,0x4B44,0x4B44,0x4B44,0x5364,0x4B24,
    0x4B44,0x4B44,0x4B44,0x4B24,0x4B24,0x4B24,0x4304,0x4324,0x4B24,0x4303,0x4304,0x4B24,0x4304,0x4304,0x4B24,0x4B24,
    0x42E3,0x4304,0x42E3,0x3AC3,0x42E3,0x42E4,0x42C3,0x42C3,0x42C3,0x3AC3,0x42E4,0x42E4,0x42E4,0x42E4,0x42E4,0x42E4,
    0x5382,0x5382,0x53A2,0x53A2,0x63E3,0x6424,0x6403,0x6424,0x6404,0x6404,0x63E3,0x5BC3,0x6403,0x6424,0x6C44,0x6C44,
    0x6C84,0x6401,0x6442,0x6C64,0x6C43,0x6423,0x6443,0x6C43,0x6C62,0x6423,0x5BE3,0x6423,0x5BC2,0x5BE2,0x5BE2,0x5BE2,
    0x6403,0x6403,0x6424,0x63E3,0x5BC3,0x53A3,0x5361,0x5362,0x5382,0x6404,0x6423,0x6403,0x6423,0x6402,0x6403,0x5C02,
    0x5BE2,0x6403,0x6C43,0x6C83,0x74C3,0x6442,0x6441,0x6442,0x6C62,0x6C63,0x6C63,0x7483,0x74A4,0x74A4,0x74A3,0x74C4,
    0x6C63,0x6C43,0x6C83,0x6442,0x6C43,0x6C83,0x6442,0x6C63,0x6C63,0x6C62,0x6402,0x6C62,0x74A4,0x74A4,0x6C83,0x6C23,
    0x5C02,0x6423,0x6423,0x6C62,0x6CA3,0x6CA3,0x6CA3,0x6C82,0x6C82,0x6482,0x6462,0x6462,0x5C02,0x6C83,0x6442,0x6C82,
    0x6CA3,0x74C4,0x6C82,0x6462,0x74E3,0x74C3,0x6482,0x6C82,0x6CA3,0x6CA2,0x74C3,0x74C3,0x74E4,0x6CA3,0x6C83,0x74C4,
    0x6C83,0x6442,0x74C4,0x7CE5,0x6463,0x6CA3,0x6C82,0x74C4,0x6CA2,0x6C63,0x6443,0x6402,0x6C64,0x6C63,0x6C64,0x6C43,
    0x6423,0x74A4,0x6423,0x6C64,0x6C64,0x74A5,0x74C5,0x6C64,0x6C64,0x74A4,0x74C5,0x7CA6,0x74C5,0x74C5,0x7CC4,0x74C5,
    0x74A4,0x74A4,0x74C4,0x7CE5,0x7CC4,0x74C4,0x7CC4,0x7D05,0x7CE4,0x7CE5,0x74C4,0x6C84,0x74A4,0x74A4,0x7CE5,0x7484,
    0x6C84,0x6CA4,0x6C85,0x6443,0x6C83,0x74C4,0x6C84,0x6C83,0x7D04,0x7D04,0x7D05,0x74E4,0x74C5,0x6C84,0x6C62,0x6C83,
    0x6CA3,0x6CA3,0x6CC3,0x74C4,0x74E5,0x74C4,0x74C4,0x74C4,0x74E5,0x74A4,0x7D05,0x6CC4,0x6CA4,0x74A4,0x74C4,0x74C5,
    0x6CC4,0x6C83,0x6C63,0x6C84,0x74A4,0x6463,0x6C84,0x6C84,0x74C5,0x74A4,0x6CA4,0x74C4,0x74C4,0x74C4,0x74E5,0x74E5,
    0x74A4,0x74A4,0x6C83,0x74C5,0x6CA5,0x74A5,0x74A5,0x6C84,0x6C84,0x6C84,0x6C83,0x74C4,0x6CA4,0x6C84,0x6C84,0x6C83,
    0x6C63,0x6C64,0x6C84,0x6443,0x6423,0x6C64,0x6444,0x6C64,0x6C65,0x6C64,0x5BE3,0x6443,0x6C65,0x6C84,0x6464,0x74A5,
    0x6C84,0x6C64,0x6C84,0x6C65,0x6C64,0x6444,0x6423,0x6424,0x6444,0x6443,0x6424,0x6424,0x5C24,0x53C3,0x5BE4,0x5BE4,
    0x53C3,0x5C04,0x5BE3,0x5BE4,0x5C04,0x6404,0x5C04,0x53A3,0x4B61,0x5383,0x4B83,0x5BE4,0x53C4,0x5BE4,0x53C4,0x5383,
    0x5383,0x53A4,0x53A4,0x5384,0x53A4,0x5384,0x4B64,0x4B63,0x4B63,0x5384,0x4B44,0x4B43,0x4B43,0x4B44,0x4B43,0x4343,
    0x4B24,0x4323,0x4B24,0x4323,0x4324,0x4B44,0x4B43,0x4B43,0x4B44,0x4B64,0x4B45,0x4B44,0x4B45,0x4B44,0x4304,0x4B24,
    0x4324,0x4303,0x4324,0x4B03,0x4B04,0x4B24,0x4303,0x4B04,0x4B24,0x4B24,0x4325,0x42E3,0x4304,0x4324,0x4304,0x4B04,
    0x5BE4,0x5BA3,0x5BC4,0x5342,0x4B63,0x5B84,0x5C04,0x6403,0x53A1,0x5BC2,0x5382,0x4B62,0x4B42,0x5362,0x53A3,0x5BC3,
    0x6403,0x5C22,0x6C42,0x5BE2,0x6443,0x6423,0x6402,0x6402,0x6422,0x5BE2,0x6403,0x5BE3,0x63E3,0x6C65,0x6404,0x5BC3,
    0x6403,0x6423,0x6403,0x5C03,0x6C24,0x6403,0x6404,0x5BE4,0x5BC4,0x5BA2,0x5BC2,0x5BE3,0x6424,0x6423,0x6423,0x6403,
    0x5BA2,0x53A1,0x5BC3,0x5BE2,0x6442,0x6402,0x6422,0x6C42,0x6C43,0x6422,0x6443,0x6423,0x6442,0x6402,0x6422,0x6442,
    0x6402,0x6423,0x6402,0x6443,0x6C43,0x6423,0x6422,0x6C43,0x6443,0x6C43,0x6422,0x6443,0x5BE1,0x6422,0x6422,0x6C43,
    0x6443,0x6C43,0x6402,0x5C02,0x6443,0x6422,0x6423,0x6443,0x6464,0x6C43,0x6423,0x6443,0x6423,0x6C83,0x6C63,0x6C83,
    0x6443,0x5C02,0x6443,0x6C63,0x6463,0x6C82,0x6422,0x6462,0x6462,0x6CA2,0x6CA3,0x6461,0x6C82,0x6443,0x6C63,0x6443,
    0x5C23,0x6443,0x6443,0x6C83,0x6442,0x6C83,0x74C4,0x74E4,0x7504,0x74A3,0x7CC5,0x74A4,0x74C5,0x74A4,0x7484,0x6C63,
    0x74A4,0x7483,0x6C63,0x74A4,0x6C63,0x7484,0x7484,0x6C63,0x74A4,0x7CA5,0x6C84,0x6443,0x6C43,0x6C43,0x6C85,0x7CE5,
    0x7484,0x6C64,0x74A5,0x7CC5,0x74A4,0x74C5,0x74A4,0x6C84,0x7CC5,0x6C83,0x6C63,0x74A4,0x6C63,0x74A4,0x74C5,0x6C63,
    0x6C85,0x6C64,0x6CA4,0x74A4,0x74C5,0x74C5,0x6463,0x6C64,0x7CE6,0x74C4,0x6C64,0x6464,0x74C5,0x74C4,0x74E5,0x74C4,
    0x74E4,0x7D04,0x74E4,0x74A3,0x6CA3,0x7CE4,0x6CA3,0x6CA3,0x74C3,0x6CA3,0x74A4,0x74C4,0x7CE4,0x6CC4,0x74E4,0x7CE4,
    0x74C4,0x7D04,0x74E5,0x74C4,0x7D26,0x7CE5,0x7D06,0x7CE5,0x74E5,0x74C4,0x6C83,0x74E4,0x74C4,0x74E4,0x74E4,0x74C3,
    0x6CA3,0x74E4,0x74E4,0x74C4,0x6C84,0x74E4,0x74A4,0x74C4,0x6CA4,0x74A4,0x74C4,0x74C4,0x6CA4,0x74C4,0x7CE5,0x74E5,
    0x74C5,0x74C5,0x74C5,0x74E5,0x74C4,0x6CA4,0x6463,0x6C64,0x6C85,0x6464,0x6423,0x6464,0x6C64,0x6423,0x6424,0x6444,
    0x6423,0x5C03,0x5BE3,0x5C03,0x5C03,0x6424,0x5C03,0x6444,0x6444,0x5C04,0x5C03,0x5BE3,0x5BE4,0x53C3,0x5BC3,0x6424,
    0x5BE3,0x5BE2,0x5C03,0x6423,0x6424,0x6444,0x6424,0x6424,0x5BE4,0x6424,0x5BE4,0x5BE4,0x5C05,0x5BE4,0x53A4,0x4B63,
    0x4B83,0x53A4,0x5384,0x53A4,0x53A4,0x5BC4,0x53A4,0x53A4,0x5384,0x5384,0x4B84,0x5364,0x53A5,0x53A4,0x5385,0x4B64,
    0x4B64,0x4B64,0x5364,0x4B44,0x4B43,0x4B44,0x4B64,0x4B64,0x4B43,0x4323,0x4B23,0x4323,0x4303,0x4303,0x4303,0x4303,
    0x4B24,0x4324,0x4B44,0x4B24,0x4B24,0x4B23,0x4B44,0x4B04,0x4303,0x4B44,0x4B24,0x4B44,0x4B44,0x4B44,0x4B65,0x4323,
    0x5382,0x53A3,0x5BC4,0x5383,0x5BA4,0x4B63,0x5342,0x5382,0x5BC3,0x5BE3,0x63E3,0x5BE4,0x5BA3,0x4B63,0x5382,0x5382,
    0x5BC3,0x5BE3,0x5382,0x4B61,0x6C24,0x5BE2,0x6403,0x6423,0x5BE2,0x6402,0x6443,0x5BE2,0x5BE3,0x5BA3,0x3AA0,0x4B42,
    0x4B42,0x4B42,0x4B42,0x5363,0x4B42,0x4B62,0x53A2,0x5BC2,0x53A3,0x5BC2,0x5BE2,0x6423,0x5BC3,0x6422,0x63E2,0x6422,
    0x6C64,0x6402,0x6423,0x6C44,0x6423,0x5BE2,0x6423,0x6444,0x6C43,0x6C64,0x6C64,0x6C84,0x7484,0x6443,0x6C43,0x6C63,
    0x6C43,0x6442,0x6C63,0x7484,0x6C84,0x74A4,0x74A4,0x7484,0x6C42,0x6C83,0x6C83,0x6C43,0x6C42,0x6C63,0x5C02,0x6422,
    0x5BE2,0x5C02,0x6423,0x6423,0x6444,0x5C03,0x6423,0x5BE2,0x5C02,0x5C23,0x5BE2,0x5C02,0x6443,0x6423,0x5C23,0x5BE2,
    0x53C2,0x53C2,0x5C23,0x6443,0x5BE2,0x53E2,0x6C63,0x6462,0x6C82,0x74A3,0x6462,0x6C82,0x6462,0x6C63,0x6CA4,0x6C83,
    0x6C83,0x6C63,0x6463,0x6C83,0x6CA3,0x6C83,0x6CA3,0x7CE4,0x74C3,0x74E4,0x7CE4,0x74E4,0x6C62,0x74A3,0x74C4,0x74C4,
    0x74A2,0x74C3,0x74C4,0x7CE4,0x74A4,0x6C83,0x74C5,0x6C45,0x6C44,0x6C44,0x74A5,0x74A5,0x74A4,0x6C63,0x74A4,0x74A5,
    0x7CE5,0x6C84,0x7483,0x74A5,0x74A5,0x74A5,0x74A4,0x7CE6,0x7D06,0x8506,0x7D06,0x7CC5,0x7CE5,0x7CE5,0x7CC5,0x6C63,
    0x6423,0x6C64,0x6C84,0x6C83,0x6463,0x6443,0x6C64,0x6CA5,0x6C64,0x6463,0x6423,0x5C02,0x6424,0x6442,0x6C63,0x6C83,
    0x6CA4,0x74C5,0x74A4,0x74C4,0x74C4,0x74E5,0x7CE4,0x74C4,0x7CE5,0x74E4,0x74E4,0x74E3,0x74C4,0x74C3,0x7D04,0x74E4,
    0x6CC3,0x74A3,0x74C4,0x74C3,0x74E4,0x74C5,0x74E4,0x74E5,0x7D05,0x7504,0x7D25,0x7D04,0x7D04,0x7D25,0x8525,0x8565,
    0x8545,0x8545,0x8D86,0x7D25,0x7D25,0x7D05,0x74E4,0x74E4,0x7D05,0x7D05,0x74C5,0x74E5,0x7CE5,0x6CA4,0x74E4,0x74A4,
    0x6C84,0x6CA4,0x74C5,0x74C4,0x6CA3,0x7CE5,0x6CA4,0x74A5,0x6C85,0x6C84,0x6C64,0x6443,0x6464,0x6C64,0x6C64,0x6443,
    0x6444,0x6443,0x6443,0x6424,0x6424,0x6C65,0x6444,0x6C45,0x6444,0x6C65,0x6C44,0x6444,0x6424,0x6425,0x5C04,0x6425,
    0x6444,0x5C04,0x5C03,0x5C04,0x6424,0x5BE3,0x5C03,0x5C04,0x5BE3,0x5BE4,0x5BE3,0x53C3,0x5BA3,0x53C4,0x5BA3,0x53A4,
    0x53A4,0x5BA4,0x53C5,0x5BC4,0x53C3,0x53C4,0x5BE4,0x5BE4,0x5BE4,0x5BC4,0x5BC5,0x53C4,0x5384,0x53A4,0x53A4,0x53A4,
    0x5BA4,0x53A4,0x5384,0x4B84,0x5383,0x53A4,0x5384,0x4B63,0x5364,0x4B64,0x4B44,0x5385,0x4B64,0x4B44,0x4B44,0x4323,
    0x4B23,0x4B44,0x4B43,0x4B23,0x4B44,0x5385,0x5344,0x5364,0x4B44,0x4B44,0x4B64,0x4323,0x4B24,0x4B23,0x4323,0x4B24,
    0x5BA3,0x5BC4,0x5383,0x5BA4,0x53A4,0x5363,0x5384,0x5363,0x4B62,0x5362,0x5BC3,0x53A3,0x5BA3,0x53A3,0x5BA3,0x5363,
    0x5363,0x4B22,0x4B22,0x53A3,0x5382,0x5BC3,0x5BE3,0x5BE3,0x5381,0x5BC2,0x5BC2,0x53A2,0x5BC3,0x5382,0x4B62,0x5BA3,
    0x5BC4,0x5BC3,0x5BA3,0x5BE3,0x5BE3,0x63E3,0x6404,0x63E4,0x63E5,0x6425,0x6403,0x6403,0x63E4,0x5BE3,0x53A2,0x5BC3,
    0x5BC3,0x5BE2,0x6403,0x6423,0x5BE2,0x5BE3,0x5BC2,0x53A2,0x53A2,0x53A2,0x5381,0x5BE2,0x6403,0x5BE2,0x6402,0x5C02,
    0x6C63,0x6442,0x6C63,0x6C63,0x6C62,0x6C43,0x6C83,0x6C82,0x6C83,0x7483,0x74A3,0x74C4,0x6C83,0x6C43,0x6C64,0x6C64,
    0x6C43,0x6403,0x5BE2,0x6423,0x6423,0x6464,0x6443,0x5C03,0x5BE2,0x6423,0x5C22,0x6443,0x6443,0x6424,0x6464,0x5C03,
    0x5C02,0x6C63,0x5BE2,0x6422,0x6463,0x6422,0x6441,0x6463,0x6442,0x5C22,0x6422,0x6463,0x6443,0x6462,0x6C82,0x6C83,
    0x5C41,0x6441,0x6C83,0x6CA3,0x6CA3,0x6C83,0x6CA3,0x74A3,0x6482,0x74A3,0x6C82,0x74C3,0x7CE3,0x7CE4,0x7CC3,0x7CE3,
    0x74C3,0x7CE4,0x74C3,0x7D04,0x7CC4,0x74A3,0x7CE5,0x74A4,0x74A4,0x74C4,0x7D06,0x7CC4,0x74A5,0x7484,0x7CC5,0x6C64,
    0x6C63,0x7464,0x6C64,0x6C84,0x6C64,0x6C43,0x6423,0x6C64,0x6C43,0x6423,0x5BE1,0x6402,0x6C63,0x6443,0x74C4,0x6C84,
    0x6C64,0x6CA5,0x7D05,0x6C83,0x6C83,0x6CA4,0x74A5,0x6C85,0x6CA4,0x74C5,0x74C5,0x6C84,0x6C84,0x74C5,0x74A5,0x6CA4,
    0x6C64,0x6423,0x5C02,0x6443,0x6442,0x6CA4,0x6CA4,0x6C84,0x6C84,0x74C4,0x7504,0x7CE5,0x74C4,0x74C4,0x74E4,0x7D05,
    0x7D24,0x7D24,0x8545,0x7D25,0x74E4,0x7D25,0x8525,0x74E4,0x7CE4,0x7D04,0x74E4,0x74E3,0x7D04,0x7D24,0x7D24,0x8545,
    0x7D25,0x74E4,0x7D04,0x7D25,0x7D25,0x7D04,0x74A3,0x74E4,0x74E4,0x74E4,0x74E5,0x7CE5,0x74C5,0x6CA4,0x6C84,0x6CA4,
    0x74A5,0x74C5,0x6C84,0x6C83,0x74A4,0x74C4,0x74A4,0x6CA4,0x6C84,0x6C84,0x6463,0x6C64,0x6C64,0x6C84,0x6463,0x6463,
    0x74C5,0x6C84,0x6443,0x6C64,0x6444,0x6C64,0x6444,0x6423,0x6424,0x6464,0x6444,0x6423,0x6424,0x6423,0x6424,0x5C04,
    0x6404,0x5BE4,0x6404,0x5C04,0x6404,0x5C04,0x5C04,0x6403,0x5C04,0x5C04,0x6425,0x5BE4,0x53C4,0x5BE4,0x5BE5,0x5BE4,
    0x5BC5,0x5BC4,0x5384,0x4B83,0x5BE4,0x53A3,0x5BC4,0x53C4,0x53A3,0x53A3,0x53C4,0x53A4,0x5383,0x4B63,0x4B63,0x5384,
    0x4B83,0x4B63,0x53A3,0x53A4,0x53C4,0x5BC4,0x53A4,0x53A4,0x5383,0x4B84,0x5363,0x4B64,0x5364,0x5384,0x53A5,0x5363,
    0x4B84,0x53A5,0x53A5,0x5384,0x5BA5,0x5364,0x4B44,0x4B23,0x4B23,0x4B23,0x4B24,0x4324,0x4B24,0x4303,0x4324,0x4B44,
    0x4303,0x4B23,0x4B22,0x4B43,0x4B23,0x4B02,0x4B63,0x4B23,0x4302,0x42E2,0x4B43,0x4B42,0x4B22,0x4302,0x4B42,0x4B22,
    0x4B43,0x4B43,0x5344,0x5363,0x4B43,0x4B42,0x4B43,0x5BA3,0x5363,0x53A3,0x5BE3,0x63E3,0x5BE3,0x6403,0x6403,0x5BE3,
    0x5BA3,0x4B63,0x4B41,0x5362,0x5362,0x4B61,0x53A2,0x5382,0x4B62,0x5BA2,0x5BC2,0x5BC2,0x5BC3,0x5382,0x5383,0x5BC3,
    0x5382,0x4B62,0x5382,0x5BE3,0x6403,0x6424,0x6C23,0x6403,0x6403,0x5BE2,0x5BC2,0x6403,0x6423,0x6C23,0x6C64,0x6422,
    0x6443,0x6C43,0x6442,0x6C43,0x6443,0x5BE1,0x6422,0x7483,0x6C63,0x6C83,0x6C83,0x6C62,0x6442,0x7483,0x6C82,0x7483,
    0x74A4,0x74A4,0x74C4,0x6C84,0x6463,0x6C84,0x6422,0x6422,0x6483,0x6C84,0x6C45,0x6464,0x6402,0x5C43,0x6444,0x6404,
    0x5BE3,0x5C23,0x5BE2,0x5C23,0x6C64,0x5C02,0x6463,0x6423,0x5BE2,0x53C1,0x5C02,0x6404,0x6423,0x5C21,0x6442,0x6442,
    0x6C62,0x6442,0x5C21,0x5BE1,0x5BE1,0x6442,0x6C82,0x74C4,0x6CC3,0x6C82,0x6C62,0x7483,0x74A4,0x6C83,0x6C83,0x74A3,
    0x74C3,0x7CE3,0x74C4,0x74C3,0x74A4,0x74A3,0x74A4,0x74A3,0x6C62,0x6C63,0x7483,0x6C63,0x6C84,0x7484,0x6C63,0x6C64,
    0x74A4,0x6C84,0x6C63,0x74A4,0x74A4,0x7484,0x6C84,0x7484,0x74A4,0x74A4,0x7CC5,0x74C4,0x74C5,0x7484,0x7CC4,0x6C84,
    0x5C03,0x6C44,0x6CA4,0x6C83,0x6442,0x5C03,0x5BE2,0x6462,0x6C83,0x74C4,0x74C3,0x6CA4,0x6C63,0x6CA3,0x6C83,0x74C4,
    0x74C4,0x6CA4,0x6CA4,0x74C5,0x7CE5,0x7D05,0x74E5,0x74C4,0x74E5,0x7D05,0x7D24,0x7D24,0x7D44,0x7D04,0x7D24,0x7D04,
    0x7D44,0x8524,0x7D24,0x7D04,0x7504,0x7CE4,0x7D04,0x74E4,0x7504,0x74E3,0x7D24,0x8545,0x7D24,0x7D25,0x7D05,0x7D25,
    0x7D24,0x74E4,0x7D04,0x7D04,0x7D25,0x8545,0x7504,0x7D05,0x74C3,0x74C4,0x74E5,0x74A4,0x6CA4,0x74A4,0x6CA4,0x74A4,
    0x74E5,0x74C5,0x6CA4,0x74A5,0x74C5,0x74C5,0x6C84,0x6C84,0x6C84,0x6C84,0x74A5,0x6CA4,0x6463,0x6463,0x6423,0x6443,
    0x74A4,0x6443,0x6423,0x6C84,0x6463,0x6C64,0x6464,0x6463,0x6C63,0x6443,0x6C63,0x6484,0x6443,0x6C84,0x6C85,0x6C64,
    0x6464,0x6C65,0x6C85,0x6C65,0x6444,0x6C65,0x6444,0x6425,0x6404,0x5BE4,0x5C05,0x5BC4,0x53C4,0x5BA3,0x53C4,0x5BC4,
    0x53A4,0x4B84,0x4B83,0x5363,0x5BC4,0x5BE4,0x53A4,0x5383,0x53A3,0x53C4,0x5BC4,0x53A4,0x53A4,0x53C4,0x63E4,0x5BE4,
    0x5BC4,0x5BC3,0x5BE4,0x5BC4,0x53C3,0x5BC3,0x5BE4,0x53C4,0x53A4,0x5BC4,0x53A4,0x53A4,0x53A4,0x5384,0x5BC5,0x53A4,
    0x53A4,0x53A4,0x5BC4,0x5BA4,0x5BA4,0x5363,0x4B63,0x5363,0x5384,0x4B63,0x4B43,0x5364,0x53A4,0x4B44,0x4B43,0x4B23,
    0x5344,0x4B24,0x4B03,0x4303,0x5364,0x5343,0x5BA5,0x5343,0x4B44,0x3AA2,0x42E3,0x4B24,0x4B03,0x4B23,0x4B03,0x4B23,
    0x5364,0x4B43,0x5363,0x4B43,0x4B23,0x5343,0x4B22,0x4322,0x5343,0x4B42,0x4B41,0x4B42,0x5362,0x4B21,0x4B62,0x5BA3,
    0x53A3,0x5BC3,0x53A2,0x5BE3,0x6403,0x6403,0x6423,0x6423,0x63E3,0x6423,0x6443,0x6443,0x6423,0x6444,0x6403,0x6404,
    0x6424,0x5BC3,0x53A3,0x5BA2,0x5382,0x5382,0x53C2,0x5382,0x5BE3,0x5BE3,0x5BC4,0x5BA3,0x4B62,0x4B61,0x5382,0x53A2,
    0x63E3,0x5BE2,0x6403,0x5C03,0x6403,0x6403,0x6C63,0x6C43,0x5C02,0x6C43,0x6423,0x6C43,0x6C63,0x6C63,0x6442,0x5C01,
    0x6402,0x6443,0x6C43,0x6C63,0x6C62,0x6C82,0x6462,0x6C83,0x6C62,0x6423,0x5BE2,0x6443,0x6C63,0x6C63,0x6422,0x5C02,
    0x6424,0x5BE4,0x53C3,0x5BE3,0x5C03,0x6424,0x5C04,0x5C03,0x5C03,0x5BE3,0x6444,0x6443,0x6443,0x6463,0x6402,0x6443,
    0x6444,0x6463,0x6CA4,0x6C63,0x6482,0x6C83,0x6483,0x6C62,0x6463,0x6C42,0x6C64,0x6C63,0x5C01,0x5C01,0x5BE1,0x5C22,
    0x6421,0x6CA3,0x6C62,0x6C83,0x6C62,0x6C83,0x6C63,0x6C64,0x6C84,0x6C83,0x74A5,0x6C83,0x74A4,0x74E5,0x6C63,0x74C4,
    0x74A3,0x6C63,0x74C4,0x7484,0x6C64,0x6C84,0x6C63,0x7484,0x6C84,0x6C84,0x6C63,0x7484,0x6C83,0x74A4,0x74A4,0x6C84,
    0x6444,0x6C84,0x74C4,0x74E4,0x7D05,0x74C5,0x74C5,0x7CE5,0x7D25,0x8525,0x7D05,0x7D05,0x7D05,0x7D44,0x7D23,0x7D24,
    0x7D25,0x7D25,0x74C3,0x74C3,0x7D25,0x7D05,0x7D04,0x74E4,0x74C4,0x74C3,0x7D05,0x74E4,0x74C4,0x7D04,0x7D25,0x74C3,
    0x74E3,0x7504,0x74E4,0x7D04,0x7D04,0x74C4,0x74E4,0x7D25,0x7D04,0x7CE3,0x74E3,0x7D04,0x74C3,0x74C4,0x6CA3,0x7CE4,
    0x74A4,0x6CA3,0x6CA3,0x74A4,0x6CA3,0x74C4,0x74C4,0x74E4,0x7D05,0x8546,0x7CE4,0x7D05,0x7D25,0x7D05,0x7CE4,0x74C4,
    0x74A4,0x6C84,0x7484,0x6463,0x7485,0x6C84,0x6444,0x7484,0x74A4,0x74A5,0x6CA4,0x7484,0x6C64,0x6C64,0x6CA5,0x6C85,
    0x6CA5,0x6C85,0x74A5,0x6C83,0x6423,0x74E5,0x74C4,0x6443,0x6C84,0x6C83,0x6422,0x6CA4,0x74A5,0x6443,0x6C63,0x6C64,
    0x6444,0x6444,0x6444,0x6444,0x6444,0x6403,0x6425,0x5BE4,0x5BE4,0x5BE5,0x53A3,0x53A4,0x53C4,0x5BC4,0x5BC4,0x53C4,
    0x5BC4,0x53A4,0x5BA4,0x53C4,0x5384,0x53A4,0x53A4,0x53C4,0x5BA5,0x5BC4,0x5BC4,0x53C3,0x6405,0x53A4,0x53C4,0x5BE4,
    0x5BE4,0x53E4,0x5BE4,0x5C04,0x5BE4,0x5BE4,0x5BC4,0x5BE4,0x5BE4,0x5C05,0x5BC4,0x5BE5,0x53A4,0x53A3,0x53A4,0x5BC5,
    0x53A4,0x53A4,0x4B64,0x5384,0x5BA5,0x5384,0x5384,0x5BA4,0x5364,0x5384,0x4B83,0x4B63,0x5384,0x4B63,0x53A4,0x53A4,
    0x4B24,0x4B23,0x4B24,0x5324,0x4B03,0x42E3,0x3A81,0x3AA2,0x4AE4,0x42A2,0x42C3,0x42C3,0x4B24,0x42E2,0x42A2,0x42E2,
    0x4B03,0x4B03,0x4B24,0x5364,0x5343,0x5363,0x4B02,0x4B02,0x4B23,0x5342,0x5362,0x53A3,0x5BA4,0x53A4,0x5BC3,0x6403,
    0x5BE3,0x6C24,0x5BC3,0x5BC3,0x5BE3,0x5BE3,0x5BC3,0x5BE3,0x5BE3,0x5BE2,0x5BE2,0x5BC2,0x5BE2,0x5BC3,0x5BC3,0x5BC3,
    0x5BE4,0x5BC4,0x5BC4,0x5BA4,0x5363,0x4B63,0x5343,0x4B42,0x5BC3,0x5BA3,0x5BC3,0x6424,0x6C44,0x5BE2,0x5BC3,0x5BC3,
    0x5BC3,0x53A3,0x5383,0x5B84,0x53A3,0x5BC3,0x5BC3,0x53C2,0x63E3,0x6403,0x6403,0x6423,0x6403,0x6423,0x6C43,0x6423,
    0x6C43,0x6C43,0x6443,0x6443,0x6423,0x6443,0x6C64,0x6443,0x6423,0x6442,0x6402,0x6463,0x6C43,0x6C83,0x6C63,0x6422,
    0x6443,0x6422,0x5C23,0x6422,0x5C23,0x6443,0x6403,0x5C23,0x5BC2,0x5C03,0x5C23,0x5BE2,0x5C03,0x5BC3,0x4BA3,0x5BE4,
    0x53C2,0x6443,0x6442,0x6462,0x6C83,0x6C83,0x6443,0x6423,0x5BE2,0x6444,0x6442,0x6442,0x6CA4,0x6C83,0x6C83,0x6C83,
    0x6CA3,0x74A3,0x6C83,0x74C3,0x6C83,0x6C83,0x6CC4,0x6C83,0x6CA4,0x6CA3,0x6C63,0x6CA4,0x6462,0x6C84,0x6422,0x6443,
    0x6443,0x6463,0x74A4,0x6463,0x6443,0x6C84,0x74A4,0x6CA4,0x74C4,0x6C84,0x74A5,0x6CC4,0x7D04,0x7505,0x7484,0x6CA4,
    0x74C5,0x74C4,0x7CE5,0x74E5,0x7D05,0x74C5,0x6CA4,0x6C83,0x74C5,0x74C4,0x6CA3,0x74C3,0x7D45,0x7504,0x7D04,0x7525,
    0x7D24,0x74E4,0x7504,0x7504,0x74E4,0x7525,0x7D25,0x74E5,0x6CC4,0x74A4,0x74E4,0x74A4,0x74E4,0x7CE5,0x6CA3,0x6C84,
    0x6CA4,0x6C83,0x6C84,0x6CA4,0x6C83,0x6C84,0x74A3,0x7483,0x6C42,0x6C84,0x74A4,0x74C4,0x74A3,0x7CE4,0x7CE4,0x7CE4,
    0x7CE5,0x7CC4,0x74C5,0x7CC4,0x7CE4,0x7CE5,0x74A3,0x74A3,0x74C4,0x74C3,0x7CA3,0x7CE4,0x8504,0x7CC4,0x7CE4,0x7CE4,
    0x8505,0x7CE4,0x8505,0x8504,0x7D04,0x8D25,0x7CE4,0x8505,0x7D05,0x8526,0x7CC4,0x7CA4,0x7CC5,0x74C4,0x74C4,0x74C4,
    0x7CE5,0x74A4,0x74C5,0x6CA4,0x74E4,0x74C5,0x7CE5,0x6CA4,0x6C83,0x74C5,0x6CA5,0x6C84,0x6C84,0x6423,0x6464,0x6443,
    0x53E2,0x6403,0x5BE3,0x5BE3,0x53C3,0x5BE3,0x53C3,0x5BE4,0x5C04,0x5BE4,0x6404,0x6404,0x6424,0x6445,0x6424,0x6424,
    0x5BE4,0x53C3,0x5BC4,0x5BE4,0x5BE4,0x5BE4,0x5BE5,0x5BE4,0x53A3,0x53A3,0x53C3,0x5383,0x4B44,0x32A1,0x3AE1,0x53A3,
    0x5BC4,0x5BC4,0x53A3,0x5BC4,0x53C4,0x53A3,0x53C4,0x5BE5,0x53A4,0x5BC4,0x5383,0x5BE5,0x5BE5,0x5BC5,0x53C4,0x53A4,
    0x5BA5,0x5BC5,0x5384,0x5384,0x53A4,0x53A4,0x53A4,0x5BC5,0x5BC5,0x53A4,0x5384,0x53A4,0x4B63,0x53A5,0x5384,0x5384,
    0x42C3,0x4AC2,0x4B03,0x42E3,0x4AE3,0x42E3,0x4AE3,0x4B03,0x4B03,0x4B04,0x4B23,0x4B03,0x4AE3,0x4AE4,0x5345,0x4B04,
    0x42C3,0x4AE3,0x5325,0x5323,0x4B23,0x5B64,0x4B23,0x4B42,0x5342,0x5363,0x4B23,0x4B23,0x4303,0x4B02,0x5384,0x53A3,
    0x5383,0x4B62,0x5383,0x4B41,0x5362,0x5383,0x4B62,0x5BA3,0x5BC3,0x5BA3,0x5BA3,0x5BA2,0x53A2,0x5382,0x5BA3,0x5BC3,
    0x5BA3,0x5382,0x5382,0x5363,0x5383,0x53A3,0x5BC4,0x4B62,0x5362,0x4B42,0x4B22,0x5BC3,0x5BE4,0x63E3,0x5BE3,0x5BC3,
    0x5BC3,0x5BC4,0x5383,0x5384,0x5363,0x53A3,0x5BA3,0x5BA4,0x5BE4,0x5BC4,0x5BC4,0x5BC3,0x5BA3,0x53C2,0x53A2,0x5BC2,
    0x53A2,0x5BE3,0x5BE3,0x5BC2,0x5BC2,0x5BA2,0x5BE3,0x5BC2,0x63E3,0x5BE3,0x6C43,0x6443,0x6423,0x6423,0x6402,0x6423,
    0x6443,0x6423,0x6423,0x6443,0x6423,0x5C22,0x6403,0x5BE4,0x53C3,0x5BC3,0x5BE3,0x5C04,0x6404,0x5BE3,0x5C04,0x6404,
    0x5C03,0x6423,0x6443,0x6443,0x6442,0x6443,0x6C63,0x6444,0x6464,0x6C64,0x6463,0x6443,0x6442,0x5C21,0x6422,0x6C62,
    0x6C83,0x6C83,0x6483,0x6442,0x5C01,0x6442,0x6442,0x5C02,0x6443,0x6C43,0x6443,0x6C84,0x6C84,0x6CA3,0x6CA3,0x74C4,
    0x74E4,0x7CE5,0x7D04,0x74C4,0x74C4,0x74C4,0x6CA3,0x74A4,0x6CA3,0x6463,0x74A5,0x6C84,0x6C84,0x6C84,0x5C22,0x6424,
    0x6422,0x6423,0x6443,0x6423,0x6422,0x6C84,0x6C83,0x74C3,0x6CA3,0x74C3,0x6CA4,0x74C4,0x7CE5,0x74C4,0x6CA4,0x6463,
    0x6C84,0x6C83,0x74A4,0x6C84,0x6C84,0x6C64,0x6C64,0x5C03,0x5C03,0x5BE2,0x6423,0x6443,0x5C03,0x6464,0x6C64,0x6443,
    0x6422,0x6C63,0x74A4,0x6CA4,0x6463,0x6C84,0x74C5,0x7485,0x74C5,0x7484,0x6C63,0x6C83,0x74A4,0x74A3,0x6C83,0x6C83,
    0x6C83,0x74C4,0x74A3,0x6C82,0x7D04,0x7D04,0x74C3,0x7D04,0x8504,0x7D04,0x8524,0x8545,0x8524,0x8524,0x8D45,0x8545,
    0x84E4,0x7CE4,0x7CE4,0x8D45,0x8545,0x8D45,0x8524,0x7CE3,0x7CE4,0x8D45,0x8505,0x74C4,0x7D05,0x74E4,0x7D05,0x74C5,
    0x74C5,0x74C5,0x74C5,0x74C5,0x74A5,0x6C84,0x6C84,0x6C84,0x6C64,0x6443,0x6423,0x6422,0x6444,0x6443,0x6C63,0x6C64,
    0x6423,0x6C64,0x6C65,0x6423,0x6445,0x6C85,0x6445,0x6424,0x6424,0x5C03,0x5C24,0x5C04,0x6444,0x6423,0x5C03,0x5BE3,
    0x5BE3,0x5BE3,0x5C04,0x5C04,0x5C04,0x5BE3,0x5C04,0x6404,0x5C04,0x6424,0x5BE3,0x5BE5,0x4322,0x4323,0x5384,0x5BC3,
    0x5BE4,0x5BE4,0x5C05,0x5BE4,0x6405,0x5BE4,0x5BE5,0x5BC4,0x53A4,0x5BC5,0x5BE4,0x5BE5,0x5BC4,0x5BC4,0x53A4,0x5BC4,
    0x53A4,0x53A4,0x5BC5,0x5BE5,0x5BE5,0x5BE5,0x5BE5,0x53C4,0x53A4,0x5383,0x5384,0x4B63,0x4B63,0x5BC4,0x5C05,0x5BE5,
    0x4B23,0x5324,0x5344,0x5324,0x5344,0x4B03,0x5344,0x5344,0x5324,0x5364,0x5324,0x4B03,0x4B03,0x3A82,0x4B04,0x42C3,
    0x42A2,0x42C3,0x42A2,0x42C2,0x42E3,0x5343,0x4B02,0x5343,0x4B22,0x5384,0x42E2,0x42C2,0x4302,0x4B03,0x5363,0x4B23,
    0x4B22,0x4B02,0x5363,0x4B43,0x4B43,0x5343,0x5363,0x5383,0x4B22,0x4B63,0x4B63,0x4302,0x4B22,0x4B43,0x4B42,0x5363,
    0x4B62,0x5BA3,0x4B61,0x4B22,0x4B43,0x5363,0x5363,0x5363,0x5383,0x5364,0x4304,0x42C2,0x3AC2,0x42C1,0x4302,0x4B43,
    0x4B22,0x4B22,0x4302,0x4B02,0x4301,0x5363,0x4B63,0x4B63,0x5362,0x4B42,0x4B41,0x53A3,0x4B62,0x5382,0x5BC3,0x5383,
    0x5BA3,0x5BE3,0x5BA3,0x6403,0x6422,0x6402,0x6C84,0x6C43,0x6443,0x6C43,0x6C43,0x6402,0x5BE2,0x5BC1,0x5BC1,0x5C02,
    0x53C2,0x53C2,0x53C2,0x53C2,0x6403,0x5C03,0x5BE3,0x5BE3,0x5BE3,0x53C3,0x5BC3,0x53A3,0x53C3,0x5BE4,0x5BE4,0x53C3,
    0x5BE3,0x5C03,0x5BE2,0x5BE2,0x53C3,0x5BE3,0x5BE2,0x5C03,0x5C22,0x6423,0x5C23,0x6443,0x5BE2,0x6443,0x6422,0x6463,
    0x6442,0x5C22,0x6C43,0x6463,0x6443,0x6C63,0x6C83,0x6463,0x6C42,0x6443,0x6463,0x6C83,0x6C83,0x6C63,0x74A4,0x74C4,
    0x6C83,0x6C83,0x6C83,0x6CA4,0x6C83,0x74A4,0x6463,0x6C83,0x6C63,0x6C84,0x6C84,0x6C63,0x6C84,0x6C63,0x74A5,0x6C84,
    0x6C84,0x6C64,0x6463,0x6C84,0x6C64,0x6464,0x6C63,0x6CA4,0x6C63,0x6C85,0x6C63,0x6C64,0x6444,0x6424,0x6444,0x5BE2,
    0x6423,0x6444,0x5C23,0x6423,0x6444,0x6444,0x6C85,0x6444,0x6C85,0x6C65,0x74C5,0x7CE5,0x74C5,0x74C4,0x74A5,0x6C84,
    0x6463,0x6C83,0x6CA4,0x6C63,0x6C63,0x6C83,0x6443,0x6423,0x6C43,0x6463,0x74A3,0x7CE4,0x74A3,0x74A4,0x7CE4,0x7CE4,
    0x8504,0x8545,0x8524,0x7D04,0x7D03,0x8524,0x8524,0x8524,0x8545,0x7CE4,0x74A3,0x7CE4,0x7D05,0x74C3,0x7CE4,0x7CC4,
    0x74E3,0x8504,0x74E4,0x74A3,0x74A4,0x74C4,0x74C5,0x7484,0x7483,0x74A5,0x6C84,0x7464,0x6C64,0x74A4,0x6CA4,0x6C84,
    0x6C64,0x6464,0x6444,0x6444,0x6423,0x6423,0x5C23,0x6444,0x6423,0x6423,0x6443,0x6464,0x6C84,0x6C64,0x6464,0x6C64,
    0x6464,0x6C84,0x6C84,0x6464,0x6423,0x6444,0x6443,0x6423,0x6444,0x6444,0x6444,0x6C64,0x6C44,0x6444,0x6443,0x6444,
    0x6444,0x6444,0x6424,0x6424,0x6444,0x6424,0x6424,0x6444,0x5C03,0x5C24,0x5C03,0x5BE4,0x5BE4,0x5BE5,0x5BC3,0x5BE4,
    0x5BE4,0x53A3,0x53A3,0x53A3,0x5BE4,0x5BE4,0x6425,0x63E3,0x6404,0x6404,0x5BE4,0x5BE3,0x6404,0x5C04,0x5BE4,0x5C05,
    0x5BC5,0x5BC4,0x53C4,0x53A4,0x5383,0x53A4,0x5383,0x53A4,0x5BC4,0x53A4,0x53A4,0x6405,0x6426,0x5C05,0x6405,0x6405,
    0x4B03,0x4B02,0x4303,0x4B23,0x4B23,0x4B23,0x4AE2,0x4B23,0x4B23,0x4B23,0x4B03,0x42E2,0x4B02,0x4AE3,0x5364,0x5323,
    0x5344,0x4B24,0x4B03,0x4B24,0x42E3,0x4AE2,0x4B03,0x4B23,0x5323,0x4B23,0x4B44,0x4B43,0x5384,0x5363,0x4322,0x4B22,
    0x4B03,0x4303,0x4303,0x4B03,0x4303,0x42E2,0x4302,0x4322,0x4B22,0x4B23,0x4B03,0x4B04,0x42E3,0x42E3,0x4B03,0x4B24,
    0x4B23,0x4302,0x4B03,0x4303,0x42E3,0x4303,0x42E3,0x42E2,0x4B23,0x3AC2,0x42C3,0x42C2,0x42E2,0x4322,0x5344,0x4B24,
    0x4302,0x4B43,0x5344,0x5384,0x4B43,0x5364,0x5364,0x5343,0x4B63,0x5363,0x5363,0x5BA4,0x5BA3,0x5BA4,0x5BC4,0x4B42,
    0x4B42,0x5B83,0x5383,0x53A3,0x5BC3,0x5BC3,0x5382,0x5361,0x5382,0x53A2,0x53A3,0x5382,0x5382,0x4B82,0x53A2,0x5BC3,
    0x4B81,0x5382,0x5BE3,0x5C03,0x53C3,0x5BE3,0x53C3,0x5BE3,0x5C03,0x5C03,0x6444,0x5C03,0x53C2,0x53C3,0x53A2,0x53C2,
    0x6404,0x5C03,0x5BE4,0x5BE3,0x5C04,0x6404,0x5BE3,0x5BE3,0x5C23,0x5BE2,0x5BE3,0x5C03,0x5BE2,0x6423,0x5C23,0x6423,
    0x5C23,0x6443,0x5C02,0x6423,0x6C64,0x5C43,0x6443,0x5C02,0x6443,0x6442,0x6443,0x6C63,0x6C63,0x6C83,0x6CA3,0x6C82,
    0x6483,0x6C63,0x6C83,0x6CA3,0x6C62,0x6CC3,0x74A3,0x6CA3,0x6CC3,0x74A4,0x6CA4,0x74E5,0x6C63,0x6463,0x6C63,0x6C83,
    0x6463,0x6C84,0x6CA4,0x6C63,0x6C84,0x6C83,0x6C84,0x6C64,0x6463,0x6C64,0x53E2,0x5BE3,0x6464,0x6C84,0x6C64,0x5C23,
    0x6C84,0x6C64,0x6C64,0x6443,0x6C84,0x6C64,0x6423,0x6444,0x6403,0x5C23,0x6443,0x6C84,0x6443,0x6443,0x6C84,0x74A4,
    0x74E5,0x74A5,0x74C4,0x74E5,0x74C5,0x7D06,0x7CC5,0x74C5,0x7CE5,0x8525,0x8525,0x8545,0x8524,0x7D25,0x7CE4,0x7D25,
    0x8D86,0x8D65,0x7D24,0x7CE4,0x7D05,0x8525,0x7CE5,0x8545,0x7D04,0x74C4,0x74A5,0x7CC4,0x7D06,0x74A4,0x7CC5,0x7CE5,
    0x74C4,0x7CE4,0x74A3,0x6C64,0x6C43,0x6C44,0x7484,0x6C44,0x6444,0x6C43,0x6424,0x6444,0x6423,0x6443,0x6443,0x74A5,
    0x6C64,0x6C85,0x6C65,0x6C64,0x6444,0x6C65,0x6C64,0x6444,0x6C65,0x6C84,0x6443,0x6C44,0x6463,0x6C64,0x6C84,0x6463,
    0x6C63,0x6463,0x6C63,0x6C84,0x6C64,0x6444,0x6443,0x6424,0x6C64,0x6C44,0x6443,0x6464,0x5C03,0x6442,0x6443,0x6423,
    0x6444,0x6444,0x6444,0x5BE3,0x53C3,0x5BE3,0x5C04,0x6404,0x5BE3,0x6424,0x6403,0x5BE3,0x5BE4,0x5BE3,0x5BE4,0x5C24,
    0x5BE4,0x5BC4,0x4B82,0x5382,0x53A3,0x5BC3,0x6424,0x6424,0x6C44,0x6C44,0x6C44,0x6C24,0x6404,0x5C04,0x6405,0x53C3,
    0x53A3,0x53A4,0x5BE4,0x53C4,0x5BC4,0x5C04,0x6405,0x6425,0x6425,0x5C04,0x53C3,0x5C04,0x5BE4,0x6404,0x5C05,0x5BE4,
    0x42E3,0x4AE3,0x4B03,0x4B03,0x5324,0x5344,0x4B03,0x4B24,0x4B03,0x4B04,0x4B03,0x5324,0x4B03,0x4B23,0x5344,0x4B03,
    0x4B23,0x4AE3,0x4B23,0x4B03,0x5324,0x42E3,0x4B04,0x42C3,0x3A82,0x3AA2,0x4AE3,0x4B03,0x5364,0x4B23,0x4303,0x4B03,
    0x42E3,0x3AA2,0x3A81,0x3AA2,0x3AC2,0x42E3,0x4303,0x4B23,0x4B03,0x3AE2,0x3AA2,0x42E3,0x42E3,0x3AA2,0x3AC3,0x3AA2,
    0x3AA2,0x3A82,0x3AC3,0x42C3,0x3AA3,0x42C3,0x4B04,0x4304,0x4B04,0x4B03,0x4B43,0x5383,0x5384,0x5384,0x4B23,0x4303,
    0x4AE3,0x4B23,0x4302,0x4B44,0x5344,0x4B23,0x4303,0x42E3,0x42E3,0x3AC2,0x42C2,0x42E2,0x4302,0x4322,0x4B42,0x5343,
    0x4B42,0x4322,0x5363,0x5383,0x5383,0x53A3,0x5382,0x5BC4,0x53A3,0x5BA3,0x5BE3,0x5BE3,0x63E3,0x6424,0x63E3,0x6404,
    0x6404,0x6444,0x6424,0x5C03,0x5BE2,0x53C2,0x5381,0x53C2,0x4B82,0x53A2,0x5BE3,0x5C03,0x5BE3,0x5BE4,0x6404,0x5C03,
    0x5C03,0x53C3,0x4B62,0x4B63,0x5BC4,0x53C4,0x5C04,0x6424,0x5C03,0x5BE3,0x6444,0x6404,0x5C03,0x5C03,0x6423,0x6443,
    0x6424,0x6423,0x5BE3,0x5C02,0x5C03,0x5BC2,0x53C2,0x5BC3,0x5C04,0x53C3,0x5BE4,0x5C04,0x53E3,0x5C02,0x5C03,0x5BE2,
    0x5C23,0x5C03,0x6423,0x6423,0x5C03,0x5BE3,0x5C23,0x6403,0x6444,0x6423,0x5C22,0x6424,0x5BE3,0x6424,0x6464,0x6C64,
    0x6464,0x6443,0x6C64,0x6464,0x6C64,0x6C64,0x6443,0x6463,0x6C63,0x6C84,0x6C84,0x6C84,0x74C5,0x7484,0x6443,0x7484,
    0x6C64,0x6C43,0x5C02,0x6423,0x6C63,0x6423,0x6423,0x6443,0x6403,0x6C64,0x6CA4,0x74A4,0x6CA4,0x6CA4,0x6C84,0x6C63,
    0x74C4,0x6CA4,0x6C63,0x6C84,0x6442,0x6C83,0x6C84,0x6C42,0x6C84,0x7483,0x74C4,0x74C4,0x7483,0x7484,0x74C4,0x7CA4,
    0x74C4,0x7483,0x6C42,0x6C84,0x7484,0x7484,0x6C84,0x6C64,0x7484,0x6444,0x6C44,0x6445,0x6C45,0x6444,0x5C04,0x5BE3,
    0x6424,0x6424,0x5C23,0x6444,0x6403,0x6463,0x6C64,0x6443,0x6444,0x6C65,0x6423,0x6424,0x6404,0x6424,0x5C03,0x5C03,
    0x6423,0x6444,0x6423,0x6423,0x6423,0x6464,0x6423,0x5C23,0x6C44,0x5C23,0x6423,0x6464,0x6C64,0x6C64,0x6C64,0x6464,
    0x6C64,0x6443,0x6C84,0x6444,0x6423,0x6444,0x6C44,0x6464,0x6444,0x6C64,0x6424,0x6423,0x6444,0x6444,0x6423,0x5C23,
    0x6403,0x5BE2,0x5BC2,0x53A2,0x5BE3,0x5BE3,0x5C03,0x6424,0x53C3,0x6403,0x5C43,0x5BE2,0x5C03,0x6424,0x6445,0x6C44,
    0x5C24,0x6445,0x6445,0x6445,0x5C04,0x5C04,0x5BE4,0x5363,0x5383,0x5B83,0x5BC4,0x5BC4,0x63E4,0x5C04,0x6424,0x6445,
    0x6425,0x5BE4,0x5BE4,0x5BE4,0x5BE4,0x5C04,0x5BE4,0x6424,0x5BE4,0x6404,0x5C04,0x6425,0x6425,0x6425,0x6425,0x6424,
    0x42C3,0x42C3,0x3A83,0x3A82,0x42A3,0x3AA3,0x4AE4,0x42C3,0x3A82,0x3A81,0x42C3,0x4AE3,0x3A82,0x42A2,0x42E3,0x5324,
    0x42E3,0x42A2,0x42C3,0x4AE3,0x42E3,0x42A3,0x42A3,0x3A63,0x3A43,0x3A64,0x3A83,0x3AA3,0x3AC2,0x3AA2,0x3AC3,0x42C3,
    0x3AE3,0x42E3,0x3AA2,0x42E3,0x42C2,0x42C3,0x42C3,0x4B24,0x42E3,0x4303,0x4B23,0x5343,0x4B43,0x4B24,0x4B03,0x4B04,
    0x42E3,0x3AC3,0x3AA2,0x3A82,0x42E3,0x42E3,0x4B04,0x3AC2,0x42E2,0x4B44,0x42C2,0x4303,0x42E3,0x42C3,0x42C3,0x3A84,
    0x3AA3,0x3AA2,0x42E2,0x4B23,0x4303,0x42C3,0x4B24,0x5343,0x4B23,0x5363,0x5BA4,0x5384,0x5384,0x5BC4,0x5BA4,0x5383,
    0x5363,0x4B42,0x5383,0x63E4,0x5BC3,0x5BA3,0x5383,0x53A3,0x5BA3,0x53A3,0x5BA3,0x53A2,0x5383,0x5BA3,0x5382,0x5BE3,
    0x5BE3,0x53E2,0x6423,0x5BE2,0x53C2,0x53C2,0x53A2,0x53C3,0x5BE4,0x5382,0x4B82,0x53A3,0x53A3,0x5382,0x5BE3,0x53C3,
    0x53A2,0x5BC4,0x5BE4,0x5383,0x4B83,0x53A3,0x5BC3,0x4B83,0x53A3,0x5BC4,0x5BE4,0x5BE3,0x53A3,0x5BE3,0x53C3,0x5BC2,
    0x53E3,0x5BE2,0x53C2,0x5C04,0x5BE3,0x5C03,0x5C04,0x5BE4,0x53A3,0x53A2,0x5BC3,0x5C04,0x5BC3,0x5BE3,0x53C3,0x5BE3,
    0x5BE4,0x5BE3,0x4B82,0x5BE3,0x6425,0x53C3,0x6424,0x5BE3,0x53A3,0x53A2,0x5BE3,0x53C3,0x5BC4,0x5BE4,0x53C3,0x53A2,
    0x53A2,0x53A3,0x5BE4,0x6404,0x53C3,0x5BE4,0x5C04,0x6404,0x5C04,0x6444,0x5C03,0x6423,0x6443,0x6C44,0x5C03,0x6C24,
    0x6444,0x6C64,0x6C65,0x74A4,0x7485,0x6C84,0x7485,0x6C44,0x6C85,0x7485,0x6C64,0x6464,0x6C64,0x6C64,0x6423,0x5C23,
    0x6C63,0x6C84,0x6463,0x6C83,0x6CA4,0x6C84,0x74A5,0x6C64,0x6C44,0x6C64,0x6C65,0x6C44,0x6C64,0x6C64,0x6C64,0x6404,
    0x5C03,0x6404,0x5BE3,0x6424,0x6C44,0x5C04,0x5BC2,0x6404,0x6403,0x5C03,0x5C04,0x5BE3,0x5BE3,0x6404,0x6403,0x5C24,
    0x6445,0x6404,0x5C04,0x5BE3,0x6424,0x5C03,0x53C3,0x5BE4,0x4B82,0x4B82,0x5383,0x53A4,0x4B83,0x53A3,0x53C3,0x5BC3,
    0x5C03,0x5C22,0x5C02,0x6443,0x6444,0x5C23,0x6443,0x6423,0x6464,0x6C63,0x6C64,0x6CA4,0x6443,0x6443,0x6443,0x6C64,
    0x6442,0x6444,0x6443,0x6423,0x6424,0x6424,0x5C03,0x5C03,0x5BE3,0x53C2,0x53C2,0x53C2,0x6423,0x6423,0x5BE2,0x6424,
    0x5C23,0x6424,0x6445,0x6444,0x6C63,0x6443,0x6444,0x6C64,0x6463,0x6444,0x6C64,0x6C84,0x6C84,0x6444,0x6444,0x6424,
    0x6424,0x5C04,0x5BE3,0x5BE4,0x6424,0x6425,0x6404,0x6BE5,0x63E4,0x5382,0x5B83,0x5BC4,0x63E4,0x5C03,0x6404,0x5C04,
    0x6404,0x5C04,0x6425,0x6424,0x5C04,0x6424,0x6425,0x6465,0x6C45,0x6445,0x6C45,0x6C45,0x6425,0x6444,0x6445,0x6425,
    0x3A63,0x4284,0x3A63,0x3A43,0x42A4,0x3A63,0x3A83,0x42C3,0x3A63,0x3A62,0x3A63,0x42A3,0x3A82,0x3A82,0x42C3,0x42C3,
    0x4AE4,0x42C3,0x42C3,0x4B03,0x42C2,0x42C3,0x42C3,0x42E4,0x4AE4,0x42A3,0x3A63,0x3A83,0x3A83,0x42C4,0x4AE4,0x42C4,
    0x4AE3,0x42E4,0x42A3,0x42C3,0x42A3,0x3AA3,0x3A82,0x3A63,0x3A82,0x3A83,0x4AE4,0x4B04,0x42C3,0x42C3,0x3A82,0x3A83,
    0x3A83,0x3A83,0x3A63,0x3A82,0x4AE4,0x4B23,0x5344,0x5363,0x5342,0x5363,0x4B23,0x4B04,0x42C3,0x42A3,0x4B24,0x4B44,
    0x5344,0x5364,0x5343,0x4B43,0x5343,0x5363,0x5364,0x4B23,0x5364,0x5364,0x4B43,0x5343,0x5364,0x5B84,0x5B84,0x4B43,
    0x5343,0x4B22,0x4B22,0x42E2,0x4B03,0x4B03,0x4B22,0x5343,0x5363,0x4B23,0x5344,0x4B23,0x4B43,0x5343,0x4B64,0x5363,
    0x53A3,0x5362,0x53A3,0x4B62,0x5383,0x53A2,0x5383,0x5383,0x5384,0x5383,0x5383,0x5383,0x5383,0x4B43,0x4B43,0x5383,
    0x4B42,0x5383,0x5364,0x4B42,0x5363,0x5BC5,0x5383,0x5363,0x5363,0x4B62,0x5363,0x4B43,0x5384,0x5383,0x4B43,0x4B62,
    0x5383,0x5384,0x5BA4,0x4B62,0x53A2,0x5BA3,0x5BE4,0x53A3,0x5383,0x5383,0x5BC4,0x5BC4,0x53A3,0x5BC4,0x5383,0x5BC3,
    0x63E4,0x53A3,0x5362,0x4B63,0x53A4,0x5383,0x5383,0x5383,0x4B62,0x5BA3,0x5BC4,0x5383,0x53A4,0x5BA3,0x53A2,0x5BE3,
    0x5BC5,0x5BE4,0x53A3,0x5BE4,0x5BC4,0x5C04,0x5BE4,0x53C3,0x5BE4,0x6C45,0x6403,0x5C23,0x6C65,0x5C03,0x6423,0x6464,
    0x6444,0x6424,0x6C65,0x6464,0x6423,0x6C44,0x5C23,0x6444,0x6C44,0x6424,0x5C23,0x6424,0x6403,0x5C23,0x6403,0x6C85,
    0x6464,0x6C63,0x6444,0x6463,0x6C44,0x6443,0x6423,0x6423,0x6423,0x5BE3,0x5BC3,0x53E3,0x6403,0x5C03,0x5C03,0x5BE3,
    0x5BE3,0x6403,0x5C24,0x6404,0x6425,0x6424,0x6404,0x5BE4,0x5BE4,0x6404,0x6404,0x6424,0x6424,0x5BE3,0x5BE4,0x5BE3,
    0x5BC4,0x5BE4,0x53A4,0x53A3,0x53C4,0x5BA4,0x53A3,0x53A3,0x53C3,0x5BC3,0x5C04,0x6404,0x5BE4,0x5BE4,0x6404,0x6424,
    0x6424,0x6C65,0x6444,0x6C65,0x6444,0x6403,0x5C03,0x6423,0x6C65,0x6424,0x5C03,0x6444,0x6403,0x6444,0x5C03,0x6424,
    0x6423,0x6403,0x5BE3,0x6403,0x5BE2,0x5C03,0x6423,0x6403,0x6423,0x6C44,0x6C64,0x6C64,0x6C44,0x6443,0x6444,0x6444,
    0x6423,0x5C23,0x6403,0x6423,0x5C23,0x6444,0x6443,0x6C64,0x6464,0x6C64,0x6C63,0x6C84,0x6464,0x6C64,0x6443,0x6C64,
    0x6C64,0x6464,0x6C44,0x6464,0x6C64,0x6C64,0x6464,0x6444,0x6444,0x6464,0x6424,0x5C23,0x6424,0x5BE4,0x5BA3,0x5BC3,
    0x5BE4,0x63E4,0x6405,0x6425,0x6424,0x6425,0x6445,0x6C65,0x6445,0x6425,0x6404,0x6424,0x6404,0x6404,0x6424,0x6424,
    0x3A43,0x3242,0x3A63,0x3242,0x3A83,0x4283,0x3A83,0x42C3,0x42C3,0x42A3,0x42C3,0x42C3,0x42A3,0x42A3,0x42C3,0x4AC4,
    0x4B04,0x4AE4,0x4B04,0x4B04,0x4AE4,0x42C3,0x4AE3,0x42E3,0x4AE3,0x3A83,0x3A83,0x3A62,0x3A63,0x3242,0x3221,0x3A63,
    0x3A62,0x3A83,0x4283,0x42C4,0x42A3,0x3A83,0x3A62,0x3A83,0x4283,0x3A83,0x3A83,0x3A63,0x3A83,0x42C3,0x42E3,0x42A3,
    0x3A82,0x4283,0x3A83,0x42A3,0x42E3,0x4AE3,0x5364,0x5B63,0x5BA4,0x5342,0x4B43,0x5323,0x42C3,0x4B03,0x5324,0x5342,
    0x4B23,0x4B03,0x5323,0x5B84,0x5BA4,0x5B84,0x5B64,0x5365,0x5324,0x4B03,0x4AE3,0x42C2,0x42C2,0x42A3,0x42C3,0x4AE4,
    0x4B04,0x4AE3,0x4B04,0x4AE3,0x42E3,0x3AA2,0x3A82,0x3A81,0x4AE3,0x42C2,0x3AC2,0x42C2,0x4303,0x4B44,0x4B23,0x4B23,
    0x4B03,0x4302,0x4B03,0x4302,0x42E2,0x4303,0x5343,0x4B43,0x4B42,0x4B22,0x4B43,0x4B22,0x4B02,0x4B42,0x4B23,0x4B43,
    0x4B02,0x4302,0x4B42,0x4B24,0x3AC2,0x4B03,0x4303,0x4B02,0x4B23,0x4B63,0x5363,0x5363,0x4B23,0x4B03,0x4B42,0x5343,
    0x5384,0x4B43,0x4B42,0x5363,0x5363,0x5383,0x5363,0x4B43,0x5343,0x4B43,0x5384,0x4B43,0x5343,0x5363,0x5363,0x5383,
    0x5384,0x5BA4,0x5383,0x5364,0x5363,0x5383,0x5384,0x5BA3,0x5BE4,0x5BE3,0x5BC4,0x5BA3,0x5383,0x5BA4,0x5BC3,0x5BC3,
    0x53A2,0x4B82,0x5BE3,0x6424,0x5BE3,0x5C03,0x5BE3,0x5BE3,0x5BE3,0x5BE3,0x5C03,0x5C03,0x6423,0x5C03,0x5C23,0x53E2,
    0x5C03,0x5C03,0x5BE3,0x5C03,0x5C04,0x6444,0x6424,0x5BC3,0x5C03,0x5C23,0x6403,0x5C23,0x5C03,0x5C03,0x5C03,0x6423,
    0x5C03,0x5BE3,0x5BE3,0x5BE3,0x5C03,0x5BE3,0x6444,0x5C23,0x5C03,0x5BE3,0x5C04,0x6424,0x6444,0x6424,0x5BE3,0x5C03,
    0x5C03,0x5BE3,0x53C2,0x5BE4,0x5BE3,0x5BE4,0x53A2,0x53C3,0x5BE3,0x53A2,0x5BE3,0x6404,0x6404,0x6404,0x6404,0x5BC3,
    0x5C03,0x6403,0x6424,0x6424,0x5C03,0x5C03,0x5C03,0x5BE3,0x5C03,0x5BE3,0x5C04,0x5C03,0x6404,0x5C03,0x6425,0x6444,
    0x5C04,0x6425,0x5C04,0x6403,0x5C03,0x5BE3,0x5BE3,0x53E3,0x53A2,0x5C03,0x5C03,0x5BE3,0x5C03,0x6423,0x6424,0x6423,
    0x6423,0x6423,0x6403,0x6444,0x6C64,0x6C44,0x6C64,0x6C84,0x6C63,0x6C63,0x6C43,0x6C64,0x6C63,0x6464,0x6C63,0x6C84,
    0x74A5,0x6C84,0x6C84,0x6443,0x6444,0x6443,0x6423,0x6423,0x6403,0x6443,0x6444,0x6443,0x6C44,0x6463,0x6C64,0x6464,
    0x6C64,0x6463,0x6C44,0x6443,0x6423,0x6443,0x6444,0x6464,0x6C64,0x6464,0x6444,0x6C64,0x6444,0x6425,0x6404,0x63E5,
    0x5BC3,0x53A3,0x5382,0x53A3,0x5C03,0x6404,0x6444,0x6444,0x6423,0x6423,0x6444,0x6444,0x6C65,0x6425,0x6424,0x6424,
    0x3242,0x3222,0x3242,0x3A63,0x3242,0x3A63,0x3A83,0x3A42,0x3A62,0x3A62,0x3262,0x3A62,0x3242,0x3242,0x3242,0x3221,
    0x3242,0x3242,0x3202,0x2A01,0x2A01,0x3201,0x3242,0x3A63,0x3A83,0x3A82,0x42A3,0x42A3,0x42C4,0x3A63,0x3A63,0x4284,
    0x3A83,0x3A83,0x42A3,0x3AA3,0x42A3,0x42C4,0x42C4,0x42A3,0x42A3,0x42C4,0x42A3,0x3A82,0x42A3,0x42C3,0x42A2,0x42A3,
    0x3AA3,0x42A3,0x4283,0x3AA3,0x4284,0x42C3,0x4B04,0x4B03,0x4B03,0x4B23,0x4AE3,0x42C3,0x42A4,0x3A83,0x3A82,0x42C2,
    0x42C3,0x42C3,0x4AE3,0x42E3,0x4AE3,0x42E3,0x42E3,0x42A2,0x42C2,0x4B03,0x4B03,0x42E3,0x4AE3,0x42E3,0x42E3,0x42C3,
    0x42C2,0x42E3,0x4B23,0x5364,0x5B64,0x5344,0x5323,0x4B03,0x4B23,0x4B04,0x42E3,0x4B03,0x4B03,0x4303,0x5343,0x4B23,
    0x42E3,0x42E3,0x42E3,0x4B03,0x4B24,0x4B03,0x4B23,0x4B23,0x4302,0x4302,0x4B23,0x4B22,0x4B23,0x4B63,0x5363,0x5363,
    0x4B63,0x4B22,0x4B43,0x4B24,0x4303,0x4B04,0x4303,0x4303,0x4B03,0x4B23,0x4B43,0x42E2,0x4303,0x42E2,0x4323,0x4B43,
    0x4301,0x4B02,0x42E2,0x4B43,0x4B23,0x4B23,0x4B44,0x4B23,0x4B24,0x4B23,0x4B24,0x4B03,0x4303,0x42E3,0x4303,0x4B24,
    0x4B24,0x42C2,0x42E3,0x42E2,0x4303,0x4B23,0x4B42,0x5362,0x5383,0x5362,0x4B63,0x5364,0x5363,0x5BC4,0x5BC4,0x5BC3,
    0x6404,0x5BE3,0x5BE3,0x53A2,0x53A2,0x5BA3,0x4B82,0x5BC4,0x4B62,0x4B62,0x5383,0x4B83,0x4B62,0x5BE3,0x5BE3,0x5BE3,
    0x53C3,0x4B82,0x4B82,0x5BC3,0x5BE3,0x5BE3,0x5C04,0x5BE3,0x6424,0x5BC3,0x53C3,0x5C04,0x5BE4,0x6404,0x5C04,0x5BE4,
    0x6405,0x53C3,0x5C04,0x5BE4,0x5BE4,0x5C04,0x6424,0x5BE3,0x5C02,0x5BC4,0x5383,0x4B62,0x53A2,0x4B82,0x5BC2,0x5C04,
    0x6444,0x53C3,0x5BE3,0x5BE3,0x6423,0x5C03,0x5BE3,0x5C23,0x6444,0x6404,0x6403,0x63E3,0x5C03,0x6404,0x6403,0x63E3,
    0x6403,0x5C03,0x5C03,0x6424,0x6403,0x6424,0x6424,0x6424,0x6425,0x6403,0x5BE3,0x6404,0x5BE3,0x6404,0x5BE4,0x53A3,
    0x5BA3,0x5BC3,0x53A3,0x5BE3,0x6423,0x5C03,0x5BE2,0x6403,0x6424,0x6C44,0x6C84,0x7484,0x6C64,0x6C64,0x6463,0x6443,
    0x6423,0x6443,0x6422,0x6C43,0x6C43,0x6C63,0x6C64,0x6C63,0x6C64,0x7484,0x7485,0x74A4,0x74A5,0x74A4,0x74A4,0x6C84,
    0x74A5,0x74C4,0x74A5,0x6C84,0x74A4,0x74A5,0x74A5,0x6C84,0x6C84,0x74A5,0x74A4,0x6C64,0x6C84,0x6C64,0x6C43,0x6443,
    0x6C44,0x6C64,0x6C63,0x6444,0x6C43,0x6C64,0x6444,0x6444,0x6424,0x6443,0x6444,0x6444,0x6444,0x6C45,0x6444,0x6424,
    0x6424,0x6404,0x5BE3,0x5BC3,0x5BA4,0x5BC4,0x6425,0x6424,0x6425,0x6C44,0x6444,0x6444,0x6C64,0x6423,0x5C24,0x6405,
    0x3242,0x3202,0x3222,0x3222,0x3222,0x3222,0x3222,0x2A02,0x2A02,0x29E1,0x29E2,0x3202,0x2A02,0x3A41,0x3A62,0x3A83,
    0x3A83,0x3A82,0x3A82,0x4283,0x3A83,0x3AA4,0x42A3,0x4284,0x3A83,0x42A4,0x42A4,0x3AA3,0x42A4,0x42A3,0x3AA3,0x4283,
    0x3A83,0x3242,0x3201,0x3222,0x3A83,0x3A83,0x3A62,0x42C4,0x42C3,0x4AE4,0x42C3,0x42A3,0x3A82,0x3A63,0x3242,0x3A82,
    0x3A63,0x3A63,0x3A63,0x3243,0x3242,0x3A43,0x3242,0x3A62,0x42C3,0x3A82,0x3A83,0x3A64,0x3A43,0x3A63,0x3A83,0x3243,
    0x4283,0x3AA3,0x3A62,0x3A83,0x42C3,0x42A2,0x42C3,0x4AE3,0x42C3,0x42C3,0x42C3,0x42C3,0x3A83,0x42A3,0x42A4,0x3AA3,
    0x4282,0x3AA2,0x42C3,0x42C2,0x42C2,0x42C2,0x42A2,0x42A3,0x42C3,0x42C3,0x4304,0x4B24,0x4B24,0x4B23,0x4B24,0x4302,
    0x4302,0x4B22,0x4B43,0x4B43,0x5363,0x4B43,0x4B44,0x4B43,0x4B24,0x4B23,0x4B24,0x4B23,0x4B44,0x4302,0x4302,0x4B44,
    0x5363,0x4B43,0x4B43,0x42E3,0x4B23,0x4B23,0x4B23,0x5364,0x4B43,0x5363,0x4B44,0x4303,0x4B24,0x4B44,0x5344,0x5364,
    0x5383,0x4B63,0x4B22,0x4B23,0x4303,0x42E3,0x42E3,0x3A82,0x3A82,0x42E3,0x42C3,0x3AA2,0x3AC3,0x42E3,0x4AE4,0x42E3,
    0x3262,0x3A82,0x3282,0x3A83,0x42C3,0x4B04,0x4303,0x4302,0x42E2,0x4B22,0x4302,0x4B23,0x4B43,0x4B03,0x3AC1,0x4B42,
    0x5363,0x42E1,0x4302,0x42E2,0x42E3,0x4303,0x4B24,0x4302,0x3AE2,0x4323,0x4B23,0x4B43,0x4B83,0x5BE3,0x53A3,0x4B62,
    0x4B62,0x4B42,0x4B83,0x6405,0x53C3,0x5BE4,0x5BE4,0x6425,0x5C04,0x53C3,0x53A3,0x5BC4,0x53A3,0x53A3,0x53A3,0x5383,
    0x4B63,0x3AE1,0x4B43,0x4B62,0x4322,0x5383,0x53A3,0x53A2,0x53C2,0x4B82,0x5383,0x4BA3,0x6403,0x53A3,0x5382,0x5BE4,
    0x53A3,0x5BA3,0x5BE3,0x53E3,0x5C03,0x53C2,0x5BE2,0x6403,0x5C03,0x5BE3,0x5BC2,0x6403,0x6444,0x6C44,0x5BE3,0x6424,
    0x6445,0x5BC4,0x5BA3,0x63E4,0x53A3,0x5BA3,0x4B62,0x5BA2,0x53A2,0x5BC3,0x53A2,0x5BA2,0x5BE4,0x5BE4,0x5BA3,0x5BE4,
    0x6404,0x6405,0x6404,0x6424,0x6403,0x6C44,0x6403,0x6444,0x6423,0x6C23,0x6C84,0x6C63,0x6C63,0x7484,0x7484,0x7484,
    0x74A4,0x7CA4,0x74A4,0x7CA4,0x74A4,0x7CC4,0x7484,0x7464,0x6C23,0x6423,0x6422,0x6C44,0x7484,0x6C84,0x7484,0x6C83,
    0x7484,0x74A4,0x6C83,0x7484,0x6C63,0x6C64,0x7483,0x7484,0x74A4,0x6C64,0x6C84,0x7464,0x6C64,0x7484,0x6C85,0x6C64,
    0x6C84,0x6C64,0x6423,0x6C64,0x6C43,0x6C64,0x6443,0x6423,0x6423,0x6C64,0x6C85,0x6C64,0x6C44,0x6C44,0x6C44,0x6C44,
    0x74A5,0x7464,0x6444,0x6C25,0x6405,0x5383,0x4B42,0x4B22,0x5364,0x5BE5,0x6405,0x6444,0x6444,0x6424,0x6444,0x6445,
    0x3222,0x3242,0x3242,0x3222,0x3A43,0x3A63,0x3242,0x3A62,0x3A62,0x3A83,0x42A3,0x3A62,0x3A62,0x3AA3,0x3A83,0x3A82,
    0x3A82,0x4282,0x3262,0x3A62,0x3A43,0x3222,0x3A42,0x3242,0x3A62,0x3243,0x3242,0x3A43,0x3242,0x3A62,0x3242,0x3241,
    0x3A43,0x3222,0x3222,0x3242,0x3222,0x3242,0x3A42,0x3242,0x3A42,0x3A63,0x3242,0x3222,0x3222,0x2A01,0x29E1,0x3222,
    0x29E2,0x2A02,0x29E2,0x3202,0x3202,0x3222,0x3A62,0x3262,0x3A63,0x4283,0x3A82,0x42A3,0x3A62,0x3A83,0x3A83,0x3A62,
    0x3242,0x3A63,0x3A62,0x3A62,0x3A83,0x42A3,0x3A82,0x42A3,0x3A82,0x3A62,0x3A62,0x3A62,0x3A62,0x3A83,0x3A62,0x3A83,
    0x3A82,0x42A3,0x42C3,0x42A2,0x42A2,0x3AA2,0x3A82,0x42A3,0x3A82,0x42A3,0x3AC3,0x42A2,0x3AC3,0x3AA2,0x3AC2,0x42C2,
    0x3AC2,0x3AC2,0x3AA2,0x3AA2,0x3AA1,0x3AA2,0x3AA2,0x3AA2,0x3A82,0x3AC2,0x42E3,0x42E3,0x4B03,0x42C3,0x42E3,0x42C2,
    0x42E3,0x42E3,0x4B04,0x4B03,0x4303,0x4B23,0x4B23,0x4B43,0x4B23,0x4B43,0x4B03,0x4B03,0x42E3,0x42A3,0x3AE2,0x42E2,
    0x4B23,0x4B23,0x4B23,0x4B03,0x42E3,0x42E2,0x42E3,0x4303,0x42E3,0x4B04,0x4B24,0x4B04,0x4B24,0x5343,0x4B43,0x4B23,
    0x4B43,0x5363,0x5384,0x5364,0x5364,0x4B64,0x5323,0x5384,0x5364,0x4B43,0x5364,0x4303,0x4B03,0x4B24,0x4323,0x4B22,
    0x5384,0x42E2,0x42C1,0x4B23,0x42E3,0x5343,0x4B24,0x4323,0x4302,0x4B83,0x4B62,0x53C3,0x53A3,0x5363,0x4B62,0x5383,
    0x5BA4,0x53A5,0x5384,0x5383,0x53A3,0x53A3,0x4341,0x53A3,0x5383,0x4342,0x5363,0x53A3,0x53A3,0x5BE5,0x4B82,0x5383,
    0x53A3,0x53A3,0x5BE4,0x5BC4,0x53A3,0x4B83,0x5382,0x5C04,0x5BE4,0x5383,0x4B63,0x53A4,0x53A2,0x4B83,0x4B82,0x5383,
    0x4B62,0x53C4,0x53A3,0x53A2,0x5BE3,0x5BE3,0x53C2,0x6424,0x5C03,0x5BE3,0x5BE3,0x5BC2,0x5BC3,0x5BE2,0x53A2,0x5BC2,
    0x5BA2,0x5BC3,0x5BC3,0x5BE3,0x5BA3,0x5BE3,0x63E3,0x5BE3,0x63E4,0x63E3,0x5BC3,0x6404,0x5BC3,0x6404,0x63E3,0x6404,
    0x6404,0x6424,0x6404,0x6C44,0x6402,0x6424,0x6C44,0x6C44,0x7484,0x6C44,0x6C84,0x7464,0x6C84,0x7484,0x6C64,0x7484,
    0x7464,0x7484,0x7464,0x7463,0x7484,0x7484,0x7485,0x7484,0x7CA5,0x7484,0x7C85,0x7CC5,0x7CC5,0x7CC5,0x7484,0x6C84,
    0x74A4,0x6C64,0x6C43,0x7484,0x6C43,0x6C64,0x6C63,0x6C64,0x6C64,0x6C63,0x6C44,0x6C64,0x6C64,0x6C64,0x7464,0x7484,
    0x7464,0x7484,0x7484,0x6C64,0x7485,0x7484,0x6C65,0x6C85,0x6444,0x6C44,0x6C64,0x6C65,0x6464,0x6C64,0x7484,0x6C84,
    0x6C64,0x6C43,0x6C64,0x6C84,0x6C23,0x6404,0x5BC3,0x63C5,0x5BA4,0x4B43,0x4B23,0x5BC4,0x6425,0x6C65,0x6C44,0x6C64,
    0x3242,0x3A43,0x3202,0x3222,0x3222,0x3222,0x3222,0x3242,0x3222,0x3221,0x3243,0x3222,0x3221,0x3A42,0x3A62,0x3222,
    0x3221,0x3222,0x2A01,0x3A62,0x3262,0x3242,0x3242,0x3221,0x3242,0x3A62,0x3242,0x3A42,0x3A63,0x3242,0x3A42,0x3242,
    0x3222,0x3242,0x3A63,0x3242,0x3222,0x3222,0x3202,0x2A02,0x3243,0x3243,0x3A63,0x3243,0x3A42,0x3A83,0x4283,0x3A63,
    0x3A63,0x3A43,0x3A43,0x3263,0x3A63,0x3A83,0x3A83,0x4283,0x3A83,0x42A3,0x42A3,0x3AA3,0x3A82,0x4AE3,0x42C3,0x42C4,
    0x42A3,0x42A4,0x42A4,0x42A3,0x42C3,0x42A3,0x3AA3,0x42A3,0x3A83,0x42C3,0x42C4,0x42E4,0x4B04,0x5325,0x42E3,0x5303,
    0x4B04,0x4B03,0x4AE3,0x4AE3,0x42E3,0x42A2,0x4B03,0x42E2,0x42E2,0x42C2,0x3AC3,0x42C3,0x42C3,0x3AC2,0x42E2,0x42E3,
    0x42C3,0x42E4,0x42E3,0x42C3,0x42E4,0x42E3,0x42E3,0x42E4,0x42C3,0x3AA3,0x42C3,0x42E3,0x3AC3,0x3AA3,0x42C3,0x3AA3,
    0x3A83,0x3AA2,0x42E4,0x42E3,0x42C3,0x42E3,0x4303,0x4B03,0x4B03,0x42C2,0x42E3,0x4B24,0x4304,0x42E4,0x4B03,0x4B24,
    0x4B04,0x4B24,0x4B24,0x4B03,0x4323,0x4B03,0x4B03,0x42E2,0x4B23,0x4B23,0x4B23,0x4323,0x4B02,0x4B23,0x4B22,0x4B42,
    0x4B43,0x5363,0x4B43,0x4302,0x4B03,0x4B23,0x4303,0x42C2,0x3AC3,0x3AA2,0x42C2,0x3262,0x3A82,0x4303,0x4B23,0x5343,
    0x4B03,0x42C2,0x5364,0x5344,0x4B23,0x5363,0x5363,0x4B63,0x4B63,0x5BA4,0x4B83,0x53A3,0x5383,0x4301,0x4322,0x4B23,
    0x4302,0x4B23,0x4302,0x4322,0x53C3,0x53A4,0x5383,0x53A3,0x5BC4,0x5383,0x53A3,0x53A3,0x53A3,0x5BC4,0x53C3,0x53C3,
    0x53C3,0x53C3,0x53A3,0x4B82,0x53A2,0x4B82,0x53A3,0x53A3,0x53A2,0x4B63,0x4B43,0x4342,0x53A3,0x5BC4,0x4B83,0x53A3,
    0x53A3,0x4B62,0x5383,0x53A2,0x53A2,0x53A2,0x53A2,0x53C3,0x53A2,0x53A2,0x53A3,0x5BC3,0x53A2,0x63E4,0x5BC3,0x5BC3,
    0x63E3,0x63E3,0x6403,0x63E3,0x6C23,0x6C24,0x6403,0x6BE4,0x63E3,0x5BC3,0x5BA3,0x5BA2,0x5BC3,0x63E3,0x5BC2,0x63E3,
    0x6C03,0x6C24,0x6403,0x6C23,0x6C24,0x6C43,0x6C44,0x7464,0x6C64,0x7464,0x7464,0x6C64,0x6C23,0x7464,0x7464,0x6C44,
    0x6C43,0x7484,0x7484,0x7484,0x7484,0x7464,0x7484,0x7C84,0x7484,0x7CA5,0x7484,0x7464,0x7464,0x6C64,0x7464,0x7485,
    0x7485,0x7464,0x7464,0x7485,0x7465,0x7484,0x7465,0x6C44,0x7464,0x7465,0x7464,0x7464,0x7485,0x6C43,0x6C23,0x6423,
    0x6C44,0x7464,0x7465,0x6C64,0x6C64,0x6C44,0x7464,0x7485,0x7485,0x6C85,0x6C65,0x6C64,0x6C24,0x6423,0x6C44,0x6C44,
    0x6C43,0x6444,0x6C64,0x7485,0x7464,0x7465,0x7465,0x6C66,0x6C25,0x63C5,0x5344,0x5343,0x5364,0x63C4,0x6C25,0x6C24,
    0x3202,0x3242,0x3A42,0x3242,0x2A02,0x3221,0x3A63,0x3A63,0x3A43,0x3243,0x3A63,0x3222,0x2A02,0x3203,0x3243,0x3223,
    0x3242,0x3A43,0x3243,0x3222,0x3222,0x3242,0x3201,0x2A02,0x3222,0x3A42,0x3A63,0x3242,0x3242,0x3242,0x3A63,0x3263,
    0x3223,0x3223,0x3A63,0x3202,0x3223,0x3222,0x3243,0x3222,0x3A43,0x2A02,0x3222,0x3222,0x2A22,0x3A42,0x3263,0x3222,
    0x3262,0x2A01,0x2A02,0x3A42,0x3242,0x3222,0x3242,0x3242,0x3A63,0x3A63,0x3262,0x3A42,0x3222,0x2A22,0x29E1,0x2A02,
    0x3202,0x2A21,0x2A01,0x3242,0x3222,0x3262,0x3A42,0x3242,0x3A42,0x3A63,0x3242,0x3222,0x3242,0x3222,0x2A01,0x3222,
    0x2A21,0x3241,0x3261,0x3A63,0x3A62,0x3262,0x4283,0x42C3,0x3A62,0x3A82,0x42A3,0x3262,0x3261,0x42A3,0x3A82,0x3262,
    0x3A81,0x3AA2,0x3A82,0x3261,0x3A82,0x3A82,0x3AA2,0x42A3,0x3A82,0x3A82,0x3AA2,0x42C3,0x42C3,0x42C3,0x3A83,0x42C3,
    0x3AA3,0x3AA3,0x42C4,0x42C3,0x3AC2,0x3AA2,0x42E3,0x42C2,0x3AE3,0x3AC2,0x42E2,0x3A82,0x3261,0x3A82,0x42C3,0x3AA2,
    0x3AA2,0x42C3,0x42E3,0x3AA2,0x3AA2,0x42E2,0x42C2,0x42E2,0x4303,0x42E2,0x4303,0x4B03,0x4303,0x4B24,0x3AC3,0x4B03,
    0x4B04,0x4303,0x42E3,0x3AA2,0x3AC2,0x42C3,0x3AC3,0x42E4,0x4AE4,0x4B04,0x4303,0x3AA3,0x42C3,0x4304,0x4B24,0x42E4,
    0x4B04,0x3AA2,0x4B24,0x42E3,0x42E2,0x4B23,0x4B43,0x4B63,0x4B42,0x4B63,0x5383,0x4B43,0x53A3,0x5BA4,0x5383,0x4B43,
    0x5383,0x5343,0x42E2,0x4302,0x5383,0x5362,0x4B63,0x4B22,0x4B63,0x4B62,0x4B83,0x5383,0x4B63,0x4B62,0x5383,0x5383,
    0x5382,0x53A2,0x5BC3,0x5BC3,0x5BE4,0x5BA3,0x5383,0x4B63,0x4B42,0x4B63,0x5384,0x5384,0x5383,0x5383,0x5BC4,0x53A4,
    0x5363,0x53A4,0x53A4,0x5BE4,0x5BC4,0x53A3,0x5383,0x53A3,0x4B63,0x5382,0x5382,0x63E4,0x5BC3,0x5BE4,0x63E4,0x5BE3,
    0x5BE3,0x63E3,0x5BC2,0x6404,0x6404,0x6403,0x63E3,0x6404,0x63E4,0x6404,0x6404,0x6C04,0x6C45,0x6C44,0x6C44,0x7445,
    0x6C65,0x7485,0x6C44,0x6C44,0x6C43,0x6C44,0x7464,0x7464,0x7464,0x6C64,0x6C43,0x7464,0x6C44,0x7464,0x7484,0x7464,
    0x7464,0x7444,0x6C23,0x6C24,0x7464,0x7464,0x7464,0x7444,0x7465,0x6C44,0x7444,0x7484,0x7464,0x7465,0x6C64,0x6C24,
    0x7464,0x6C44,0x6C44,0x6C24,0x6C24,0x6C24,0x6C44,0x7445,0x7465,0x7464,0x6C64,0x7464,0x7464,0x6C44,0x7464,0x6C44,
    0x6C44,0x7444,0x6C43,0x6C23,0x6C03,0x6403,0x63E2,0x5BE3,0x5BE2,0x6403,0x6403,0x6423,0x6C44,0x6C63,0x6C64,0x6C64,
    0x6C65,0x7464,0x6C65,0x7464,0x7465,0x6C44,0x63E4,0x63C3,0x6C24,0x6404,0x63E5,0x6C05,0x63A4,0x4B02,0x5323,0x63E5,
    0x29E1,0x29E1,0x29E1,0x29E1,0x2A01,0x3202,0x3202,0x3222,0x29C1,0x3201,0x29E2,0x3A22,0x29E1,0x29E2,0x31E2,0x29C1,
    0x29C2,0x29C2,0x29C2,0x29E2,0x29E2,0x3223,0x3223,0x3223,0x3A43,0x3223,0x29E2,0x2A01,0x3242,0x3221,0x3242,0x3243,
    0x3222,0x3223,0x3264,0x3222,0x3243,0x2A02,0x3A63,0x3262,0x3222,0x3222,0x3A63,0x3A63,0x3A63,0x3A83,0x3262,0x3A63,
    0x3242,0x3222,0x3242,0x3A63,0x3242,0x3242,0x3242,0x3222,0x3242,0x3A62,0x3262,0x3242,0x3222,0x2A02,0x29E2,0x3223,
    0x3A63,0x3A63,0x3A63,0x3A63,0x3A83,0x3A83,0x3A83,0x3A83,0x3A63,0x3A63,0x3222,0x3A83,0x3A63,0x3A63,0x3263,0x3242,
    0x3A83,0x3242,0x3AA3,0x3A62,0x3A62,0x3A83,0x3A82,0x3A62,0x3A63,0x3A83,0x3A83,0x4283,0x3262,0x4283,0x42A3,0x42A3,
    0x4AE4,0x42C4,0x42C3,0x42A3,0x3262,0x3A82,0x3A83,0x3A82,0x3A62,0x3A82,0x4283,0x42A3,0x42C3,0x3A82,0x3A82,0x3A82,
    0x42A3,0x3A62,0x3AA3,0x42C3,0x3AC2,0x42C2,0x42E3,0x42E3,0x4B03,0x42E2,0x42A2,0x42A2,0x42C3,0x42E2,0x4AE3,0x42C2,
    0x3AA2,0x42A2,0x4AE4,0x4AE3,0x42A3,0x42C3,0x3AC3,0x3AC2,0x3AA2,0x3AA2,0x42C3,0x3AA2,0x3281,0x3262,0x3A82,0x3AA3,
    0x42C3,0x42C2,0x3AA2,0x3A82,0x3A82,0x42C3,0x3AA2,0x42E3,0x42E2,0x4324,0x42E2,0x42C3,0x42E3,0x3A82,0x3AA3,0x3AA3,
    0x3AE3,0x3AA2,0x32A2,0x4303,0x4303,0x4B44,0x4B63,0x4B63,0x4B63,0x4B63,0x4B42,0x3B02,0x4B42,0x4B43,0x4B43,0x4B42,
    0x5344,0x4B23,0x4B44,0x4B42,0x4B43,0x4B43,0x5364,0x4B23,0x4B24,0x4B23,0x4B23,0x5384,0x4B43,0x4B22,0x4B43,0x5343,
    0x4B63,0x5363,0x4B22,0x4B43,0x4B23,0x4302,0x4B23,0x4303,0x4B03,0x4B22,0x5363,0x5383,0x5383,0x5383,0x5383,0x5383,
    0x5BA4,0x5383,0x5BA3,0x5383,0x5363,0x4B63,0x5BA4,0x5BC4,0x5BA3,0x5BC4,0x5BC3,0x5BC3,0x5BE4,0x5BC3,0x5BC3,0x5BC3,
    0x63E4,0x5C03,0x5BA3,0x5BE3,0x6403,0x63E4,0x5BE4,0x6404,0x5BE4,0x6404,0x5BE4,0x5BC3,0x5BC3,0x63E3,0x5BE3,0x63E3,
    0x63E3,0x6404,0x63E3,0x6403,0x6C44,0x6C44,0x6C44,0x6C44,0x6C44,0x6C24,0x6423,0x6C23,0x6C44,0x6C44,0x6C44,0x6C44,
    0x6C44,0x6C24,0x6C03,0x6C24,0x6C23,0x6C04,0x6403,0x6403,0x6C23,0x6C03,0x6403,0x6C03,0x6C24,0x6C24,0x6C24,0x6C24,
    0x6C24,0x6C44,0x6C24,0x6C24,0x6C24,0x6C44,0x6C44,0x6C44,0x6C24,0x6C44,0x6C43,0x6C44,0x6C63,0x7464,0x7464,0x7464,
    0x6C44,0x7464,0x7464,0x7464,0x7464,0x6C44,0x6C44,0x7464,0x6C44,0x6C44,0x6C44,0x7464,0x7485,0x7484,0x7485,0x6C64,
    0x6C44,0x6C44,0x6C45,0x6C64,0x7484,0x7485,0x7485,0x7464,0x6C43,0x7464,0x7464,0x7484,0x6C45,0x6C46,0x5B64,0x5383,
    0x2A02,0x3222,0x3222,0x3222,0x2A02,0x29E1,0x2A01,0x21C1,0x29E1,0x3223,0x3A42,0x3223,0x29E1,0x3202,0x3223,0x3202,
    0x2A02,0x3A43,0x3A43,0x3202,0x3A43,0x3A43,0x3243,0x3222,0x3243,0x3223,0x3222,0x3221,0x3221,0x3242,0x3A42,0x3222,
    0x3202,0x3243,0x3A63,0x3A43,0x3A62,0x3242,0x3A62,0x3222,0x3A63,0x3242,0x3242,0x3221,0x3222,0x3242,0x3A42,0x3A43,
    0x3222,0x3A63,0x3A42,0x2A02,0x3222,0x3A43,0x3222,0x3222,0x3222,0x3243,0x3242,0x3A42,0x3243,0x3242,0x3A43,0x3A63,
    0x3243,0x3222,0x2A01,0x3222,0x3242,0x3A41,0x3242,0x3222,0x3201,0x2A01,0x2A01,0x3201,0x3222,0x3242,0x2A01,0x2A22,
    0x2A21,0x3242,0x3262,0x3262,0x42A4,0x3A62,0x3243,0x3A62,0x3A83,0x3A82,0x3A62,0x42A3,0x3242,0x3242,0x3262,0x3222,
    0x3242,0x3A42,0x3222,0x3202,0x3A63,0x3A63,0x3202,0x3243,0x3222,0x2A02,0x2A02,0x3222,0x3222,0x3A42,0x3A83,0x3A83,
    0x42A3,0x42A3,0x42A3,0x42E4,0x42A2,0x3AA3,0x3AC3,0x3A82,0x3AC3,0x42A3,0x42A3,0x42E3,0x4AE4,0x42A3,0x42A3,0x42A3,
    0x3A83,0x42A3,0x3AA3,0x3A83,0x42A2,0x3A83,0x42C3,0x42C3,0x3AA3,0x42E3,0x4303,0x4304,0x42C3,0x42C3,0x42C3,0x4303,
    0x4B24,0x4B04,0x42E2,0x4304,0x42E4,0x42E3,0x3AC2,0x42C2,0x42C3,0x4303,0x4AE3,0x42E3,0x42E2,0x42E3,0x4B23,0x4303,
    0x42E3,0x42E3,0x4B24,0x4B23,0x4323,0x4B03,0x4B43,0x4B23,0x4B43,0x4B43,0x4B43,0x4303,0x4303,0x4B43,0x4B03,0x42E2,
    0x3AA1,0x4302,0x4B23,0x42E2,0x3AA1,0x42E2,0x42E3,0x42E2,0x42E3,0x4303,0x4B42,0x4B02,0x5383,0x5384,0x5363,0x5364,
    0x5362,0x4B63,0x5383,0x5383,0x5BA3,0x5383,0x5383,0x5363,0x5383,0x5384,0x5383,0x5363,0x4B62,0x5362,0x5362,0x5383,
    0x5BA3,0x53A3,0x53A3,0x5BA3,0x5BC3,0x5362,0x5BC3,0x5BC3,0x5BA3,0x5BC3,0x5BA3,0x53A3,0x5BA3,0x5362,0x5362,0x5BE4,
    0x6404,0x6404,0x5BE3,0x63E3,0x6404,0x6404,0x6424,0x6424,0x63E3,0x6424,0x6C44,0x63E4,0x6424,0x6C24,0x6C24,0x6C04,
    0x6403,0x6403,0x63E3,0x6C04,0x6403,0x6404,0x63E3,0x63E4,0x6404,0x6C24,0x6C04,0x6403,0x6C03,0x6C04,0x6C23,0x6C04,
    0x6C24,0x6C04,0x6424,0x6C24,0x6C04,0x6C25,0x6C24,0x6C23,0x7444,0x6C44,0x6C44,0x7464,0x6C65,0x6C44,0x7444,0x6C44,
    0x6C24,0x6C24,0x6C24,0x6423,0x6C24,0x6C24,0x6C04,0x6C24,0x6423,0x6C24,0x6C23,0x6C44,0x7444,0x6C44,0x6C44,0x6C24,
    0x6C23,0x6C44,0x6C44,0x6424,0x6C24,0x6C43,0x6C44,0x6C44,0x7444,0x7464,0x7444,0x6C24,0x6404,0x6404,0x6404,0x5BE4,
    0x6404,0x5BE3,0x6424,0x7464,0x6C44,0x6C24,0x63E4,0x63E4,0x63E4,0x63E4,0x6C23,0x6C23,0x7444,0x6C45,0x6C25,0x6C25,
    0x2A02,0x3202,0x3243,0x3202,0x2A02,0x2A02,0x3223,0x3202,0x3222,0x3A43,0x3243,0x31E2,0x29E1,0x29E2,0x3222,0x3222,
    0x3202,0x3202,0x3222,0x2A02,0x3222,0x2A02,0x2A01,0x3202,0x2A02,0x29C1,0x29E1,0x2A01,0x29E1,0x3222,0x3202,0x3203,
    0x3223,0x3222,0x3202,0x29E1,0x3A42,0x3201,0x2A02,0x3202,0x3222,0x3A22,0x3202,0x3222,0x3202,0x3243,0x3202,0x2A01,
    0x3202,0x2A01,0x3202,0x3202,0x3203,0x3203,0x3203,0x29E2,0x3223,0x29C2,0x21A1,0x31E2,0x29C2,0x3202,0x3223,0x3202,
    0x3202,0x3202,0x2A01,0x3201,0x3221,0x3222,0x3201,0x3222,0x2A01,0x2A01,0x3222,0x3242,0x3242,0x3243,0x3242,0x3242,
    0x3241,0x3262,0x3A62,0x3242,0x3A63,0x3242,0x3A42,0x3262,0x3242,0x3A42,0x3A63,0x3A62,0x3242,0x3222,0x3A62,0x3221,
    0x3222,0x3222,0x3242,0x3242,0x3A62,0x3222,0x3222,0x3222,0x3243,0x3222,0x3222,0x3222,0x2A02,0x3223,0x3243,0x3A42,
    0x3A63,0x3AA4,0x4283,0x3242,0x3242,0x3241,0x3242,0x3A62,0x3A63,0x3262,0x3242,0x3242,0x3A63,0x3242,0x3242,0x3A63,
    0x3242,0x3242,0x3A42,0x3A63,0x3A63,0x3A63,0x3A82,0x3AC3,0x42C3,0x3AA3,0x42A3,0x42C3,0x42C3,0x3AA3,0x3AA3,0x42C4,
    0x42C3,0x3AA2,0x3AC3,0x42C3,0x3AA2,0x42C3,0x42C3,0x3AC3,0x4303,0x4B03,0x42E4,0x42E3,0x4B24,0x4303,0x4303,0x4B02,
    0x4B24,0x4B24,0x4B24,0x4303,0x4B23,0x4323,0x4B44,0x4B23,0x4B23,0x4B43,0x4302,0x4B43,0x5343,0x4B23,0x4B23,0x5384,
    0x5363,0x5BA4,0x5BA3,0x5383,0x5363,0x5BA3,0x5383,0x5383,0x5383,0x5B84,0x5BA4,0x5363,0x5BA4,0x5B84,0x5BA4,0x5383,
    0x5364,0x5383,0x5BA3,0x5BA3,0x5BC3,0x5BC3,0x63C4,0x5BC4,0x5BC3,0x6405,0x63E4,0x63C4,0x5BC3,0x5BC3,0x5BC3,0x5BC3,
    0x5BE4,0x63E3,0x63E4,0x63E4,0x6404,0x5BE4,0x6404,0x63E4,0x5BE4,0x63E4,0x5BC4,0x63E4,0x5BC4,0x5BC3,0x5BC4,0x6404,
    0x63E4,0x6404,0x6404,0x6404,0x6425,0x6C24,0x6404,0x6404,0x63E3,0x6404,0x6424,0x6C24,0x6424,0x6C24,0x6C03,0x6C24,
    0x6C44,0x7445,0x6C24,0x6C03,0x6C24,0x7424,0x6C24,0x6C24,0x7444,0x6C24,0x7424,0x6C03,0x6C04,0x6C23,0x6C04,0x6C03,
    0x6404,0x6C04,0x6C04,0x6C04,0x6403,0x6404,0x6C24,0x6403,0x6C04,0x6403,0x63E3,0x6C04,0x6C24,0x6C24,0x6C24,0x6404,
    0x6C24,0x6C24,0x6C24,0x6C45,0x6C04,0x6C24,0x6424,0x6C24,0x6C04,0x6404,0x63E4,0x6404,0x63C3,0x63E4,0x5BC3,0x5BA2,
    0x53C4,0x5BC4,0x53A4,0x53A3,0x53A4,0x5BA4,0x5BA3,0x63E3,0x6C44,0x6C24,0x63E3,0x63E3,0x63E3,0x5BC4,0x5BC4,0x63E4,
    0x6404,0x6404,0x6C24,0x6C44,0x6C24,0x63E4,0x63E4,0x63E5,0x63C4,0x5BC3,0x63E5,0x63E5,0x5BC4,0x63C4,0x63C4,0x63E4,
    0x21A0,0x2181,0x1980,0x21A0,0x29E2,0x29E1,0x29C1,0x29C1,0x29C1,0x29E2,0x3222,0x29C1,0x21A1,0x21A0,0x31E2,0x29C1,
    0x21C1,0x21A1,0x29C1,0x29E2,0x2A02,0x29C1,0x29C1,0x2A02,0x29E2,0x29E1,0x31E2,0x3202,0x3A43,0x3223,0x3203,0x3A24,
    0x3203,0x3223,0x3A23,0x3223,0x3A23,0x3223,0x3222,0x3203,0x3A43,0x3223,0x3203,0x3223,0x3A23,0x3223,0x3203,0x31E2,
    0x3A23,0x3203,0x3203,0x3203,0x3203,0x3224,0x3A24,0x3224,0x29C2,0x29A2,0x2181,0x2181,0x2181,0x29E2,0x3203,0x3202,
    0x3203,0x3202,0x3202,0x3A23,0x3243,0x3A42,0x3222,0x3243,0x3A43,0x3243,0x3A43,0x3222,0x3223,0x3A42,0x3222,0x3202,
    0x2A01,0x3201,0x3242,0x3242,0x3A42,0x29E1,0x3242,0x3222,0x3222,0x3A42,0x3242,0x3242,0x3A42,0x3A63,0x3242,0x3242,
    0x3A83,0x3A62,0x3A83,0x3A42,0x3A62,0x3241,0x3242,0x3242,0x3A42,0x3222,0x2A01,0x3222,0x3A63,0x3223,0x3A43,0x3243,
    0x3A43,0x3A62,0x3242,0x3201,0x3222,0x3222,0x2A02,0x3242,0x3222,0x3222,0x29C1,0x29E1,0x2A01,0x3202,0x3221,0x3222,
    0x29E1,0x3222,0x2A01,0x2A01,0x3242,0x3A63,0x3A83,0x42C3,0x3AA2,0x3A82,0x3262,0x3261,0x3262,0x3242,0x2A02,0x2A42,
    0x3262,0x3242,0x3241,0x3241,0x3A82,0x3A82,0x3AC2,0x42C2,0x42E2,0x3AA3,0x3282,0x3242,0x3AA3,0x3A82,0x3A81,0x3AC2,
    0x42C3,0x3A82,0x3AC2,0x42E3,0x42C2,0x42E3,0x42C2,0x3AC3,0x3AA2,0x3A82,0x42C3,0x42E4,0x4AE4,0x42C2,0x4B23,0x5324,
    0x4B02,0x5343,0x5343,0x5363,0x5B83,0x5383,0x5B63,0x5B83,0x5362,0x5BA3,0x5B84,0x5343,0x5383,0x5343,0x4B43,0x4B02,
    0x5362,0x5B63,0x5BA4,0x5BA3,0x63C3,0x5BC3,0x63C3,0x5BC4,0x5BA3,0x63C3,0x5B83,0x5B83,0x5BC4,0x5BA3,0x63C4,0x5BA3,
    0x63E4,0x63C4,0x63E4,0x63E4,0x63E4,0x63C3,0x63E4,0x63C3,0x63E4,0x63C4,0x5BC4,0x63C4,0x5B83,0x5BA3,0x5BA3,0x5BA4,
    0x63C3,0x5382,0x5B63,0x5BA3,0x5BA3,0x63E4,0x63E4,0x63E4,0x63E4,0x63C3,0x5BA3,0x63C3,0x63C3,0x63C3,0x5BC2,0x63E3,
    0x63C3,0x63E3,0x63E3,0x6C03,0x63E3,0x63E2,0x6C03,0x6C23,0x6C23,0x6C24,0x7444,0x6C24,0x6C23,0x6C04,0x6C03,0x6C03,
    0x6403,0x6C03,0x6403,0x6C03,0x63E3,0x63E3,0x6BE3,0x63E4,0x63C3,0x63E3,0x63C3,0x63C3,0x63C3,0x63E4,0x5BC4,0x5BA3,
    0x63C4,0x5BC4,0x63C4,0x63C3,0x5BC3,0x5BC4,0x63C3,0x5BA3,0x5BA3,0x5BC4,0x63C4,0x5B83,0x5383,0x5363,0x5B83,0x5363,
    0x5384,0x4B43,0x5364,0x5343,0x5384,0x5384,0x5BC4,0x63E4,0x6C25,0x63C4,0x63E4,0x63E4,0x63E4,0x63C4,0x63E4,0x63E4,
    0x6C04,0x6C25,0x6C24,0x6404,0x6C24,0x63E5,0x63C4,0x63C4,0x6404,0x63C4,0x5BA4,0x5BA5,0x63A4,0x5BC4,0x63C4,0x5BA4,
    0x29E2,0x29C1,0x21A1,0x29C2,0x21C1,0x2181,0x29C2,0x21A1,0x29C2,0x29E2,0x29E2,0x29A1,0x29E2,0x29E2,0x29C2,0x2182,
    0x21A1,0x2181,0x31E3,0x29E2,0x3203,0x2A03,0x29E2,0x3203,0x29E2,0x29C2,0x31E3,0x29E2,0x31C2,0x29A2,0x29A3,0x31C5,
    0x31C4,0x29C4,0x31C3,0x29A3,0x2182,0x2182,0x2982,0x29A2,0x29A2,0x2182,0x2982,0x2182,0x29A2,0x29A2,0x29C3,0x31E3,
    0x29C3,0x2982,0x29A2,0x29C3,0x31C3,0x29C3,0x29A2,0x2162,0x2161,0x29A2,0x29A2,0x29A1,0x29C2,0x29A2,0x31E3,0x3204,
    0x31E3,0x31E3,0x3203,0x3A23,0x3A23,0x3203,0x31E2,0x2A03,0x3223,0x3202,0x21C2,0x29E2,0x3203,0x3223,0x3223,0x3222,
    0x3A43,0x3243,0x3A22,0x3242,0x3222,0x3242,0x3222,0x3A42,0x3222,0x3243,0x3A42,0x3223,0x3242,0x3242,0x3222,0x3242,
    0x3A42,0x3A83,0x3A42,0x3242,0x3A63,0x3242,0x3A42,0x3A83,0x3A62,0x3221,0x3241,0x3A42,0x3242,0x3242,0x3A42,0x42A4,
    0x3263,0x3222,0x3222,0x3242,0x3222,0x3222,0x3A63,0x4263,0x3A43,0x3242,0x3A63,0x3A63,0x3A83,0x3A83,0x3A63,0x3222,
    0x3242,0x3A83,0x3A83,0x3A63,0x3A83,0x42A3,0x3A82,0x3262,0x3A83,0x3AC3,0x3261,0x3A83,0x3A82,0x2A42,0x3262,0x3A82,
    0x3A82,0x3AA3,0x3AA3,0x3282,0x3AA2,0x3AC3,0x3AC3,0x42C3,0x42E2,0x3AA3,0x42C3,0x3AA2,0x42C3,0x3AA2,0x42E4,0x42C3,
    0x42E3,0x42E3,0x42C3,0x42A2,0x3A81,0x42C2,0x3A82,0x42A3,0x3242,0x3A62,0x42A4,0x3AA2,0x3AA3,0x42C3,0x42A2,0x42C3,
    0x4AE3,0x42C3,0x4AE3,0x42C3,0x4AE2,0x42A2,0x4B02,0x4B23,0x5322,0x4B22,0x4B22,0x5B63,0x5363,0x5B63,0x5B83,0x5BA4,
    0x63A4,0x5B84,0x5B83,0x5343,0x5363,0x5B83,0x5B83,0x5B82,0x5B63,0x5342,0x5363,0x5363,0x6384,0x5BA3,0x63C4,0x63C4,
    0x5B83,0x5B83,0x5BC3,0x63C4,0x63C4,0x5BA4,0x5BA3,0x5BA4,0x5BA3,0x5B83,0x5B63,0x5342,0x5363,0x5B63,0x5342,0x5B84,
    0x63C4,0x5BA3,0x5BA3,0x63A4,0x5BA3,0x5BA3,0x63A4,0x5BA3,0x5B83,0x5B83,0x5BA3,0x5BA4,0x5B83,0x5BA3,0x63A3,0x63A3,
    0x5B83,0x63A3,0x63C4,0x6BE4,0x6C03,0x63E4,0x63E3,0x6C04,0x6C24,0x6C03,0x63E4,0x63E3,0x63E3,0x63E4,0x6404,0x63E3,
    0x63C4,0x63E4,0x63E4,0x63E4,0x63E4,0x63E4,0x63E5,0x63E5,0x63E5,0x63C5,0x63C4,0x63E5,0x63C4,0x5BC4,0x63A4,0x5BA4,
    0x5BC4,0x63A4,0x5BA4,0x5BA4,0x5BA4,0x63A4,0x5BA4,0x5BA4,0x5B84,0x5B83,0x5BA4,0x5B84,0x5383,0x5B84,0x5B83,0x5B84,
    0x5BA4,0x5B83,0x5383,0x5B84,0x5BA4,0x5B83,0x5364,0x5B84,0x5364,0x5B84,0x5384,0x5B84,0x5B84,0x5364,0x5B84,0x63C5,
    0x63E5,0x5B84,0x63A5,0x5BA5,0x5344,0x4AE2,0x4B24,0x5364,0x5BC4,0x5B83,0x5B84,0x5B84,0x5BA4,0x5BA4,0x5383,0x5363,
    0x21C1,0x29E2,0x29C2,0x1980,0x29C2,0x29C2,0x29C1,0x29C2,0x21C1,0x29A2,0x21A1,0x2181,0x21A2,0x29A2,0x2181,0x21A2,
    0x2182,0x29A2,0x21C2,0x29C2,0x2182,0x21A2,0x29A2,0x1981,0x2161,0x2182,0x2982,0x2181,0x2182,0x2983,0x31C4,0x2984,
    0x2984,0x29A4,0x2984,0x29A3,0x2163,0x2962,0x29C4,0x29A3,0x31E4,0x31C4,0x29C3,0x31C3,0x31C4,0x31E4,0x31E4,0x31C3,
    0x31C3,0x3204,0x31E4,0x31E4,0x29A3,0x31A3,0x31E4,0x29A3,0x31C4,0x31E3,0x31E2,0x31E2,0x31E3,0x3204,0x31E4,0x31C4,
    0x31E4,0x31E3,0x31E4,0x31E3,0x3203,0x3A24,0x3A44,0x3224,0x3203,0x3204,0x2A03,0x3A24,0x2A03,0x3203,0x31E3,0x29E2,
    0x3202,0x3222,0x3223,0x3222,0x3A43,0x3243,0x3A43,0x3263,0x3A63,0x3A83,0x3A83,0x3242,0x3202,0x3222,0x3202,0x3243,
    0x29E2,0x3202,0x3222,0x3243,0x3202,0x3243,0x3A42,0x3242,0x2A21,0x2A01,0x3242,0x3221,0x3242,0x3A82,0x3A62,0x3262,
    0x3221,0x3202,0x3242,0x3202,0x3221,0x3201,0x3221,0x2A01,0x3222,0x3241,0x3A62,0x2A01,0x2A01,0x3A42,0x3242,0x3262,
    0x3A42,0x3A82,0x42A3,0x4283,0x3A83,0x3A83,0x3A82,0x3AA3,0x3A82,0x3A83,0x3A83,0x3AA3,0x4B04,0x42C3,0x4303,0x42E3,
    0x4B03,0x4302,0x4B23,0x42E3,0x42C3,0x42E3,0x42C3,0x4303,0x4B03,0x4303,0x4B23,0x4B23,0x42E3,0x42E3,0x42E3,0x4304,
    0x4AE4,0x4AE3,0x4AE3,0x4B24,0x4B03,0x4B02,0x5324,0x4B23,0x4AE3,0x5344,0x4B23,0x4B03,0x5323,0x5323,0x4AE2,0x4B02,
    0x5323,0x4B24,0x5303,0x4B04,0x4B03,0x5324,0x4B23,0x5344,0x5B64,0x5B84,0x5B83,0x5B83,0x5B84,0x5BA3,0x5BA4,0x63A4,
    0x5BA3,0x5B84,0x5B83,0x5363,0x5B64,0x5B85,0x5B83,0x5BA3,0x5B83,0x5BA4,0x5B84,0x5BA4,0x5B84,0x5B84,0x5B84,0x5B83,
    0x5B84,0x5B83,0x5B84,0x5BA4,0x5B84,0x5B83,0x5BA4,0x63A4,0x5B84,0x5BA4,0x5BC4,0x5B83,0x5B84,0x5BA4,0x5BA4,0x63C4,
    0x63C4,0x63C4,0x5BA3,0x5BA3,0x5BA4,0x5BA3,0x5BA4,0x63A4,0x5BA4,0x5BA3,0x63A4,0x63C4,0x63C4,0x63A4,0x63C4,0x5B83,
    0x63A4,0x5B83,0x63C4,0x63A4,0x63C4,0x63A3,0x5B83,0x6384,0x5BA4,0x5BA4,0x5B83,0x5B84,0x5B84,0x5BA3,0x5B84,0x5363,
    0x5B64,0x5363,0x5343,0x5343,0x5B63,0x5363,0x5B43,0x5343,0x5343,0x5343,0x5343,0x5343,0x5344,0x5344,0x5343,0x5344,
    0x5363,0x5344,0x5364,0x5364,0x5B84,0x5364,0x5364,0x5B64,0x5364,0x5364,0x5363,0x5344,0x5343,0x5364,0x5344,0x4B23,
    0x5B64,0x5364,0x5B85,0x5343,0x5323,0x5344,0x5343,0x4B23,0x4B23,0x5323,0x5344,0x5344,0x5344,0x5324,0x5324,0x4AE3,
    0x4AE4,0x42C3,0x42C3,0x4AE5,0x42A4,0x42A3,0x4AE4,0x5345,0x5344,0x5323,0x5344,0x5325,0x4B24,0x5345,0x5324,0x5305,
    0x21A2,0x2182,0x1961,0x1961,0x1961,0x1961,0x1982,0x2983,0x2183,0x2162,0x1941,0x1961,0x2161,0x1961,0x1981,0x2181,
    0x2182,0x21A2,0x21A3,0x2182,0x21A2,0x2161,0x2181,0x2161,0x2182,0x29C2,0x29C3,0x29C4,0x31C4,0x31E3,0x31E5,0x31C5,
    0x31E5,0x3A05,0x3A05,0x31C5,0x31E4,0x31C4,0x31C4,0x31C5,0x31C4,0x31E5,0x39E4,0x31E4,0x31E4,0x31E4,0x31C3,0x29C3,
    0x31E4,0x31E4,0x29A3,0x31C4,0x2983,0x31E4,0x31E3,0x31E4,0x3204,0x3203,0x3203,0x31E3,0x29A2,0x31C3,0x31E3,0x31C3,
    0x31C3,0x29C3,0x31E4,0x29A3,0x31E3,0x3A23,0x3223,0x31E4,0x3203,0x3223,0x3A24,0x3A25,0x3A45,0x3A24,0x3204,0x3A43,
    0x3A22,0x3222,0x31E1,0x3203,0x3223,0x3A23,0x3222,0x3222,0x3223,0x3202,0x3222,0x3242,0x3262,0x3242,0x3A62,0x3A83,
    0x3A43,0x2A03,0x3223,0x3243,0x3222,0x3223,0x3242,0x3A63,0x3A63,0x3A83,0x3A63,0x3262,0x3A83,0x3A82,0x3262,0x3A62,
    0x3AA2,0x3A83,0x3AA2,0x3242,0x3A82,0x42C3,0x3A83,0x3A82,0x42C3,0x42C4,0x3AA3,0x3AA2,0x42C3,0x42C3,0x42C3,0x3AA3,
    0x3AA2,0x3AA2,0x3AA3,0x3A82,0x3AA2,0x3A82,0x42C3,0x3AA2,0x3A82,0x42A2,0x42C3,0x42C4,0x42C3,0x4302,0x4B03,0x4B23,
    0x4323,0x4B23,0x4302,0x42E3,0x42A2,0x3AA2,0x4B03,0x4AE3,0x4B03,0x4B04,0x4B03,0x42C2,0x3A82,0x42C2,0x42A2,0x42C2,
    0x4AE2,0x42E3,0x4AE2,0x4B03,0x4AE3,0x42C2,0x4AE3,0x4B03,0x42E2,0x5324,0x42A2,0x42C2,0x4AE3,0x4B02,0x4B02,0x4B23,
    0x5323,0x4B23,0x4B03,0x5323,0x5323,0x5344,0x5364,0x5343,0x5343,0x5343,0x5384,0x5364,0x5363,0x5343,0x4B43,0x4B43,
    0x5343,0x4B43,0x4B24,0x5344,0x4B43,0x5343,0x5343,0x5344,0x5344,0x5343,0x5343,0x5B84,0x5B84,0x5B63,0x5363,0x5364,
    0x5364,0x5B64,0x5364,0x5343,0x5344,0x5323,0x5304,0x5344,0x5B84,0x5364,0x5B64,0x5B84,0x5384,0x5383,0x5BA4,0x5B84,
    0x5383,0x5343,0x5343,0x5B83,0x5B63,0x5B84,0x63C4,0x63E4,0x6BC4,0x63A4,0x5B83,0x5BA3,0x63A3,0x5BA3,0x5BA4,0x5B63,
    0x5B83,0x5B84,0x5B84,0x5363,0x5364,0x5364,0x5343,0x5364,0x5364,0x5344,0x5344,0x5343,0x5344,0x5343,0x5344,0x5364,
    0x5343,0x5B64,0x5B64,0x5323,0x5324,0x4B03,0x5303,0x5343,0x5B44,0x5325,0x5323,0x5323,0x5323,0x4B23,0x4B43,0x5364,
    0x5343,0x4B43,0x5364,0x5323,0x4B24,0x42E3,0x4AE4,0x4304,0x4B23,0x5324,0x4B03,0x4B03,0x5324,0x5324,0x4B04,0x5304,
    0x5324,0x5324,0x5B65,0x4B03,0x4AE4,0x4AE4,0x4AE4,0x5304,0x5305,0x4AE4,0x5303,0x4B04,0x4AC3,0x42A4,0x3A63,0x31E2,
    0x3A23,0x3A63,0x4284,0x4264,0x3A44,0x4264,0x3A44,0x4264,0x42A4,0x4283,0x4263,0x3A64,0x4AA5,0x4A85,0x4264,0x4265,
    0x2182,0x1982,0x2162,0x1962,0x2182,0x2182,0x2183,0x29A4,0x21A3,0x29A3,0x29C3,0x29C3,0x29E3,0x29E3,0x29E3,0x29E3,
    0x29C3,0x21A2,0x3204,0x29C4,0x29A3,0x29A3,0x21A2,0x29C3,0x29A4,0x2183,0x29C3,0x29C4,0x29C4,0x31C3,0x31C4,0x31A4,
    0x2984,0x31A4,0x2984,0x2984,0x31A5,0x29A4,0x2984,0x31A4,0x29C4,0x31C4,0x31C4,0x31C4,0x29C4,0x29A4,0x2983,0x31C4,
    0x31E4,0x31C4,0x31C4,0x29A4,0x2163,0x31C4,0x29C4,0x3A04,0x31E4,0x31E3,0x31E3,0x31E3,0x31E3,0x31E4,0x31E4,0x3A04,
    0x29C3,0x31C4,0x29A4,0x31C4,0x31E3,0x31E3,0x3203,0x3203,0x3203,0x3223,0x3203,0x3204,0x31E4,0x3205,0x3A24,0x3223,
    0x3A23,0x3A43,0x3203,0x3A44,0x3244,0x3223,0x3243,0x3243,0x3223,0x3222,0x3222,0x3222,0x3202,0x3242,0x3223,0x3222,
    0x3243,0x3A62,0x3A42,0x3A62,0x3A83,0x3A82,0x3A83,0x3A83,0x4283,0x3A63,0x42A3,0x42A4,0x42A4,0x4283,0x42A3,0x42A4,
    0x42A3,0x3A83,0x3A83,0x3A62,0x42A4,0x3A63,0x3A83,0x42A4,0x42A3,0x3AA3,0x3AA3,0x3A63,0x3AA3,0x3AA4,0x3AA3,0x3AA3,
    0x3A82,0x42C3,0x3AA2,0x3A82,0x3A82,0x3A82,0x42C3,0x42E3,0x42C3,0x3A82,0x3A83,0x3A62,0x3A62,0x3AA3,0x3A83,0x42E3,
    0x3AA3,0x42C4,0x3AA3,0x4AC3,0x42C2,0x42C2,0x5324,0x4B04,0x4B03,0x4B03,0x4B03,0x5323,0x5303,0x4B23,0x5323,0x5344,
    0x5323,0x5324,0x4B23,0x5323,0x4B23,0x4B23,0x5323,0x5343,0x5B44,0x5343,0x5344,0x5323,0x5343,0x5344,0x5343,0x5323,
    0x5323,0x4B23,0x5322,0x5323,0x4B43,0x5343,0x5343,0x5343,0x4B23,0x5343,0x5364,0x5363,0x5343,0x4B23,0x5343,0x5343,
    0x4B42,0x5323,0x5344,0x5343,0x4B23,0x5364,0x5343,0x5344,0x4B22,0x5323,0x5343,0x5B83,0x5363,0x5363,0x5B63,0x5B83,
    0x5B64,0x5363,0x5B84,0x5343,0x5343,0x5364,0x5344,0x5B84,0x5363,0x5343,0x5383,0x5364,0x5B83,0x5363,0x5B64,0x5383,
    0x5B64,0x5364,0x5B64,0x5BA5,0x5BA5,0x5B84,0x5BA4,0x5BA4,0x5BA4,0x5BC5,0x5BA4,0x5BA4,0x5BA5,0x63A4,0x5BA4,0x5B64,
    0x5384,0x5344,0x5343,0x5344,0x5344,0x5B64,0x5B65,0x5B85,0x5324,0x4B03,0x5B44,0x4B03,0x5324,0x5324,0x5324,0x5303,
    0x5323,0x5324,0x4B03,0x4AE3,0x4AE3,0x4AE4,0x4AE3,0x4B24,0x4AE4,0x4B05,0x4B04,0x5323,0x4B24,0x5324,0x5325,0x4B24,
    0x4AE4,0x4B04,0x5344,0x4B04,0x5305,0x4B05,0x4AE5,0x5305,0x4B05,0x4AE3,0x4AC4,0x4AE4,0x4AC5,0x4AC5,0x4284,0x3A64,
    0x3A44,0x4243,0x4284,0x4283,0x4283,0x42A4,0x4284,0x4284,0x4284,0x4285,0x4284,0x4AA4,0x3A63,0x4244,0x3A44,0x4285,
    0x4265,0x4A85,0x4264,0x4264,0x4285,0x4284,0x4285,0x4264,0x4AC5,0x4284,0x3A64,0x4263,0x4284,0x4284,0x4264,0x3A43,
    0x29A3,0x2183,0x2162,0x2183,0x29A3,0x29C4,0x29A3,0x29A4,0x21A3,0x29C3,0x2183,0x2142,0x2162,0x21A2,0x29A2,0x29C3,
    0x29A2,0x21A3,0x29C3,0x29A4,0x29A3,0x3205,0x29C3,0x29C4,0x29A4,0x29C3,0x31E4,0x29A4,0x31C4,0x31C4,0x31A4,0x31A5,
    0x31A5,0x31C5,0x31A5,0x29A5,0x31A4,0x31A5,0x29A5,0x31C5,0x31C4,0x29A4,0x29A4,0x31C4,0x29C4,0x29A4,0x31A4,0x29C3,
    0x31C4,0x31E4,0x31C5,0x29A4,0x2983,0x31E4,0x3A04,0x31C3,0x31C3,0x31E4,0x31E4,0x39E4,0x31C4,0x2983,0x31C4,0x31E5,
    0x31E4,0x29A3,0x31C4,0x31E4,0x31E3,0x3A04,0x31E4,0x29C2,0x29C2,0x3203,0x3204,0x31E3,0x29C4,0x3204,0x3204,0x3203,
    0x29E3,0x3202,0x29E3,0x3224,0x3243,0x3243,0x3A42,0x3242,0x3243,0x3A43,0x3243,0x3223,0x3A43,0x3A63,0x3A43,0x3243,
    0x3222,0x3242,0x3263,0x3A63,0x3A82,0x3A63,0x3A62,0x3241,0x3242,0x3221,0x3A62,0x3242,0x3A62,0x3A62,0x3A63,0x3A63,
    0x3242,0x3A42,0x3A63,0x3A62,0x3A62,0x3A61,0x3241,0x3A62,0x3A82,0x3A62,0x3A63,0x3242,0x3262,0x42C4,0x3A83,0x3A83,
    0x3AA3,0x3A83,0x3AA4,0x3A83,0x3262,0x3242,0x3A83,0x4282,0x3A62,0x3A62,0x3A62,0x3263,0x42A3,0x3AC3,0x4303,0x42E3,
    0x42C2,0x42C3,0x3AA2,0x42E2,0x42C2,0x4B02,0x4B03,0x42E2,0x42E2,0x4B02,0x5322,0x5343,0x5363,0x5322,0x5363,0x5343,
    0x4B22,0x5343,0x5323,0x4B02,0x4B02,0x5343,0x5B64,0x5384,0x5343,0x5363,0x5363,0x5343,0x5343,0x5344,0x5323,0x42C2,
    0x4B23,0x5344,0x5344,0x5364,0x5B44,0x5B84,0x5344,0x5344,0x5B64,0x5B84,0x5B83,0x5BA4,0x5BA4,0x5BA4,0x63C4,0x5BA4,
    0x5BA4,0x5BA5,0x5B84,0x5B85,0x5BA5,0x63A4,0x5B84,0x5B84,0x5B84,0x5B64,0x5363,0x5BA4,0x5B84,0x5B83,0x5BA4,0x5B83,
    0x5B84,0x5BA5,0x63A5,0x63C4,0x5B84,0x5344,0x5B64,0x5B64,0x5B84,0x5B84,0x5B84,0x5B85,0x5B85,0x5B84,0x5364,0x5B64,
    0x5B64,0x5364,0x5B64,0x5B64,0x5B84,0x5344,0x5343,0x5364,0x5B84,0x5363,0x5364,0x5343,0x4B43,0x5323,0x4B23,0x5324,
    0x5323,0x5324,0x4B04,0x5343,0x5323,0x5323,0x5B64,0x5324,0x4B03,0x5303,0x52E3,0x4AE2,0x5B23,0x5303,0x5B24,0x5323,
    0x5324,0x4AE3,0x5303,0x4AE3,0x42C3,0x42C3,0x42A3,0x4AE3,0x4282,0x3A23,0x3203,0x29E2,0x29A2,0x29C3,0x31E3,0x3203,
    0x3A03,0x3203,0x31C3,0x2162,0x2163,0x2163,0x2964,0x1942,0x2122,0x2142,0x1902,0x2144,0x2143,0x2143,0x2143,0x2122,
    0x2944,0x3183,0x3A24,0x4243,0x3A63,0x4263,0x4243,0x4283,0x3A42,0x3203,0x31C3,0x29C2,0x2982,0x31C3,0x31E3,0x39E3,
    0x3204,0x3203,0x31E3,0x2983,0x2183,0x29A3,0x29A4,0x2183,0x2162,0x29A3,0x2983,0x29A3,0x29A3,0x29A3,0x29A3,0x2983,
    0x2983,0x21A4,0x29A3,0x29A4,0x29A3,0x2163,0x2183,0x29A3,0x2183,0x29C3,0x29C3,0x2182,0x21A2,0x31C3,0x2182,0x2182,
    0x29C3,0x29A3,0x29A3,0x31C4,0x31C4,0x31C3,0x31E4,0x3A04,0x31E4,0x31C4,0x3205,0x39E5,0x31A5,0x39E5,0x31A5,0x31A5,
    0x31C4,0x31C4,0x29A4,0x31A4,0x31C4,0x31C4,0x2983,0x31C5,0x29C4,0x31C4,0x29C4,0x31C4,0x31C3,0x29A3,0x29A3,0x29C3,
    0x31E3,0x29A3,0x29A4,0x29A2,0x29A2,0x31C3,0x29E3,0x31E3,0x29C2,0x31C3,0x31E3,0x31E4,0x29C3,0x2983,0x29C4,0x31C4,
    0x31E3,0x2981,0x29C2,0x3A04,0x31E3,0x3203,0x3204,0x3A04,0x3203,0x3A24,0x3A03,0x3205,0x3A25,0x3A24,0x3A45,0x3A23,
    0x4264,0x3A44,0x3A24,0x3A64,0x3A63,0x3242,0x3A63,0x3282,0x3243,0x3A63,0x3A63,0x3A62,0x3A63,0x3A63,0x3A63,0x3A63,
    0x3AA3,0x3A63,0x3AA3,0x3AA3,0x3A83,0x3A82,0x3A82,0x4282,0x42A3,0x3A82,0x4282,0x42A2,0x42C3,0x42C3,0x42C2,0x4AE3,
    0x4B03,0x4B04,0x5324,0x5323,0x4AE2,0x4B23,0x5303,0x5343,0x5303,0x4B03,0x4B23,0x4B03,0x42E3,0x42C2,0x42C2,0x42C2,
    0x42E3,0x42E2,0x5323,0x5344,0x4B23,0x4B23,0x5343,0x5364,0x5343,0x5364,0x5343,0x5343,0x4B02,0x5343,0x5363,0x5322,
    0x5363,0x5383,0x5343,0x5363,0x5363,0x5B84,0x5384,0x5343,0x5B64,0x5B84,0x5B84,0x5343,0x5343,0x5343,0x4B23,0x5343,
    0x5B84,0x5B84,0x5343,0x4B22,0x4B02,0x5B84,0x5B84,0x5343,0x5344,0x5344,0x5323,0x5323,0x5344,0x5324,0x4B24,0x4AE3,
    0x5324,0x5324,0x5345,0x5324,0x5364,0x6386,0x5B85,0x5B64,0x5B85,0x63A6,0x63C5,0x63C6,0x63A5,0x63A5,0x5B64,0x5344,
    0x6385,0x5B85,0x5B84,0x5B64,0x5B85,0x5B64,0x5365,0x5B65,0x5B85,0x5BA5,0x63A5,0x5BA4,0x5B84,0x5B65,0x5B85,0x5B86,
    0x5B65,0x5324,0x4B04,0x4B04,0x4AE3,0x4AE4,0x5325,0x4B04,0x5345,0x4B03,0x5344,0x5B44,0x4AE3,0x4AC3,0x4AE4,0x4AC4,
    0x4AE3,0x4AE3,0x42E3,0x42C3,0x4AE3,0x4B04,0x5305,0x4AE4,0x4AC3,0x5B45,0x5B65,0x5B46,0x5324,0x5324,0x5364,0x5323,
    0x5344,0x5324,0x4B23,0x5B24,0x5B44,0x5B45,0x5324,0x4AE4,0x4AA3,0x4AC3,0x4AC3,0x52A3,0x4AC3,0x4AA3,0x4AA3,0x4AC3,
    0x52C3,0x52E4,0x4AE4,0x4242,0x4222,0x3A02,0x31E1,0x5B25,0x4263,0x18E1,0x18E1,0x2142,0x2982,0x2982,0x2982,0x3A25,
    0x4286,0x31E3,0x29A3,0x29A4,0x2984,0x2985,0x31E6,0x31A5,0x29C5,0x31C5,0x31E4,0x3A25,0x3A04,0x3A05,0x3A45,0x3A45,
    0x4265,0x4264,0x4A85,0x3A43,0x4243,0x3A02,0x31E1,0x5B25,0x4263,0x1901,0x18E1,0x2962,0x29A3,0x2982,0x29A2,0x3A45,
    0x4A86,0x31E3,0x29A3,0x29C4,0x2984,0x29A5,0x39E6,0x31A5,0x31C5,0x31C4,0x31E4,0x3A25,0x3A05,0x3A05,0x3A45,0x3A25,
    0x29A4,0x29A4,0x29A4,0x2984,0x2184,0x2183,0x2184,0x29A3,0x29A4,0x29A3,0x29C4,0x2182,0x29A3,0x3203,0x29C3,0x29C4,
    0x31C4,0x29C4,0x31C4,0x31C4,0x31E4,0x29C3,0x3A04,0x31E4,0x31E4,0x31C4,0x31C5,0x31A5,0x3185,0x31C5,0x2964,0x3164,
    0x2984,0x29A3,0x2963,0x29A3,0x31A4,0x2163,0x2983,0x29A4,0x29A4,0x29A4,0x2983,0x31C4,0x2162,0x2963,0x29C3,0x31C3,
    0x31C3,0x2982,0x29A3,0x29A3,0x29A3,0x29A2,0x31C3,0x3A23,0x29C2,0x29A2,0x3A23,0x31E3,0x31E3,0x31E3,0x31E3,0x31E3,
    0x31C3,0x2182,0x31E3,0x3A24,0x3A04,0x31E4,0x3A04,0x3A44,0x4243,0x3A43,0x3A44,0x4224,0x3A24,0x39E5,0x4204,0x3A04,
    0x4245,0x4204,0x3A05,0x3A24,0x3203,0x3A23,0x3A63,0x3A64,0x3A43,0x3203,0x3A42,0x3A43,0x3A23,0x3222,0x3A42,0x3A43,
    0x4283,0x3A62,0x3A62,0x4282,0x3A62,0x3A61,0x3A82,0x3A62,0x4283,0x3A41,0x3242,0x3A62,0x3A41,0x3A42,0x42A3,0x42A3,
    0x3A42,0x3A41,0x42A3,0x42A2,0x4282,0x42C3,0x42A2,0x3A82,0x4AC3,0x42A2,0x42C2,0x42C3,0x4B03,0x4AE3,0x4B03,0x4B04,
    0x4B03,0x4AE3,0x4B04,0x42C3,0x42C2,0x4AC3,0x42C3,0x3AA2,0x42C2,0x4AE3,0x42E3,0x4B03,0x42E2,0x4AE3,0x4AE3,0x42E3,
    0x42C3,0x4AE3,0x42C3,0x3A81,0x42A3,0x42C3,0x42A2,0x3A82,0x42A2,0x3A81,0x3A62,0x3A82,0x42C3,0x4AC3,0x4AC3,0x5324,
    0x4B03,0x4AE3,0x4AE3,0x4B03,0x5303,0x4AE3,0x42E3,0x4AE4,0x4AC4,0x42A3,0x42C3,0x42C3,0x3A83,0x4283,0x42A3,0x42A4,
    0x4AE4,0x42C4,0x4283,0x42C3,0x5305,0x42C3,0x4B04,0x4AE4,0x4AE4,0x42A3,0x4283,0x3221,0x4283,0x42A3,0x42A4,0x4AC4,
    0x4AC3,0x5303,0x4B03,0x4AE3,0x4AE3,0x42A2,0x4262,0x3A82,0x42C3,0x5304,0x4B04,0x4AC3,0x4AC3,0x42E4,0x4AE4,0x3A42,
    0x21C0,0x3201,0x3A63,0x4283,0x4284,0x42A4,0x3243,0x29E1,0x42A4,0x42A3,0x4AA3,0x42A3,0x4AE5,0x42A4,0x3A63,0x4264,
    0x2A03,0x3203,0x4284,0x3203,0x2181,0x29C2,0x29A1,0x2982,0x3222,0x4263,0x31E2,0x29A1,0x31E3,0x3201,0x3242,0x3A63,
    0x3242,0x3222,0x3A43,0x3222,0x3202,0x42A4,0x3A43,0x3202,0x3203,0x3203,0x3A23,0x29C1,0x3A03,0x3A63,0x29A1,0x3A23,
    0x31E2,0x31C2,0x3A03,0x3A03,0x3A44,0x4244,0x3A24,0x4A84,0x4A84,0x4245,0x4A85,0x4AA5,0x52C5,0x3A63,0x3A64,0x4283,
    0x4284,0x3A43,0x4263,0x42C4,0x4AC4,0x42A5,0x4284,0x4AA5,0x4AC4,0x5346,0x4AC4,0x42A4,0x42A4,0x42A4,0x4AA5,0x4284,
    0x42A4,0x3A84,0x4263,0x3A23,0x3A44,0x4244,0x3A24,0x4A84,0x4A64,0x4245,0x4A85,0x4AA5,0x4AC5,0x3A63,0x3A64,0x3A63,
    0x4284,0x3A43,0x4263,0x4AC4,0x4AC4,0x42A5,0x4284,0x42A5,0x42C4,0x5B46,0x42C4,0x42C4,0x42A4,0x42A4,0x42A5,0x42A4,
    0x2984,0x29A4,0x29A5,0x31A4,0x2984,0x2984,0x29A4,0x29C4,0x29E4,0x29C3,0x29A3,0x21A3,0x29C3,0x31E4,0x29A3,0x2982,
    0x2983,0x29C4,0x2984,0x29A4,0x31A4,0x2984,0x2983,0x31C4,0x2984,0x2984,0x3184,0x2985,0x2964,0x3184,0x3164,0x2945,
    0x2984,0x2163,0x2143,0x2984,0x31C4,0x2984,0x29A4,0x31C5,0x29A3,0x2984,0x29A3,0x29A3,0x29A3,0x2183,0x31A3,0x31E4,
    0x29A3,0x29A3,0x2983,0x2983,0x31C4,0x29A4,0x29C3,0x31C3,0x29A3,0x29A3,0x29C3,0x2182,0x2983,0x2162,0x2983,0x2983,
    0x2163,0x29A3,0x3A24,0x3205,0x31E5,0x31C5,0x31C5,0x3204,0x31C3,0x29A3,0x31E4,0x31A4,0x31C5,0x3984,0x3184,0x3183,
    0x39A5,0x39A5,0x39A5,0x31A5,0x29A4,0x31A3,0x31C4,0x31C3,0x31C4,0x31C3,0x31E3,0x31E3,0x31E3,0x2181,0x29A2,0x31C3,
    0x31E2,0x31C3,0x31C2,0x3A23,0x3203,0x3A02,0x3A23,0x3A23,0x3202,0x3A23,0x3203,0x29A1,0x29A1,0x31E3,0x3A03,0x29A2,
    0x31E2,0x29C2,0x3A24,0x3A03,0x3A24,0x3A44,0x3A03,0x31C3,0x3203,0x3203,0x3A43,0x3202,0x3223,0x3A43,0x3223,0x3202,
    0x29A2,0x21A1,0x2161,0x1920,0x2181,0x29E3,0x2181,0x21A1,0x29E2,0x3223,0x2A01,0x3202,0x3A42,0x3223,0x3222,0x29C1,
    0x21A1,0x29E1,0x29E1,0x21A1,0x21A1,0x21A1,0x1960,0x2181,0x21A1,0x21A1,0x21A0,0x21A1,0x29C1,0x21A1,0x29C1,0x29C1,
    0x21A1,0x29C1,0x29E1,0x21A1,0x29C1,0x29E2,0x29C2,0x2181,0x2181,0x1960,0x29A2,0x29A2,0x2180,0x1961,0x1960,0x29A1,
    0x3223,0x29E2,0x29C1,0x3222,0x3A62,0x3222,0x3222,0x3A63,0x3222,0x29E0,0x29E1,0x4242,0x21A1,0x3A21,0x4283,0x4262,
    0x3A42,0x42A3,0x4AC3,0x4AA2,0x4262,0x3222,0x29E2,0x29A2,0x2181,0x21A1,0x29E2,0x3A43,0x3222,0x3201,0x42A3,0x3202,
    0x3243,0x3202,0x3223,0x3A63,0x3202,0x29C1,0x2181,0x2181,0x3A43,0x3201,0x31E2,0x21A0,0x31E2,0x2982,0x1941,0x2162,
    0x1961,0x3202,0x29E2,0x29C2,0x2A02,0x29E2,0x2A02,0x29E2,0x4AE4,0x3A82,0x3241,0x3223,0x3A43,0x3A83,0x42A4,0x42A4,
    0x4264,0x3A43,0x4284,0x3A83,0x3A83,0x3A83,0x3A83,0x42A4,0x42C4,0x4284,0x4283,0x3A83,0x42A4,0x5326,0x42A4,0x4AA4,
    0x4AE4,0x42A3,0x42C4,0x4AC5,0x42A4,0x42C4,0x4AC5,0x42A3,0x3A84,0x4285,0x42C4,0x42A3,0x3A64,0x3A84,0x42A4,0x3A83,
    0x3A84,0x3A83,0x42A5,0x3A83,0x3A83,0x3A83,0x3A83,0x3A83,0x42A3,0x4B04,0x3AC4,0x42E4,0x3263,0x3A84,0x3264,0x3A64,
    0x3A65,0x3A44,0x3A64,0x42A4,0x42A4,0x42C4,0x4AC4,0x42A4,0x3A84,0x4285,0x42C4,0x42A3,0x3A63,0x3A84,0x42A4,0x3A84,
    0x3A83,0x3A84,0x42A4,0x3A83,0x3A83,0x3A83,0x3A83,0x3A63,0x42C3,0x4AE4,0x42C4,0x42E4,0x3243,0x3A84,0x3A64,0x3A64,
    0x2144,0x2964,0x2964,0x2964,0x1923,0x2123,0x2143,0x2163,0x2964,0x2163,0x1922,0x2122,0x2984,0x2163,0x2142,0x2143,
    0x2963,0x2123,0x2964,0x2964,0x2964,0x2943,0x2143,0x2943,0x2123,0x2964,0x2964,0x2965,0x3165,0x2965,0x2945,0x2104,
    0x3145,0x2924,0x2944,0x3185,0x31A6,0x2964,0x2923,0x2964,0x2123,0x2943,0x2943,0x2143,0x2943,0x2123,0x3185,0x2985,
    0x2123,0x20E3,0x2125,0x1903,0x2944,0x2944,0x2944,0x2965,0x2924,0x2144,0x2924,0x18E3,0x2104,0x18E3,0x18E4,0x18C3,
    0x18C3,0x2924,0x3145,0x3164,0x3186,0x2945,0x3145,0x3145,0x2925,0x2904,0x2904,0x2925,0x3146,0x2904,0x2904,0x3966,
    0x3986,0x3125,0x28E4,0x2925,0x20C4,0x10A2,0x20E3,0x18C3,0x20E3,0x2944,0x2964,0x2143,0x2964,0x2964,0x31A5,0x2984,
    0x2944,0x2985,0x2944,0x2965,0x2103,0x2985,0x2984,0x2984,0x2183,0x2983,0x29A3,0x31C3,0x31E4,0x31E4,0x29A4,0x29A4,
    0x31C4,0x29A4,0x31E4,0x29E4,0x29E3,0x31E4,0x3225,0x3204,0x3204,0x3204,0x3203,0x3203,0x3223,0x3203,0x29E2,0x3224,
    0x3223,0x31E3,0x29E3,0x2A03,0x3A23,0x3223,0x29C2,0x3223,0x3223,0x3202,0x3A43,0x3242,0x3263,0x3A43,0x3A63,0x3222,
    0x3A42,0x3A43,0x3242,0x3A43,0x3223,0x3222,0x29E2,0x3222,0x3223,0x2A02,0x29C1,0x29E1,0x3222,0x29E2,0x2A01,0x29E2,
    0x2A02,0x3223,0x3223,0x29E2,0x2A01,0x3221,0x21C1,0x29E2,0x29E1,0x3A42,0x3263,0x3242,0x3222,0x4283,0x42A3,0x3A83,
    0x42A4,0x3A42,0x3222,0x3222,0x4283,0x42C2,0x42A3,0x42A2,0x3A62,0x42A2,0x4AE3,0x6BE7,0x42A2,0x3A82,0x4AC3,0x42A3,
    0x3A43,0x3A83,0x4AC3,0x4AE4,0x3A83,0x4283,0x3A63,0x3242,0x3A62,0x3242,0x3A62,0x3A83,0x42A3,0x3AA3,0x42C3,0x42A3,
    0x42A3,0x3A83,0x4282,0x3AA3,0x4284,0x3A63,0x3243,0x42A5,0x4AE4,0x3A83,0x4283,0x42A4,0x4284,0x4284,0x4285,0x4AC5,
    0x4B24,0x4AE4,0x42C3,0x4AC4,0x4AE4,0x4AC5,0x4AE4,0x4AE4,0x4AE4,0x42E3,0x42C3,0x42C3,0x42C4,0x5345,0x4AC4,0x4AC4,
    0x4AE4,0x42C3,0x42C4,0x42C3,0x42C3,0x42C3,0x42C3,0x3A83,0x3A83,0x42A3,0x42E4,0x4283,0x42A3,0x42A3,0x4282,0x42E4,
    0x4B03,0x3A83,0x3AA2,0x3A62,0x3A83,0x42C4,0x3A82,0x3A63,0x3A63,0x3A63,0x3A84,0x3A83,0x3A64,0x3A63,0x3244,0x3A84,
    0x3A64,0x3A64,0x3A64,0x3A63,0x3A44,0x3A43,0x3A64,0x3A64,0x3264,0x3243,0x3A84,0x3A84,0x3222,0x3A64,0x3244,0x3245,
    0x4264,0x3244,0x3A63,0x3A62,0x3A63,0x42E4,0x3A83,0x3A63,0x3A63,0x3A63,0x3A84,0x3A83,0x3A64,0x3A64,0x3A43,0x3A84,
    0x3A64,0x3A64,0x3A64,0x3A64,0x3A43,0x3244,0x3A64,0x3A64,0x3A64,0x3243,0x3A84,0x3A84,0x3242,0x3A64,0x3244,0x3244,
    0x2924,0x2124,0x2944,0x2124,0x2104,0x2124,0x2124,0x2124,0x2123,0x18E3,0x2124,0x2144,0x2964,0x2144,0x2964,0x2944,
    0x2945,0x2945,0x3145,0x2925,0x2124,0x2925,0x2924,0x2104,0x2924,0x2925,0x2905,0x2906,0x20E5,0x20E5,0x20E5,0x20C5,
    0x20C5,0x20A4,0x2084,0x20C5,0x20C4,0x18A3,0x20E4,0x20E4,0x20E4,0x20E4,0x18A3,0x20E4,0x20E4,0x20E4,0x20E4,0x20A4,
    0x20C4,0x18C4,0x20C5,0x20A3,0x20C4,0x20C4,0x28E5,0x1884,0x20A5,0x20C5,0x20C5,0x20A4,0x20C5,0x28C5,0x20C5,0x20C5,
    0x28C5,0x28E6,0x28E6,0x3126,0x3106,0x28E5,0x20C4,0x20A5,0x20C4,0x28C5,0x20A4,0x2084,0x2906,0x28E4,0x20C4,0x2905,
    0x3146,0x20A4,0x1042,0x20C4,0x18A4,0x1063,0x18C4,0x1883,0x18A3,0x2124,0x3184,0x2964,0x3184,0x31A4,0x3184,0x2964,
    0x2162,0x31A4,0x29A4,0x31C4,0x31E4,0x3A05,0x4246,0x4245,0x4245,0x4265,0x4264,0x3A44,0x4263,0x4284,0x4284,0x4AA4,
    0x4284,0x4284,0x4AA4,0x4283,0x42A3,0x42C4,0x4AE3,0x42C3,0x42C4,0x42C3,0x42C4,0x4AC4,0x4AE4,0x4AC4,0x42A3,0x42A4,
    0x4AC4,0x4AC4,0x42C4,0x4AA4,0x4AE4,0x4AE4,0x42C4,0x4AE4,0x42C3,0x42C4,0x42C4,0x4AE4,0x42A3,0x4283,0x42C4,0x42A4,
    0x42C4,0x4AE3,0x42C4,0x42A3,0x42C4,0x42A3,0x42C4,0x42C4,0x4AE4,0x4AC4,0x42C4,0x42C4,0x42A3,0x42C4,0x42A3,0x42C4,
    0x4AC4,0x42A3,0x42A3,0x4AE4,0x42C3,0x5BA5,0x4AE3,0x4AE4,0x42E3,0x5344,0x42C2,0x42A3,0x42A4,0x42A3,0x42C3,0x42C3,
    0x42C3,0x42C3,0x4B04,0x4AE4,0x42C3,0x42C2,0x42A3,0x42A3,0x4B03,0x5344,0x5345,0x3A82,0x4283,0x3A62,0x3A83,0x4283,
    0x3A83,0x42A3,0x3A83,0x3A83,0x42C4,0x42A3,0x3A82,0x42C3,0x42A3,0x42C4,0x42A3,0x3AA3,0x4AE4,0x42C3,0x42A4,0x3A84,
    0x3A63,0x3A83,0x42A3,0x42A4,0x3A83,0x3A84,0x42A3,0x4284,0x3A63,0x3A83,0x3A83,0x42A3,0x3A62,0x3A63,0x3A83,0x42A4,
    0x4B03,0x3A82,0x42C3,0x3A83,0x3A83,0x42A4,0x3A63,0x3A83,0x3A63,0x3A63,0x3A83,0x3A83,0x4284,0x42C4,0x3A85,0x42A4,
    0x3A83,0x4284,0x3A63,0x3A63,0x3A83,0x4284,0x3A62,0x3A63,0x3242,0x3A83,0x4283,0x3A83,0x3A83,0x3A83,0x3A83,0x4283,
    0x3A43,0x3A84,0x42A3,0x3A62,0x3A24,0x4AC3,0x3A82,0x3223,0x3A43,0x3222,0x3A64,0x3A24,0x3A65,0x4264,0x3A64,0x3A64,
    0x3A64,0x3202,0x3223,0x3A44,0x2A03,0x29E3,0x3203,0x3224,0x3A24,0x3A64,0x3202,0x3223,0x3A63,0x3203,0x29C2,0x29C3,
    0x2A02,0x3223,0x3A42,0x4284,0x3223,0x4AC3,0x3A81,0x3223,0x3A43,0x3222,0x3A64,0x3A24,0x3A65,0x4284,0x3A44,0x3A84,
    0x3A44,0x3202,0x3243,0x3A44,0x2A03,0x31E3,0x3203,0x3224,0x3224,0x3A64,0x3203,0x3222,0x3A43,0x3203,0x29C3,0x29C3,
    0x18E3,0x18C3,0x2104,0x20E3,0x18E3,0x20C3,0x18E3,0x18E3,0x18E3,0x18E3,0x18C2,0x18E3,0x18E3,0x2103,0x2124,0x2104,
    0x20E4,0x2905,0x2945,0x28E6,0x20E5,0x20E5,0x28E6,0x2926,0x2906,0x20C5,0x20E5,0x20C5,0x20A4,0x1864,0x20A4,0x20A4,
    0x20A4,0x2084,0x20A4,0x1884,0x1884,0x20A5,0x18A4,0x20C4,0x20C5,0x1884,0x1043,0x18A4,0x20C5,0x20A5,0x1044,0x1064,
    0x20C5,0x20C5,0x20A4,0x18A5,0x1885,0x20C6,0x20C5,0x1043,0x20A4,0x1883,0x1864,0x1883,0x2905,0x2905,0x20E5,0x28E5,
    0x18C4,0x2105,0x2926,0x2125,0x2925,0x2105,0x2103,0x2124,0x2944,0x2964,0x2964,0x2124,0x31A4,0x3184,0x3183,0x31C4,
    0x39E5,0x39E4,0x39E5,0x31C4,0x31E4,0x29A3,0x39E4,0x3A24,0x3A24,0x3A24,0x3A43,0x3A44,0x4264,0x3A43,0x3A23,0x4264,
    0x3AA3,0x42A3,0x42A3,0x4AC4,0x4AC4,0x4AE4,0x42A4,0x42A4,0x42A4,0x42A3,0x3A82,0x4282,0x42A3,0x4AC3,0x4AC3,0x42C3,
    0x4AA3,0x4282,0x42A3,0x3A82,0x42C2,0x3A82,0x3AA2,0x42A3,0x42A2,0x3A82,0x4282,0x3A83,0x4283,0x42C3,0x42A3,0x42A3,
    0x3A82,0x42A3,0x42A2,0x3AA3,0x4283,0x4283,0x42A3,0x42A3,0x3AA3,0x4283,0x3A83,0x42A3,0x3262,0x3A84,0x3A83,0x3A63,
    0x3A83,0x3A62,0x3A62,0x3A62,0x3A62,0x3A63,0x42A3,0x3242,0x3221,0x3241,0x3242,0x3A62,0x3A83,0x4283,0x3A62,0x3A82,
    0x42A3,0x3AA3,0x3A82,0x3A83,0x42A2,0x4B02,0x42A2,0x3A82,0x42C3,0x3A82,0x3A83,0x42A3,0x3A83,0x3A83,0x3A63,0x3A63,
    0x3A83,0x3A83,0x3A83,0x3A62,0x3A62,0x42A2,0x3A83,0x3A83,0x3A63,0x3A42,0x3A82,0x3A62,0x3242,0x3A43,0x4284,0x3A83,
    0x4284,0x3A83,0x3A63,0x3A63,0x3A83,0x3A63,0x3A63,0x3A43,0x3242,0x3A63,0x4284,0x3242,0x3A63,0x3A63,0x3242,0x3A43,
    0x3A64,0x3A64,0x3A83,0x4AC5,0x3A83,0x3A83,0x4284,0x42C4,0x3A63,0x3A83,0x3A83,0x3A63,0x3A83,0x42A4,0x3A83,0x42A4,
    0x3A82,0x42C3,0x42A3,0x42C4,0x4284,0x3A84,0x42A4,0x3243,0x3243,0x3A63,0x3A63,0x3A64,0x3242,0x3223,0x3A44,0x3A64,
    0x3A84,0x3A63,0x3223,0x3223,0x3243,0x3243,0x3A42,0x3242,0x3221,0x3A83,0x3243,0x3222,0x3A64,0x3A43,0x3A43,0x42A5,
    0x3A84,0x3A62,0x63A5,0x5345,0x3201,0x63E4,0x5343,0x3203,0x3224,0x3202,0x3223,0x3A43,0x3225,0x3224,0x3A64,0x4284,
    0x2A02,0x3A63,0x4AE5,0x3244,0x3204,0x31E3,0x3224,0x3224,0x3203,0x3224,0x3223,0x3223,0x3A43,0x3223,0x3203,0x21C2,
    0x3203,0x3223,0x4AC4,0x4B04,0x3222,0x63E4,0x5343,0x31E3,0x3244,0x31E2,0x3243,0x3A43,0x3225,0x3224,0x3A64,0x4284,
    0x2A02,0x3A64,0x4AE5,0x3224,0x3204,0x29E3,0x3224,0x3A24,0x3203,0x3224,0x3223,0x3223,0x3263,0x3223,0x3223,0x21A2,
    0x18C3,0x18A3,0x18C3,0x18C4,0x18E4,0x18A3,0x10A2,0x20E3,0x10A2,0x18C3,0x18A3,0x18C3,0x18C3,0x2105,0x20E4,0x18C4,
    0x20C4,0x20C4,0x20E5,0x28E5,0x20C5,0x20A5,0x28E5,0x2906,0x28E6,0x28E6,0x20C5,0x28C5,0x20C5,0x20A4,0x20C5,0x20C4,
    0x28E5,0x28C4,0x28E5,0x20A4,0x20A5,0x20E5,0x1884,0x20C5,0x20E5,0x20E5,0x20C5,0x20E4,0x20C5,0x20C6,0x20C5,0x20E6,
    0x2906,0x2906,0x20C5,0x18E4,0x18A2,0x18E3,0x2103,0x2124,0x2964,0x2144,0x3184,0x2984,0x3184,0x31A4,0x31A4,0x2984,
    0x31C3,0x29E4,0x31E3,0x31E3,0x3203,0x3203,0x3A44,0x3A22,0x3223,0x3A23,0x3A43,0x3A43,0x3A43,0x3A63,0x4263,0x3A63,
    0x3A42,0x4263,0x3A83,0x3A42,0x3242,0x3A63,0x3A82,0x4283,0x3A82,0x3A83,0x3A82,0x4283,0x3AA3,0x3A62,0x3A83,0x3A83,
    0x3A83,0x3A83,0x3A62,0x3A83,0x3282,0x3A83,0x3A83,0x3A43,0x3A63,0x4283,0x4263,0x3A83,0x4283,0x3A62,0x3A83,0x3A62,
    0x4283,0x3A83,0x4283,0x42A3,0x3A84,0x3A42,0x3A63,0x3A83,0x4284,0x3A63,0x3A83,0x3A83,0x3A63,0x3A83,0x3A63,0x3A83,
    0x3A62,0x4283,0x3AA3,0x4262,0x3A63,0x3262,0x3A63,0x3A82,0x3A62,0x3A82,0x3A82,0x3A62,0x42A3,0x3A83,0x3A42,0x3A62,
    0x3A62,0x3241,0x42A3,0x3A82,0x3A83,0x42C3,0x42A3,0x3A82,0x42A3,0x3A83,0x4282,0x4B04,0x42A3,0x3A82,0x3A83,0x3A82,
    0x42A3,0x3A83,0x3A83,0x4283,0x3AA2,0x3A62,0x3A81,0x42C2,0x42E3,0x3A82,0x3A42,0x3A43,0x3243,0x3A63,0x3A63,0x3A42,
    0x3A63,0x3A63,0x3A63,0x3A82,0x4AE3,0x3A41,0x3A83,0x3A62,0x3201,0x3A63,0x3A84,0x3A43,0x3A63,0x3263,0x3242,0x3202,
    0x3242,0x3A64,0x3A63,0x42A4,0x3A63,0x3A63,0x3A84,0x42A4,0x3A83,0x3A63,0x42A3,0x3A63,0x42A3,0x3A83,0x3A42,0x42A4,
    0x42A3,0x42C4,0x42A3,0x42A4,0x42A4,0x42A4,0x42C4,0x4AE5,0x42A4,0x42A3,0x42A3,0x42C4,0x42C4,0x4284,0x3A83,0x3A44,
    0x42A3,0x42A4,0x42A3,0x3A63,0x3A63,0x3A84,0x3A43,0x3A64,0x3A44,0x2A02,0x3203,0x3223,0x3202,0x3202,0x29E2,0x2181,
    0x42A4,0x3A63,0x21A2,0x29E3,0x29C2,0x3223,0x42A4,0x3A63,0x3A83,0x42A4,0x3A43,0x3A44,0x3223,0x3223,0x3243,0x3A64,
    0x4284,0x3A83,0x42A3,0x42C3,0x3242,0x42A1,0x3242,0x31E3,0x3224,0x3A43,0x5325,0x29E1,0x29C2,0x29C3,0x3203,0x3244,
    0x3202,0x3243,0x42C4,0x3A23,0x2A03,0x3A44,0x3A44,0x3A44,0x3224,0x3A44,0x3A64,0x3A43,0x3243,0x3223,0x3A64,0x4285,
    0x42A4,0x3A44,0x3A63,0x42A3,0x3242,0x42A1,0x3242,0x3203,0x3224,0x3A43,0x5324,0x29E1,0x29C2,0x29C3,0x3203,0x3244,
    0x3202,0x3242,0x42C4,0x3A43,0x2A03,0x3A43,0x3A44,0x3244,0x3224,0x3A43,0x3A64,0x3A43,0x3243,0x3223,0x3A64,0x4284,
    0x18A4,0x18C4,0x18C3,0x10A3,0x18A3,0x1083,0x1083,0x20E4,0x10A3,0x18A3,0x18C3,0x18E4,0x2105,0x2105,0x20E5,0x20C5,
    0x20E5,0x20C4,0x2905,0x28E6,0x28E5,0x2906,0x2906,0x2906,0x2905,0x28E6,0x20C5,0x2106,0x2906,0x2105,0x2925,0x2905,
    0x2904,0x2925,0x2925,0x20E4,0x20E5,0x2105,0x2105,0x2124,0x2104,0x2124,0x2104,0x2924,0x2944,0x2984,0x2964,0x2963,
    0x3183,0x31C4,0x31C4,0x29C3,0x29E2,0x29E3,0x2A03,0x3203,0x3243,0x3222,0x3222,0x3242,0x3243,0x3222,0x3243,0x3242,
    0x3A63,0x3A63,0x3A42,0x3263,0x3A42,0x3242,0x3A62,0x3262,0x3A62,0x3A62,0x3A62,0x3A83,0x3A62,0x3A62,0x3A82,0x3A62,
    0x3A82,0x3A62,0x3A62,0x3A43,0x3A43,0x3A43,0x3A63,0x3A63,0x3A83,0x3A63,0x3A62,0x3A62,0x3A63,0x3A62,0x3A62,0x3A62,
    0x3A83,0x3A83,0x3A83,0x3A83,0x3A83,0x3A83,0x3A63,0x4282,0x3A63,0x3A63,0x3A83,0x42A3,0x3A82,0x42A2,0x3A62,0x3A62,
    0x3A82,0x3A62,0x3A82,0x3A62,0x3A83,0x3A83,0x3A83,0x3A83,0x42A3,0x3A82,0x3A62,0x4AE4,0x4283,0x3A62,0x4282,0x4283,
    0x3A82,0x3A82,0x3A82,0x4282,0x42A2,0x3A82,0x4282,0x3A83,0x3A83,0x42A3,0x4283,0x3A83,0x3A83,0x4283,0x3A82,0x3A62,
    0x3AA3,0x42C3,0x4B04,0x3AA3,0x4283,0x42A3,0x3A83,0x3A83,0x3A63,0x3A62,0x3262,0x42A4,0x3A83,0x3A42,0x3A62,0x3A63,
    0x3A83,0x3A63,0x3243,0x3A63,0x3A84,0x3A62,0x42E4,0x42E3,0x3A62,0x3A83,0x3A43,0x3A84,0x3A63,0x3A43,0x3A83,0x3A84,
    0x3A63,0x3A84,0x3A63,0x42C2,0x5B65,0x3A62,0x4AE3,0x5324,0x3A62,0x3A83,0x3A84,0x3A83,0x3A84,0x3A83,0x3A83,0x3A84,
    0x3A83,0x3A83,0x3A84,0x4284,0x3A83,0x4284,0x42A3,0x3A83,0x42A3,0x42A3,0x3A83,0x3A82,0x4283,0x3A64,0x3A63,0x3A63,
    0x3A83,0x42C4,0x3A64,0x3A83,0x3A63,0x3A83,0x4283,0x3A84,0x3A63,0x3A63,0x3A63,0x3A63,0x3A63,0x3243,0x3223,0x3223,
    0x3243,0x3A63,0x3223,0x3222,0x3A63,0x4284,0x3223,0x3244,0x3A43,0x2A02,0x3A43,0x3223,0x3223,0x3A63,0x3224,0x3244,
    0x3A63,0x3243,0x3A43,0x3223,0x3203,0x3224,0x3223,0x3242,0x3A83,0x4284,0x3223,0x2A02,0x3202,0x3223,0x3223,0x2A02,
    0x29E1,0x3A44,0x3A23,0x42A3,0x3222,0x3203,0x3203,0x3224,0x3A44,0x3242,0x4AE2,0x5B85,0x3A62,0x3244,0x3A44,0x4285,
    0x3A63,0x3A43,0x3A83,0x3A83,0x3A43,0x3A83,0x42A5,0x3263,0x42A4,0x3A84,0x4284,0x3244,0x3A64,0x3A64,0x3222,0x3A63,
    0x3A43,0x3243,0x3A24,0x3A83,0x3222,0x3203,0x3203,0x3224,0x3A24,0x3242,0x4AE3,0x5B85,0x3A62,0x3224,0x3A64,0x4285,
    0x3A64,0x3A42,0x3A83,0x3A84,0x3A43,0x3A64,0x42A4,0x3A63,0x42A4,0x3A84,0x42A5,0x3A43,0x3A64,0x3A44,0x3242,0x3A43,
    0x18C4,0x18C4,0x18A4,0x18A4,0x18C4,0x20E5,0x20E4,0x20E5,0x20C4,0x18C4,0x20C4,0x2905,0x2105,0x2906,0x2906,0x2905,
    0x2905,0x28E5,0x3125,0x20E4,0x2105,0x2905,0x2925,0x2905,0x18C4,0x18C4,0x18E4,0x18C3,0x2124,0x2104,0x2123,0x2943,
    0x29A4,0x31A5,0x2163,0x29A4,0x31E4,0x3205,0x3A04,0x3222,0x3A23,0x3A23,0x3202,0x3A44,0x3A43,0x3A63,0x3A42,0x3A63,
    0x3A63,0x3A43,0x3A63,0x3A42,0x3262,0x3242,0x3A62,0x3262,0x3A62,0x3263,0x3262,0x3242,0x3262,0x3262,0x3242,0x3243,
    0x3A63,0x3A43,0x3242,0x3A62,0x3A63,0x3A62,0x3A63,0x3A63,0x3A63,0x3A64,0x3A63,0x3A63,0x3A84,0x3A83,0x3A83,0x3A83,
    0x4283,0x3243,0x3A62,0x3A83,0x42A4,0x3A83,0x3AA3,0x3A82,0x3A82,0x4282,0x4263,0x3A63,0x4283,0x3A63,0x3A63,0x4283,
    0x3AA3,0x3A82,0x3A82,0x3A82,0x3A82,0x3A61,0x3A82,0x3262,0x3241,0x3A82,0x3A82,0x3A62,0x3A62,0x3A83,0x3A82,0x3A83,
    0x3A82,0x3A82,0x3A62,0x3A63,0x3A83,0x3A63,0x3A63,0x3A83,0x3A42,0x3A63,0x3A63,0x4283,0x3A62,0x3A62,0x3A62,0x3A83,
    0x3A63,0x3A63,0x3A62,0x5345,0x42C1,0x4B03,0x3A82,0x3243,0x3A63,0x3A63,0x3A63,0x3A84,0x3242,0x3243,0x3A43,0x3A63,
    0x42A3,0x42A3,0x3242,0x3A63,0x3222,0x3222,0x3243,0x3A63,0x3222,0x3222,0x3243,0x3A63,0x3A43,0x3243,0x3A83,0x3A83,
    0x3A42,0x3A62,0x3A63,0x3A64,0x42A4,0x3A83,0x42C3,0x4283,0x4284,0x42A4,0x3A84,0x3A83,0x3A62,0x3A83,0x3A83,0x4284,
    0x3A83,0x42A4,0x42C4,0x42A3,0x42A4,0x42A4,0x42C3,0x42C3,0x42A3,0x3A83,0x3A84,0x3A83,0x3AA4,0x42C4,0x3AC3,0x42C4,
    0x4AE4,0x3A83,0x42A3,0x42A3,0x3A83,0x3A83,0x42A3,0x3A83,0x42A4,0x3A83,0x3A63,0x3A63,0x3A63,0x3A84,0x42A3,0x3A63,
    0x3242,0x3A63,0x3222,0x3A63,0x3A63,0x3A63,0x3A63,0x3A83,0x3A63,0x3242,0x42A4,0x42A4,0x3A63,0x3A43,0x3223,0x3243,
    0x3A64,0x3A64,0x3A63,0x3A64,0x3A64,0x3A63,0x3243,0x3A43,0x3A43,0x3A64,0x3A64,0x3203,0x3A63,0x3A84,0x3A43,0x3A84,
    0x3222,0x42A3,0x3203,0x3223,0x3203,0x3203,0x29E2,0x3203,0x3203,0x3A63,0x3A44,0x3243,0x3223,0x3A64,0x3243,0x3202,
    0x3222,0x3A63,0x3A63,0x42A4,0x4284,0x4285,0x3224,0x3A44,0x3A64,0x4283,0x3261,0x4AC4,0x4284,0x3244,0x3A64,0x3A84,
    0x4284,0x3AA4,0x4284,0x3A44,0x3A64,0x3223,0x3A63,0x3A64,0x3A63,0x3A43,0x3A63,0x3223,0x3A23,0x3223,0x3222,0x3241,
    0x3201,0x3223,0x3A24,0x3A63,0x4284,0x3A65,0x3A24,0x3A44,0x3A64,0x4283,0x3261,0x4AC4,0x4284,0x3244,0x3A64,0x3A64,
    0x4284,0x3AA5,0x4284,0x3A43,0x3A63,0x3223,0x3A64,0x3A63,0x3A64,0x3243,0x3A43,0x3223,0x3224,0x3222,0x3222,0x3242,
    0x20E5,0x20E5,0x2105,0x18E5,0x20C5,0x2146,0x2125,0x2924,0x2125,0x2105,0x2104,0x2925,0x2104,0x2925,0x2125,0x2104,
    0x2925,0x2924,0x2944,0x2123,0x2142,0x2142,0x2963,0x29A3,0x31A4,0x31A3,0x31E4,0x31E4,0x3A03,0x3A23,0x3A23,0x3A43,
    0x4264,0x4263,0x4263,0x3A83,0x3A83,0x3A83,0x2A01,0x3A43,0x3A83,0x3A83,0x3A63,0x3A83,0x3A82,0x3A62,0x3A42,0x3A63,
    0x3A63,0x3A63,0x3A44,0x3A82,0x3201,0x3221,0x3242,0x3A43,0x3243,0x3A42,0x3A63,0x3A63,0x3A63,0x3A63,0x4263,0x3A63,
    0x3A63,0x3242,0x3A42,0x3A62,0x3A82,0x3A62,0x3262,0x3A64,0x3A63,0x3A63,0x3A63,0x3A63,0x4284,0x42A3,0x4283,0x42A3,
    0x3A82,0x3A62,0x3A83,0x3A82,0x3A82,0x42C3,0x3A82,0x3A62,0x3A62,0x3A63,0x3A63,0x3A62,0x4263,0x3A82,0x3A42,0x3A42,
    0x3A83,0x3A62,0x3A62,0x3A62,0x3A83,0x42A3,0x3A62,0x3A83,0x3A82,0x3A83,0x42A3,0x3A83,0x3A83,0x42C4,0x3A63,0x42C4,
    0x42A4,0x3A63,0x3263,0x3A62,0x3A83,0x3A63,0x3A63,0x3242,0x42A4,0x42A4,0x3A43,0x3A63,0x3A64,0x3A43,0x3243,0x3A43,
    0x3223,0x3A43,0x3A63,0x3A43,0x3A62,0x4B04,0x4263,0x3223,0x3243,0x3A64,0x3222,0x4284,0x3A64,0x3A24,0x3223,0x3203,
    0x2A03,0x3223,0x3A43,0x3223,0x3263,0x3A43,0x3242,0x3A63,0x3243,0x3222,0x3223,0x3A43,0x3A83,0x3A64,0x3A64,0x42A4,
    0x3A82,0x3A82,0x3A83,0x42A3,0x42A3,0x4283,0x3A62,0x3A83,0x3A63,0x42C4,0x42C4,0x3A82,0x42A3,0x3A63,0x3A83,0x3A83,
    0x4283,0x42A3,0x42C4,0x4AC4,0x42C5,0x4284,0x4AC5,0x42A3,0x4283,0x3A83,0x3A83,0x3AA4,0x3AA3,0x42A4,0x42E4,0x42A3,
    0x42A3,0x3A63,0x3A83,0x3A83,0x3A63,0x3A62,0x3A63,0x3243,0x3A43,0x3A43,0x3A63,0x3243,0x2A02,0x3A62,0x3A62,0x42E3,
    0x63A6,0x3A62,0x3A62,0x3243,0x3A63,0x3A63,0x3242,0x3242,0x3A42,0x3A63,0x3A63,0x3A63,0x3223,0x2A02,0x29E2,0x3202,
    0x3A44,0x3A43,0x3223,0x3A44,0x3243,0x3A44,0x3223,0x3243,0x3223,0x3243,0x3A43,0x3222,0x2A02,0x3A62,0x3A43,0x3243,
    0x3222,0x42A3,0x2A22,0x3A43,0x3244,0x3A64,0x3223,0x3203,0x3244,0x3223,0x3A43,0x42A4,0x4284,0x3A84,0x3A64,0x3A63,
    0x3A44,0x3A43,0x3242,0x4264,0x3A65,0x3A64,0x3A64,0x3A64,0x3A43,0x3A64,0x3202,0x3223,0x3223,0x3223,0x3A43,0x3A44,
    0x3223,0x3223,0x3224,0x3202,0x3223,0x3203,0x29C2,0x2A02,0x3A44,0x29E2,0x3243,0x3A44,0x3244,0x2A02,0x3201,0x5346,
    0x42A4,0x3202,0x3A64,0x3A43,0x3A65,0x3A64,0x3A64,0x3A64,0x3A43,0x3A84,0x31E2,0x3223,0x3223,0x3242,0x3A23,0x3A64,
    0x3223,0x3223,0x3223,0x3203,0x3224,0x3203,0x29C2,0x2A03,0x3A43,0x2A02,0x3A43,0x3244,0x3A43,0x2A02,0x3222,0x5345,
    0x2105,0x2946,0x2125,0x20E3,0x2124,0x2103,0x1901,0x1942,0x1922,0x1922,0x2163,0x1962,0x29A3,0x29E3,0x3203,0x3203,
    0x3224,0x3203,0x31E3,0x3202,0x3243,0x3A63,0x3A63,0x3A62,0x3262,0x3A63,0x3A62,0x3A83,0x3A83,0x3A83,0x3A62,0x3222,
    0x3221,0x3242,0x3242,0x3222,0x3242,0x3221,0x1960,0x3202,0x3223,0x3A43,0x3262,0x3A42,0x3A83,0x3A82,0x3263,0x3262,
    0x3262,0x3262,0x3264,0x3A82,0x3241,0x3A63,0x3A63,0x3A63,0x3A83,0x3A62,0x3A83,0x3A62,0x4283,0x3A82,0x3A62,0x3A83,
    0x3A63,0x3A83,0x3A82,0x3A82,0x3A62,0x3A82,0x3A62,0x3A62,0x3A62,0x3242,0x3A63,0x3A63,0x3A62,0x3A62,0x3A82,0x3A82,
    0x3A82,0x42A2,0x3A62,0x3A62,0x42A3,0x3A62,0x3242,0x3223,0x3223,0x3A43,0x3A62,0x3A62,0x3A62,0x42E3,0x3A63,0x4283,
    0x3A83,0x3A83,0x42A4,0x3A83,0x4283,0x42E5,0x3A83,0x3A63,0x4AC3,0x42E2,0x42C3,0x3A63,0x3A84,0x3A63,0x3A64,0x3AA4,
    0x3A43,0x3263,0x3A83,0x4283,0x3A83,0x3A83,0x42A4,0x2A01,0x42A3,0x42C4,0x3243,0x3A63,0x3A64,0x3A63,0x4284,0x3A84,
    0x3A63,0x3A63,0x3A41,0x2A02,0x3A23,0x3A63,0x3A63,0x2A01,0x3222,0x3A43,0x3242,0x3223,0x3201,0x3263,0x3243,0x3202,
    0x3222,0x3A63,0x3A64,0x3AA3,0x4282,0x3242,0x3A63,0x3A83,0x42A3,0x3A62,0x3A83,0x42A3,0x3A83,0x42C4,0x42A3,0x42A4,
    0x3A83,0x3A82,0x42A3,0x42A3,0x42E3,0x42C3,0x42A4,0x42C4,0x3A61,0x4B24,0x5304,0x3A63,0x42A4,0x3A83,0x42A3,0x3A83,
    0x3A82,0x3A83,0x42A3,0x42A4,0x3AA3,0x3A84,0x3A84,0x3A83,0x42A3,0x3A63,0x3242,0x3A63,0x42A3,0x42A3,0x42A3,0x3263,
    0x3A63,0x3242,0x3A63,0x4283,0x3A83,0x3A43,0x3223,0x3243,0x3A63,0x3A83,0x3A64,0x3242,0x3A42,0x3243,0x3A62,0x4B04,
    0x4B03,0x3242,0x3223,0x3222,0x3262,0x3A42,0x3A62,0x3222,0x3242,0x3222,0x3222,0x3242,0x3A64,0x3243,0x3202,0x3243,
    0x3A63,0x3263,0x3223,0x3A64,0x3A64,0x3A44,0x2A02,0x3A64,0x3A43,0x42A4,0x3A82,0x3A63,0x3A63,0x3A63,0x3A84,0x3A63,
    0x3A43,0x3A64,0x3A64,0x4284,0x3A83,0x3A63,0x3A84,0x3A64,0x3A43,0x3243,0x3A64,0x3243,0x3243,0x3A42,0x3A63,0x3A63,
    0x3243,0x3223,0x3223,0x3A64,0x3223,0x3223,0x42A5,0x3A43,0x3A44,0x3223,0x29E3,0x3203,0x3243,0x3A43,0x29E2,0x3222,
    0x29E2,0x3223,0x3223,0x3243,0x3224,0x3203,0x3224,0x3202,0x42A4,0x3A62,0x3A64,0x3223,0x3A43,0x3243,0x3242,0x4AE4,
    0x42C4,0x3222,0x3A43,0x3243,0x3223,0x3223,0x42A5,0x3A63,0x3224,0x3223,0x29E3,0x3223,0x3243,0x3A44,0x29E2,0x3222,
    0x29E2,0x3223,0x3223,0x3243,0x3223,0x3203,0x3223,0x3202,0x42A4,0x3A63,0x3A63,0x3223,0x3A24,0x3243,0x3242,0x4AE4,
    0x3204,0x39E4,0x29C3,0x3204,0x3A03,0x3A43,0x3223,0x3222,0x3223,0x3224,0x3223,0x3A44,0x3A63,0x3A62,0x3A63,0x3A63,
    0x4283,0x3A62,0x3242,0x3A62,0x3A42,0x3242,0x3A62,0x3A62,0x3262,0x3A42,0x3242,0x3222,0x3A63,0x3242,0x3222,0x3222,
    0x3222,0x3A63,0x3243,0x3222,0x3A43,0x3243,0x3222,0x3222,0x3242,0x3242,0x3A62,0x3A63,0x3A63,0x3262,0x3242,0x3263,
    0x3261,0x4B24,0x3AA2,0x3A62,0x3A63,0x3A84,0x3A63,0x3A62,0x3221,0x3262,0x3A63,0x3A42,0x3222,0x3263,0x4283,0x3A63,
    0x3243,0x3223,0x3242,0x3222,0x3A82,0x3202,0x3262,0x3A62,0x42C3,0x42C3,0x3242,0x3A62,0x3A63,0x3A83,0x42C3,0x42C2,
    0x42C3,0x42A3,0x3A82,0x4B04,0x3AA2,0x3A83,0x3A63,0x3A83,0x3A63,0x3A64,0x3A84,0x3A64,0x3242,0x4284,0x3A63,0x3A64,
    0x42A4,0x3A63,0x3A62,0x3A63,0x3262,0x3A42,0x3A63,0x3A43,0x4B04,0x42A2,0x42E4,0x3A62,0x3243,0x3A63,0x42A4,0x42A4,
    0x3222,0x4284,0x3A84,0x3A83,0x4284,0x3A64,0x3A44,0x3A44,0x3243,0x3A42,0x3243,0x3222,0x3202,0x3222,0x3243,0x3A43,
    0x3221,0x3A82,0x3A82,0x3A81,0x3200,0x42E3,0x4AE3,0x3222,0x42A3,0x3A63,0x3A83,0x3A63,0x3A83,0x4AC4,0x42A3,0x3AA3,
    0x42A3,0x42C3,0x3A83,0x42A3,0x42C4,0x42A3,0x4AC4,0x3AA3,0x4AC4,0x42C4,0x42A3,0x42C4,0x42A3,0x42A4,0x3A63,0x3A63,
    0x3A83,0x42A3,0x42A3,0x3262,0x3A83,0x3A83,0x4283,0x3A63,0x3A62,0x3A62,0x3AA3,0x3A83,0x3A63,0x3A63,0x3A43,0x3A63,
    0x42A4,0x3A83,0x3A63,0x3A83,0x4283,0x3A84,0x3222,0x3A43,0x42A4,0x3A83,0x3A63,0x3A83,0x3A83,0x3A83,0x3A83,0x3A63,
    0x3A83,0x3A43,0x3243,0x3A63,0x3A63,0x3222,0x3243,0x3243,0x3A83,0x3A42,0x3243,0x3A42,0x42C4,0x3243,0x3242,0x42A3,
    0x3AA2,0x3A62,0x3A63,0x3243,0x3A83,0x3A63,0x3A63,0x3A62,0x3A63,0x3242,0x3242,0x3A62,0x3A84,0x42A4,0x3A43,0x4284,
    0x42A4,0x3A83,0x3A63,0x3A83,0x3A83,0x3A63,0x3A62,0x3A83,0x3A64,0x42C4,0x42A3,0x4B04,0x4AE4,0x3A85,0x3A64,0x3A84,
    0x3A84,0x4283,0x3AA3,0x4283,0x42A4,0x3243,0x4AE5,0x3A43,0x3203,0x3A43,0x3223,0x3A43,0x3223,0x3243,0x3A63,0x3A63,
    0x3222,0x3202,0x3222,0x3A63,0x3243,0x3A63,0x4AC5,0x3A83,0x3243,0x3A43,0x2A02,0x3A63,0x4AC5,0x3243,0x3A43,0x3244,
    0x3202,0x3A44,0x3A84,0x4285,0x3A64,0x3A44,0x3224,0x3A63,0x42A4,0x3A63,0x3A83,0x3243,0x3A44,0x3A64,0x3222,0x3202,
    0x3223,0x3223,0x3222,0x3A43,0x3223,0x3A63,0x4AC5,0x3A63,0x3A63,0x3A43,0x29E2,0x3A63,0x4AC4,0x3223,0x3243,0x3A44,
    0x2A02,0x3A43,0x3A84,0x4285,0x3A64,0x3A44,0x3224,0x3A64,0x42A4,0x3A63,0x3A83,0x3243,0x3A44,0x3A84,0x3202,0x3222,
    0x3222,0x3243,0x3A42,0x3A62,0x3A82,0x3241,0x3A62,0x3A42,0x3242,0x3201,0x3A63,0x3A62,0x3A63,0x3A63,0x29E2,0x3222,
    0x3222,0x3222,0x3223,0x3222,0x3222,0x3222,0x3243,0x3A42,0x3242,0x3242,0x3222,0x3243,0x3A42,0x3243,0x3242,0x3223,
    0x3243,0x3203,0x3202,0x3223,0x3223,0x3222,0x3222,0x3241,0x3222,0x3222,0x3A43,0x3223,0x2A02,0x2A02,0x3203,0x3222,
    0x3242,0x3A63,0x3262,0x3243,0x3A43,0x2A02,0x3202,0x3242,0x3A62,0x3A42,0x3243,0x3A63,0x3222,0x3243,0x3A63,0x3A43,
    0x3A43,0x3A62,0x3A82,0x3A62,0x5345,0x3241,0x3A62,0x3A83,0x4AC4,0x42A4,0x3242,0x3A63,0x3A63,0x3A64,0x42A4,0x3A63,
    0x3242,0x3243,0x3A43,0x42A4,0x3A82,0x3A62,0x3A42,0x3A63,0x3A63,0x3243,0x3A44,0x3A64,0x3243,0x3A64,0x3A44,0x3223,
    0x3242,0x42A4,0x42A3,0x4B05,0x3A63,0x3A63,0x3A83,0x3A83,0x3A83,0x3A82,0x42A3,0x3A83,0x3A63,0x4284,0x3A84,0x3A42,
    0x3A63,0x3A63,0x3A63,0x3A63,0x3A43,0x3243,0x3A63,0x3A63,0x3223,0x3A43,0x3222,0x3222,0x3243,0x2A01,0x3243,0x3222,
    0x3A42,0x3A62,0x42A3,0x4AC4,0x42A4,0x4282,0x42E4,0x42C4,0x4AC4,0x4AE4,0x42C4,0x42A3,0x42C3,0x42A3,0x3A82,0x42A2,
    0x42C4,0x42A2,0x42A3,0x3A83,0x4283,0x42C4,0x3A83,0x4283,0x42C3,0x42A4,0x3A82,0x3A83,0x3A83,0x3A42,0x2A02,0x3202,
    0x3222,0x3221,0x3A63,0x3A63,0x3222,0x3222,0x3221,0x3242,0x3222,0x3263,0x3A63,0x4283,0x3A63,0x3A63,0x3A83,0x3A63,
    0x3A84,0x3A43,0x3A83,0x3A83,0x3A63,0x3A63,0x3A63,0x3A83,0x4283,0x3A83,0x3A83,0x4283,0x3A63,0x3A62,0x3A63,0x3A62,
    0x3A63,0x3A62,0x3242,0x3242,0x3A42,0x3242,0x3222,0x3A43,0x3A83,0x3A83,0x3242,0x3242,0x3A62,0x3A63,0x3242,0x3A62,
    0x3A62,0x42A4,0x3A63,0x3A42,0x3A42,0x3242,0x3222,0x3263,0x3A63,0x3A83,0x3A82,0x4283,0x3A83,0x3A83,0x3A83,0x42A4,
    0x42C4,0x4283,0x3A83,0x4284,0x3A63,0x3A64,0x3A83,0x3A64,0x3A43,0x3A84,0x3A83,0x42A3,0x42A4,0x3A44,0x3222,0x3A43,
    0x3242,0x3A62,0x3242,0x3A83,0x3A83,0x3A43,0x3222,0x2A02,0x3A64,0x2A02,0x3223,0x3223,0x3A63,0x42A4,0x3A63,0x3A63,
    0x42A4,0x3A63,0x3A63,0x3243,0x4283,0x4284,0x3A63,0x3A83,0x4285,0x3223,0x3A44,0x3243,0x3A63,0x3243,0x3A43,0x2A02,
    0x3243,0x3A63,0x4284,0x3243,0x3223,0x3243,0x3223,0x3243,0x3243,0x3222,0x3222,0x3222,0x3222,0x3223,0x29C2,0x2A02,
    0x3203,0x31E2,0x3223,0x3222,0x3A63,0x42A4,0x3A63,0x3A83,0x3A84,0x3224,0x3A63,0x3A43,0x3A63,0x3243,0x3A43,0x2A02,
    0x3243,0x3A64,0x4284,0x3243,0x3223,0x3243,0x3223,0x3243,0x3243,0x3222,0x3222,0x3222,0x3222,0x3203,0x29E1,0x2A03,
    0x3243,0x3222,0x3242,0x3242,0x3242,0x3242,0x3243,0x3222,0x2A01,0x1960,0x2A22,0x2A01,0x29E2,0x29E2,0x21C1,0x29E2,
    0x29E2,0x29E2,0x2A02,0x29C3,0x29E2,0x2A03,0x29C2,0x21C1,0x2A02,0x3202,0x3202,0x2A02,0x3223,0x3223,0x31E2,0x3202,
    0x29E2,0x29E2,0x29E2,0x2A02,0x29E2,0x31E2,0x29E2,0x29E2,0x29E2,0x29E3,0x29E3,0x31E3,0x3203,0x3202,0x3243,0x3243,
    0x3202,0x3244,0x3A43,0x3222,0x3A62,0x42C4,0x3222,0x3222,0x3223,0x3223,0x3243,0x3223,0x3243,0x3A43,0x3243,0x3243,
    0x3A63,0x3242,0x4B05,0x4282,0x3262,0x42A3,0x3242,0x3A43,0x3242,0x3223,0x3A84,0x3A44,0x3223,0x3223,0x3243,0x3A63,
    0x3A63,0x3A43,0x3244,0x3A62,0x3A83,0x42A4,0x3A63,0x3AA3,0x3A63,0x3A83,0x3A63,0x3A63,0x4283,0x3A84,0x3A63,0x42C4,
    0x4283,0x42A4,0x3A83,0x3A63,0x3AA3,0x4B05,0x4284,0x3A83,0x3A63,0x3A62,0x3242,0x3A42,0x3A83,0x3A43,0x3262,0x3A43,
    0x3243,0x3A83,0x3A43,0x42A4,0x3A83,0x3A62,0x3A63,0x3A83,0x3A63,0x3A82,0x3A83,0x42A4,0x42C4,0x4284,0x42A4,0x42C4,
    0x4284,0x42C3,0x42A3,0x4AE4,0x42A4,0x42C3,0x4AC3,0x42A4,0x42C3,0x42A3,0x3AA3,0x42A3,0x42C4,0x42A3,0x3A83,0x3A83,
    0x3A83,0x3A63,0x42A3,0x3A63,0x3242,0x3A63,0x3A62,0x3A83,0x3A83,0x3A63,0x3A62,0x3242,0x3A42,0x3221,0x3242,0x3242,
    0x3243,0x3243,0x3222,0x3A83,0x42A4,0x3A63,0x3242,0x3A63,0x3A62,0x3A83,0x3A83,0x3A62,0x3A83,0x42A4,0x3A83,0x3A83,
    0x4283,0x3A63,0x3A63,0x3A83,0x3A62,0x3242,0x3A63,0x42A4,0x3A83,0x3A82,0x3A83,0x3A63,0x3A62,0x3242,0x3A63,0x3242,
    0x3A83,0x3A83,0x3A62,0x3242,0x3242,0x3242,0x3242,0x3A63,0x3A62,0x3A62,0x3A43,0x42A3,0x3A83,0x3A63,0x3A62,0x3A62,
    0x3AA3,0x42A4,0x3A83,0x3A64,0x3263,0x3A63,0x3A43,0x3A63,0x42A4,0x4283,0x3A82,0x3A83,0x4283,0x3A83,0x3A63,0x3A83,
    0x3A83,0x3223,0x3A43,0x3223,0x3223,0x3A44,0x3223,0x3A44,0x3A63,0x42A2,0x3A82,0x3242,0x3223,0x3203,0x3223,0x3243,
    0x2A01,0x3A62,0x4AE4,0x3A62,0x3222,0x3243,0x3A43,0x3A84,0x3A43,0x3223,0x3A44,0x3223,0x3A63,0x3A63,0x3243,0x3242,
    0x4284,0x2A01,0x3243,0x3A42,0x3243,0x3A63,0x3A63,0x3223,0x3244,0x3223,0x29E3,0x3202,0x3202,0x3223,0x3243,0x3202,
    0x3243,0x3A63,0x3243,0x3A43,0x3223,0x3202,0x3202,0x3223,0x29C2,0x29C1,0x29E1,0x2A01,0x29E1,0x21C1,0x29E2,0x29E2,
    0x29E2,0x21A1,0x3202,0x3202,0x3242,0x3A63,0x3A43,0x3243,0x3A44,0x3204,0x29E3,0x3203,0x2A02,0x3223,0x3243,0x3222,
    0x3A23,0x3A63,0x3243,0x3A43,0x3223,0x3202,0x3203,0x3223,0x29C2,0x29C1,0x29E1,0x2A01,0x29E1,0x21C1,0x29E2,0x29C2,
    0x3243,0x2A23,0x2A02,0x29E3,0x29E2,0x2A03,0x2A03,0x2A03,0x2A03,0x2A22,0x29E2,0x29E2,0x21E2,0x29E2,0x2A22,0x2A02,
    0x2A02,0x2A23,0x2A02,0x29E3,0x29E3,0x31E3,0x29E2,0x29C2,0x29E2,0x29E2,0x29E2,0x3203,0x29E2,0x29E2,0x29C2,0x2A02,
    0x29E2,0x29E2,0x3223,0x3203,0x3A64,0x3243,0x29C2,0x29E3,0x3203,0x3203,0x29E3,0x3204,0x3223,0x2A01,0x4AE3,0x5325,
    0x21A1,0x31E2,0x29E2,0x3202,0x3A63,0x5326,0x3A62,0x3223,0x3223,0x3223,0x3243,0x4284,0x3222,0x3223,0x3A43,0x3243,
    0x3203,0x3A43,0x3A63,0x3A63,0x3A63,0x4284,0x3A84,0x42A3,0x3A84,0x3A83,0x4284,0x3A64,0x3A63,0x3242,0x3A42,0x4AE4,
    0x5366,0x3A83,0x42A3,0x42A4,0x42A4,0x42A3,0x3A83,0x42A3,0x3A83,0x42A3,0x3A83,0x3A63,0x3243,0x3A62,0x3A83,0x42A3,
    0x3AA3,0x3A83,0x3242,0x3242,0x3A42,0x3A83,0x3A83,0x4283,0x42A4,0x42A4,0x3A63,0x3A63,0x42A4,0x42C4,0x42A4,0x42C4,
    0x42A3,0x42C4,0x42C4,0x42A4,0x3A83,0x42A3,0x4AE4,0x42A3,0x42A4,0x42C4,0x42A4,0x3A83,0x42A4,0x42A3,0x42A3,0x3A84,
    0x4284,0x3A83,0x4282,0x4B04,0x3AA2,0x5B84,0x42A2,0x3A63,0x3A83,0x3A83,0x4283,0x3A63,0x3A83,0x3A84,0x3A42,0x3243,
    0x3A43,0x3242,0x3A83,0x3A43,0x3262,0x3A63,0x3A63,0x3A63,0x42A4,0x3A62,0x3A83,0x3A62,0x3A62,0x3A84,0x3A63,0x3A43,
    0x42A4,0x3A83,0x3A63,0x3A63,0x3A83,0x3A84,0x3222,0x3A62,0x3A82,0x3A82,0x42A3,0x3A62,0x3A62,0x3262,0x3A42,0x3A83,
    0x3A83,0x42A3,0x42A3,0x3AA2,0x3A42,0x3A42,0x3A63,0x3A83,0x42C3,0x3A62,0x3A83,0x3A62,0x3242,0x3A63,0x3242,0x3A62,
    0x3A42,0x3A83,0x3A62,0x3A83,0x3A62,0x3A42,0x3A63,0x42A4,0x42A3,0x3262,0x3A63,0x3AA2,0x42A2,0x42A3,0x3A63,0x3A83,
    0x3A83,0x42A3,0x42A3,0x3A84,0x3A83,0x3A63,0x42C5,0x3A43,0x3243,0x3A63,0x3A63,0x3242,0x3A63,0x3A63,0x3243,0x3222,
    0x3203,0x3A43,0x2A02,0x21C1,0x3203,0x3244,0x3A63,0x3222,0x42C3,0x5B85,0x5363,0x3241,0x3243,0x3222,0x3243,0x4283,
    0x3A83,0x3A83,0x42A3,0x3242,0x3A43,0x3A84,0x3A63,0x3A43,0x3244,0x3243,0x3223,0x3243,0x3222,0x3223,0x3222,0x3202,
    0x3243,0x29E1,0x3202,0x3223,0x3222,0x3243,0x3223,0x29E2,0x29E3,0x31E3,0x2181,0x2A03,0x2A02,0x3222,0x3201,0x3222,
    0x3222,0x3202,0x3222,0x3243,0x3202,0x2A02,0x2A02,0x2181,0x2181,0x21C2,0x29E2,0x29E1,0x29E1,0x29E1,0x3202,0x21C1,
    0x31E3,0x21A1,0x29E2,0x3203,0x3222,0x3243,0x3223,0x29E2,0x29E3,0x3203,0x2181,0x2A02,0x3202,0x3222,0x3201,0x2A22,
    0x3222,0x3222,0x3222,0x3223,0x3222,0x2A02,0x2A01,0x2181,0x2181,0x21C2,0x29E2,0x29E1,0x29E1,0x29E1,0x3202,0x21C1,
    0x29E2,0x29E1,0x21E2,0x29E2,0x2A02,0x2A02,0x2A03,0x29E3,0x29E2,0x29E2,0x21E2,0x29E3,0x21E3,0x2A02,0x2A02,0x21E2,
    0x29E2,0x2A02,0x29E2,0x21A2,0x31E2,0x2A03,0x3203,0x2A02,0x3223,0x3202,0x3203,0x3223,0x3203,0x2A03,0x3224,0x3223,
    0x3223,0x3A63,0x3A64,0x3A83,0x3A63,0x3A64,0x29E3,0x3203,0x3204,0x3203,0x3244,0x3A44,0x29E2,0x42C4,0x4282,0x3242,
    0x3203,0x3224,0x3224,0x3203,0x2A23,0x3222,0x3262,0x3242,0x3223,0x3222,0x3A63,0x4AC4,0x3A63,0x3A83,0x3A63,0x3A84,
    0x3A64,0x3A84,0x3A83,0x42A3,0x3AA4,0x3A83,0x42C4,0x42C3,0x42A3,0x42A2,0x3A83,0x42A3,0x42A3,0x3A63,0x3A83,0x3A83,
    0x3A62,0x3A83,0x3A84,0x3A63,0x3A83,0x42A3,0x3A83,0x3A62,0x3A83,0x42A3,0x3A63,0x3A83,0x4284,0x4284,0x42A4,0x3A83,
    0x42A4,0x4283,0x3A83,0x4283,0x42A4,0x4AE4,0x42A4,0x42A4,0x42A4,0x4AE5,0x42C4,0x3A63,0x3A83,0x42C4,0x42A3,0x42A4,
    0x3A62,0x2A01,0x3A42,0x3222,0x29E2,0x3A83,0x42C4,0x3222,0x29E2,0x3A43,0x3A63,0x3242,0x3A62,0x3242,0x3242,0x2A01,
    0x29E2,0x3222,0x3A62,0x3222,0x3222,0x4AC3,0x3AA3,0x3A83,0x3222,0x3A63,0x3243,0x3202,0x3A63,0x3A83,0x3A83,0x3A62,
    0x3A62,0x3A63,0x3A63,0x3A63,0x3A83,0x3A43,0x3222,0x3243,0x42A4,0x3242,0x3A42,0x3242,0x3242,0x3A63,0x3A63,0x3242,
    0x42A3,0x3A83,0x3A62,0x3222,0x3A42,0x3A62,0x3242,0x3A82,0x3AA2,0x42C2,0x42C2,0x3A82,0x3A62,0x3A62,0x3A82,0x42A3,
    0x42A3,0x3A82,0x3A62,0x3A82,0x3241,0x3222,0x3221,0x3A83,0x42C3,0x3A62,0x3A63,0x3A83,0x3222,0x3242,0x3A62,0x3A63,
    0x3242,0x3242,0x42A3,0x42A3,0x3A83,0x3A83,0x42A3,0x42A4,0x42C3,0x3A82,0x3A83,0x42A3,0x42A3,0x3AA3,0x42A3,0x3A83,
    0x3242,0x3A83,0x4283,0x3A63,0x3A43,0x3223,0x3A63,0x3222,0x3222,0x3222,0x3222,0x3202,0x2A01,0x3223,0x3202,0x2A02,
    0x3222,0x3A63,0x3221,0x3223,0x3A63,0x3A64,0x3A63,0x3A63,0x3A83,0x4AE3,0x4B03,0x3A62,0x3A63,0x3242,0x3A42,0x3A82,
    0x3A63,0x3A83,0x3A63,0x3222,0x3A62,0x3A84,0x3243,0x2A02,0x29E2,0x3202,0x3223,0x3A43,0x2A02,0x3202,0x3242,0x3201,
    0x3243,0x3223,0x2A02,0x29E2,0x3223,0x29E2,0x3222,0x29E1,0x2180,0x3223,0x2A02,0x3202,0x2A01,0x3222,0x3222,0x2A01,
    0x2A01,0x3222,0x3222,0x3222,0x2A02,0x3201,0x3202,0x1980,0x1981,0x29C3,0x29E2,0x29E2,0x2A01,0x29E1,0x2A01,0x3202,
    0x29C2,0x3202,0x29E2,0x29E2,0x3223,0x3202,0x3202,0x29E1,0x2180,0x2A03,0x2A02,0x29E2,0x2A01,0x3242,0x3222,0x3202,
    0x2A01,0x3202,0x3222,0x3222,0x2A02,0x3202,0x3202,0x1980,0x1981,0x29C3,0x29E2,0x29E2,0x2A01,0x2A01,0x29E1,0x3202,
    0x2A02,0x29E3,0x29E2,0x3203,0x29E2,0x29E3,0x29C2,0x29C3,0x21E2,0x29E3,0x29E3,0x3203,0x29E3,0x2A02,0x3203,0x31E3,
    0x3243,0x3A43,0x3A41,0x3A63,0x3223,0x3223,0x3243,0x3202,0x3A83,0x4AE5,0x3A44,0x3244,0x3A24,0x3A44,0x3A43,0x3A43,
    0x3A63,0x3A63,0x3222,0x4284,0x3242,0x3A43,0x3A63,0x3A62,0x3222,0x3A43,0x3222,0x4264,0x3A64,0x3A83,0x3A63,0x3A43,
    0x3A63,0x4284,0x3A63,0x3A84,0x3A64,0x3A84,0x42A4,0x42A3,0x4283,0x42A3,0x42E4,0x42A3,0x42A4,0x3A83,0x42A4,0x4284,
    0x3A83,0x4284,0x3A83,0x4AC4,0x42A4,0x3A63,0x3A62,0x3A83,0x3242,0x3A62,0x42C3,0x3AA3,0x42A3,0x42A4,0x3A83,0x3A83,
    0x42A3,0x3A63,0x4283,0x3A83,0x42A3,0x42A4,0x3A63,0x3242,0x42A4,0x3A83,0x4283,0x3A83,0x3A83,0x3243,0x3A43,0x3A63,
    0x3223,0x3223,0x3A43,0x3223,0x3244,0x3A84,0x3A64,0x3223,0x3223,0x29E2,0x3A64,0x3202,0x3202,0x3222,0x3222,0x3222,
    0x3223,0x2182,0x1140,0x1941,0x1961,0x2181,0x3223,0x3243,0x29C2,0x42A4,0x42E2,0x3241,0x3A63,0x3242,0x3A42,0x3242,
    0x3A63,0x3A63,0x4284,0x3A83,0x3A43,0x3A63,0x4284,0x4284,0x3A83,0x3A83,0x3A42,0x3263,0x3A63,0x3A43,0x3222,0x3223,
    0x3243,0x3243,0x3242,0x3A43,0x3A63,0x3242,0x3222,0x3243,0x3A63,0x3243,0x3A63,0x3222,0x3242,0x3242,0x3A42,0x3A63,
    0x3242,0x42A4,0x3A83,0x3A83,0x3A83,0x3A83,0x3A42,0x3261,0x3A61,0x4AE3,0x42C2,0x3A82,0x3242,0x3A82,0x3A83,0x3A62,
    0x3A82,0x3A83,0x3A62,0x3242,0x3A63,0x3242,0x3222,0x42A4,0x42C4,0x3A62,0x3A63,0x4284,0x3A63,0x3A63,0x42A4,0x3A63,
    0x3AA3,0x42A3,0x42C3,0x4AC4,0x42C3,0x3A42,0x3A83,0x3A83,0x3A62,0x3A63,0x3A63,0x3A83,0x42A3,0x3A63,0x3A63,0x4283,
    0x3A42,0x3243,0x3A62,0x3222,0x3223,0x3242,0x3242,0x42A3,0x3A62,0x3A62,0x3242,0x3A62,0x4B04,0x3A83,0x3A63,0x3A62,
    0x3A83,0x3A82,0x3A63,0x3A43,0x3222,0x3243,0x3A63,0x3243,0x3202,0x3A64,0x3A63,0x3203,0x3243,0x3202,0x2A22,0x3202,
    0x3223,0x3A43,0x3222,0x3223,0x29E3,0x29E2,0x3202,0x29C1,0x29A1,0x2A03,0x3202,0x29E2,0x21A1,0x29E1,0x2A02,0x29E2,
    0x3223,0x3223,0x2A02,0x3202,0x29E1,0x3202,0x3223,0x3202,0x29E2,0x3243,0x31E2,0x2A02,0x29C1,0x3222,0x3223,0x3222,
    0x29E2,0x3222,0x3222,0x3223,0x3222,0x3222,0x3222,0x29E1,0x3202,0x29E2,0x29E3,0x3223,0x3202,0x3A21,0x4AC1,0x3A42,
    0x31E2,0x2A02,0x3222,0x3202,0x2A02,0x29E2,0x3223,0x3223,0x29C2,0x3A43,0x3202,0x2A02,0x29E2,0x3202,0x3222,0x3222,
    0x29E1,0x3243,0x3222,0x3222,0x3222,0x3222,0x3222,0x29E1,0x3202,0x29E2,0x29E3,0x3223,0x3202,0x3A21,0x4AC1,0x4242,
    0x3203,0x3223,0x3203,0x29E2,0x3203,0x3203,0x3223,0x3223,0x3203,0x3223,0x3224,0x3203,0x3223,0x2A02,0x3A44,0x3A64,
    0x3A63,0x3A43,0x4AC4,0x3A84,0x3243,0x3A23,0x3223,0x3222,0x3A42,0x3A83,0x3242,0x3A22,0x3243,0x3A63,0x3A63,0x42A4,
    0x42A4,0x3A84,0x3A84,0x4283,0x42A3,0x42A4,0x3A62,0x5323,0x5B44,0x4282,0x4282,0x4262,0x4283,0x3A43,0x4284,0x3A63,
    0x3A82,0x3A83,0x42A3,0x3A63,0x3A63,0x3A83,0x4283,0x42A4,0x3AA4,0x42A3,0x42E4,0x3A83,0x42A3,0x42A4,0x3AA3,0x3A63,
    0x42A3,0x42A4,0x42A3,0x42A4,0x42A3,0x3A83,0x4AC4,0x42C4,0x4283,0x42A4,0x42A4,0x3A43,0x3A83,0x42A4,0x42A4,0x42A3,
    0x4283,0x3A83,0x42A3,0x3A64,0x3A84,0x3A64,0x29E2,0x29E3,0x29A2,0x1961,0x29C1,0x21C2,0x29A2,0x2181,0x21A2,0x1961,
    0x1960,0x29E2,0x29E3,0x3203,0x2181,0x21A1,0x31E2,0x2A02,0x3A43,0x29E2,0x29E1,0x2A02,0x21A1,0x2A01,0x29C1,0x21C2,
    0x3244,0x29C2,0x29C3,0x3202,0x2A02,0x3223,0x3243,0x4284,0x4284,0x3242,0x3221,0x42A3,0x3A84,0x3A63,0x3A83,0x3A83,
    0x3A63,0x3A64,0x3A63,0x3223,0x3222,0x2A02,0x3A43,0x3A63,0x3A63,0x3A62,0x3242,0x3202,0x3223,0x3222,0x2A02,0x3A42,
    0x3A63,0x3A43,0x3242,0x3242,0x42A3,0x42A4,0x3A62,0x3A63,0x4284,0x3A83,0x3A43,0x3222,0x42A3,0x3A62,0x3262,0x3A83,
    0x3A62,0x42A3,0x3A63,0x3A62,0x3A43,0x3A83,0x3A62,0x3A83,0x4283,0x3A83,0x3A62,0x3A82,0x42A3,0x3A62,0x42A3,0x42C3,
    0x3A62,0x42C4,0x42A3,0x3A83,0x42A3,0x3A83,0x3AA3,0x3A82,0x3A83,0x4283,0x3AA4,0x3A83,0x3A63,0x3A63,0x3A83,0x3A63,
    0x3A62,0x4283,0x3A83,0x42A3,0x42C4,0x3A83,0x3A62,0x3A63,0x3242,0x3A63,0x42A3,0x3A84,0x3A63,0x3A83,0x3262,0x3A63,
    0x3AA3,0x42A4,0x3A83,0x3243,0x3A84,0x4283,0x3A83,0x42C4,0x42A3,0x3A83,0x3A83,0x42E4,0x42C3,0x3A43,0x3A83,0x3A62,
    0x3A83,0x3242,0x3222,0x2A02,0x3202,0x3223,0x3202,0x29E2,0x21C1,0x3203,0x29E2,0x29C2,0x29C2,0x29E2,0x29E2,0x29C2,
    0x29C1,0x29E2,0x29E2,0x29A2,0x1941,0x21A1,0x2A02,0x3223,0x21C2,0x3202,0x2A02,0x29E1,0x21A1,0x29C1,0x3202,0x3202,
    0x2A02,0x3221,0x3222,0x3222,0x3222,0x3222,0x3222,0x3243,0x3203,0x3243,0x3223,0x3223,0x3202,0x2A22,0x3242,0x3222,
    0x3202,0x3222,0x3242,0x3A43,0x3A63,0x3242,0x3202,0x3222,0x3222,0x3242,0x2A22,0x3242,0x3A21,0x4AE1,0x9526,0x52C1,
    0x3222,0x3202,0x3243,0x3222,0x3243,0x3222,0x3243,0x3223,0x3222,0x3243,0x3223,0x3223,0x3202,0x2A02,0x3243,0x3222,
    0x2A02,0x3222,0x3222,0x3A63,0x3A63,0x3222,0x3222,0x3222,0x3222,0x3242,0x2A22,0x3242,0x3A21,0x4AC1,0x9526,0x4AE1,
    0x3203,0x3222,0x3243,0x3A44,0x3243,0x3223,0x3243,0x3223,0x3223,0x3202,0x3223,0x3A63,0x3243,0x3243,0x3A63,0x4284,
    0x3A42,0x3A43,0x3A22,0x3A83,0x3A64,0x3A64,0x3A84,0x4284,0x3A83,0x42A3,0x4282,0x3AA3,0x4263,0x3A63,0x4282,0x4B04,
    0x3A83,0x3A63,0x3A63,0x3242,0x3A62,0x3A83,0x3A62,0x4AC2,0x42E3,0x3A81,0x42C3,0x3A62,0x3A83,0x3A83,0x3A83,0x3A63,
    0x3A83,0x4AE4,0x42C3,0x3A83,0x3A62,0x3A83,0x42A4,0x42C4,0x42A3,0x42A4,0x4AE3,0x42A3,0x3AA3,0x3A83,0x3A62,0x4284,
    0x42C3,0x4AE4,0x42C4,0x42A3,0x3A83,0x3AA3,0x42A3,0x3222,0x3263,0x3222,0x29E2,0x29E2,0x3223,0x2A02,0x3222,0x2A02,
    0x3202,0x2A02,0x3222,0x29E3,0x21A2,0x21A2,0x29A2,0x29C3,0x1962,0x21A2,0x3223,0x29C2,0x21A1,0x29E3,0x29E3,0x21A2,
    0x31E2,0x4285,0x3223,0x3A43,0x2A02,0x29E2,0x3222,0x3A43,0x3263,0x3A43,0x3223,0x2A02,0x3222,0x4B05,0x3A62,0x3242,
    0x3A63,0x3A64,0x3A63,0x3A63,0x3A63,0x3A83,0x4263,0x3A83,0x3243,0x3A62,0x3243,0x3A43,0x3222,0x3222,0x3A42,0x3242,
    0x3A63,0x3A63,0x3243,0x3222,0x3A43,0x3202,0x3AA4,0x3A83,0x3242,0x3A83,0x3A62,0x3222,0x3262,0x3A42,0x3A62,0x3A83,
    0x3A62,0x3221,0x3A62,0x3AA3,0x42C3,0x42C3,0x3242,0x3A83,0x3A62,0x3A83,0x3A63,0x3221,0x3A83,0x3242,0x3A62,0x42A2,
    0x3A63,0x3AA3,0x4283,0x3A83,0x3A83,0x42C3,0x4283,0x42A3,0x42C4,0x3A83,0x3A83,0x42A3,0x3AA3,0x3A63,0x42C4,0x42A3,
    0x3AA3,0x42A3,0x42A3,0x3A82,0x42C3,0x42A3,0x42A3,0x3A82,0x3A62,0x3A83,0x42A3,0x3A83,0x3A62,0x3A62,0x3A83,0x3A83,
    0x3242,0x3A63,0x3A83,0x3A83,0x42A3,0x42A4,0x3A83,0x42A3,0x3A62,0x3A63,0x42A4,0x3A82,0x42A3,0x42A4,0x3A83,0x3A63,
    0x3A63,0x3A83,0x3A42,0x3242,0x4283,0x3A83,0x3A43,0x3A63,0x3242,0x3243,0x3A42,0x3A63,0x3222,0x3202,0x3A63,0x3222,
    0x3222,0x3202,0x2A02,0x29E2,0x3223,0x3203,0x29E2,0x3202,0x29C2,0x21C1,0x29C2,0x21A2,0x2181,0x29E3,0x29E2,0x29E2,
    0x29E3,0x21A1,0x2A03,0x21C2,0x1961,0x29C1,0x3202,0x3A63,0x3223,0x3202,0x3222,0x2A01,0x2A01,0x3222,0x3243,0x3242,
    0x3222,0x3242,0x3A63,0x3242,0x3A42,0x3242,0x3243,0x3A42,0x3263,0x3A63,0x3A43,0x3A83,0x3242,0x3222,0x3A42,0x3222,
    0x3242,0x3242,0x3222,0x3A63,0x3A62,0x3222,0x3222,0x3222,0x3242,0x3242,0x3242,0x3A42,0x3242,0x3A62,0x5301,0x3A42,
    0x3223,0x3222,0x3263,0x3222,0x3A63,0x3A42,0x3242,0x3A42,0x3243,0x3A63,0x3A43,0x3A83,0x3242,0x3242,0x3A42,0x3221,
    0x3A42,0x3242,0x3222,0x3A63,0x3A63,0x3222,0x3222,0x3222,0x3242,0x3242,0x3242,0x3A42,0x3242,0x3A82,0x52E1,0x3A42,
    0x3222,0x3223,0x3A63,0x3A63,0x3A43,0x3243,0x3A63,0x3A63,0x3A62,0x3242,0x3242,0x3A63,0x3A63,0x3A62,0x3A83,0x3A63,
    0x3A62,0x4282,0x42C2,0x4282,0x3A83,0x3A63,0x3A84,0x3A63,0x3A83,0x3A83,0x42A3,0x4283,0x42C5,0x42A4,0x3A62,0x4AE4,
    0x4B04,0x3202,0x3243,0x3A83,0x3A83,0x42A4,0x3A63,0x4283,0x4283,0x3A43,0x3A63,0x4264,0x4284,0x3A83,0x4284,0x3242,
    0x42A3,0x42C4,0x42C4,0x4AC3,0x4B04,0x42A3,0x42C4,0x3A83,0x4284,0x42A4,0x42A3,0x42A3,0x42C4,0x4AC4,0x42A4,0x3A83,
    0x3A63,0x3242,0x3A63,0x3A63,0x3242,0x29C1,0x2180,0x1960,0x3202,0x2A02,0x21A0,0x2A02,0x3A43,0x3222,0x29E1,0x21C1,
    0x29E2,0x2A02,0x3222,0x3223,0x2180,0x29E2,0x3224,0x3223,0x29C3,0x3223,0x3A63,0x3242,0x3A62,0x3A63,0x3242,0x3242,
    0x3222,0x42C5,0x3A84,0x3A63,0x3A43,0x3A64,0x3A63,0x3A63,0x3A63,0x3A63,0x3262,0x3A63,0x3A83,0x42A3,0x3A62,0x3A62,
    0x3A83,0x3A42,0x3242,0x3243,0x3A62,0x3243,0x3A62,0x3242,0x3242,0x3222,0x42A2,0x3262,0x3222,0x3222,0x3223,0x3A62,
    0x3A83,0x3A42,0x3A82,0x3A62,0x3AA3,0x3A83,0x42C3,0x4283,0x42A3,0x3A82,0x3A83,0x4283,0x42E3,0x42A3,0x3A82,0x42C3,
    0x42C3,0x3A82,0x3AA3,0x4AC3,0x42E3,0x42A2,0x3AA2,0x42A3,0x42A3,0x42A3,0x3A83,0x3A83,0x3A83,0x4282,0x42C3,0x42A3,
    0x42C4,0x42A3,0x42C3,0x42C4,0x42C3,0x42C4,0x3A62,0x3242,0x3A83,0x3A42,0x3A83,0x4283,0x3A63,0x3A82,0x4283,0x42C4,
    0x42A3,0x3A83,0x3A83,0x42A3,0x42A2,0x3AA2,0x42A2,0x3A82,0x3A82,0x42A2,0x42A4,0x42A3,0x3A83,0x3A62,0x3A82,0x3A62,
    0x42A3,0x3A83,0x42A3,0x3A83,0x42C4,0x42A3,0x3A63,0x3A83,0x3A63,0x3A62,0x3A83,0x3A63,0x3242,0x3A43,0x3222,0x2A01,
    0x29E1,0x29E1,0x3A63,0x3A83,0x3202,0x3A62,0x2A22,0x3222,0x3202,0x3202,0x2A02,0x3222,0x3202,0x2A03,0x29E2,0x2A02,
    0x29C1,0x21C2,0x3202,0x29C2,0x1980,0x29E2,0x3243,0x3222,0x2A02,0x3223,0x3203,0x1981,0x29E2,0x3203,0x3223,0x3223,
    0x3223,0x29E2,0x3A43,0x3223,0x3202,0x3222,0x3242,0x3242,0x3243,0x3242,0x3A42,0x3242,0x3222,0x3242,0x3A62,0x3A83,
    0x3A83,0x3A62,0x3A42,0x3242,0x3242,0x3242,0x3242,0x3A43,0x3A63,0x3A63,0x3A63,0x3A43,0x3242,0x3A63,0x42C3,0x3242,
    0x3221,0x3242,0x3A42,0x3242,0x3222,0x3242,0x3242,0x3222,0x3A43,0x3221,0x3222,0x3222,0x3223,0x3222,0x3A42,0x3204,
    0x3223,0x3222,0x3A42,0x3222,0x3A62,0x3222,0x3242,0x3A63,0x3A63,0x3A63,0x3A63,0x3243,0x3A42,0x3A62,0x42A4,0x3242,
    0x3222,0x3242,0x3242,0x3242,0x3222,0x3242,0x3242,0x3242,0x3A42,0x3222,0x3222,0x3222,0x3222,0x3203,0x3A62,0x3A23,
    0x3222,0x3242,0x3243,0x3A63,0x3A63,0x3A42,0x3A63,0x3A62,0x3263,0x3A83,0x3A63,0x42A3,0x3242,0x3A82,0x3A63,0x3A83,
    0x3221,0x4AC3,0x6BE5,0x3A81,0x42A4,0x3A63,0x3A43,0x3222,0x3A63,0x3A63,0x3A63,0x4284,0x3A43,0x3223,0x3A43,0x3A63,
    0x4B04,0x3A83,0x42A4,0x4AC3,0x42C3,0x3A83,0x3A83,0x42C4,0x42C4,0x4283,0x4283,0x42A4,0x42A4,0x3A84,0x4283,0x3A83,
    0x3A84,0x4AC4,0x42A3,0x3A83,0x42A4,0x42A4,0x3242,0x2A02,0x3222,0x3242,0x2A22,0x3A63,0x3A84,0x3222,0x2A02,0x29E2,
    0x3223,0x29C2,0x2A02,0x29E2,0x3202,0x21A1,0x1981,0x21A1,0x29C1,0x3243,0x2A01,0x3242,0x3242,0x3222,0x3243,0x3202,
    0x3A42,0x3A63,0x3A63,0x3A63,0x3A62,0x42A4,0x3A62,0x3A63,0x3A63,0x3243,0x3A42,0x3243,0x3A83,0x3A83,0x3A62,0x3A42,
    0x3243,0x3A83,0x3A63,0x3A63,0x3242,0x3242,0x3222,0x3AA3,0x42A3,0x3242,0x3A63,0x3A62,0x3A63,0x3A62,0x3A62,0x3A83,
    0x3A83,0x3A63,0x3A62,0x3222,0x3A63,0x3A84,0x3A43,0x3A43,0x3222,0x3A62,0x42A2,0x42A3,0x3A83,0x3A84,0x4283,0x3A83,
    0x42A2,0x42C2,0x42C2,0x42E3,0x42C2,0x42C2,0x42C3,0x42A2,0x3AA3,0x3A42,0x3A82,0x42E4,0x4AE3,0x42C3,0x3AA2,0x42A3,
    0x3AA2,0x3A82,0x4AC3,0x42E3,0x42C3,0x42C3,0x4AE4,0x42E3,0x42A3,0x3AA3,0x3A63,0x4283,0x42C3,0x42C4,0x4B24,0x3A82,
    0x3A82,0x3AA3,0x42A3,0x42C3,0x4283,0x42A3,0x3A62,0x3A83,0x3A83,0x42A4,0x3AA3,0x3A83,0x42A3,0x42C4,0x3AA3,0x42A3,
    0x42A3,0x3A83,0x4283,0x42C3,0x3A82,0x42A3,0x3A83,0x4283,0x3A82,0x3A83,0x42A3,0x3A62,0x3A62,0x3263,0x42A3,0x3A83,
    0x3A63,0x3222,0x3222,0x3A43,0x3A83,0x3222,0x3242,0x3222,0x2A02,0x3222,0x2A01,0x3222,0x3202,0x21E1,0x29E1,0x29E1,
    0x29E2,0x29C1,0x3A43,0x3222,0x21C1,0x3202,0x29E1,0x2A02,0x3202,0x2A02,0x29E2,0x2A01,0x3202,0x2A02,0x29A1,0x2A02,
    0x21A1,0x2181,0x3223,0x29E1,0x21A1,0x3A42,0x3A63,0x3A63,0x3A43,0x3243,0x3222,0x29E2,0x3A43,0x3222,0x3242,0x3A63,
    0x3A63,0x3A63,0x3A63,0x3A64,0x3243,0x3242,0x3A62,0x3242,0x3A22,0x3263,0x3A42,0x3222,0x3221,0x3222,0x3A83,0x4283,
    0x3A83,0x3A42,0x3262,0x3A43,0x3A62,0x3242,0x3222,0x3242,0x3242,0x3222,0x2A01,0x2A02,0x3222,0x3221,0x4AE5,0x3242,
    0x29E1,0x3221,0x3222,0x29E1,0x2A01,0x3A43,0x3222,0x3222,0x2A01,0x29E1,0x2A02,0x29E2,0x3202,0x3202,0x3242,0x3202,
    0x2A02,0x2A02,0x3222,0x3243,0x3A63,0x3242,0x3A43,0x3243,0x3243,0x3222,0x3222,0x3202,0x3222,0x3222,0x4AE5,0x3A62,
    0x29E1,0x3242,0x3222,0x3201,0x2A02,0x3A63,0x3222,0x3222,0x3222,0x29E2,0x2A02,0x29E2,0x2A02,0x3202,0x3222,0x2A02,
    0x3242,0x3A63,0x3221,0x3A62,0x3A63,0x3262,0x3243,0x3A83,0x4283,0x3A83,0x3A43,0x3A63,0x3A63,0x3A63,0x3A43,0x3A84,
    0x3A63,0x3A41,0x3A62,0x3A82,0x42A2,0x3A83,0x3A63,0x3243,0x3A83,0x4283,0x3A63,0x3A64,0x3A64,0x3A64,0x4284,0x3A83,
    0x4283,0x42A3,0x42C4,0x42C3,0x3AA2,0x4283,0x3A83,0x42C3,0x42A4,0x3AA3,0x3A83,0x3AA2,0x3A62,0x3A63,0x3A63,0x3A63,
    0x42C3,0x3A83,0x3241,0x29E2,0x2A02,0x3202,0x2180,0x21A1,0x3202,0x3223,0x29E2,0x4284,0x3223,0x29C2,0x29E3,0x3202,
    0x3243,0x2A02,0x29E1,0x3223,0x3A43,0x3223,0x3A63,0x3A62,0x3263,0x3A63,0x3A62,0x3A63,0x3A63,0x3A62,0x3A42,0x3242,
    0x3A63,0x3242,0x3A83,0x42A3,0x3A61,0x3242,0x3262,0x3A42,0x3242,0x2A01,0x3203,0x3203,0x3A43,0x3A63,0x3242,0x3A63,
    0x3A42,0x3A62,0x3222,0x3A62,0x3242,0x3A63,0x3A62,0x3A83,0x42A3,0x3A62,0x3A63,0x3A82,0x3A83,0x3A83,0x3242,0x3A62,
    0x4283,0x3A82,0x3242,0x3A62,0x3A83,0x4283,0x3A62,0x3262,0x3A63,0x3AA2,0x42A1,0x42C3,0x3A82,0x3A83,0x3AA2,0x42C3,
    0x3AA2,0x42C3,0x42E3,0x4AE3,0x4AE3,0x42C2,0x42E3,0x42C2,0x3A82,0x3A62,0x42A3,0x42E3,0x42C2,0x3A82,0x4AE3,0x42C3,
    0x42A3,0x3AA2,0x3A82,0x42A2,0x3A41,0x3262,0x4282,0x42A4,0x3A83,0x3A63,0x3A82,0x3A83,0x42A2,0x42A3,0x42A2,0x3AA2,
    0x42A3,0x42A2,0x42A3,0x3AA2,0x3A62,0x42A3,0x42C3,0x42A3,0x42A3,0x42A3,0x42A3,0x42C3,0x3A83,0x4282,0x3A83,0x42A3,
    0x3A83,0x3A41,0x3A82,0x3242,0x3A42,0x3A83,0x3242,0x3262,0x3A62,0x3222,0x3222,0x3242,0x3222,0x3222,0x3A43,0x3A63,
    0x3222,0x2A01,0x3222,0x3222,0x3222,0x2A01,0x29E2,0x29E2,0x29C1,0x21A1,0x29C1,0x2A02,0x2A02,0x29C1,0x21A0,0x2A02,
    0x29E1,0x21C1,0x3222,0x29E2,0x21A1,0x29E2,0x3202,0x3222,0x3221,0x2A02,0x3201,0x3222,0x3221,0x2A03,0x3202,0x3242,
    0x29E2,0x29E1,0x3A43,0x3242,0x2A01,0x3242,0x42A3,0x3AA3,0x3A62,0x3A62,0x3242,0x3A42,0x3262,0x3A63,0x3A62,0x3A63,
    0x3A62,0x3A63,0x3A62,0x3223,0x3202,0x3242,0x3A62,0x3242,0x3242,0x3A62,0x3A63,0x3242,0x3263,0x3A42,0x3A63,0x3A63,
    0x3222,0x3243,0x3222,0x3202,0x3222,0x3202,0x29E1,0x31E2,0x3203,0x29E2,0x21A1,0x29C1,0x2A02,0x29E2,0x29E1,0x29E1,
    0x2180,0x3243,0x2A02,0x2A01,0x3222,0x3222,0x2A01,0x3222,0x2A02,0x29E1,0x2A02,0x3202,0x2A02,0x2A03,0x2A02,0x29E2,
    0x2A02,0x29E1,0x3202,0x2A02,0x3202,0x2A02,0x29E1,0x29E2,0x3202,0x29E2,0x21C1,0x21C1,0x29E2,0x2A02,0x29C1,0x21C1,
    0x21A1,0x3222,0x29E2,0x2A01,0x3202,0x3202,0x29E2,0x3202,0x2A02,0x29E1,0x29E2,0x3202,0x29E2,0x2A02,0x2A02,0x29E2,
    0x3A83,0x3A63,0x3A63,0x3A63,0x3263,0x3A63,0x3A43,0x3243,0x3A43,0x3A63,0x3A63,0x3A83,0x3A83,0x3243,0x3A62,0x3A63,
    0x4AC4,0x3A43,0x3A63,0x42A3,0x3A83,0x42A3,0x3A84,0x3A63,0x42A4,0x3A83,0x3A63,0x4284,0x3A63,0x3A63,0x3A83,0x3A83,
    0x3A63,0x3A63,0x3A83,0x3A63,0x4283,0x3A63,0x3A63,0x3A63,0x3A63,0x3A63,0x3242,0x3243,0x3242,0x3A43,0x3222,0x3263,
    0x3A42,0x29E1,0x3242,0x29E1,0x29E2,0x3203,0x3222,0x2A02,0x3242,0x3A83,0x3223,0x3A43,0x3203,0x3223,0x3A44,0x3A64,
    0x3223,0x3A42,0x3A43,0x3A83,0x3242,0x3243,0x3A83,0x3242,0x3A42,0x3A62,0x3A83,0x3A83,0x3A62,0x3A83,0x3A83,0x3A82,
    0x3262,0x3A62,0x3A62,0x3A82,0x3241,0x3241,0x3A82,0x3A62,0x3A62,0x3242,0x3A43,0x3A62,0x3A83,0x3A83,0x3242,0x3A61,
    0x3243,0x3A83,0x3242,0x3A63,0x3242,0x3A62,0x3A62,0x3A62,0x42A3,0x3A62,0x3262,0x3A82,0x3A62,0x3242,0x3242,0x3A62,
    0x42A3,0x42A3,0x3A82,0x3242,0x42C3,0x42A3,0x3A82,0x42A3,0x42A3,0x42C3,0x42C3,0x42C3,0x42A3,0x42C3,0x42A2,0x42C3,
    0x42C3,0x4AC3,0x42C3,0x4AE4,0x42E3,0x3A82,0x3A82,0x4AE3,0x42E3,0x3A82,0x42C3,0x42C2,0x42A2,0x42A3,0x42C3,0x42A3,
    0x3A83,0x3A61,0x3A62,0x42A3,0x3AA2,0x3A82,0x3A83,0x4AE4,0x42C3,0x4283,0x42C3,0x42A3,0x42A3,0x3AA2,0x3A82,0x42A3,
    0x42C3,0x3A82,0x3A82,0x42C3,0x42C3,0x3A82,0x3AA3,0x3A82,0x3A62,0x3261,0x3242,0x3A82,0x3241,0x3A42,0x3A62,0x3242,
    0x3A42,0x3242,0x3242,0x2A01,0x3202,0x3222,0x3201,0x3222,0x3222,0x29E1,0x21C1,0x3223,0x2A02,0x3202,0x29E1,0x2A02,
    0x29E1,0x29E1,0x3222,0x3222,0x2A01,0x29E1,0x3202,0x29E2,0x1980,0x2180,0x21A1,0x3223,0x3A43,0x3222,0x29C1,0x3222,
    0x2A02,0x31E1,0x3223,0x3243,0x29C2,0x2A02,0x3A63,0x3A63,0x3262,0x3222,0x3222,0x3242,0x3A63,0x3A63,0x3243,0x3A62,
    0x3A43,0x3243,0x3243,0x3A42,0x3222,0x3A62,0x3AA3,0x3A62,0x3A82,0x3242,0x3A62,0x3A83,0x3A62,0x3A82,0x42A3,0x3242,
    0x3262,0x3A83,0x3A62,0x3242,0x3222,0x3222,0x3242,0x3A62,0x3242,0x3222,0x3243,0x3222,0x3202,0x3222,0x3222,0x2A02,
    0x2A02,0x29C1,0x2A02,0x29E2,0x3222,0x21E1,0x29C2,0x3222,0x3242,0x3222,0x29E1,0x29E2,0x3202,0x3202,0x2A01,0x29E2,
    0x3222,0x3243,0x3222,0x3222,0x3222,0x3222,0x2A02,0x3222,0x3222,0x3202,0x3202,0x3223,0x29E2,0x2A02,0x3223,0x2A02,
    0x3223,0x29E2,0x29E1,0x3202,0x2A02,0x3202,0x2A02,0x3202,0x3221,0x3202,0x2A02,0x29E1,0x29E2,0x29E1,0x29E2,0x29E2,
    0x29E2,0x3223,0x3202,0x3223,0x3222,0x2A02,0x3223,0x3222,0x3223,0x2A02,0x3203,0x29E2,0x29E2,0x3202,0x3202,0x2A02,
    0x42A4,0x3A42,0x3A83,0x3A63,0x3A43,0x3A64,0x3A64,0x3A64,0x3243,0x3A63,0x3A82,0x3A82,0x42A3,0x3A83,0x3A83,0x3A62,
    0x3AA3,0x3242,0x3A83,0x4283,0x3A63,0x3222,0x3A43,0x3A83,0x3A63,0x3A43,0x3243,0x3243,0x3222,0x3A63,0x3A62,0x3A42,
    0x3242,0x3243,0x3202,0x3222,0x3243,0x2A01,0x3202,0x3223,0x3243,0x3A63,0x3A64,0x3A43,0x3222,0x3223,0x3243,0x3A63,
    0x3A43,0x3262,0x3A62,0x3242,0x3A62,0x3A63,0x3AA3,0x3A83,0x3A63,0x42A4,0x3A63,0x3242,0x3A43,0x3263,0x3A62,0x3243,
    0x3222,0x3A63,0x3262,0x3A62,0x3A83,0x3A43,0x3222,0x3242,0x3A62,0x3AA3,0x3A42,0x3A82,0x3A82,0x3A82,0x3A82,0x3A82,
    0x3A82,0x3A62,0x3AA2,0x42A3,0x3A82,0x3A82,0x42A3,0x3A82,0x3AA2,0x3A82,0x3AA2,0x42A3,0x3A82,0x3A82,0x3A61,0x3A62,
    0x3AA3,0x3A63,0x3A62,0x3A62,0x3A63,0x3A83,0x3A83,0x3A83,0x42A4,0x3A82,0x3A62,0x42A3,0x3A82,0x3221,0x4282,0x3AA2,
    0x42C3,0x42C3,0x42A3,0x3A83,0x42A3,0x42A3,0x3AA3,0x42A3,0x42A3,0x42A3,0x42C3,0x42A3,0x42A2,0x42C3,0x42C3,0x42A3,
    0x42A2,0x42A3,0x42A2,0x42C3,0x42C3,0x3A62,0x42A2,0x42A3,0x42C3,0x42A3,0x42C2,0x42C3,0x42C3,0x42C2,0x42E4,0x3A82,
    0x3A62,0x3A82,0x3A81,0x3A82,0x3A82,0x42A2,0x3A82,0x42A3,0x42A2,0x3A82,0x42C3,0x3A82,0x3AA2,0x42A3,0x3AA2,0x3A62,
    0x3A82,0x3A83,0x3A62,0x3A62,0x3A62,0x3A62,0x3A62,0x3A63,0x3242,0x3A42,0x3222,0x3A63,0x3221,0x2A22,0x3A42,0x3242,
    0x3242,0x3221,0x3202,0x21C0,0x3222,0x2A01,0x2A02,0x3222,0x3222,0x29E1,0x29E1,0x3243,0x2A01,0x2A02,0x3202,0x3222,
    0x2A01,0x3242,0x3A42,0x3242,0x3222,0x3201,0x3263,0x3222,0x21A1,0x29C2,0x2A02,0x3A43,0x3263,0x3242,0x3242,0x3A62,
    0x3A63,0x3242,0x3242,0x3A42,0x3242,0x3A63,0x3243,0x3242,0x3A43,0x3242,0x3A62,0x3A83,0x3A62,0x3242,0x3222,0x3A63,
    0x3A63,0x3A63,0x3242,0x3242,0x3242,0x3A83,0x3A62,0x3A63,0x4283,0x3A83,0x3A83,0x4283,0x3A83,0x3A62,0x3A63,0x3223,
    0x29C1,0x3222,0x3241,0x3A63,0x3202,0x29E1,0x2A01,0x3A42,0x3242,0x3221,0x3222,0x3222,0x2A02,0x3222,0x3A63,0x3222,
    0x3222,0x3202,0x2A02,0x2A02,0x3222,0x29E1,0x3202,0x3242,0x4AE3,0x5345,0x3221,0x3242,0x3221,0x3222,0x3223,0x29E2,
    0x3203,0x3223,0x3222,0x2A01,0x3202,0x2A01,0x3202,0x3202,0x2A03,0x29E2,0x29E1,0x2A02,0x29E1,0x3A43,0x3243,0x3A42,
    0x3202,0x3202,0x29E2,0x29E2,0x3243,0x3202,0x3202,0x2A02,0x3222,0x3242,0x3202,0x2A01,0x3202,0x3223,0x3202,0x29E2,
    0x29E2,0x3203,0x3203,0x2A03,0x2A02,0x3223,0x2A02,0x2A01,0x2A01,0x29E2,0x29E2,0x2A02,0x3223,0x2A02,0x3202,0x3203,
    0x42A3,0x3A82,0x3A63,0x3A63,0x3A63,0x3A62,0x3A63,0x3A42,0x3A63,0x3A82,0x42A3,0x4B04,0x3261,0x3A42,0x3A63,0x3202,
    0x3222,0x3222,0x3A63,0x3A63,0x2A02,0x2A02,0x3222,0x3202,0x3222,0x29E2,0x3202,0x3242,0x3202,0x3222,0x2A21,0x3242,
    0x3A43,0x3A63,0x3243,0x3A63,0x3A43,0x3222,0x3263,0x3A63,0x3A83,0x4284,0x3A83,0x3A43,0x3243,0x3223,0x3A43,0x3A63,
    0x3262,0x3A42,0x3A62,0x3A62,0x3A82,0x3A82,0x4283,0x3A82,0x3A42,0x3A82,0x3A62,0x3A83,0x3A82,0x3A62,0x3A42,0x3A62,
    0x3222,0x3A83,0x42A3,0x3A82,0x3A83,0x3A62,0x3A83,0x42A2,0x3A82,0x3A82,0x3A61,0x42A3,0x3A62,0x42A2,0x42A3,0x3A82,
    0x42A2,0x3A82,0x42A3,0x3A61,0x3262,0x42A2,0x3A82,0x3A82,0x3A82,0x4283,0x42A2,0x3AA3,0x3A82,0x3A82,0x42A3,0x3A82,
    0x4283,0x42A3,0x3AA3,0x4284,0x42C4,0x42A3,0x3A83,0x3A82,0x3A83,0x4283,0x3AA3,0x42A3,0x3A62,0x3262,0x42A3,0x42E3,
    0x3A81,0x3A82,0x3A83,0x42A2,0x3A82,0x3A62,0x3A62,0x3AA2,0x42A3,0x42A3,0x3AA2,0x42C2,0x3A82,0x3AA2,0x42A2,0x3AA2,
    0x3A82,0x42A2,0x42C3,0x3AA2,0x42C3,0x42A2,0x3A82,0x3A82,0x3A82,0x4282,0x42E3,0x42A3,0x42C2,0x3A82,0x3A62,0x3A62,
    0x3A62,0x3A82,0x3A81,0x3A82,0x3A61,0x3222,0x3221,0x2A00,0x3261,0x3241,0x3A42,0x3221,0x3A62,0x3A62,0x3221,0x3222,
    0x3242,0x3242,0x3A42,0x3A62,0x3242,0x3222,0x3241,0x3A62,0x3A62,0x3A62,0x3261,0x3A62,0x3A62,0x3242,0x3A62,0x3A62,
    0x3241,0x3262,0x3221,0x21C0,0x3A63,0x3A42,0x2A02,0x3A63,0x3201,0x2A02,0x3242,0x3A42,0x3242,0x3222,0x3222,0x3242,
    0x3A63,0x3A83,0x3A83,0x3242,0x3242,0x3A62,0x3A83,0x3A62,0x3222,0x3222,0x3222,0x3A63,0x3A42,0x3A62,0x3A83,0x3A63,
    0x3A62,0x3A63,0x3A83,0x3242,0x3A63,0x3A63,0x3221,0x3A63,0x3A63,0x3A62,0x3A84,0x3A83,0x3222,0x29E1,0x3201,0x3262,
    0x3242,0x3A63,0x3A63,0x3242,0x3A42,0x3A62,0x3A62,0x3A84,0x3242,0x42A4,0x42A4,0x3202,0x3222,0x2A01,0x2A01,0x21A1,
    0x1961,0x29E1,0x3242,0x3242,0x29E2,0x29E1,0x3222,0x3242,0x3A42,0x3222,0x3242,0x3A43,0x2A01,0x3222,0x3A63,0x3242,
    0x3223,0x3222,0x2A02,0x3202,0x3222,0x2A02,0x3222,0x3242,0x3241,0x3262,0x3242,0x3242,0x3242,0x3242,0x3223,0x3202,
    0x3222,0x3243,0x3A42,0x3222,0x2A02,0x29E1,0x3223,0x2A02,0x3202,0x2A02,0x3202,0x3243,0x3222,0x2A02,0x3222,0x3223,
    0x29E2,0x29E2,0x2A02,0x3203,0x3223,0x29E2,0x2A02,0x2A02,0x29E2,0x29C2,0x29C1,0x29E2,0x29E3,0x3203,0x3203,0x3203,
    0x3223,0x3203,0x2A02,0x3222,0x21E1,0x29E1,0x3222,0x5344,0x42A1,0x21A0,0x29E2,0x29C1,0x3203,0x21A1,0x21C2,0x29E2,
    0x3A83,0x3A62,0x3242,0x3242,0x3243,0x3A43,0x3A63,0x3242,0x3242,0x3242,0x42A3,0x42C3,0x29E0,0x2A02,0x29E2,0x3222,
    0x3223,0x3202,0x3223,0x3243,0x3202,0x3223,0x3223,0x3223,0x3243,0x3223,0x3222,0x3A43,0x3242,0x3A62,0x3A62,0x3A83,
    0x42A3,0x3A63,0x3A83,0x3A63,0x3242,0x3A63,0x3A83,0x3A63,0x3A62,0x3242,0x3242,0x3A63,0x3A42,0x3242,0x3242,0x3242,
    0x3A62,0x3A63,0x3242,0x3A82,0x3A82,0x3A82,0x3A82,0x3A82,0x3261,0x3A82,0x3221,0x3A82,0x3A62,0x3A62,0x3A82,0x3A82,
    0x3A62,0x3AA2,0x42C3,0x42C2,0x3A82,0x3A82,0x42A2,0x42C2,0x42A2,0x3A82,0x3A62,0x3AA3,0x42A3,0x3AA2,0x3A82,0x3A82,
    0x42A3,0x3A82,0x3A82,0x3A82,0x3A62,0x3A82,0x3A82,0x3A62,0x3A82,0x42C3,0x3A82,0x3A82,0x3A62,0x3A82,0x42A2,0x3A82,
    0x3A83,0x3221,0x3A62,0x3AA3,0x3A62,0x3A83,0x4283,0x3A82,0x3A82,0x3A62,0x3A83,0x3A63,0x3242,0x3A62,0x3A82,0x42A2,
    0x3A62,0x3A82,0x42A3,0x3A82,0x42A2,0x3AA2,0x42C3,0x42C3,0x4AE3,0x42E3,0x42C2,0x42A3,0x3AA2,0x42A2,0x3A82,0x42A2,
    0x42A2,0x3A82,0x3AA2,0x4282,0x3AA2,0x42C3,0x42A2,0x3A62,0x3A82,0x3A82,0x42A3,0x3261,0x3A62,0x3A61,0x2A21,0x3201,
    0x2A01,0x3241,0x3241,0x3A62,0x3241,0x3222,0x2A01,0x29C1,0x3221,0x3A62,0x3262,0x3222,0x3262,0x3A42,0x3242,0x3242,
    0x3A41,0x3242,0x3A62,0x3A82,0x3A62,0x3A62,0x3A62,0x3AA2,0x3AA2,0x3A82,0x3A82,0x3AA2,0x42A3,0x3AA2,0x42A3,0x3A82,
    0x3241,0x3A61,0x3242,0x3221,0x3A63,0x3A63,0x3A62,0x3A62,0x3263,0x3A62,0x3A42,0x3A62,0x4283,0x3A62,0x3A62,0x3A62,
    0x3A63,0x3A62,0x4283,0x3A63,0x3A63,0x3A62,0x3262,0x3A62,0x3A62,0x3242,0x3A62,0x3A82,0x42C3,0x3AA3,0x4283,0x3A63,
    0x3262,0x3A42,0x3A63,0x3242,0x3A62,0x3A83,0x3A41,0x3262,0x3A82,0x3A63,0x3A62,0x3242,0x3222,0x2A00,0x3222,0x3242,
    0x3222,0x3242,0x3A63,0x3A42,0x3262,0x3242,0x3242,0x3223,0x3202,0x3223,0x2A01,0x2A02,0x2A02,0x29C0,0x29C1,0x21A1,
    0x21C1,0x29E2,0x3A42,0x3243,0x29E1,0x3222,0x3243,0x3242,0x3A62,0x3222,0x3A62,0x3262,0x3222,0x3241,0x3242,0x3A62,
    0x3243,0x3222,0x3222,0x3243,0x3243,0x3223,0x3222,0x3A62,0x3221,0x3221,0x3A62,0x3A42,0x3242,0x3A42,0x3222,0x3242,
    0x3222,0x2A02,0x3222,0x3202,0x3222,0x2A02,0x3203,0x3202,0x3203,0x3223,0x3243,0x3223,0x3222,0x29E2,0x3202,0x2A02,
    0x3202,0x29E2,0x29C2,0x29C1,0x21C1,0x29E2,0x31E3,0x29E2,0x29E2,0x29C2,0x21A2,0x29E2,0x29C2,0x29E2,0x29E2,0x2A02,
    0x3223,0x2A02,0x3223,0x3242,0x2A22,0x2A02,0x3201,0x5303,0x4282,0x29A1,0x29E2,0x21A1,0x3223,0x29E2,0x3202,0x29C1,
    0x3242,0x3223,0x3242,0x3A43,0x3222,0x3223,0x3243,0x3A63,0x3A43,0x3242,0x3A43,0x3A63,0x3222,0x3222,0x3222,0x3243,
    0x3243,0x3202,0x3242,0x3A43,0x3A63,0x3243,0x3A63,0x3222,0x3A43,0x3A63,0x3242,0x3A62,0x3262,0x3A62,0x3A62,0x3A62,
    0x3262,0x3A42,0x3A82,0x3A63,0x3242,0x3241,0x3A42,0x3A62,0x3A63,0x3A62,0x3A62,0x3262,0x3A42,0x3A62,0x3A62,0x3A63,
    0x3A62,0x3A83,0x3242,0x3A82,0x3AA2,0x42A2,0x3A81,0x3A62,0x42A2,0x3AA2,0x3A82,0x3A62,0x3A82,0x3A82,0x3A62,0x3261,
    0x4283,0x3AA3,0x42A2,0x42C3,0x4282,0x3A62,0x3261,0x3A81,0x3A81,0x3A82,0x3A61,0x3A62,0x3A82,0x3A62,0x3A61,0x3262,
    0x42C3,0x3A82,0x3A62,0x3A61,0x3262,0x3A82,0x42A2,0x3A62,0x42A2,0x3A83,0x3A41,0x3A62,0x3A81,0x3A42,0x3A82,0x3A62,
    0x3241,0x3242,0x3A82,0x3A83,0x3A42,0x3262,0x42A2,0x42A3,0x42A3,0x3A82,0x3221,0x3A63,0x3A62,0x3242,0x3A82,0x42C3,
    0x3A81,0x3AA2,0x42A3,0x3A82,0x3A82,0x3A82,0x42C3,0x42A2,0x42A2,0x3A82,0x42A2,0x3A62,0x3AA2,0x3A82,0x3A62,0x3A82,
    0x3A82,0x3A62,0x3241,0x3261,0x3241,0x3A62,0x3A62,0x3241,0x3221,0x3241,0x3241,0x29E0,0x3242,0x3A62,0x3221,0x2A02,
    0x29E1,0x3222,0x3A62,0x3A82,0x3242,0x3242,0x3221,0x3242,0x3241,0x3A62,0x3A82,0x3A82,0x3A42,0x3262,0x3A42,0x3262,
    0x3A82,0x3A81,0x3A61,0x3A82,0x3AA2,0x3AA2,0x3A82,0x42A2,0x42C3,0x42A2,0x42A2,0x42A2,0x42A3,0x42C3,0x3AA2,0x3A62,
    0x3262,0x3241,0x3A62,0x3A62,0x3A83,0x3A62,0x3263,0x3A62,0x3242,0x3A62,0x3242,0x3A82,0x3A83,0x3241,0x3A83,0x3A82,
    0x3A83,0x3A63,0x3A83,0x3A83,0x3242,0x3242,0x3A42,0x3A62,0x3262,0x3242,0x3242,0x3A82,0x3A82,0x3A63,0x3A83,0x3A62,
    0x3A63,0x3242,0x3221,0x3A83,0x3A62,0x3242,0x3242,0x3A42,0x3A62,0x3A63,0x3A62,0x3242,0x3222,0x3221,0x3242,0x3222,
    0x3202,0x3A42,0x3243,0x3A62,0x3A42,0x3241,0x3242,0x3222,0x3222,0x3202,0x29E1,0x3243,0x3222,0x2A02,0x3223,0x3243,
    0x3223,0x3202,0x3223,0x3222,0x3223,0x3222,0x3A43,0x3242,0x3242,0x3A62,0x3A84,0x3A62,0x3201,0x3242,0x3242,0x3A42,
    0x3223,0x3222,0x3223,0x3A63,0x3202,0x3222,0x3242,0x3222,0x3222,0x3243,0x3222,0x3222,0x3222,0x2A02,0x3201,0x3222,
    0x3222,0x2A01,0x3201,0x2A02,0x3202,0x29E2,0x3202,0x29E3,0x29E2,0x3203,0x3202,0x2A02,0x3222,0x29E1,0x3223,0x2A02,
    0x29E2,0x29C1,0x21E2,0x29C1,0x21A1,0x21C1,0x29E2,0x29C2,0x29E3,0x21A1,0x2181,0x29C2,0x29E2,0x29E1,0x3223,0x3222,
    0x3223,0x29E2,0x3202,0x2A23,0x2A02,0x29E3,0x3222,0x3A41,0x31C1,0x31C2,0x29E2,0x21C1,0x3223,0x3202,0x3223,0x2A02,
    0x3222,0x3A43,0x3243,0x3A43,0x3223,0x3223,0x3A43,0x3A83,0x3A62,0x3A63,0x3A63,0x3A63,0x3A63,0x3242,0x3243,0x3A62,
    0x3A63,0x3242,0x3A63,0x3A83,0x3A63,0x3A42,0x3A62,0x3222,0x3262,0x3A62,0x3242,0x3A63,0x3A63,0x3241,0x3A62,0x3A62,
    0x3A62,0x3262,0x3A62,0x3A82,0x3A61,0x3A62,0x3A82,0x3A82,0x42A3,0x42C3,0x3AA3,0x3A82,0x3A82,0x3A82,0x3261,0x3A62,
    0x3A63,0x3242,0x42A4,0x42C3,0x3A62,0x3A82,0x3A62,0x3A82,0x3AA2,0x4282,0x42A2,0x3262,0x3A62,0x3261,0x3A62,0x3A82,
    0x42A3,0x3A82,0x42A3,0x3AA2,0x3A62,0x3A62,0x3A62,0x3242,0x3A62,0x3A82,0x3241,0x3AA3,0x3A82,0x3241,0x3241,0x3221,
    0x4282,0x3AA2,0x3A62,0x3241,0x3A62,0x4282,0x3A82,0x3A82,0x3AA2,0x3A41,0x3AA2,0x3A82,0x3A82,0x3241,0x3261,0x3241,
    0x3A62,0x42A3,0x3A82,0x3A82,0x3A82,0x3A61,0x3AA3,0x3A82,0x3A81,0x3A83,0x3202,0x29E1,0x3222,0x3242,0x3241,0x42A2,
    0x3AA2,0x3A62,0x3A62,0x3A83,0x3A82,0x3A62,0x3A82,0x3A62,0x3262,0x3241,0x3A62,0x3242,0x3A62,0x3201,0x2A01,0x3A62,
    0x3262,0x3221,0x3221,0x3221,0x2A01,0x3221,0x3221,0x2A01,0x3221,0x3221,0x3221,0x2A01,0x3A62,0x3A62,0x3A62,0x3A63,
    0x3222,0x3221,0x3A82,0x42A2,0x3A82,0x3A62,0x3A62,0x3A62,0x3261,0x3A82,0x42A2,0x3A82,0x3A82,0x3A61,0x3A61,0x3A81,
    0x42A2,0x3A82,0x3A61,0x3AA2,0x42A2,0x3AA2,0x3A82,0x42A2,0x42A3,0x42C3,0x3A82,0x3A82,0x42C3,0x42C3,0x3A42,0x3A62,
    0x3A62,0x3242,0x3A62,0x3A62,0x3A63,0x3262,0x3A62,0x3242,0x3222,0x3A42,0x3A62,0x3262,0x3242,0x3221,0x3A63,0x3A62,
    0x3A83,0x3A83,0x3A42,0x3A62,0x3A63,0x3242,0x3241,0x3A62,0x3A62,0x3A63,0x3222,0x3A83,0x3A42,0x3262,0x3A43,0x3A63,
    0x3A83,0x2A01,0x3222,0x3242,0x3A42,0x3222,0x3242,0x3242,0x3222,0x3222,0x3A63,0x3242,0x3A62,0x3222,0x3242,0x3A62,
    0x3222,0x3222,0x3242,0x3222,0x3242,0x3A62,0x3222,0x3242,0x3A43,0x3222,0x3242,0x3A43,0x3222,0x3222,0x3A63,0x3A42,
    0x3243,0x3A42,0x3242,0x3223,0x3222,0x3222,0x3242,0x3222,0x3242,0x3242,0x3A42,0x3222,0x2A02,0x3A42,0x3222,0x3202,
    0x3263,0x3202,0x2A02,0x3A63,0x29E2,0x29E1,0x3222,0x3242,0x2A02,0x3202,0x29E1,0x2A01,0x3242,0x3202,0x21C0,0x3242,
    0x2A20,0x3202,0x3222,0x2A02,0x29E2,0x29E2,0x29E2,0x29E3,0x29C2,0x21C2,0x29E1,0x29E2,0x3202,0x29E1,0x2A02,0x29E1,
    0x29E2,0x29C2,0x2A02,0x29E2,0x29E2,0x29E2,0x29E2,0x29E2,0x29E2,0x29E2,0x21A1,0x21C1,0x29E2,0x2A02,0x3222,0x29E2,
    0x3222,0x29E2,0x3202,0x3242,0x2A01,0x2A02,0x3224,0x3A83,0x3222,0x29E2,0x31E2,0x29E2,0x2A02,0x29C2,0x3202,0x3223,
    0x3262,0x3A62,0x3242,0x3242,0x3A63,0x3A63,0x3242,0x3241,0x3A62,0x3242,0x3A62,0x3262,0x3A42,0x3A63,0x3A62,0x3A63,
    0x3A62,0x3A62,0x3A83,0x3A62,0x3242,0x3221,0x3242,0x3A62,0x3A82,0x3242,0x3242,0x3222,0x3A83,0x3A62,0x3A82,0x3262,
    0x3A61,0x3A82,0x3261,0x3A41,0x3A82,0x3A82,0x42C3,0x3AA2,0x42A3,0x3AA2,0x4282,0x3A82,0x3241,0x3A82,0x3A62,0x3241,
    0x3242,0x3A42,0x3A83,0x42A3,0x42A2,0x3241,0x3241,0x3241,0x3A62,0x3A62,0x3262,0x3A62,0x3A62,0x3241,0x3242,0x3A83,
    0x4283,0x3A62,0x3A82,0x42C3,0x3A82,0x3A62,0x3243,0x3A62,0x3A62,0x3AA3,0x42A3,0x42A2,0x3AA2,0x4282,0x42A3,0x3A62,
    0x3261,0x3A62,0x42A2,0x3A62,0x3A82,0x3A82,0x3A62,0x42A3,0x3A62,0x3241,0x42A3,0x3AA3,0x42A2,0x3A83,0x3A82,0x42C3,
    0x3A82,0x3A62,0x3A82,0x42A2,0x3A82,0x3A62,0x3A81,0x3261,0x3221,0x3242,0x3A62,0x2A02,0x3242,0x3A42,0x3241,0x3A62,
    0x3A82,0x3A62,0x2A01,0x3A42,0x3A82,0x3242,0x3A62,0x3A62,0x3221,0x3222,0x3A62,0x3222,0x3242,0x2A01,0x2A01,0x3A63,
    0x3A62,0x3222,0x3222,0x3222,0x3242,0x3242,0x3242,0x2A00,0x3242,0x3A62,0x3241,0x3A62,0x3241,0x3AA1,0x3AA2,0x42C2,
    0x3AA2,0x3A61,0x3A81,0x3AA1,0x42A2,0x3A82,0x3A62,0x3AA2,0x3A61,0x3A81,0x3A82,0x3260,0x3A81,0x3A82,0x3A81,0x3A82,
    0x3A82,0x3AA2,0x3A82,0x42A3,0x3A82,0x3A62,0x3A61,0x3A82,0x3A82,0x3A62,0x3242,0x3A62,0x3AA3,0x3A63,0x3222,0x3262,
    0x3222,0x3A62,0x3243,0x3242,0x3241,0x3242,0x3A42,0x3242,0x3221,0x3241,0x3A63,0x3201,0x3222,0x3221,0x3242,0x3A63,
    0x3242,0x3A83,0x3A62,0x3263,0x3242,0x3222,0x3221,0x3A63,0x3242,0x3A43,0x3A63,0x3242,0x3A82,0x3A42,0x3242,0x3A83,
    0x3A63,0x3221,0x2A01,0x3A43,0x3A63,0x3A63,0x3A42,0x3A43,0x3222,0x3242,0x3A62,0x3A63,0x3262,0x3A42,0x3A63,0x3242,
    0x3243,0x3222,0x3242,0x3242,0x3A42,0x3A62,0x3242,0x3A42,0x3262,0x3A62,0x3222,0x3242,0x3242,0x3242,0x3A62,0x2A01,
    0x3242,0x3242,0x3A42,0x3222,0x2A22,0x3243,0x3A42,0x3222,0x3221,0x29E1,0x3222,0x2A02,0x29E1,0x3223,0x3242,0x29E2,
    0x3223,0x29E1,0x21A1,0x2A02,0x29E1,0x29C1,0x3A83,0x3242,0x29A2,0x21A1,0x29E0,0x3222,0x3A42,0x3242,0x2A01,0x5325,
    0x3241,0x2A01,0x3A63,0x3202,0x29E2,0x29E2,0x3203,0x29E2,0x21A2,0x29E2,0x29E1,0x2A02,0x3223,0x29C1,0x2A02,0x3202,
    0x2A02,0x29E2,0x3223,0x3203,0x29E2,0x29E2,0x3202,0x3202,0x29E1,0x2A02,0x3222,0x29C1,0x3222,0x3202,0x29E1,0x2A02,
    0x2A02,0x2A01,0x3243,0x3222,0x2A21,0x3241,0x2A22,0x3222,0x21E2,0x2A03,0x3223,0x29E2,0x3202,0x3223,0x3223,0x3203,
    0x3A63,0x3A62,0x3A42,0x3A42,0x3A83,0x3A42,0x3242,0x3A62,0x3A63,0x3242,0x3A42,0x3A63,0x3242,0x3A42,0x3A83,0x3A42,
    0x3242,0x3A62,0x3A42,0x3262,0x3241,0x3A42,0x3A62,0x3242,0x3223,0x3A22,0x3223,0x3A22,0x3A63,0x3A63,0x3A63,0x3A42,
    0x3242,0x4282,0x3A83,0x3A62,0x3A82,0x3A42,0x3A82,0x4282,0x3AA2,0x4282,0x3A83,0x42A3,0x3221,0x3A61,0x3A82,0x3202,
    0x3222,0x3A62,0x3A63,0x3A61,0x42A3,0x3A62,0x3241,0x3241,0x3A61,0x3A82,0x4281,0x3A82,0x42A2,0x3A42,0x3241,0x3A41,
    0x3A82,0x3261,0x42A2,0x42A3,0x42A2,0x42A3,0x3A82,0x3A82,0x3A83,0x42A3,0x42A2,0x42A2,0x3241,0x3A81,0x42A2,0x3A82,
    0x3A41,0x3A63,0x3A83,0x3A62,0x3262,0x3A62,0x3A82,0x3241,0x3242,0x3A62,0x3A83,0x3A62,0x42A2,0x42A2,0x42A3,0x4283,
    0x3A81,0x3261,0x3A82,0x3A62,0x3A82,0x3A82,0x3241,0x3A42,0x3241,0x3241,0x3A62,0x3A63,0x3A62,0x3A62,0x3242,0x3A62,
    0x3A82,0x3221,0x2A01,0x3221,0x3A82,0x3A62,0x3A82,0x3A83,0x3241,0x3242,0x3241,0x3241,0x3A83,0x3A41,0x2A01,0x3AA2,
    0x3A82,0x3A82,0x3261,0x3A62,0x42A3,0x3A83,0x3A82,0x3A61,0x3A82,0x3A82,0x3A82,0x42A2,0x3A82,0x42A2,0x42A2,0x42A2,
    0x3AA2,0x3AA1,0x3A61,0x3A61,0x3AA2,0x3A82,0x3A82,0x42A2,0x3261,0x3241,0x3A62,0x3242,0x3A62,0x3A62,0x3A82,0x3A62,
    0x3A63,0x3A62,0x3A42,0x3242,0x3A63,0x3243,0x2A01,0x3242,0x3A42,0x2A02,0x2A01,0x3242,0x3221,0x21C1,0x3202,0x2A02,
    0x3242,0x3242,0x3222,0x3A62,0x3221,0x3221,0x3A62,0x3A62,0x2A01,0x3A62,0x3262,0x3221,0x3A62,0x3222,0x3221,0x3A82,
    0x3A62,0x3A82,0x3A62,0x3A62,0x3A42,0x3222,0x3242,0x3222,0x3242,0x3A62,0x3A63,0x3A62,0x3242,0x3242,0x3A42,0x3A63,
    0x3A62,0x3242,0x3A62,0x3A63,0x3242,0x3242,0x3A61,0x3A82,0x3262,0x3242,0x3A62,0x3A83,0x3243,0x3222,0x3223,0x3222,
    0x3242,0x3221,0x3242,0x3221,0x3221,0x3242,0x3222,0x3242,0x3223,0x3243,0x3222,0x2A02,0x3202,0x3222,0x3202,0x3222,
    0x3222,0x3242,0x3222,0x2A02,0x2A02,0x3223,0x3222,0x29E1,0x52E1,0x5B63,0x2A02,0x3202,0x2A22,0x3221,0x3241,0x2A01,
    0x2A02,0x29E1,0x29C1,0x21C1,0x29E2,0x3222,0x3A63,0x3222,0x2A02,0x29E1,0x3242,0x3A63,0x3242,0x3222,0x3222,0x3242,
    0x29E1,0x3201,0x3A43,0x3223,0x29E2,0x2A02,0x3203,0x29E2,0x3203,0x3202,0x3203,0x2A02,0x29E2,0x29E1,0x29E3,0x3202,
    0x3223,0x3202,0x3223,0x3202,0x3223,0x29E2,0x29E2,0x29E2,0x29E2,0x3222,0x3222,0x3202,0x3243,0x3222,0x29E1,0x3222,
    0x3202,0x29E2,0x3A63,0x3222,0x2A01,0x3222,0x3222,0x3223,0x3202,0x29E1,0x29E1,0x3222,0x3243,0x3A43,0x3242,0x2A02,
    0x3A63,0x3A42,0x3A63,0x3A63,0x3A63,0x3222,0x3242,0x3A22,0x3A42,0x3222,0x3242,0x3A43,0x3242,0x3A42,0x3A82,0x3A62,
    0x3A62,0x3A62,0x3A62,0x3A62,0x3241,0x3A62,0x3A63,0x3A42,0x3A62,0x3A43,0x3A62,0x3A63,0x3A63,0x3A62,0x3A63,0x3242,
    0x3A42,0x3A82,0x3A82,0x42A2,0x3A82,0x3A62,0x42A3,0x42A2,0x42A2,0x3AA2,0x3A63,0x3A63,0x4282,0x3AA2,0x4282,0x3222,
    0x3A62,0x3A42,0x3A82,0x3A82,0x3A82,0x3A82,0x3A61,0x42A2,0x42C3,0x4282,0x3AA2,0x42C3,0x4AE3,0x3A82,0x3A62,0x3A82,
    0x3A82,0x4283,0x42C3,0x42A2,0x3A62,0x42C2,0x3A82,0x3221,0x3A42,0x4283,0x3A81,0x3A81,0x3201,0x3241,0x3A82,0x3221,
    0x2A01,0x3221,0x3222,0x3A63,0x3222,0x3AA2,0x3A41,0x3221,0x29E1,0x3222,0x3A82,0x3A82,0x3A62,0x3262,0x3261,0x3242,
    0x3A42,0x3242,0x3A62,0x3262,0x3A42,0x3A62,0x3242,0x3221,0x3242,0x3A62,0x3242,0x3A82,0x3A62,0x3262,0x3A62,0x3A62,
    0x3A62,0x3241,0x3A62,0x3A62,0x3261,0x42A3,0x42A2,0x42A3,0x3A82,0x3A82,0x3241,0x3A82,0x42A3,0x42A2,0x3A82,0x4AC3,
    0x42C3,0x42C2,0x42A3,0x3AA2,0x42A3,0x42A2,0x3A62,0x42C3,0x42A3,0x3A81,0x3AA3,0x42A2,0x3A82,0x3A81,0x3A82,0x3AA2,
    0x4282,0x3A82,0x3A82,0x3A82,0x3A82,0x3A82,0x42C3,0x3A42,0x3241,0x3221,0x3222,0x3242,0x3201,0x3262,0x3A63,0x3221,
    0x3242,0x3242,0x3242,0x3222,0x2A01,0x3222,0x3201,0x3222,0x2A02,0x29C1,0x29E1,0x3241,0x29E1,0x21A0,0x2A01,0x3222,
    0x3A42,0x3242,0x3221,0x3242,0x3A62,0x3A62,0x3262,0x3A83,0x3221,0x3A63,0x3A82,0x3A63,0x3A62,0x3262,0x3A63,0x3262,
    0x3A82,0x3A62,0x3242,0x3242,0x3A62,0x3262,0x3A63,0x3A62,0x3242,0x3242,0x3222,0x3242,0x3222,0x3222,0x3242,0x3262,
    0x3A63,0x3263,0x3A63,0x3243,0x3202,0x3262,0x3242,0x3A62,0x3A63,0x3242,0x3242,0x3222,0x3202,0x3202,0x3222,0x29C1,
    0x2A02,0x3A42,0x3222,0x2A01,0x3222,0x2A02,0x3201,0x3222,0x2A02,0x3222,0x3223,0x29E2,0x3202,0x3222,0x3222,0x2A02,
    0x3222,0x3222,0x3242,0x21E1,0x2202,0x3242,0x3A43,0x3201,0x4AA2,0x5323,0x2A02,0x29C2,0x3222,0x3221,0x3221,0x29E1,
    0x31E2,0x2A02,0x3222,0x29E2,0x3222,0x3222,0x3223,0x29E2,0x3222,0x3223,0x3222,0x3242,0x3222,0x2A02,0x3202,0x2A02,
    0x3202,0x2A22,0x3202,0x3223,0x3222,0x3223,0x3223,0x2A02,0x29C1,0x2A02,0x3223,0x29C1,0x29C2,0x29E2,0x3222,0x3A64,
    0x3223,0x2A02,0x3223,0x2A02,0x3202,0x3202,0x3202,0x29E2,0x2A02,0x3A43,0x3222,0x2A01,0x3242,0x3242,0x3242,0x3A42,
    0x2A01,0x3222,0x3243,0x3242,0x3222,0x3A62,0x3243,0x3242,0x3223,0x29E1,0x2A22,0x3A63,0x3A63,0x3A63,0x3222,0x2A01,
    0x3A42,0x3242,0x3A62,0x3A62,0x3A42,0x3241,0x3A42,0x3242,0x3222,0x3A42,0x3221,0x3A42,0x3A41,0x3A62,0x3A62,0x3A62,
    0x3A62,0x3241,0x3A42,0x3A61,0x3A62,0x3A61,0x3A41,0x3A62,0x3A62,0x3A62,0x3241,0x3A62,0x3A82,0x4283,0x4283,0x3A62,
    0x3A61,0x42A2,0x4282,0x3A61,0x3A82,0x4281,0x3AA2,0x3A81,0x42C1,0x4282,0x3A82,0x3A61,0x42C2,0x3A80,0x3A81,0x3A41,
    0x3A62,0x3241,0x3A82,0x3A81,0x4281,0x3A60,0x3A61,0x42A1,0x42A2,0x3A81,0x3A61,0x3A81,0x3A62,0x3A61,0x3A42,0x3A61,
    0x3A82,0x4282,0x3A82,0x3A61,0x3261,0x3A61,0x3A62,0x31E1,0x3243,0x3A83,0x3A41,0x3241,0x29E0,0x3221,0x3A62,0x3222,
    0x31E0,0x2A01,0x3222,0x3A41,0x3241,0x3A82,0x3A81,0x2A20,0x2A00,0x2A01,0x3A62,0x3A62,0x3A61,0x3241,0x3221,0x3242,
    0x3241,0x3A62,0x3A61,0x3241,0x3A41,0x3A82,0x3A62,0x3241,0x3A61,0x3AA3,0x3A61,0x3A82,0x3A82,0x42A1,0x3AA1,0x3AA1,
    0x3A81,0x3A82,0x42C2,0x42C2,0x3A81,0x42C2,0x42A2,0x3AA2,0x3A81,0x3A81,0x3A81,0x42A2,0x3AA1,0x42C2,0x3AA2,0x42C2,
    0x42E2,0x42C2,0x3A81,0x42A2,0x42A2,0x3261,0x3A81,0x42A2,0x3A82,0x3A82,0x3A61,0x3A61,0x3262,0x3241,0x3A41,0x3AA3,
    0x3A82,0x3A61,0x3241,0x3A62,0x3A62,0x3A83,0x3A82,0x3A62,0x3221,0x3221,0x3222,0x3221,0x29E1,0x2A01,0x3221,0x2A01,
    0x2A00,0x3220,0x3242,0x3221,0x3241,0x3201,0x3262,0x3A61,0x2A01,0x29E0,0x21A0,0x3241,0x3241,0x3221,0x3221,0x3A61,
    0x3A62,0x3A61,0x3A61,0x3A82,0x3A62,0x3A62,0x3A82,0x3A62,0x3A41,0x3262,0x3A62,0x3A82,0x3241,0x3A41,0x3A62,0x3A62,
    0x3A61,0x3241,0x3241,0x3A62,0x3A62,0x3A62,0x3221,0x3242,0x3A62,0x2A01,0x3201,0x3221,0x2A00,0x3221,0x3221,0x3242,
    0x3A42,0x3241,0x3A42,0x3A43,0x29E1,0x3222,0x3A62,0x3221,0x3242,0x3221,0x3201,0x3241,0x3201,0x2A21,0x2A02,0x2A01,
    0x29E1,0x3243,0x3222,0x29E1,0x3222,0x3202,0x21C0,0x3221,0x3222,0x3A42,0x3222,0x29C1,0x2A02,0x3A62,0x3242,0x3A42,
    0x3221,0x3242,0x3201,0x2A01,0x2A01,0x3242,0x3242,0x3222,0x31E0,0x29C0,0x29E2,0x29C1,0x29E1,0x2A01,0x3222,0x3222,
    0x3221,0x3222,0x3222,0x3222,0x3242,0x3202,0x3202,0x3223,0x3202,0x3243,0x3222,0x3222,0x3242,0x29E2,0x2A01,0x3222,
    0x3A43,0x3223,0x3202,0x2A22,0x3242,0x3222,0x3222,0x3222,0x29E1,0x3202,0x29C2,0x21C1,0x3202,0x3221,0x3A62,0x42A3,
    0x3222,0x3222,0x3202,0x3222,0x2A02,0x3222,0x3222,0x3222,0x3222,0x3A62,0x3242,0x3221,0x3242,0x4282,0x3A62,0x3AA3,
    0x3A62,0x3A43,0x3201,0x3242,0x3A82,0x3A62,0x3A83,0x3A63,0x3222,0x3201,0x3242,0x4283,0x3262,0x3A42,0x3242,0x3222,
    0x3A82,0x3262,0x3262,0x3241,0x3242,0x3221,0x3A82,0x3A62,0x3262,0x3241,0x3242,0x3241,0x3241,0x3261,0x3262,0x3241,
    0x3A82,0x3241,0x3262,0x3A81,0x3281,0x3241,0x2A40,0x3241,0x3261,0x3262,0x3241,0x3A61,0x3A82,0x3AA2,0x3A82,0x3261,
    0x3A62,0x3AA2,0x3A82,0x3282,0x3A61,0x3243,0x3A63,0x3A83,0x3A83,0x3A83,0x3A63,0x3243,0x3A83,0x3A62,0x3242,0x3A63,
    0x3A63,0x3A43,0x3A62,0x3A63,0x3242,0x3222,0x3243,0x3263,0x3242,0x3222,0x3222,0x3A43,0x3242,0x3223,0x3A43,0x3223,
    0x3263,0x3A63,0x3A84,0x3A43,0x3223,0x3222,0x3223,0x29E3,0x3203,0x3A44,0x3A63,0x3243,0x3203,0x3203,0x3A44,0x3244,
    0x3223,0x3203,0x3243,0x3A63,0x3243,0x3A63,0x3243,0x3223,0x3A42,0x3223,0x3223,0x3A64,0x3263,0x3A63,0x3A64,0x3243,
    0x3A83,0x3A83,0x3A63,0x3A63,0x3A83,0x3A83,0x3A63,0x3263,0x42A4,0x3A84,0x3A63,0x3A63,0x3AA4,0x3AA3,0x42A3,0x42A4,
    0x3A83,0x3A82,0x3AA3,0x3AA3,0x3A62,0x3263,0x3A62,0x3A83,0x3A83,0x42A3,0x3A83,0x3A82,0x42A4,0x3A83,0x3A83,0x3A62,
    0x42C3,0x42A3,0x3A82,0x3AA3,0x3A83,0x3242,0x3A63,0x3A84,0x3A63,0x3A63,0x3243,0x3263,0x3A43,0x2A23,0x3243,0x3A64,
    0x3A64,0x3223,0x3223,0x3264,0x3A63,0x3A84,0x3223,0x3243,0x3223,0x3243,0x2A03,0x2A02,0x29E2,0x2A03,0x3203,0x3223,
    0x3222,0x3243,0x3A43,0x3263,0x3A44,0x3223,0x3263,0x3243,0x3243,0x2A02,0x21C2,0x3243,0x3A63,0x3A63,0x3243,0x3263,
    0x3A63,0x3263,0x3242,0x3A63,0x3223,0x2A02,0x3A44,0x3243,0x3243,0x3223,0x3243,0x3A43,0x3223,0x2A23,0x3A63,0x3263,
    0x3243,0x2A01,0x3222,0x3223,0x3243,0x3264,0x3203,0x2A23,0x3A43,0x2A23,0x3203,0x2A23,0x3223,0x3223,0x3223,0x3264,
    0x3223,0x3243,0x2A03,0x3224,0x3224,0x3243,0x3243,0x29E2,0x3223,0x29E3,0x3223,0x3244,0x2A03,0x3203,0x3203,0x3224,
    0x3203,0x3224,0x3224,0x3203,0x3224,0x2A03,0x3223,0x3244,0x3A43,0x3A64,0x2A23,0x29E3,0x29E3,0x3243,0x3243,0x3243,
    0x3243,0x3223,0x29E2,0x2A23,0x2A23,0x3223,0x3223,0x29E3,0x29E3,0x29E4,0x29E3,0x2A03,0x2A04,0x3224,0x3203,0x3264,
    0x3244,0x3223,0x3244,0x3244,0x3223,0x3223,0x3224,0x3224,0x2A04,0x3A44,0x3244,0x3A44,0x3223,0x29C3,0x29E3,0x3A45,
    0x3244,0x2A03,0x3224,0x2A03,0x3A44,0x3243,0x3223,0x3244,0x3223,0x2A04,0x2A03,0x3204,0x2A03,0x3223,0x3263,0x3A63,
    0x3223,0x3223,0x3223,0x3244,0x3243,0x3A44,0x3264,0x3223,0x3A64,0x3A64,0x3243,0x3243,0x3A84,0x3AA4,0x3A43,0x3A84,
    0x3A64,0x3264,0x3224,0x3A63,0x3A64,0x3A64,0x3A64,0x3A64,0x3A64,0x3223,0x3244,0x3A64,0x3A64,0x3A64,0x3263,0x3243,
    0x3BE9,0x548A,0x5CAB,0x5C8A,0x5CAB,0x5CAB,0x5CAB,0x64AB,0x5CAB,0x5CCB,0x5CAB,0x5CCB,0x5CCB,0x5CCB,0x64CB,0x5CEB,
    0x5CAB,0x5CAB,0x5CAB,0x5CAB,0x5CAB,0x5CCA,0x5CAB,0x5CCB,0x5CCA,0x54CA,0x54CA,0x54CA,0x54AA,0x54AA,0x54A9,0x4C89,
    0x4C89,0x4C89,0x4C88,0x4468,0x3C06,0x3393,0x3C1B,0x43F9,0x3C1A,0x3BFA,0x3BFA,0x3BFA,0x3BFA,0x3BFA,0x3BFA,0x3BFA,
    0x3BFA,0x3BFA,0x3BFA,0x3BFA,0x3BFA,0x3BFA,0x3BFA,0x3BFA,0x3BFA,0x3BFA,0x3BFA,0x3BFA,0x3BFA,0x3BFA,0x3BFA,0x3BFA,
    0x3BFA,0x3BFA,0x3BFA,0x3BFA,0x3BFA,0x3BFA,0x3BFA,0x3BFA,0x3BFA,0x3BFA,0x3BFA,0x3BFA,0x3BFA,0x3BFA,0x3BFA,0x3BFA,
    0x3BFA,0x3BFA,0x3BFA,0x3BFA,0x3BFA,0x3C1A,0x3BFA,0x3BFA,0x3C1A,0x3BFA,0x3BFA,0x3C1A,0x3BFA,0x3BFA,0x3BFA,0x3BFA,
    0x43FA,0x3C1A,0x3BFA,0x3C1A,0x3BFA,0x3BFA,0x3C1A,0x3BFA,0x3C1A,0x3BFA,0x3C1A,0x3BFA,0x43FA,0x3BFA,0x3BFA,0x3C1A,
    0x3BFA,0x3BFA,0x43FA,0x3BFA,0x3BFA,0x3BFA,0x3BFA,0x3C1A,0x3BFA,0x3BFA,0x3BFA,0x3BFA,0x3BFA,0x3C1A,0x3BFA,0x3BFA,
    0x3BFA,0x3C1A,0x3BFA,0x3C1A,0x3BFA,0x3BFA,0x3BFA,0x3C1A,0x3BFA,0x3BFA,0x3BFA,0x3BFA,0x3BFA,0x3BFA,0x3BFA,0x3BFA,
    0x3BFA,0x3BFA,0x3BFA,0x3BFA,0x3BFA,0x3BFA,0x3BFA,0x3BFA,0x3BFA,0x3BFA,0x3BFA,0x3BFA,0x3BFA,0x3BFA,0x3C1A,0x3BFA,
    0x3BFA,0x3BFA,0x3BFA,0x3BFA,0x3BFA,0x3BFA,0x3BFA,0x3BFA,0x43FA,0x3BFA,0x3BFA,0x3BFA,0x3BFA,0x3BFA,0x3BFA,0x3BFA,
    0x3BFA,0x3BFA,0x3BFA,0x3BFA,0x3BFA,0x3BFA,0x3BFA,0x3BFA,0x3BFA,0x3BFA,0x3BFA,0x3BFA,0x3BFA,0x3BFA,0x3C1A,0x3BFA,
    0x43FA,0x3BFA,0x3BFA,0x3BFA,0x3BFA,0x3BFA,0x3BFA,0x3BFA,0x3BFA,0x3BFA,0x3BFA,0x3BFA,0x3BFA,0x3BFA,0x3BFA,0x3BFA,
    0x3BFA,0x3BFA,0x3BFA,0x3BFA,0x3BFA,0x3BFA,0x3BFA,0x3BFA,0x3BFA,0x3BFA,0x3BFA,0x3BFA,0x3BFA,0x3C1A,0x3BFA,0x3BFA,
    0x3BFA,0x3BFA,0x3BFA,0x3BFA,0x3BFA,0x3BFA,0x3BFA,0x3C1A,0x3BFA,0x3BFA,0x3BFA,0x3BFA,0x3BFA,0x3BFA,0x3BFA,0x3BFA,
    0x3BFA,0x3BFA,0x3BFA,0x3BFA,0x3BFA,0x3BFA,0x3BFA,0x3BFA,0x3BFA,0x3BFA,0x3BFA,0x3BFA,0x3BFA,0x3BFA,0x3BFA,0x3BFA,
    0x3BFA,0x3BFA,0x3BFA,0x43FA,0x3BFA,0x3BFA,0x3BFA,0x3C1A,0x3BFA,0x3BFA,0x3BFA,0x3BFA,0x3BFA,0x3BFA,0x3BFA,0x3BFA,
    0x3BFA,0x3BFA,0x3BFA,0x3BF9,0x3BFA,0x3BFA,0x3BFA,0x3BFA,0x3C1A,0x43FA,0x3BFA,0x3BFA,0x3BFA,0x3BFA,0x3BFA,0x3BFA,
    0x3BFA,0x3BFA,0x3BFA,0x3BFA,0x3BFA,0x3BFA,0x3C1A,0x3BFA,0x3BFA,0x3BFA,0x3BFA,0x43FA,0x3C1A,0x3BFA,0x3BFA,0x3BFA,
    0x3BFA,0x3BFA,0x3BFA,0x3C1A,0x3BFA,0x3BFA,0x3BFA,0x3BFA,0x3BFA,0x3BFA,0x3C1A,0x3BFA,0x3C1A,0x3BFA,0x3BFA,0x3BFA,
    0x4C8B,0x8E11,0x9E33,0x9632,0x9632,0x9632,0x8632,0x8632,0x8E32,0x8DF1,0x8E11,0x8DF1,0x8DF1,0x8DF1,0x8DF1,0x8DF1,
    0x8DF1,0x8DF0,0x8DF1,0x8DF0,0x85F1,0x8DF1,0x85F0,0x85D0,0x7DEF,0x85CF,0x7DCF,0x75CF,0x7DAE,0x75AE,0x75AE,0x6D8D,
    0x6D6D,0x656C,0x5D2C,0x552A,0x54E9,0x440C,0x33DC,0x33FC,0x33DC,0x33FC,0x3BFC,0x33DC,0x3BFC,0x33DC,0x33FC,0x33FC,
    0x33FC,0x33DC,0x33FC,0x33DC,0x33FC,0x33DC,0x33FC,0x33DC,0x3BFC,0x33DC,0x33FC,0x33DC,0x33FC,0x33FC,0x33FC,0x33FC,
    0x33FC,0x3BDC,0x33FC,0x33FC,0x3BFC,0x33FC,0x33DC,0x33FC,0x33DC,0x33FC,0x33FC,0x33DC,0x33FC,0x33FC,0x33FC,0x33FC,
    0x33FC,0x3BFC,0x33FC,0x33FC,0x3BFC,0x33DC,0x33FC,0x3BFC,0x33DC,0x33FC,0x33FC,0x33DC,0x3BFC,0x33FC,0x33FC,0x33FC,
    0x33FC,0x33DC,0x33FC,0x33FC,0x33FC,0x33FC,0x33DC,0x3BFC,0x33DC,0x3BFC,0x33DC,0x33FC,0x33FC,0x33FC,0x33DC,0x33FC,
    0x3BFC,0x33FC,0x33FC,0x33FC,0x33FC,0x33FC,0x33FC,0x3BDC,0x33FC,0x33FC,0x33FC,0x33FC,0x33DC,0x3BFC,0x33FC,0x33FC,
    0x33FC,0x33DC,0x3BFC,0x33DC,0x3BFC,0x33FC,0x33FC,0x3BDC,0x33FC,0x33FC,0x33FC,0x3BFC,0x33FC,0x33FC,0x3BFC,0x33FC,
    0x33FC,0x33DC,0x33FC,0x3BFC,0x33FC,0x33DC,0x3BFC,0x33FC,0x33FC,0x3BFC,0x33DC,0x33FC,0x3BDC,0x33FC,0x33DC,0x3BFC,
    0x33FC,0x33FC,0x3BFC,0x33FC,0x33FC,0x33FC,0x33FC,0x3BFC,0x33FC,0x33FC,0x33FC,0x3BFC,0x33FC,0x33FC,0x3BFC,0x33FC,
    0x33FC,0x33FC,0x33FC,0x33FC,0x33FC,0x33FC,0x33FC,0x33FC,0x33DC,0x3BFC,0x33FC,0x33FC,0x33FC,0x33FC,0x3BDC,0x33FC,
    0x33FC,0x33FC,0x33FC,0x33FC,0x3BFC,0x33FC,0x33FC,0x33DC,0x33FC,0x3BFC,0x33FC,0x33FC,0x3BFC,0x33FC,0x33FC,0x3BFC,
    0x33FC,0x3BFC,0x33FC,0x33DC,0x33FC,0x3BFC,0x33FC,0x33DC,0x33FC,0x33FC,0x3BFC,0x33FC,0x33FC,0x33DC,0x33FC,0x33FC,
    0x33FC,0x33FC,0x33FC,0x33FC,0x33FC,0x33FC,0x33DC,0x3BFC,0x33FC,0x33DC,0x33FC,0x33DC,0x3BFC,0x33FC,0x3BFC,0x33DC,
    0x33FC,0x33FC,0x33FC,0x33FC,0x3BFC,0x33FC,0x33DC,0x33FC,0x33FC,0x33FC,0x3BFC,0x33DC,0x33FC,0x3BFC,0x33FC,0x33DC,
    0x3BFC,0x33FC,0x33DC,0x33FC,0x33FC,0x33FC,0x33FC,0x33DC,0x3BFC,0x33FC,0x33FC,0x3BFC,0x33DC,0x33FC,0x33FC,0x33FC,
    0x33FC,0x3BDC,0x33FC,0x33FC,0x3BDC,0x33FC,0x3BFC,0x33DC,0x33FC,0x33DC,0x33FC,0x33FC,0x3BFC,0x33FC,0x33FC,0x33FC,
    0x33FC,0x33FC,0x33FC,0x33FC,0x3BFC,0x33FC,0x33DC,0x3BFC,0x33FC,0x33FC,0x33FC,0x33FC,0x3BDC,0x33FC,0x33FC,0x3BFC,
    0x33FC,0x33FC,0x3BDC,0x33FC,0x33FC,0x33DC,0x3BFC,0x33FC,0x33FC,0x33DC,0x3BFC,0x33FC,0x33DC,0x3BFC,0x33FC,0x33DC,
    0x4C6B,0x85CF,0x758E,0x756E,0x6D4D,0x752C,0xB4EA,0xBCEA,0x7CAA,0x5D2C,0x5CEC,0x5D0C,0x650B,0x5D0B,0x5D2C,0x5D2B,
    0x5D2B,0x5D2C,0x550A,0x5D2B,0x5D2B,0x5D2B,0x5D2B,0x5D0A,0x552B,0x5D0B,0x552A,0x4D09,0x4D09,0x4D0A,0x4CE9,0x4CE9,
    0x44C8,0x44C8,0x4488,0x3C67,0x3446,0x2BC5,0x2312,0x22DB,0x22DA,0x22BA,0x22DA,0x22DA,0x22DA,0x22DA,0x22BA,0x22DA,
    0x22DA,0x22DA,0x22DA,0x22DA,0x22DA,0x22DA,0x22BA,0x22DA,0x22DA,0x22DA,0x22DA,0x22DA,0x22DA,0x22BA,0x22DA,0x22BA,
    0x22DA,0x22DA,0x22DA,0x22BA,0x22DA,0x22BA,0x22DA,0x22DA,0x22DA,0x22DA,0x22BA,0x22DA,0x22DA,0x22BA,0x22DA,0x22BA,
    0x22DA,0x22BA,0x22DA,0x22BA,0x22DA,0x22DA,0x22DA,0x22DA,0x22DA,0x22BA,0x22DA,0x22DA,0x22DA,0x22BA,0x22DA,0x22BA,
    0x22DA,0x2ADA,0x22DA,0x22BA,0x22DA,0x22BA,0x22DA,0x22DA,0x22DA,0x22DA,0x22DA,0x22BA,0x22DA,0x22DA,0x2ADA,0x22BA,
    0x22DA,0x22BA,0x22DA,0x22BA,0x22DA,0x22BA,0x22DA,0x22DA,0x22DA,0x22B9,0x22DA,0x22BA,0x22DA,0x22D9,0x22BA,0x22DA,
    0x2ADA,0x22DA,0x22DA,0x22DA,0x22DA,0x22BA,0x22DA,0x22DA,0x22DA,0x22BA,0x22DA,0x22BA,0x22DA,0x22BA,0x22D9,0x22BA,
    0x22DA,0x22D9,0x22DA,0x22BA,0x22DA,0x22DA,0x22BA,0x22DA,0x22BA,0x22DA,0x22DA,0x22DA,0x22DA,0x22DA,0x22DA,0x22DA,
    0x22BA,0x22DA,0x22DA,0x22BA,0x22DA,0x22BA,0x22DA,0x22BA,0x22DA,0x22BA,0x22DA,0x22BA,0x22DA,0x22BA,0x22DA,0x22BA,
    0x22DA,0x22BA,0x22DA,0x22BA,0x22DA,0x22BA,0x22DA,0x22DA,0x22DA,0x22BA,0x22DA,0x22BA,0x22DA,0x22DA,0x22DA,0x22BA,
    0x22DA,0x22BA,0x22DA,0x22BA,0x22DA,0x22BA,0x22DA,0x22DA,0x22DA,0x22BA,0x22DA,0x22BA,0x22DA,0x22BA,0x22DA,0x22BA,
    0x22DA,0x22BA,0x22DA,0x22DA,0x22DA,0x22BA,0x22DA,0x22DA,0x22DA,0x22BA,0x22DA,0x22BA,0x22DA,0x22DA,0x22BA,0x22DA,
    0x22BA,0x22DA,0x22BA,0x22DA,0x22BA,0x22DA,0x22DA,0x22BA,0x22DA,0x22DA,0x22DA,0x22DA,0x22DA,0x22BA,0x22DA,0x22DA,
    0x22DA,0x22BA,0x22DA,0x22BA,0x22DA,0x22DA,0x22DA,0x22BA,0x22DA,0x22BA,0x22DA,0x22DA,0x22DA,0x22BA,0x22DA,0x22DA,
    0x22DA,0x22BA,0x22DA,0x22DA,0x22BA,0x22DA,0x22DA,0x22DA,0x22DA,0x22BA,0x22DA,0x22DA,0x22DA,0x22DA,0x22BA,0x22DA,
    0x22DA,0x22DA,0x22BA,0x22DA,0x22DA,0x22DA,0x22DA,0x22DA,0x22DA,0x22DA,0x22DA,0x22BA,0x22DA,0x22DA,0x22BA,0x22DA,
    0x22BA,0x22DA,0x22BA,0x22DA,0x22BA,0x22DA,0x22DA,0x22DA,0x22BA,0x22DA,0x22DA,0x22BA,0x22DA,0x22DA,0x22BA,0x22DA,
    0x22BA,0x22DA,0x22DA,0x22BA,0x22DA,0x22DA,0x22DA,0x22BA,0x22DA,0x22DA,0x22DA,0x22BA,0x22DA,0x22DA,0x22BA,0x22DA,
    0x4C6B,0x6D4D,0x54EA,0x54CA,0x44EB,0xAC47,0xFCA6,0xFC06,0x8A43,0x4CC7,0x6D87,0x5D47,0x44A9,0x4CC9,0x4487,0x3C67,
    0x3CA7,0x44C8,0x7D6E,0x54CA,0x44C8,0x3CA7,0x3CA7,0x4D09,0x44E7,0x3CA7,0x34A6,0x756D,0x5D0A,0x44C7,0x44E8,0x3CC8,
    0x3CA7,0x3C87,0x3466,0x3426,0x2BE6,0x2BA3,0x232E,0x22BB,0x22DA,0x22BA,0x22DA,0x22BA,0x22BA,0x22DA,0x22BA,0x2ADA,
    0x22BA,0x22BA,0x22BA,0x22BA,0x22BA,0x2ADA,0x22BA,0x22D9,0x22BA,0x22BA,0x22BA,0x22D9,0x2ABA,0x22DA,0x22B9,0x2ADA,
    0x22BA,0x22B9,0x22DA,0x22BA,0x22D9,0x22BA,0x22DA,0x22BA,0x22BA,0x22DA,0x22BA,0x2ADA,0x22BA,0x22DA,0x2ABA,0x22D9,
    0x22BA,0x22DA,0x22BA,0x22DA,0x22BA,0x22BA,0x22BA,0x22BA,0x22DA,0x22BA,0x22D9,0x22BA,0x22DA,0x22BA,0x22DA,0x2ABA,
    0x22DA,0x22BA,0x22BA,0x22DA,0x22BA,0x2ADA,0x22B9,0x22DA,0x22BA,0x22BA,0x22DA,0x22BA,0x2ADA,0x22BA,0x22BA,0x22D9,
    0x22BA,0x22DA,0x22BA,0x22DA,0x2ABA,0x22DA,0x22B9,0x22BA,0x22DA,0x22BA,0x2ADA,0x22BA,0x22DA,0x22BA,0x22DA,0x22BA,
    0x22BA,0x22BA,0x22BA,0x22BA,0x22DA,0x22BA,0x22DA,0x22BA,0x22DA,0x22BA,0x22DA,0x22BA,0x22D9,0x22BA,0x22DA,0x22BA,
    0x22DA,0x22BA,0x22BA,0x22DA,0x22BA,0x22DA,0x22BA,0x22DA,0x22BA,0x22DA,0x22BA,0x22BA,0x22BA,0x22DA,0x22BA,0x22BA,
    0x22DA,0x22BA,0x22DA,0x22B9,0x22DA,0x22BA,0x22D9,0x22BA,0x22DA,0x22BA,0x22D9,0x22BA,0x22DA,0x22BA,0x22D9,0x22BA,
    0x22DA,0x2AB9,0x22DA,0x22BA,0x2ADA,0x22B9,0x22DA,0x2ABA,0x22D9,0x22BA,0x22DA,0x22B9,0x22DA,0x22BA,0x22BA,0x22DA,
    0x22BA,0x22DA,0x22BA,0x22DA,0x22BA,0x22DA,0x22BA,0x2ABA,0x22D9,0x22BA,0x22DA,0x22BA,0x22D9,0x22BA,0x22DA,0x22BA,
    0x22DA,0x22BA,0x22D9,0x22BA,0x22BA,0x22DA,0x22BA,0x22BA,0x22DA,0x22BA,0x22DA,0x22BA,0x22D9,0x2ABA,0x22DA,0x22BA,
    0x22DA,0x2ABA,0x22DA,0x22BA,0x22DA,0x2ABA,0x22DA,0x22BA,0x22DA,0x22BA,0x22BA,0x22BA,0x22DA,0x22BA,0x22DA,0x22BA,
    0x22DA,0x2ABA,0x22DA,0x22BA,0x22BA,0x22BA,0x22D9,0x22BA,0x22DA,0x22BA,0x22DA,0x22BA,0x22BA,0x22DA,0x22BA,0x22BA,
    0x22DA,0x22BA,0x22DA,0x22BA,0x22DA,0x2ABA,0x22BA,0x22BA,0x22DA,0x22BA,0x22DA,0x22BA,0x22BA,0x22DA,0x22BA,0x2ABA,
    0x22B9,0x22DA,0x22BA,0x22DA,0x22BA,0x22BA,0x22BA,0x22BA,0x22BA,0x22BA,0x2ADA,0x22BA,0x22DA,0x22BA,0x22DA,0x22BA,
    0x2ADA,0x22BA,0x22DA,0x22BA,0x22DA,0x22BA,0x22BA,0x22DA,0x22BA,0x22D9,0x22BA,0x22DA,0x22BA,0x22DA,0x22BA,0x22DA,
    0x22BA,0x22DA,0x22BA,0x22DA,0x22BA,0x22B9,0x22DA,0x22BA,0x22DA,0x22BA,0x22B9,0x22DA,0x22BA,0x22DA,0x22BA,0x22DA,
    0x3C4A,0x650B,0x4CA9,0x44A8,0x4C88,0xE3C2,0xE465,0xE2C3,0x5A83,0x7581,0xA780,0x64C5,0x3C68,0x44A7,0x7DAF,0xBE96,
    0x95F1,0x6D0C,0xFFDE,0x95D1,0x5CEA,0xBED6,0xAE74,0x4CA8,0x7DCF,0xA633,0xAE54,0xEF9D,0xC6B8,0x3C86,0x4D29,0x4508,
    0x44E8,0x3CC7,0x3C87,0x3446,0x2C05,0x2383,0x230B,0x22DC,0x22DA,0x22DA,0x22DA,0x22DA,0x22DA,0x2ADA,0x22DA,0x22BA,
    0x22DA,0x22DA,0x2ADA,0x22DA,0x22DA,0x22DA,0x22DA,0x22DA,0x22DA,0x22DA,0x2ADA,0x22DA,0x22DA,0x22DA,0x22DA,0x22DA,
    0x22DA,0x22DA,0x22DA,0x2ADA,0x22DA,0x22DA,0x22DA,0x2ADA,0x22DA,0x22DA,0x22DA,0x22DA,0x22DA,0x22DA,0x22DA,0x22DA,
    0x22DA,0x22DA,0x2ADA,0x22DA,0x22DA,0x22DA,0x2ADA,0x22DA,0x22DA,0x2ADA,0x22DA,0x22BA,0x2ADA,0x22DA,0x22DA,0x22DA,
    0x22BA,0x22DA,0x22DA,0x22DA,0x22DA,0x22DA,0x22DA,0x22BA,0x22DA,0x22DA,0x2ADA,0x22DA,0x22BA,0x22DA,0x22DA,0x22DA,
    0x22DA,0x22DA,0x2ADA,0x22DA,0x22DA,0x22DA,0x22DA,0x22DA,0x2ADA,0x22DA,0x22DA,0x22DA,0x22DA,0x2ADA,0x22DA,0x22DA,
    0x22DA,0x22DA,0x22DA,0x22DA,0x22DA,0x2ADA,0x22BA,0x22DA,0x2ADA,0x22DA,0x22DA,0x2ADA,0x22DA,0x22DA,0x22DA,0x22DA,
    0x2ABA,0x22DA,0x22DA,0x22DA,0x2ADA,0x22DA,0x22DA,0x22DA,0x2ADA,0x22BA,0x22DA,0x22DA,0x2ADA,0x22DA,0x22DA,0x22DA,
    0x22DA,0x2ADA,0x22BA,0x22DA,0x2ADA,0x22DA,0x22DA,0x2ADA,0x22DA,0x22DA,0x22DA,0x2ADA,0x22DA,0x22DA,0x22DA,0x2ADA,
    0x22DA,0x22DA,0x22DA,0x22DA,0x22DA,0x22DA,0x22BA,0x22DA,0x22DA,0x22DA,0x22DA,0x2ADA,0x22BA,0x22DA,0x2ADA,0x22DA,
    0x22DA,0x2ADA,0x22DA,0x22DA,0x22DA,0x2ADA,0x22DA,0x22DA,0x22DA,0x22DA,0x22DA,0x22DA,0x2ADA,0x22DA,0x22DA,0x22DA,
    0x22DA,0x22DA,0x2ABA,0x22DA,0x22DA,0x22DA,0x2ADA,0x22DA,0x22DA,0x2ADA,0x22DA,0x22DA,0x22DA,0x22DA,0x22DA,0x2ADA,
    0x22DA,0x22DA,0x22DA,0x22DA,0x22DA,0x22DA,0x22DA,0x22DA,0x22BA,0x2ADA,0x22DA,0x22DA,0x2ADA,0x22DA,0x22DA,0x22BA,
    0x22DA,0x22DA,0x22DA,0x22DA,0x22DA,0x2ADA,0x22DA,0x22DA,0x2ADA,0x22DA,0x22BA,0x22DA,0x2ADA,0x22DA,0x22DA,0x22DA,
    0x2ADA,0x22DA,0x22DA,0x2ADA,0x22DA,0x22DA,0x22DA,0x22DA,0x22DA,0x2ADA,0x22BA,0x22DA,0x22DA,0x2ADA,0x22DA,0x22DA,
    0x22DA,0x22DA,0x22DA,0x22DA,0x22DA,0x22DA,0x22DA,0x2ADA,0x22DA,0x22DA,0x22DA,0x22DA,0x22BA,0x22DA,0x2ADA,0x22DA,
    0x22DA,0x22DA,0x22DA,0x2ADA,0x22DA,0x22DA,0x22DA,0x2ADA,0x22DA,0x22BA,0x2ADA,0x22DA,0x22DA,0x2ADA,0x22DA,0x22DA,
    0x22DA,0x22BA,0x2ADA,0x22DA,0x22DA,0x2ADA,0x22DA,0x22DA,0x22BA,0x2ADA,0x22DA,0x22DA,0x22DA,0x22DA,0x2ADA,0x22DA,
    0x3C09,0x54EA,0x4488,0x3CA7,0x4488,0x7392,0x73F5,0x5A2D,0x4B43,0x7E22,0x8682,0x4346,0x3CA7,0x4CE8,0xF7BE,0xA572,
    0xBDF5,0x8D0E,0xDF1A,0x5C08,0x856E,0xAD93,0xE71B,0x6CCB,0xB6B5,0xE6DA,0x7C8C,0xE71B,0x84CC,0x44C7,0x4549,0x4528,
    0x4528,0x44E8,0x3CC7,0x3C67,0x3406,0x2384,0x1B09,0x22FB,0x2ADA,0x22FA,0x2ADB,0x22DA,0x2ADA,0x22DB,0x22FA,0x22DA,
    0x2AFB,0x22DA,0x22FA,0x22DB,0x2ADA,0x22DA,0x2ADB,0x22DA,0x2AFB,0x22DA,0x22DB,0x22DA,0x22DB,0x2ADB,0x22DA,0x22DB,
    0x2AFB,0x22DA,0x22DB,0x22DB,0x22DA,0x2ADB,0x22DA,0x22DB,0x22DA,0x2ADB,0x22DA,0x2ADB,0x22DA,0x22DB,0x2ADA,0x22DB,
    0x2ADA,0x22DB,0x22DA,0x22DB,0x2AFA,0x22DB,0x22FA,0x22DB,0x22DA,0x22DB,0x2AFA,0x22DB,0x22FA,0x22DB,0x2ADA,0x22FA,
    0x22DB,0x2AFA,0x22DB,0x2ADA,0x22DA,0x2ADB,0x22FA,0x2ADB,0x22FA,0x22DB,0x22DA,0x22FB,0x22DA,0x2AFA,0x22DB,0x22DA,
    0x2ADB,0x22DA,0x22DB,0x22DA,0x22DB,0x2ADA,0x22FB,0x22DA,0x22DB,0x22DA,0x22DB,0x2ADA,0x22DB,0x22DA,0x22DB,0x2ADA,
    0x22FB,0x2ADA,0x22FB,0x2ADA,0x22DB,0x22FA,0x22DB,0x22FA,0x22DB,0x2ADA,0x22DB,0x22DA,0x22DB,0x2ADB,0x22DA,0x2AFB,
    0x22DA,0x22FB,0x2ADA,0x22DB,0x22DA,0x22DB,0x2ADA,0x22DA,0x22FB,0x22DA,0x2AFB,0x22DA,0x22DA,0x22DB,0x2ADA,0x22FA,
    0x2ADB,0x22DA,0x22FB,0x22DA,0x22DB,0x2ADB,0x22DA,0x22DB,0x22DA,0x2ADB,0x22DB,0x22DA,0x22DB,0x2ADA,0x22DB,0x22DB,
    0x22DA,0x22DB,0x2ADB,0x22DA,0x22DB,0x2AFB,0x22DA,0x22FB,0x2ADB,0x22DA,0x22DB,0x22FB,0x2ADA,0x22FB,0x22DA,0x22DB,
    0x22DA,0x22DB,0x2ADA,0x22DB,0x22DA,0x22DB,0x22FA,0x22DB,0x2ADA,0x22DB,0x2ADA,0x22DB,0x22DB,0x22DA,0x2ADB,0x22DA,
    0x2ADB,0x22FA,0x22DB,0x22FA,0x2ADB,0x22DA,0x22FB,0x22DA,0x2ADB,0x22DA,0x22DB,0x2ADA,0x22DB,0x2ADA,0x22DB,0x22DA,
    0x22DB,0x22DA,0x2ADB,0x22DA,0x2ADB,0x22DA,0x22DB,0x2AFA,0x22DB,0x22FA,0x22DB,0x2AFA,0x22DB,0x22DA,0x2AFB,0x22DA,
    0x2AFB,0x22DA,0x2ADB,0x22DA,0x22FB,0x22DA,0x22DB,0x2ADA,0x22DB,0x22FA,0x2ADB,0x22FA,0x22DA,0x22DB,0x2AFA,0x22DA,
    0x22DB,0x22DA,0x2ADA,0x22DB,0x22DA,0x22FA,0x2ADB,0x22DA,0x22DB,0x22FA,0x22DB,0x2AFA,0x22DB,0x22DA,0x22DB,0x22FA,
    0x2ADB,0x22DA,0x2ADB,0x22DA,0x2ADB,0x22FA,0x2ADB,0x22FA,0x22DB,0x2ADA,0x22DB,0x22FA,0x2ADB,0x22FA,0x22DA,0x22DB,
    0x22DA,0x2ADB,0x22DA,0x22DA,0x22FB,0x2ADA,0x22DA,0x22DB,0x22FA,0x2ADB,0x22FA,0x22DB,0x22DA,0x22DB,0x2ADA,0x22DA,
    0x2AFB,0x22DA,0x22FB,0x22DA,0x22DB,0x22FA,0x22DB,0x2ADA,0x22FB,0x22DA,0x22FB,0x2ADA,0x22DB,0x2ADA,0x22DB,0x22DA,
    0x33E8,0x44E8,0x3CA7,0x34C5,0x4451,0x6C9F,0x8D5F,0x3296,0x8C42,0x9D44,0xA4C5,0x3B87,0x3D27,0x44E7,0x9D91,0xC635,
    0x954F,0x7CCD,0xC676,0x33C3,0xB695,0xC636,0xE75C,0x6CAA,0xD6F9,0x6408,0x5467,0xD6D9,0x43E5,0x4D69,0x4D69,0x4D48,
    0x4549,0x4508,0x3CC7,0x3C87,0x3426,0x2383,0x2309,0x2B1B,0x22FB,0x22FB,0x2AFA,0x22FB,0x22FB,0x2AFA,0x22FB,0x2AFB,
    0x22FA,0x22FB,0x2AFB,0x22FA,0x22FB,0x2AFB,0x22FB,0x22FB,0x22FA,0x2AFB,0x22FB,0x2AFB,0x22FA,0x22FB,0x2AFB,0x22FA,
    0x22FB,0x2AFB,0x22FA,0x2AFB,0x22FB,0x2AFA,0x22FB,0x2AFB,0x22FA,0x2AFB,0x22FA,0x22FB,0x2AFA,0x22FB,0x22FB,0x2AFA,
    0x22FB,0x22FB,0x2AFA,0x22FB,0x22FA,0x2AFB,0x22FA,0x2AFB,0x2AFA,0x22FB,0x22FB,0x2AFA,0x22FB,0x2AFA,0x22FB,0x2AFB,
    0x22FA,0x22FB,0x2AFA,0x22FB,0x22FB,0x22FB,0x2AFB,0x22FA,0x2AFB,0x22FB,0x2AFA,0x22FB,0x2AFB,0x22FB,0x2AFA,0x22FB,
    0x22FB,0x2AFA,0x22FB,0x2AFA,0x22FB,0x22FB,0x2AFA,0x2AFB,0x22FB,0x2AFB,0x22FA,0x22FB,0x2AFB,0x22FA,0x2AFB,0x22FA,
    0x22FB,0x2AFA,0x22FB,0x22FA,0x2AFB,0x22FA,0x2AFB,0x2AFB,0x22FA,0x22FB,0x2AFA,0x22FB,0x2AFA,0x22FB,0x22FB,0x22FA,
    0x2AFB,0x22FB,0x22FA,0x2AFB,0x22FB,0x2AFA,0x22FB,0x2AFB,0x22FA,0x2AFB,0x22FA,0x2AFB,0x22FB,0x2AFA,0x22FB,0x22FB,
    0x22FA,0x2AFB,0x22FB,0x2AFA,0x22FB,0x22FA,0x2AFB,0x22FB,0x2AFB,0x22FA,0x2AFB,0x22FB,0x2AFA,0x22FB,0x2AFA,0x22FB,
    0x2AFB,0x22FA,0x22FB,0x2AFA,0x22FB,0x22FA,0x2AFB,0x22FA,0x22FB,0x2AFB,0x22FA,0x2AFB,0x22FA,0x22FB,0x2AFB,0x2AFA,
    0x22FB,0x2AFA,0x22FB,0x2AFB,0x22FA,0x2AFB,0x2AFB,0x22FA,0x22FB,0x2AFB,0x22FB,0x2AFA,0x22FB,0x2AFA,0x22FB,0x22FB,
    0x2AFA,0x22FB,0x2AFB,0x22FB,0x22FA,0x2AFB,0x22FB,0x2AFA,0x22FB,0x22FA,0x2AFB,0x22FB,0x22FA,0x22FB,0x2AFB,0x22FA,
    0x2AFB,0x22FB,0x22FA,0x2AFB,0x22FA,0x2AFB,0x22FA,0x22FB,0x2AFA,0x22FB,0x2AFA,0x22FB,0x22FA,0x2AFB,0x22FA,0x22FB,
    0x22FA,0x2AFB,0x22FA,0x2AFB,0x22FA,0x2AFB,0x22FB,0x22FA,0x2AFB,0x22FB,0x22FA,0x2AFB,0x22FB,0x2AFA,0x22FB,0x2AFB,
    0x22FA,0x2AFB,0x22FB,0x22FA,0x2AFB,0x22FB,0x22FA,0x2AFB,0x22FA,0x2AFB,0x22FB,0x22FA,0x2AFB,0x22FB,0x2AFA,0x22FB,
    0x22FB,0x2AFB,0x22FA,0x22FB,0x2AFA,0x22FB,0x22FA,0x2AFB,0x22FA,0x22FB,0x2AFA,0x22FB,0x22FA,0x2AFB,0x22FB,0x2AFA,
    0x22FB,0x22FA,0x2AFB,0x22FB,0x2AFA,0x22FB,0x2AFB,0x22FA,0x2AFB,0x22FB,0x22FB,0x2AFA,0x2AFB,0x22FA,0x22FB,0x2AFB,
    0x22FA,0x22FB,0x2AFA,0x2AFB,0x22FA,0x2AFB,0x22FB,0x2AFA,0x22FB,0x2AFB,0x22FA,0x2AFB,0x22FB,0x22FA,0x2AFB,0x22FB,
    0x33E8,0x3CC7,0x3CA7,0x34C5,0x4BF7,0x7C9D,0x63FE,0x52AD,0xD560,0xFEE1,0xB544,0x2C27,0x3D87,0x4D89,0xBE35,0xBE15,
    0xCED8,0x854E,0xEF5C,0x64C9,0xEFBD,0xCE77,0xE73B,0x6469,0xE71B,0x4C67,0x6DCD,0xFF9E,0x6D2B,0x4568,0x4D89,0x4D69,
    0x4548,0x4528,0x44E7,0x34A7,0x3426,0x2B83,0x1B2C,0x2B1C,0x22FA,0x2AFB,0x22FB,0x2AFB,0x22FB,0x231B,0x2AFB,0x22FB,
    0x2AFB,0x22FB,0x2AFB,0x22FB,0x2B1B,0x22FA,0x231B,0x2AFA,0x22FB,0x2AFB,0x231A,0x22FB,0x2AFB,0x231A,0x2AFB,0x22FB,
    0x2AFA,0x22FB,0x2B1B,0x22FA,0x2AFB,0x231B,0x22FB,0x2B1A,0x22FB,0x231B,0x2AFB,0x231B,0x22FB,0x2B1A,0x22FB,0x231B,
    0x2AFB,0x231B,0x2AFB,0x22FB,0x2AFB,0x22FB,0x2AFB,0x22FB,0x22FB,0x2AFA,0x22FB,0x22FB,0x2AFB,0x22FB,0x22FB,0x22FB,
    0x2AFB,0x22FB,0x22FB,0x2B1B,0x22FA,0x2AFB,0x22FA,0x22FB,0x22FB,0x2AFB,0x22FB,0x2AFA,0x22FB,0x22FB,0x22FB,0x2B1B,
    0x22FB,0x2B1B,0x22FB,0x231B,0x2AFA,0x22FB,0x22FB,0x22FB,0x2B1A,0x22FB,0x2AFB,0x231B,0x2AFA,0x231B,0x22FB,0x2AFB,
    0x22FB,0x22FB,0x2AFB,0x22FB,0x22FB,0x2AFB,0x22FA,0x22FB,0x2AFB,0x22FB,0x231B,0x2AFB,0x231B,0x2AFA,0x22FB,0x2AFB,
    0x22FB,0x2AFB,0x22FB,0x231A,0x2AFB,0x231B,0x22FB,0x22FB,0x2AFB,0x22FB,0x22FB,0x231B,0x2AFB,0x22FB,0x2B1B,0x22FB,
    0x2AFB,0x22FA,0x22FB,0x2B1B,0x22FB,0x2B1B,0x22FB,0x231A,0x22FB,0x2B1B,0x22FA,0x231B,0x22FB,0x2B1B,0x22FB,0x231A,
    0x2AFB,0x231B,0x2AFB,0x231B,0x2AFB,0x22FB,0x2AFB,0x22FB,0x2AFA,0x22FB,0x2AFB,0x22FB,0x2AFB,0x22FA,0x22FB,0x231B,
    0x2AFB,0x231B,0x22FA,0x231B,0x2AFB,0x22FB,0x22FA,0x2AFB,0x231B,0x22FA,0x22FB,0x231B,0x2AFB,0x231B,0x2AFA,0x22FB,
    0x231B,0x2AFB,0x22FA,0x2AFB,0x22FB,0x2AFB,0x22FA,0x22FB,0x2B1B,0x22FB,0x22FA,0x2B1B,0x22FB,0x2B1B,0x22FB,0x231B,
    0x2AFA,0x231B,0x2AFB,0x231B,0x22FB,0x22FB,0x2B1B,0x22FB,0x2AFB,0x22FB,0x22FB,0x2AFB,0x22FB,0x22FB,0x2AFB,0x22FB,
    0x2AFB,0x22FB,0x22FB,0x22FB,0x2AFB,0x22FA,0x2B1B,0x22FB,0x22FB,0x2AFA,0x22FB,0x22FB,0x2AFB,0x22FB,0x22FB,0x22FB,
    0x2B1B,0x22FB,0x22FB,0x2B1B,0x22FB,0x2AFB,0x22FB,0x2AFB,0x22FB,0x2AFA,0x22FB,0x2AFB,0x22FA,0x2AFB,0x22FB,0x2AFB,
    0x22FA,0x231B,0x2AFB,0x22FB,0x231B,0x2AFB,0x22FB,0x22FB,0x2AFB,0x231B,0x22FB,0x2AFB,0x22FB,0x2AFB,0x22FB,0x231B,
    0x2AFB,0x231B,0x2AFB,0x22FB,0x22FB,0x2AFB,0x231B,0x22FB,0x22FB,0x2AFA,0x22FB,0x22FB,0x231B,0x2AFB,0x22FB,0x22FB,
    0x2AFB,0x22FB,0x22FB,0x22FB,0x2AFB,0x22FB,0x2AFB,0x22FB,0x22FA,0x2AFB,0x22FB,0x22FB,0x2B1B,0x22FB,0x22FA,0x2B1B,
    0x2BE7,0x3CA7,0x34C6,0x34E7,0x3BE8,0x3367,0x2AAB,0x6366,0xDD81,0xE622,0x6C46,0x34E7,0x45A8,0x4547,0x858F,0x9590,
    0x5C68,0x54C8,0x9590,0x5CC9,0x7D4D,0x952F,0x74EC,0x5CC9,0x7D2D,0x4CE7,0x5549,0x8D6F,0x6D0C,0x4548,0x4D89,0x4D69,
    0x4548,0x4528,0x3CC8,0x3C86,0x3426,0x2363,0x2351,0x2B1D,0x231A,0x2B1B,0x231B,0x2B1B,0x2B1A,0x231B,0x2B1B,0x231A,
    0x2B1B,0x231B,0x2B1A,0x2B1B,0x231B,0x2B1B,0x2B1B,0x2B1B,0x231B,0x2B1B,0x2B1B,0x2B1B,0x231B,0x2B1B,0x2B1B,0x231B,
    0x2B1B,0x2B1B,0x231B,0x2B1B,0x231B,0x2B1B,0x2B1B,0x231B,0x2B1B,0x2B1B,0x231B,0x2B1A,0x2B1B,0x2B1B,0x2B1B,0x2B1B,
    0x231A,0x2B1B,0x231B,0x2B1A,0x2B1B,0x231B,0x2B1A,0x2B1B,0x231B,0x2B1B,0x2B1B,0x2B1B,0x231B,0x2B1B,0x2B1A,0x2B1B,
    0x231B,0x2B1A,0x2B1B,0x231B,0x2B1B,0x2B1B,0x231B,0x2B1B,0x2B1B,0x231A,0x2B1B,0x231B,0x2B1B,0x2B1A,0x2B1B,0x231B,
    0x2B1A,0x231B,0x2B1B,0x2B1B,0x2B1B,0x2B1B,0x2B1B,0x2B1B,0x231B,0x2B1B,0x2B1B,0x231B,0x2B1B,0x2B1B,0x2B1B,0x231B,
    0x2B1A,0x2B1B,0x231B,0x2B1B,0x2B1A,0x231B,0x2B1B,0x2B1B,0x231B,0x2B1B,0x2B1B,0x231A,0x2B1B,0x231B,0x2B1B,0x231B,
    0x2B1A,0x231B,0x2B1B,0x2B1B,0x231B,0x2B1B,0x2B1A,0x2B1B,0x231B,0x2B1A,0x2B1B,0x2B1B,0x231A,0x2B1B,0x231B,0x2B1A,
    0x231B,0x2B1B,0x2B1B,0x231B,0x2B1B,0x231A,0x2B1B,0x2B1B,0x2B1B,0x231B,0x2B1B,0x2B1B,0x2B1B,0x231B,0x2B1B,0x2B1B,
    0x231B,0x2B1B,0x231A,0x2B1B,0x2B1B,0x231A,0x2B1B,0x2B1B,0x231B,0x2B1B,0x231B,0x2B1A,0x231B,0x2B1B,0x2B1B,0x2B1B,
    0x231B,0x2B1B,0x2B1B,0x2B1B,0x231B,0x2B1B,0x2B1B,0x231B,0x2B1B,0x2B1B,0x2B1B,0x2B1B,0x231A,0x2B1B,0x231B,0x2B1B,
    0x2B1B,0x231B,0x2B1B,0x231B,0x2B1B,0x231B,0x2B1B,0x2B1B,0x231B,0x2B1B,0x2B1B,0x2B1B,0x231B,0x2B1A,0x2B1B,0x2B1B,
    0x231B,0x2B1B,0x231B,0x2B1A,0x2B1B,0x2B1B,0x231A,0x2B1B,0x231B,0x2B1B,0x2B1A,0x231B,0x2B1B,0x2B1B,0x231A,0x2B1B,
    0x2B1B,0x231B,0x2B1A,0x2B1B,0x231B,0x2B1B,0x2B1B,0x2B1B,0x2B1B,0x231B,0x2B1B,0x2B1B,0x231A,0x2B1B,0x2B1B,0x2B1A,
    0x231B,0x2B1B,0x2B1A,0x231B,0x2B1B,0x231A,0x2B1B,0x231B,0x2B1B,0x231B,0x2B1B,0x2B1B,0x231B,0x2B1B,0x231B,0x2B1B,
    0x2B1B,0x2B1B,0x231B,0x2B1A,0x2B1B,0x231B,0x2B1B,0x2B1A,0x231B,0x2B1B,0x2B1B,0x2B1A,0x231B,0x2B1B,0x2B1A,0x2B1B,
    0x231B,0x2B1A,0x231B,0x2B1B,0x2B1A,0x231B,0x2B1B,0x2B1A,0x2B1B,0x231B,0x2B1B,0x2B1B,0x2B1A,0x231B,0x2B1B,0x2B1A,
    0x231B,0x2B1B,0x2B1A,0x2B1B,0x231B,0x2B1A,0x231B,0x2B1B,0x2B1B,0x231B,0x2B1B,0x2B1A,0x231B,0x2B1B,0x2B1B,0x231B,
    0x2BA7,0x3486,0x34A6,0x34C6,0x34E6,0x3506,0x3485,0x33E6,0x4BC6,0x4386,0x3C47,0x3D67,0x3D67,0x3D88,0x3CC5,0x3485,
    0x4527,0x4568,0x3CC5,0x4548,0x3D06,0x3CA6,0x44E6,0x4D68,0x4507,0x4D89,0x4D89,0x44A6,0x4507,0x4D69,0x4D69,0x4D49,
    0x4528,0x44E8,0x44C7,0x3467,0x3406,0x2345,0x2357,0x2B1C,0x2B3B,0x2B1B,0x233B,0x2B1B,0x233B,0x2B1B,0x2B3B,0x231B,
    0x2B3B,0x2B1B,0x233B,0x2B1B,0x2B3B,0x231B,0x2B1B,0x233B,0x2B1B,0x233B,0x2B1B,0x233B,0x2B1B,0x233B,0x2B1B,0x2B3B,
    0x231B,0x2B3B,0x231B,0x2B3B,0x2B1B,0x233B,0x2B1B,0x2B3B,0x231B,0x2B1B,0x2B3B,0x231B,0x2B1B,0x233B,0x231B,0x2B1B,
    0x2B3B,0x231B,0x2B3B,0x231B,0x2B3B,0x2B3B,0x231B,0x2B3B,0x2B3B,0x231B,0x2B3B,0x233B,0x2B1B,0x233B,0x2B3B,0x231B,
    0x2B3B,0x2B3B,0x231B,0x2B3B,0x231B,0x2B3B,0x2B3B,0x231B,0x2B3B,0x2B3B,0x2B1B,0x2B3B,0x233B,0x2B1B,0x233B,0x2B1B,
    0x2B3B,0x2B1B,0x231B,0x2B3B,0x231B,0x2B3B,0x231B,0x2B3B,0x2B1B,0x233B,0x2B1B,0x2B3B,0x231B,0x2B3B,0x231B,0x2B3B,
    0x2B1B,0x233B,0x2B3B,0x2B1B,0x233B,0x2B3B,0x231B,0x2B3B,0x2B3B,0x231B,0x2B3B,0x2B1B,0x233B,0x2B1B,0x2B3B,0x2B1B,
    0x233B,0x2B3B,0x2B1B,0x233B,0x2B1B,0x2B3B,0x231B,0x2B3B,0x2B1B,0x233B,0x2B1B,0x233B,0x2B1B,0x2B3B,0x2B1B,0x233B,
    0x2B1B,0x2B3B,0x231B,0x2B3B,0x2B1B,0x2B1B,0x233B,0x2B1B,0x231B,0x2B3B,0x231B,0x2B1B,0x233B,0x2B1B,0x231B,0x2B3B,
    0x2B1B,0x231B,0x2B3B,0x231B,0x2B3B,0x2B1B,0x233B,0x2B1B,0x2B3B,0x233B,0x2B1B,0x2B3B,0x2B3B,0x231B,0x2B3B,0x231B,
    0x2B3B,0x231B,0x2B1B,0x233B,0x2B1B,0x233B,0x2B1B,0x2B3B,0x231B,0x2B3B,0x231B,0x2B3B,0x2B1B,0x231B,0x2B3B,0x2B1B,
    0x233B,0x2B1B,0x2B3B,0x2B1B,0x233B,0x2B3B,0x2B1B,0x233B,0x2B1B,0x2B3B,0x231B,0x2B3B,0x2B1B,0x231B,0x2B3B,0x231B,
    0x2B1B,0x2B3B,0x2B1B,0x231B,0x2B3B,0x231B,0x2B3B,0x2B1B,0x2B3B,0x231B,0x2B3B,0x2B1B,0x233B,0x2B3B,0x2B1B,0x233B,
    0x2B3B,0x2B1B,0x233B,0x2B3B,0x2B1B,0x233B,0x2B1B,0x233B,0x2B1B,0x2B3B,0x233B,0x2B1B,0x2B3B,0x233B,0x2B1B,0x233B,
    0x2B1B,0x233B,0x2B1B,0x2B3B,0x231B,0x2B3B,0x2B1B,0x2B3B,0x233B,0x2B1B,0x233B,0x2B3B,0x2B1B,0x233B,0x2B3B,0x231B,
    0x2B3B,0x231B,0x2B3B,0x2B1B,0x233B,0x2B1B,0x2B3B,0x231B,0x2B3B,0x2B1B,0x233B,0x2B1B,0x2B3B,0x231B,0x2B3B,0x231B,
    0x2B3B,0x2B1B,0x2B3B,0x231B,0x2B3B,0x2B1B,0x233B,0x2B1B,0x233B,0x2B1B,0x2B3B,0x231B,0x2B3B,0x2B1B,0x233B,0x2B3B,
    0x2B1B,0x233B,0x2B3B,0x231B,0x2B3B,0x2B3B,0x2B1B,0x233B,0x2B3B,0x2B3B,0x231B,0x2B3B,0x2B1B,0x233B,0x2B1B,0x2B3B,
    0x2386,0x2C05,0x2C65,0x3485,0x3486,0x34A5,0x34C6,0x34C6,0x34C6,0x2CC6,0x3CE6,0x34E7,0x3CE6,0x3D07,0x3D27,0x4548,
    0x3D47,0x4528,0x4568,0x4548,0x4D48,0x4569,0x4D49,0x4549,0x4D29,0x4528,0x4D09,0x4D29,0x4D09,0x44E8,0x44E8,0x44C8,
    0x44A8,0x3C87,0x3C67,0x3406,0x2B84,0x236A,0x2B5B,0x231B,0x231B,0x2B1B,0x231B,0x2B1B,0x231C,0x2B1B,0x231B,0x2B1B,
    0x231B,0x2B1C,0x231B,0x231B,0x2B1B,0x233B,0x2B1B,0x231B,0x2B1B,0x231B,0x2B1B,0x231B,0x2B1B,0x231B,0x2B1B,0x231B,
    0x2B1B,0x231B,0x2B1B,0x231B,0x2B1B,0x231B,0x231B,0x2B1B,0x231B,0x231B,0x2B1B,0x231C,0x2B3B,0x231B,0x2B1B,0x231C,
    0x2B1B,0x231B,0x2B1B,0x2B1C,0x231B,0x231B,0x2B1C,0x231B,0x231B,0x2B1B,0x231B,0x2B1B,0x231B,0x2B1B,0x231B,0x2B1B,
    0x231C,0x2B1B,0x231B,0x2B1B,0x231B,0x2B1B,0x231B,0x2B1B,0x231B,0x231C,0x231B,0x2B1B,0x231B,0x2B1C,0x231B,0x2B1B,
    0x231B,0x231B,0x2B1B,0x231B,0x2B1B,0x231B,0x2B1B,0x231B,0x231B,0x2B1B,0x231B,0x231B,0x2B1B,0x231B,0x2B1B,0x231B,
    0x2B1B,0x231B,0x2B1B,0x231B,0x2B1C,0x231B,0x2B1B,0x231B,0x2B1B,0x231B,0x2B1B,0x231C,0x2B1B,0x231B,0x231B,0x2B1C,
    0x231B,0x2B1B,0x231B,0x2B1B,0x231B,0x2B1B,0x231B,0x231B,0x2B1C,0x231B,0x2B1B,0x231B,0x2B1C,0x231B,0x231B,0x2B1C,
    0x231B,0x2B1B,0x231B,0x2B1B,0x231B,0x233C,0x2B1B,0x231B,0x2B1B,0x231B,0x2B1B,0x231B,0x2B1B,0x231B,0x2B1B,0x231B,
    0x2B1B,0x231B,0x2B1B,0x231C,0x2B1B,0x231B,0x2B1B,0x231B,0x231B,0x2B1B,0x231B,0x231C,0x2B1B,0x231B,0x2B1B,0x231B,
    0x2B1B,0x231B,0x2B1B,0x231B,0x2B1B,0x231B,0x2B1B,0x231B,0x2B1B,0x231B,0x2B1B,0x231B,0x2B1C,0x233B,0x2B1B,0x231B,
    0x2B1B,0x231B,0x231B,0x2B1B,0x231B,0x2B1B,0x231B,0x2B1B,0x231B,0x2B1B,0x231B,0x231B,0x2B1B,0x233C,0x2B1B,0x231B,
    0x2B1B,0x231B,0x231B,0x2B3C,0x231B,0x2B1B,0x231C,0x231B,0x2B1B,0x231B,0x2B1C,0x233B,0x2B1B,0x231B,0x2B1C,0x231B,
    0x2B1B,0x231B,0x2B1B,0x231C,0x2B1B,0x231B,0x2B1B,0x231B,0x231B,0x2B1B,0x231B,0x2B1B,0x231B,0x2B1C,0x231B,0x2B1B,
    0x231B,0x2B1B,0x231C,0x2B1B,0x231B,0x2B1B,0x231B,0x231B,0x2B1B,0x2B1B,0x231B,0x2B1B,0x231B,0x2B1B,0x231B,0x2B1B,
    0x231B,0x2B1B,0x231B,0x2B1B,0x231B,0x2B1B,0x231B,0x2B1C,0x231B,0x2B1B,0x231B,0x231B,0x2B1C,0x231B,0x2B1B,0x231B,
    0x2B1C,0x231B,0x231B,0x2B1B,0x231C,0x2B1B,0x231B,0x2B1C,0x231B,0x2B1B,0x231B,0x2B1B,0x231C,0x2B1B,0x231B,0x2B1B,
    0x231C,0x2B1B,0x231B,0x2B1C,0x231B,0x231B,0x2B1B,0x231B,0x231B,0x2B1B,0x231B,0x231C,0x2B1B,0x231B,0x2B1B,0x231B,
    0x2346,0x2365,0x2BC5,0x23C5,0x23A5,0x2BC5,0x23C5,0x2BC5,0x2BE6,0x2BE6,0x2BE6,0x2BE7,0x2C07,0x33E6,0x2BE7,0x3406,
    0x3407,0x3407,0x3407,0x33E7,0x3407,0x3407,0x3C07,0x3BE7,0x3C07,0x3C07,0x33E7,0x3BE7,0x3BE7,0x3C07,0x3C08,0x3C07,
    0x33E8,0x33E7,0x33A7,0x2B66,0x2324,0x2B93,0x22BA,0x2276,0x1A77,0x2277,0x1A77,0x2277,0x1A77,0x2277,0x1A77,0x2277,
    0x1A77,0x2277,0x2277,0x1A77,0x2277,0x1A77,0x2277,0x1A77,0x2277,0x1A77,0x2277,0x1A77,0x2277,0x1A77,0x2277,0x1A77,
    0x2277,0x1A77,0x2277,0x1A77,0x2277,0x2277,0x1A77,0x2277,0x2277,0x1A77,0x2277,0x1A77,0x2277,0x1A77,0x2277,0x1A77,
    0x2277,0x1A77,0x2277,0x1A77,0x2277,0x1A77,0x2277,0x1A77,0x2277,0x1A77,0x2277,0x1A77,0x2277,0x1A77,0x2277,0x1A77,
    0x2277,0x1A77,0x2277,0x1A77,0x2277,0x1A77,0x2277,0x1A77,0x2277,0x2277,0x1A77,0x2277,0x1A77,0x2277,0x1A77,0x2277,
    0x1A77,0x2277,0x1A77,0x2277,0x1A77,0x2277,0x1A77,0x2277,0x1A77,0x2277,0x2277,0x1A77,0x2277,0x1A77,0x2277,0x1A77,
    0x2277,0x1A77,0x2277,0x1A77,0x2277,0x1A77,0x2277,0x1A77,0x2277,0x1A77,0x2277,0x1A77,0x2277,0x2277,0x1A77,0x2277,
    0x1A77,0x2277,0x1A77,0x2277,0x1A77,0x2277,0x1A77,0x2277,0x1A77,0x2297,0x1A77,0x2277,0x1A77,0x2277,0x2277,0x1A77,
    0x2277,0x1A77,0x2277,0x1A77,0x2277,0x2277,0x1A77,0x2277,0x1A77,0x2277,0x1A77,0x2277,0x1A77,0x2277,0x1A77,0x2277,
    0x1A77,0x2277,0x1A77,0x2277,0x1A77,0x2277,0x1A77,0x2277,0x2277,0x1A77,0x2277,0x2277,0x1A77,0x2277,0x1A77,0x2277,
    0x1A77,0x2277,0x1A77,0x2277,0x2277,0x1A77,0x2277,0x1A77,0x2277,0x1A77,0x2277,0x1A77,0x2277,0x1A77,0x2277,0x1A77,
    0x2277,0x1A77,0x2277,0x1A77,0x2277,0x1A77,0x2277,0x1A77,0x2277,0x1A77,0x2277,0x2277,0x1A77,0x2277,0x1A77,0x2277,
    0x1A77,0x2277,0x1A77,0x2277,0x1A77,0x2277,0x2277,0x1A77,0x2277,0x1A77,0x2277,0x1A77,0x2277,0x1A77,0x2277,0x1A77,
    0x2277,0x1A77,0x2277,0x1A77,0x2277,0x1A77,0x2277,0x1A77,0x2277,0x1A77,0x2277,0x1A77,0x2277,0x1A77,0x2277,0x1A77,
    0x2277,0x1A77,0x2277,0x1A77,0x2277,0x1A77,0x2277,0x2277,0x1A77,0x2277,0x1A77,0x2277,0x1A77,0x2277,0x1A77,0x2277,
    0x1A77,0x2277,0x1A77,0x2277,0x1A77,0x2277,0x1A77,0x2277,0x1A77,0x2277,0x1A77,0x2277,0x1A77,0x2277,0x1A77,0x2277,
    0x1A77,0x2277,0x2277,0x1A77,0x2277,0x1A77,0x2277,0x1A77,0x2277,0x1A77,0x2277,0x1A77,0x2277,0x1A77,0x2277,0x1A77,
    0x2277,0x1A77,0x2277,0x1A77,0x2277,0x2277,0x1A77,0x2277,0x2277,0x1A77,0x2277,0x2277,0x1A77,0x2277,0x1A77,0x2277,
};
